asin,title,productURL,stars,reviews,price,listPrice,category_id,isBestSeller,boughtInLastMonth,amazoniq_category_id,amazoniq_category_name,source_leaf_name,flag_reviews_zero,flag_price_zero,flag_stars_zero,source_id,source_file
B09QJRH7PC,Unisex-Child Classic Glitter Lined Clog,https://www.amazon.com/dp/B09QJRH7PC,5.0,0,43.72,49.99,97,False,0,clothing,Clothing & Accessories,Girls' Shoes,True,False,False,SRC-KAGGLE-002,amazon_products.csv
B0BP99N6RG,Women's Kammi Heeled Sandal,https://www.amazon.com/dp/B0BP99N6RG,0.0,0,60.47,109.95,122,False,0,clothing,Clothing & Accessories,Women's Shoes,True,False,True,SRC-KAGGLE-002,amazon_products.csv
B075CTQXBN,Little Girls Red Black Velvet Plaid Holiday Fall Christmas Girls Dress 3Mos-12,https://www.amazon.com/dp/B075CTQXBN,4.7,220,70.99,0.0,91,False,0,clothing,Clothing & Accessories,Girls' Clothing,False,False,False,SRC-KAGGLE-002,amazon_products.csv
B07HNKCL7Y,Thermal Underwear Men Ultra-Soft Long Johns Set with Fleece Lined Base Layer Winter Skiing Warm Top & Bottom,https://www.amazon.com/dp/B07HNKCL7Y,4.6,0,24.98,0.0,110,False,0,clothing,Clothing & Accessories,Men's Clothing,True,False,False,SRC-KAGGLE-002,amazon_products.csv
B0BVWK2QK4,OPP Women Fashion Sneakers Casual Lace-up Suede Leather Athletic Tennis Sports Gym Running Shoes Women,https://www.amazon.com/dp/B0BVWK2QK4,3.7,0,135.99,0.0,122,False,0,clothing,Clothing & Accessories,Women's Shoes,True,False,False,SRC-KAGGLE-002,amazon_products.csv
B0042ESGV0,Unisex-Child Tap-Flex,https://www.amazon.com/dp/B0042ESGV0,4.7,0,69.93,0.0,90,False,0,clothing,Clothing & Accessories,Boys' Shoes,True,False,False,SRC-KAGGLE-002,amazon_products.csv
B07G48YMRY,Kids Raincoat,https://www.amazon.com/dp/B07G48YMRY,4.9,633,41.99,44.95,84,False,0,clothing,Clothing & Accessories,Boys' Clothing,False,False,False,SRC-KAGGLE-002,amazon_products.csv
B093QMR5ZY,girls Ryder Knit Flexirun™ (Toddler/Little Kid),https://www.amazon.com/dp/B093QMR5ZY,5.0,0,35.63,0.0,97,False,0,clothing,Clothing & Accessories,Girls' Shoes,True,False,False,SRC-KAGGLE-002,amazon_products.csv
B0B5FDBH4M,"Girls 2 Pieces Legging Set, Lavender Frost/Print, 6X US",https://www.amazon.com/dp/B0B5FDBH4M,0.0,0,20.58,0.0,91,False,0,clothing,Clothing & Accessories,Girls' Clothing,True,False,True,SRC-KAGGLE-002,amazon_products.csv
B0BSB3CZ8H,Girls 3 Pack T-Shirts Toddler to Big Kid,https://www.amazon.com/dp/B0BSB3CZ8H,4.3,42,25.19,0.0,91,False,0,clothing,Clothing & Accessories,Girls' Clothing,False,False,False,SRC-KAGGLE-002,amazon_products.csv
B09QKVSXX6,Women V Neck One Piece Swimsuit Wrapped Mesh Tummy Control Bathing Suit with Adjustable Spaghetti Straps,https://www.amazon.com/dp/B09QKVSXX6,4.0,0,29.59,39.99,116,False,100,clothing,Clothing & Accessories,Women's Clothing,True,False,False,SRC-KAGGLE-002,amazon_products.csv
B0B12C75TG,Toddler Hiking Boots Boys Work Boots Toddler Shoes Little Kids Boots For Boys Ankle Boots,https://www.amazon.com/dp/B0B12C75TG,4.7,0,39.99,0.0,90,False,0,clothing,Clothing & Accessories,Boys' Shoes,True,False,False,SRC-KAGGLE-002,amazon_products.csv
B0CBTBHFNY,Boys Girls Lightweight Rain Jacket Hooded Cotton Lined Raincoat Waterproof Windbreaker Outwear,https://www.amazon.com/dp/B0CBTBHFNY,0.0,0,31.99,0.0,84,False,0,clothing,Clothing & Accessories,Boys' Clothing,True,False,True,SRC-KAGGLE-002,amazon_products.csv
B0B7Q6CB59,Boys Hoodie and Jogger Pants Fleece 2-Piece Set,https://www.amazon.com/dp/B0B7Q6CB59,4.3,10,17.0,23.49,84,False,0,clothing,Clothing & Accessories,Boys' Clothing,False,False,False,SRC-KAGGLE-002,amazon_products.csv
B01FWON2AS,Single and Toddler Girls Bootcut Chino Pants,https://www.amazon.com/dp/B01FWON2AS,4.8,283,14.0,0.0,91,False,100,clothing,Clothing & Accessories,Girls' Clothing,False,False,False,SRC-KAGGLE-002,amazon_products.csv
B0B64CK7K1,"Women's Gum Allover Logo Sneakers, Light Blue + Navy, 5.5",https://www.amazon.com/dp/B0B64CK7K1,0.0,0,104.17,150.0,122,False,0,clothing,Clothing & Accessories,Women's Shoes,True,False,True,SRC-KAGGLE-002,amazon_products.csv
B0B4PG2N7D,Women's Gel-Trabuco 11 Running Shoes,https://www.amazon.com/dp/B0B4PG2N7D,5.0,0,139.95,0.0,122,False,0,clothing,Clothing & Accessories,Women's Shoes,True,False,False,SRC-KAGGLE-002,amazon_products.csv
B09V89M3NJ,Boys' 2-Pack Long Sleeve Pocket Tee T-Shirt,https://www.amazon.com/dp/B09V89M3NJ,4.9,0,30.43,0.0,84,False,0,clothing,Clothing & Accessories,Boys' Clothing,True,False,False,SRC-KAGGLE-002,amazon_products.csv
B07S5ZWVNK,Unisex-Child X 19.4 FxG J Sneaker,https://www.amazon.com/dp/B07S5ZWVNK,4.5,0,27.25,0.0,97,False,0,clothing,Clothing & Accessories,Girls' Shoes,True,False,False,SRC-KAGGLE-002,amazon_products.csv
B09X22QJD1,Men's Unlisted Dress Shoes Cheer Buck Classic Cap-Toe Lace-Up Memory Foam Insole,https://www.amazon.com/dp/B09X22QJD1,4.4,0,40.0,0.0,114,False,50,clothing,Clothing & Accessories,Men's Shoes,True,False,False,SRC-KAGGLE-002,amazon_products.csv
B09VF8Y5VG,Long Sleeve Dress Shirts for Men - Regular-Fit Casual Button-Down Shirt with Pockets,https://www.amazon.com/dp/B09VF8Y5VG,4.5,0,20.99,33.99,110,False,200,clothing,Clothing & Accessories,Men's Clothing,True,False,False,SRC-KAGGLE-002,amazon_products.csv
B0BJJWS5Z8,Women's Knitted Dresses Casual Long Sleeve Crew Neck Flowy Tiered,https://www.amazon.com/dp/B0BJJWS5Z8,3.6,0,32.99,0.0,116,False,0,clothing,Clothing & Accessories,Women's Clothing,True,False,False,SRC-KAGGLE-002,amazon_products.csv
B08WJ33M95,Girls 3-Piece Loose-fit Pajamas Set,https://www.amazon.com/dp/B08WJ33M95,4.7,73,17.57,0.0,91,False,0,clothing,Clothing & Accessories,Girls' Clothing,False,False,False,SRC-KAGGLE-002,amazon_products.csv
B0BRNVHSJR,"Bikini Period Underwear for Teens, Cotton Underwear Holds 5 Tampons, Feminine Care Period Panties",https://www.amazon.com/dp/B0BRNVHSJR,4.7,102,16.0,0.0,91,False,400,clothing,Clothing & Accessories,Girls' Clothing,False,False,False,SRC-KAGGLE-002,amazon_products.csv
B09ZQPH19W,Womens Mesh Bodysuit Black Long Sleeve Bodysuit Round Neck Sheer Leotards Sexy Bodysuit Tops Snap Crotch,https://www.amazon.com/dp/B09ZQPH19W,4.4,0,20.99,0.0,116,False,50,clothing,Clothing & Accessories,Women's Clothing,True,False,False,SRC-KAGGLE-002,amazon_products.csv
B01N9KAYOM,Men's Long Sleeve Classic Dress Shirt,https://www.amazon.com/dp/B01N9KAYOM,4.3,0,14.68,16.74,110,False,0,clothing,Clothing & Accessories,Men's Clothing,True,False,False,SRC-KAGGLE-002,amazon_products.csv
B01MQWIW0Q,boys Waterproof Printed Rain Boot With Easy Pull on Handles,https://www.amazon.com/dp/B01MQWIW0Q,4.8,0,33.75,44.95,90,False,0,clothing,Clothing & Accessories,Boys' Shoes,True,False,False,SRC-KAGGLE-002,amazon_products.csv
B095KY4NCC,Mens Welsh Grip,https://www.amazon.com/dp/B095KY4NCC,4.7,0,84.95,0.0,114,False,0,clothing,Clothing & Accessories,Men's Shoes,True,False,False,SRC-KAGGLE-002,amazon_products.csv
B09B2XWK7K,Women's Jet Tere All Court Tennis Shoes,https://www.amazon.com/dp/B09B2XWK7K,3.9,0,98.94,0.0,122,False,0,clothing,Clothing & Accessories,Women's Shoes,True,False,False,SRC-KAGGLE-002,amazon_products.csv
B0BRKS1XVM,Toddler Girl's Lettuce Trim Ribbed Knit Round Neck Short Sleeve Tee Top 4 Piece Set,https://www.amazon.com/dp/B0BRKS1XVM,4.4,4,29.99,0.0,91,False,0,clothing,Clothing & Accessories,Girls' Clothing,False,False,False,SRC-KAGGLE-002,amazon_products.csv
B01MZ3W4GG,Boys Indian wear Bollywood Style Pathani Suit for Kids,https://www.amazon.com/dp/B01MZ3W4GG,4.4,0,28.48,0.0,84,False,0,clothing,Clothing & Accessories,Boys' Clothing,True,False,False,SRC-KAGGLE-002,amazon_products.csv
B07GYZCKGJ,Girls' One Piece,https://www.amazon.com/dp/B07GYZCKGJ,4.7,0,15.04,16.99,91,False,0,clothing,Clothing & Accessories,Girls' Clothing,True,False,False,SRC-KAGGLE-002,amazon_products.csv
B0BHVZP955,Men's Long Sleeve Classic Oxford Shirt,https://www.amazon.com/dp/B0BHVZP955,4.4,0,122.89,129.16,110,False,50,clothing,Clothing & Accessories,Men's Clothing,True,False,False,SRC-KAGGLE-002,amazon_products.csv
B0B3DTLBLT,Christmas Santa Candy Bow Boys Swim Trunks Toddler Beach Board Shorts Quick Dry Kids Swimwear Bathing Suits S,https://www.amazon.com/dp/B0B3DTLBLT,3.0,2,18.99,0.0,84,False,0,clothing,Clothing & Accessories,Boys' Clothing,False,False,False,SRC-KAGGLE-002,amazon_products.csv
B097GW847X,Thermal Underwear for Men Long Johns Set with Fleece Lined Base Layer Top Bottom,https://www.amazon.com/dp/B097GW847X,4.5,0,26.99,28.98,110,False,0,clothing,Clothing & Accessories,Men's Clothing,True,False,False,SRC-KAGGLE-002,amazon_products.csv
B01MXRN5EL,Boy's Collar Faux Motorcycle Leather Jacket Kids Biker Coats,https://www.amazon.com/dp/B01MXRN5EL,4.6,0,33.99,0.0,84,False,0,clothing,Clothing & Accessories,Boys' Clothing,True,False,False,SRC-KAGGLE-002,amazon_products.csv
B0B3VPSQTX,Girl's Jeymi (Little Kid/Big Kid) Pale Gold 2 Little Kid M,https://www.amazon.com/dp/B0B3VPSQTX,5.0,0,44.99,0.0,97,False,0,clothing,Clothing & Accessories,Girls' Shoes,True,False,False,SRC-KAGGLE-002,amazon_products.csv
B008VC55S6,"Men's Roma Basic Fashion Sneaker, Black/Black - 6 D(M) US",https://www.amazon.com/dp/B008VC55S6,4.0,0,57.91,70.0,114,False,0,clothing,Clothing & Accessories,Men's Shoes,True,False,False,SRC-KAGGLE-002,amazon_products.csv
B09XQGVGR5,Girls' Jersey Legging Pants,https://www.amazon.com/dp/B09XQGVGR5,4.4,121,14.15,14.99,91,False,50,clothing,Clothing & Accessories,Girls' Clothing,False,False,False,SRC-KAGGLE-002,amazon_products.csv
B07SZKFJ4R,Girls Dresses Flower Girl Dress Formal Pageant Ruffles Tutu Dress Size 3-10 Years,https://www.amazon.com/dp/B07SZKFJ4R,4.2,758,29.78,0.0,91,False,0,clothing,Clothing & Accessories,Girls' Clothing,False,False,False,SRC-KAGGLE-002,amazon_products.csv
B0BV983F7N,Wintersport Full Cushion Stripe OTC Socks - Youth,https://www.amazon.com/dp/B0BV983F7N,0.0,0,20.0,0.0,84,False,0,clothing,Clothing & Accessories,Boys' Clothing,True,False,True,SRC-KAGGLE-002,amazon_products.csv
B0B9T5VDWX,"and Toddler Fleece Jogger Sweatpants,Pink Dino,2T",https://www.amazon.com/dp/B0B9T5VDWX,0.0,0,24.42,36.95,91,False,0,clothing,Clothing & Accessories,Girls' Clothing,True,False,True,SRC-KAGGLE-002,amazon_products.csv
B0BNLBKK48,Girl's Chiffon Cover Ups for Swimwear Drawstring Kimono Swimsuit Coverups,https://www.amazon.com/dp/B0BNLBKK48,3.5,55,19.99,0.0,91,False,0,clothing,Clothing & Accessories,Girls' Clothing,False,False,False,SRC-KAGGLE-002,amazon_products.csv
B09S6XX29G,Kids' Over Bob T-Shirt,https://www.amazon.com/dp/B09S6XX29G,0.0,0,21.99,24.0,84,False,0,clothing,Clothing & Accessories,Boys' Clothing,True,False,True,SRC-KAGGLE-002,amazon_products.csv
B0BXX5NJR6,Micki,https://www.amazon.com/dp/B0BXX5NJR6,5.0,0,118.98,0.0,122,False,0,clothing,Clothing & Accessories,Women's Shoes,True,False,False,SRC-KAGGLE-002,amazon_products.csv
B09YGDFN26,Women's Fresh Foam X Tempo V2 Running Shoe,https://www.amazon.com/dp/B09YGDFN26,4.3,0,64.5,119.95,122,False,0,clothing,Clothing & Accessories,Women's Shoes,True,False,False,SRC-KAGGLE-002,amazon_products.csv
B0B7VX37S9,Kids' Wintersport Yeti Pattern Full Cushion Merino Wool Over The Calf Socks,https://www.amazon.com/dp/B0B7VX37S9,4.9,27,20.0,0.0,91,False,0,clothing,Clothing & Accessories,Girls' Clothing,False,False,False,SRC-KAGGLE-002,amazon_products.csv
B0892Q9GMC,"girls 100% Combed Cotton Underwear With Favorites Like Elmo, Cookie Monster and Big Bird",https://www.amazon.com/dp/B0892Q9GMC,4.6,1612,15.94,24.0,91,False,100,clothing,Clothing & Accessories,Girls' Clothing,False,False,False,SRC-KAGGLE-002,amazon_products.csv
B096NMXLND,Women's FuelCell 990 V6 Sneaker,https://www.amazon.com/dp/B096NMXLND,3.6,0,199.95,0.0,122,False,0,clothing,Clothing & Accessories,Women's Shoes,True,False,False,SRC-KAGGLE-002,amazon_products.csv
B0CCCRF8P2,Girls Formal Chiffon Junior Bridesmaid Dresses Kids Halter Neck Asymmetrical Wedding Party Dress,https://www.amazon.com/dp/B0CCCRF8P2,4.0,1,58.99,0.0,91,False,0,clothing,Clothing & Accessories,Girls' Clothing,False,False,False,SRC-KAGGLE-002,amazon_products.csv
B07N15WFL3,"Women's Arizona Stone Biribuck, 5-5.5 Narrow",https://www.amazon.com/dp/B07N15WFL3,5.0,0,99.95,0.0,122,False,0,clothing,Clothing & Accessories,Women's Shoes,True,False,False,SRC-KAGGLE-002,amazon_products.csv
B07XVF7BC9,Girls Jean Jacket – Cute Colored Denim Jackets,https://www.amazon.com/dp/B07XVF7BC9,4.6,970,32.5,0.0,91,False,0,clothing,Clothing & Accessories,Girls' Clothing,False,False,False,SRC-KAGGLE-002,amazon_products.csv
B0C2QJ7T7W,Boys Hoodie Sherpa Fleece Lined Jacket Soft Warm Zipper Sweatshirt Outerwear,https://www.amazon.com/dp/B0C2QJ7T7W,4.6,1176,39.99,0.0,91,False,0,clothing,Clothing & Accessories,Girls' Clothing,False,False,False,SRC-KAGGLE-002,amazon_products.csv
B07TXVS6YB,Women's High Waist Legging,https://www.amazon.com/dp/B07TXVS6YB,4.3,0,24.99,0.0,116,False,50,clothing,Clothing & Accessories,Women's Clothing,True,False,False,SRC-KAGGLE-002,amazon_products.csv
B0BGR89V22,Girl's Casual Rib Knit Long Bell Sleeve Crop Tee Crew Neck T Shirts Tops,https://www.amazon.com/dp/B0BGR89V22,0.0,0,18.99,0.0,91,False,0,clothing,Clothing & Accessories,Girls' Clothing,True,False,True,SRC-KAGGLE-002,amazon_products.csv
B0BXQ6GHL6,"2023 Women's Pearl Dress,Rhinestone Dress,Pearl Top for Women,Pearl Mesh Top,Pearl Crop Top,Sexy Crystal Mesh Dress",https://www.amazon.com/dp/B0BXQ6GHL6,3.9,0,25.99,0.0,116,False,100,clothing,Clothing & Accessories,Women's Clothing,True,False,False,SRC-KAGGLE-002,amazon_products.csv
B01LW4BDQC,Men's 6 Pack Dri-Tech Comfort Quarter Sock,https://www.amazon.com/dp/B01LW4BDQC,4.7,0,42.99,0.0,110,False,0,clothing,Clothing & Accessories,Men's Clothing,True,False,False,SRC-KAGGLE-002,amazon_products.csv
B0BGQLX6VT,Unisex-Child Grade School Jet '23 Basketball Shoe,https://www.amazon.com/dp/B0BGQLX6VT,5.0,0,55.51,0.0,97,False,0,clothing,Clothing & Accessories,Girls' Shoes,True,False,False,SRC-KAGGLE-002,amazon_products.csv
B09TT1HD39,Boys' Elastic Waistband Winner Short,https://www.amazon.com/dp/B09TT1HD39,4.7,0,17.99,0.0,84,False,0,clothing,Clothing & Accessories,Boys' Clothing,True,False,False,SRC-KAGGLE-002,amazon_products.csv
B08FWB259Y,"Men's Hellcat Moc 6"" cm Wedge Boot",https://www.amazon.com/dp/B08FWB259Y,4.1,0,79.99,170.0,114,False,0,clothing,Clothing & Accessories,Men's Shoes,True,False,False,SRC-KAGGLE-002,amazon_products.csv
B0C2RS3C81,"Men's 2 Pack Lightweight Cotton Flannel Sleep Shirt, Long Henley Nightshirt Pajamas",https://www.amazon.com/dp/B0C2RS3C81,4.3,0,62.42,0.0,110,False,50,clothing,Clothing & Accessories,Men's Clothing,True,False,False,SRC-KAGGLE-002,amazon_products.csv
B0BRKT5FW2,Women's Square Toe Fuzzy Heels High Clear Heel Mules Sandals Two Fluffy Feather Bands Slippers Party Prom Dresses Shoes,https://www.amazon.com/dp/B0BRKT5FW2,4.3,0,35.79,41.29,122,False,0,clothing,Clothing & Accessories,Women's Shoes,True,False,False,SRC-KAGGLE-002,amazon_products.csv
B0C65P5V3D,"Strap On Underwear Harness, Strapon Underwear Harness Strap on Boxers for Women and Men Couples",https://www.amazon.com/dp/B0C65P5V3D,5.0,0,21.99,0.0,110,False,0,clothing,Clothing & Accessories,Men's Clothing,True,False,False,SRC-KAGGLE-002,amazon_products.csv
B017USXOC0,Men's Weird Guy Left Hand Twill Selvedge,https://www.amazon.com/dp/B017USXOC0,5.0,2,128.73,0.0,110,False,0,clothing,Clothing & Accessories,Men's Clothing,False,False,False,SRC-KAGGLE-002,amazon_products.csv
B00NVPCZEK,Reaction Men's Stretch Modern-Fit Flat-Front Pant,https://www.amazon.com/dp/B00NVPCZEK,4.5,0,42.5,49.99,110,False,0,clothing,Clothing & Accessories,Men's Clothing,True,False,False,SRC-KAGGLE-002,amazon_products.csv
B0CBS68VPV,Naruto Multi-Character Youth 3-Pack Crew Neck Short Sleeve T-Shirts,https://www.amazon.com/dp/B0CBS68VPV,5.0,0,25.99,0.0,84,False,0,clothing,Clothing & Accessories,Boys' Clothing,True,False,False,SRC-KAGGLE-002,amazon_products.csv
B0B33G38L8,"Krystal Slip-On Thong Sandal for Women – Lightweight and Durable, Easy Clean Molded EVA –Natural Arch technology for Added Support",https://www.amazon.com/dp/B0B33G38L8,4.2,0,59.93,79.95,122,False,0,clothing,Clothing & Accessories,Women's Shoes,True,False,False,SRC-KAGGLE-002,amazon_products.csv
B0B9FLGMW1,mens Sneaker,https://www.amazon.com/dp/B0B9FLGMW1,4.3,0,170.95,185.97,114,False,0,clothing,Clothing & Accessories,Men's Shoes,True,False,False,SRC-KAGGLE-002,amazon_products.csv
B0C84VTTXC,Women's Backless One Piece Jumpsuits Yoga Bodycon Jumpsuits Sleeveless Athletic Workout Rompers,https://www.amazon.com/dp/B0C84VTTXC,4.4,0,19.98,0.0,116,False,50,clothing,Clothing & Accessories,Women's Clothing,True,False,False,SRC-KAGGLE-002,amazon_products.csv
B077F2H672,"boys Cars Potty Training Pant Multipacks Underwear, Carscombo7pk, 2T US",https://www.amazon.com/dp/B077F2H672,4.7,1114,20.43,0.0,84,False,300,clothing,Clothing & Accessories,Boys' Clothing,False,False,False,SRC-KAGGLE-002,amazon_products.csv
B0CB3HJ2L1,Mens Lightweight Hiking Pants Quick Dry Stretch Joggers for Running Workout Casual,https://www.amazon.com/dp/B0CB3HJ2L1,4.3,0,26.99,0.0,110,False,0,clothing,Clothing & Accessories,Men's Clothing,True,False,False,SRC-KAGGLE-002,amazon_products.csv
B09GL82T2X,"24 Pack Adult Joggers Pants, Mixed Assortment Colorful Jogger Bulk Sweatpants Wholesale for Donations, Homeless",https://www.amazon.com/dp/B09GL82T2X,3.4,0,237.6,0.0,110,False,0,clothing,Clothing & Accessories,Men's Clothing,True,False,False,SRC-KAGGLE-002,amazon_products.csv
B0B87R963L,Boys Girls Winter Slip-On Fur Casual Loafer,https://www.amazon.com/dp/B0B87R963L,4.4,0,40.99,0.0,90,False,0,clothing,Clothing & Accessories,Boys' Shoes,True,False,False,SRC-KAGGLE-002,amazon_products.csv
B07RDLQV74,Women's Xa Pro 3D Hiking Shoe,https://www.amazon.com/dp/B07RDLQV74,4.2,0,150.0,0.0,122,False,0,clothing,Clothing & Accessories,Women's Shoes,True,False,False,SRC-KAGGLE-002,amazon_products.csv
B0BD3X2HPK,"6 Pairs Lovely Smile Face Cotton Socks, Smiley Face Socks Womens, Cute Smiling Face Socks(6 pairs)…",https://www.amazon.com/dp/B0BD3X2HPK,4.2,0,19.99,0.0,116,False,100,clothing,Clothing & Accessories,Women's Clothing,True,False,False,SRC-KAGGLE-002,amazon_products.csv
B07LGPK1WF,Skinny Fit Pull on Jeggings Little Girls,https://www.amazon.com/dp/B07LGPK1WF,4.7,799,18.0,28.0,91,False,100,clothing,Clothing & Accessories,Girls' Clothing,False,False,False,SRC-KAGGLE-002,amazon_products.csv
B07QDFSCRP,Baby Toddler Girls Swimsuit One Piece Unicorn Beach Bathing Suit Halter Strap Swimwear for Girls,https://www.amazon.com/dp/B07QDFSCRP,4.1,245,15.98,0.0,91,False,0,clothing,Clothing & Accessories,Girls' Clothing,False,False,False,SRC-KAGGLE-002,amazon_products.csv
B09MSJV4WW,unisex-adult Mossy Oak Elements Wakeform Clog,https://www.amazon.com/dp/B09MSJV4WW,4.7,0,32.99,54.99,122,False,50,clothing,Clothing & Accessories,Women's Shoes,True,False,False,SRC-KAGGLE-002,amazon_products.csv
B0BB8BQZP1,Boys Thermal Underwear Set for Kids 2 Piece Base Layer Shirt and Long John Leggings for Kids Pajamas Royal Blue,https://www.amazon.com/dp/B0BB8BQZP1,5.0,0,17.99,0.0,84,False,0,clothing,Clothing & Accessories,Boys' Clothing,True,False,False,SRC-KAGGLE-002,amazon_products.csv
B096NJMKJK,Kid's Aqua Drift V1 Sandal,https://www.amazon.com/dp/B096NJMKJK,4.6,0,42.99,0.0,90,False,0,clothing,Clothing & Accessories,Boys' Shoes,True,False,False,SRC-KAGGLE-002,amazon_products.csv
B0093NMCNI,Men's 29m,https://www.amazon.com/dp/B0093NMCNI,4.4,0,7.36,0.0,110,False,50,clothing,Clothing & Accessories,Men's Clothing,True,False,False,SRC-KAGGLE-002,amazon_products.csv
B09CWPRDKJ,"Boys Boxer Briefs, Set of 2, Super Soft for All Day Comfort, Toddler to Big Kid Underwear",https://www.amazon.com/dp/B09CWPRDKJ,5.0,10,18.0,0.0,84,False,0,clothing,Clothing & Accessories,Boys' Clothing,False,False,False,SRC-KAGGLE-002,amazon_products.csv
B0BLZ1XJ54,House Slippers for Men Adjustable with Arch Support Memory Foam Slip On House Shoes Indoor Outdoor,https://www.amazon.com/dp/B0BLZ1XJ54,4.3,0,25.47,0.0,114,False,0,clothing,Clothing & Accessories,Men's Shoes,True,False,False,SRC-KAGGLE-002,amazon_products.csv
B0B2PWR3X2,Men's Newport H2 Closed Toe Water Sandals,https://www.amazon.com/dp/B0B2PWR3X2,5.0,1,0.0,0.0,114,False,0,clothing,Clothing & Accessories,Men's Shoes,False,True,False,SRC-KAGGLE-002,amazon_products.csv
B0BP1R781P,Girls Casual Sandals Open Toe Cute Sandals,https://www.amazon.com/dp/B0BP1R781P,4.3,0,9.99,11.99,97,False,0,clothing,Clothing & Accessories,Girls' Shoes,True,False,False,SRC-KAGGLE-002,amazon_products.csv
B09NS2RYVF,"Women's, Giovanna Pump Platino 7.5 M",https://www.amazon.com/dp/B09NS2RYVF,4.1,0,34.37,59.99,122,False,0,clothing,Clothing & Accessories,Women's Shoes,True,False,False,SRC-KAGGLE-002,amazon_products.csv
B01M7RIRMI,Bridal Satin Short Jacket Shrug Little Girl Flower Girl Dress Communion Bolero,https://www.amazon.com/dp/B01M7RIRMI,4.3,54,16.99,0.0,91,False,0,clothing,Clothing & Accessories,Girls' Clothing,False,False,False,SRC-KAGGLE-002,amazon_products.csv
B01BNSLX9E,Men's Corduroy Expandable Waist Classic & Straight Fit Flat Front Pant,https://www.amazon.com/dp/B01BNSLX9E,4.5,0,49.91,80.0,110,False,0,clothing,Clothing & Accessories,Men's Clothing,True,False,False,SRC-KAGGLE-002,amazon_products.csv
B0C1G2SFV2,Girl's Ruched Asymmetrical Neck Sleeveless Chiffon Party Flared A Line Dress,https://www.amazon.com/dp/B0C1G2SFV2,0.0,0,31.99,0.0,91,False,0,clothing,Clothing & Accessories,Girls' Clothing,True,False,True,SRC-KAGGLE-002,amazon_products.csv
B0C9VW3NLP,"Batman and Superman Pajamas Set, 4 Piece Sleepwear for Toddlers and Little Kids, Size 5T",https://www.amazon.com/dp/B0C9VW3NLP,0.0,0,24.99,0.0,84,False,0,clothing,Clothing & Accessories,Boys' Clothing,True,False,True,SRC-KAGGLE-002,amazon_products.csv
B07ZCK5BM1,Fishnet Stockings High Waisted Tights Pantyhose for Women,https://www.amazon.com/dp/B07ZCK5BM1,4.5,0,6.49,9.99,116,False,400,clothing,Clothing & Accessories,Women's Clothing,True,False,False,SRC-KAGGLE-002,amazon_products.csv
B0BYZG9KZJ,4 Pack Summer Toddler Boys Mesh Shorts with Pockets Fast Dry Active Performance Shorts Toddler Basketball Shorts,https://www.amazon.com/dp/B0BYZG9KZJ,4.5,0,7.99,11.99,84,False,50,clothing,Clothing & Accessories,Boys' Clothing,True,False,False,SRC-KAGGLE-002,amazon_products.csv
B0979JZNX7,Boys' Classic Stretch Chino Short,https://www.amazon.com/dp/B0979JZNX7,3.9,0,39.95,0.0,84,False,0,clothing,Clothing & Accessories,Boys' Clothing,True,False,False,SRC-KAGGLE-002,amazon_products.csv
B0BKTRSBG4,Boys' Terminal Tackle Heather Hoodie,https://www.amazon.com/dp/B0BKTRSBG4,4.8,0,32.0,0.0,84,False,0,clothing,Clothing & Accessories,Boys' Clothing,True,False,False,SRC-KAGGLE-002,amazon_products.csv
B01EKNGMWC,Boys' Little Boys' Poly Skull Graphic T-Shirt,https://www.amazon.com/dp/B01EKNGMWC,4.0,0,12.99,0.0,84,False,0,clothing,Clothing & Accessories,Boys' Clothing,True,False,False,SRC-KAGGLE-002,amazon_products.csv
B0BSMRS1TJ,Unisex-Child TWI-Lites 2.0-Wingsical WIS Sneaker,https://www.amazon.com/dp/B0BSMRS1TJ,0.0,0,44.23,52.85,97,False,0,clothing,Clothing & Accessories,Girls' Shoes,True,False,True,SRC-KAGGLE-002,amazon_products.csv
B087TXHDRP,Men's Micro G Kilchis Sneaker,https://www.amazon.com/dp/B087TXHDRP,4.2,1015,79.99,0.0,114,False,0,clothing,Clothing & Accessories,Men's Shoes,False,False,False,SRC-KAGGLE-002,amazon_products.csv
B01ES46LWY,Sport Women's Performance Pant,https://www.amazon.com/dp/B01ES46LWY,4.2,0,20.0,29.0,116,False,100,clothing,Clothing & Accessories,Women's Clothing,True,False,False,SRC-KAGGLE-002,amazon_products.csv
B08TF1YG6L,Women's Bowling Shoes,https://www.amazon.com/dp/B08TF1YG6L,4.3,0,52.01,0.0,122,False,0,clothing,Clothing & Accessories,Women's Shoes,True,False,False,SRC-KAGGLE-002,amazon_products.csv
B09FPWY1ZY,Boys Girls Waterproof Lace Up Side Zipper Mid Calf Combat Boots(Toddler/Little Kid/Big Kid),https://www.amazon.com/dp/B09FPWY1ZY,4.3,0,37.99,0.0,97,False,0,clothing,Clothing & Accessories,Girls' Shoes,True,False,False,SRC-KAGGLE-002,amazon_products.csv
B09NX45QGQ,Women's Sneaker,https://www.amazon.com/dp/B09NX45QGQ,4.2,0,70.57,80.0,122,False,50,clothing,Clothing & Accessories,Women's Shoes,True,False,False,SRC-KAGGLE-002,amazon_products.csv
B0CGMM4WSL,Predator Accuracy.3 Indoor/Futsal Shoes,https://www.amazon.com/dp/B0CGMM4WSL,5.0,0,89.99,0.0,114,False,0,clothing,Clothing & Accessories,Men's Shoes,True,False,False,SRC-KAGGLE-002,amazon_products.csv
B0BPDZ56SQ,"Boys' Family Matching, 4th of July American USA Pajamas Sets, Cotton",https://www.amazon.com/dp/B0BPDZ56SQ,4.2,0,11.98,0.0,84,False,0,clothing,Clothing & Accessories,Boys' Clothing,True,False,False,SRC-KAGGLE-002,amazon_products.csv
B0C5RJ9K9X,Boy's Rotor Short Sleeve Tee (Big Kids),https://www.amazon.com/dp/B0C5RJ9K9X,0.0,0,22.95,0.0,84,False,0,clothing,Clothing & Accessories,Boys' Clothing,True,False,True,SRC-KAGGLE-002,amazon_products.csv
B09KXCJQ7M,Boys' Rashguard,https://www.amazon.com/dp/B09KXCJQ7M,4.7,0,12.92,14.13,84,False,0,clothing,Clothing & Accessories,Boys' Clothing,True,False,False,SRC-KAGGLE-002,amazon_products.csv
B0B3F6Q1TV,Women's Happiness Lo Sneaker,https://www.amazon.com/dp/B0B3F6Q1TV,2.9,0,59.99,90.0,122,False,0,clothing,Clothing & Accessories,Women's Shoes,True,False,False,SRC-KAGGLE-002,amazon_products.csv
B0BRHL8VX6,Girls' Short Sleeve Graphic T-Shirt,https://www.amazon.com/dp/B0BRHL8VX6,4.7,0,7.37,0.0,91,True,100,clothing,Clothing & Accessories,Girls' Clothing,True,False,False,SRC-KAGGLE-002,amazon_products.csv
B09FP3GLYN,Accentor 3 LTR Sieve,https://www.amazon.com/dp/B09FP3GLYN,4.0,0,71.91,89.95,114,False,0,clothing,Clothing & Accessories,Men's Shoes,True,False,False,SRC-KAGGLE-002,amazon_products.csv
B09HKHM953,Merino Wool Ski Socks for Mens Womens Knee High Thermal Snowboarding Socks for Cold Weather,https://www.amazon.com/dp/B09HKHM953,4.5,413,21.99,0.0,110,False,0,clothing,Clothing & Accessories,Men's Clothing,False,False,False,SRC-KAGGLE-002,amazon_products.csv
B06XZJGVSV,Mens Formal Business Vest for Suit or Tuxedo,https://www.amazon.com/dp/B06XZJGVSV,4.2,0,19.99,0.0,110,False,100,clothing,Clothing & Accessories,Men's Clothing,True,False,False,SRC-KAGGLE-002,amazon_products.csv
B0C7NXXYPK,Men's Victori One Sneaker,https://www.amazon.com/dp/B0C7NXXYPK,4.5,0,42.25,0.0,114,False,0,clothing,Clothing & Accessories,Men's Shoes,True,False,False,SRC-KAGGLE-002,amazon_products.csv
B071Y46MM8,Young Girls Navy Sailor Dress Nautical,https://www.amazon.com/dp/B071Y46MM8,4.7,559,21.23,0.0,91,False,0,clothing,Clothing & Accessories,Girls' Clothing,False,False,False,SRC-KAGGLE-002,amazon_products.csv
B09XWFQJRK,Unisex-Child Lighted Cosmic Sneaker,https://www.amazon.com/dp/B09XWFQJRK,4.6,0,40.6,64.0,90,False,0,clothing,Clothing & Accessories,Boys' Shoes,True,False,False,SRC-KAGGLE-002,amazon_products.csv
B08K1NMDBV,Rosaline Youth Multiple Colors | Youth 's Fashion Boot | Youth 's Slip On Boot | Comfortable Winter Boot,https://www.amazon.com/dp/B08K1NMDBV,4.4,0,49.99,0.0,90,False,0,clothing,Clothing & Accessories,Boys' Shoes,True,False,False,SRC-KAGGLE-002,amazon_products.csv
B09W9T1YQC,Boy's Silk Indian Clothing Traditional Wear Kurta Set's For Kids Boys | Pack Of 1 (S-135),https://www.amazon.com/dp/B09W9T1YQC,0.0,0,47.99,0.0,84,False,0,clothing,Clothing & Accessories,Boys' Clothing,True,False,True,SRC-KAGGLE-002,amazon_products.csv
B09V3BBHRT,Baby/Toddler Girls Ruffled Knit Top w/Bell Sleeve,https://www.amazon.com/dp/B09V3BBHRT,4.8,187,14.99,0.0,84,False,0,clothing,Clothing & Accessories,Boys' Clothing,False,False,False,SRC-KAGGLE-002,amazon_products.csv
B0BKR54BMP,Girls' Benton Springs Ii Printed Fleece Jacket,https://www.amazon.com/dp/B0BKR54BMP,4.9,77,32.99,45.0,91,False,0,clothing,Clothing & Accessories,Girls' Clothing,False,False,False,SRC-KAGGLE-002,amazon_products.csv
B09QT9CCDS,Girl's Rainbow Dress Up Fantasy Gown Nightgown Pajamas,https://www.amazon.com/dp/B09QT9CCDS,4.8,625,29.99,0.0,91,False,100,clothing,Clothing & Accessories,Girls' Clothing,False,False,False,SRC-KAGGLE-002,amazon_products.csv
B09TSWCL4H,Men's Tennis Shoe,https://www.amazon.com/dp/B09TSWCL4H,4.5,0,79.95,0.0,114,False,0,clothing,Clothing & Accessories,Men's Shoes,True,False,False,SRC-KAGGLE-002,amazon_products.csv
B0BZRQ51D9,Toddler Girl's 3 Piece Graphic Print Bikini Sets Swimsuit with Kimono Cover Up,https://www.amazon.com/dp/B0BZRQ51D9,5.0,1,19.99,0.0,91,False,0,clothing,Clothing & Accessories,Girls' Clothing,False,False,False,SRC-KAGGLE-002,amazon_products.csv
B0B5Z4WTVN,Mesh Crop Top Hoodie Rave Tops For Women Long Sleeve Fishnet Shirt for Festival Club Party,https://www.amazon.com/dp/B0B5Z4WTVN,4.6,0,18.99,0.0,116,False,100,clothing,Clothing & Accessories,Women's Clothing,True,False,False,SRC-KAGGLE-002,amazon_products.csv
B0CDBDNHHN,Toddler Knit Sock Sneaker Shoes for Baby Girls Boys Anti Slip Floor Socks First Walker Slipper Shoes,https://www.amazon.com/dp/B0CDBDNHHN,0.0,0,11.99,0.0,90,False,0,clothing,Clothing & Accessories,Boys' Shoes,True,False,True,SRC-KAGGLE-002,amazon_products.csv
B0B9JKC1VN,Womens Fashion Chunky Heel Ankle Boots Platform Block Square Toe Side Zipper Design Punk Combat Motorcycle Boots,https://www.amazon.com/dp/B0B9JKC1VN,3.9,0,35.99,39.99,122,False,0,clothing,Clothing & Accessories,Women's Shoes,True,False,False,SRC-KAGGLE-002,amazon_products.csv
B0C2T7P3B4,Girl's Floral Print Halter Sleeveless Belt High Waist Jumpsuit Casual Wide Leg Pants,https://www.amazon.com/dp/B0C2T7P3B4,1.0,1,34.99,0.0,91,False,0,clothing,Clothing & Accessories,Girls' Clothing,False,False,False,SRC-KAGGLE-002,amazon_products.csv
B007ZVERSS,Terrain Hiking Boot – Women’s Leather Outdoor Hiking Boots,https://www.amazon.com/dp/B007ZVERSS,4.6,0,99.95,0.0,114,False,0,clothing,Clothing & Accessories,Men's Shoes,True,False,False,SRC-KAGGLE-002,amazon_products.csv
B07B3SGK6K,Girls' Infant Cotton Dresses,https://www.amazon.com/dp/B07B3SGK6K,4.5,249,13.49,15.99,91,False,0,clothing,Clothing & Accessories,Girls' Clothing,False,False,False,SRC-KAGGLE-002,amazon_products.csv
B0756MHG5V,"Boys' Digger Bulldozer Excavator Cotton Crew Socks, Pack of 6",https://www.amazon.com/dp/B0756MHG5V,4.6,0,18.0,0.0,84,False,0,clothing,Clothing & Accessories,Boys' Clothing,True,False,False,SRC-KAGGLE-002,amazon_products.csv
B09M6BD8FH,Youth Boy's 2-Pack Performance Uniform Shorts,https://www.amazon.com/dp/B09M6BD8FH,4.5,0,32.99,0.0,84,False,0,clothing,Clothing & Accessories,Boys' Clothing,True,False,False,SRC-KAGGLE-002,amazon_products.csv
B006K7IFE0,Biker Boots Boot Chains Brown Topgrain Cowhide Leather with 2 Steel Chains,https://www.amazon.com/dp/B006K7IFE0,4.3,0,43.95,0.0,114,False,0,clothing,Clothing & Accessories,Men's Shoes,True,False,False,SRC-KAGGLE-002,amazon_products.csv
B08WNF9SVT,Men's Kennen Fashion Boot,https://www.amazon.com/dp/B08WNF9SVT,4.3,0,200.0,0.0,114,False,0,clothing,Clothing & Accessories,Men's Shoes,True,False,False,SRC-KAGGLE-002,amazon_products.csv
B0B99SDLV1,Men's Toe socks Cotton Crew Five Finger Socks for Running 3 Pairs,https://www.amazon.com/dp/B0B99SDLV1,4.2,0,16.99,0.0,110,False,50,clothing,Clothing & Accessories,Men's Clothing,True,False,False,SRC-KAGGLE-002,amazon_products.csv
B0915M1NKP,Women's 2 in 1 Running Shorts Workout Athletic Gym Yoga Shorts Liner,https://www.amazon.com/dp/B0915M1NKP,4.2,0,26.99,0.0,116,False,50,clothing,Clothing & Accessories,Women's Clothing,True,False,False,SRC-KAGGLE-002,amazon_products.csv
B0C5HVQMG7,3 Piece Boy’s Fashion Slim Fit Suit Set Blazer Formal Kids Wedding Ring Bearer Outfits,https://www.amazon.com/dp/B0C5HVQMG7,0.0,0,65.99,0.0,84,False,0,clothing,Clothing & Accessories,Boys' Clothing,True,False,True,SRC-KAGGLE-002,amazon_products.csv
B09B2J75XP,girls Modern,https://www.amazon.com/dp/B09B2J75XP,4.6,100,0.0,0.0,91,False,0,clothing,Clothing & Accessories,Girls' Clothing,False,True,False,SRC-KAGGLE-002,amazon_products.csv
B09ZL1XXR3,"Christmas Pajamas Set Boys Girls, Holiday Pjs for Boy Cotton Pajama, 2-Piece Children Kids Sleepwear Pants Set",https://www.amazon.com/dp/B09ZL1XXR3,4.6,542,19.99,0.0,91,False,0,clothing,Clothing & Accessories,Girls' Clothing,False,False,False,SRC-KAGGLE-002,amazon_products.csv
B095XR1QN1,Boys' Color Blocked Puffer Jacket Coat with Hat,https://www.amazon.com/dp/B095XR1QN1,4.7,0,42.99,0.0,84,False,0,clothing,Clothing & Accessories,Boys' Clothing,True,False,False,SRC-KAGGLE-002,amazon_products.csv
B0C5DRH6PP,"Athletic Proplusion Labs Men's Streamline Shoe, Ivory/Midnight, 11",https://www.amazon.com/dp/B0C5DRH6PP,0.0,0,320.0,0.0,114,False,0,clothing,Clothing & Accessories,Men's Shoes,True,False,True,SRC-KAGGLE-002,amazon_products.csv
B00EDWSBQG,Catholic Factory Outlet Burgundy Cambridge Pulpit Robe with Ivory Crosses,https://www.amazon.com/dp/B00EDWSBQG,4.7,0,159.95,0.0,110,False,0,clothing,Clothing & Accessories,Men's Clothing,True,False,False,SRC-KAGGLE-002,amazon_products.csv
B09Q8L6WG4,Girls' Sweatsuit Set - 2 Piece French Terry Hoodie and Jogger Pants (7-12),https://www.amazon.com/dp/B09Q8L6WG4,4.5,85,26.97,0.0,91,False,0,clothing,Clothing & Accessories,Girls' Clothing,False,False,False,SRC-KAGGLE-002,amazon_products.csv
B09P3QLFR4,Women's High Neck Crop Tops Basic Racer Back Cropped Tank Sleeveless Shirts,https://www.amazon.com/dp/B09P3QLFR4,4.3,0,19.99,0.0,116,False,50,clothing,Clothing & Accessories,Women's Clothing,True,False,False,SRC-KAGGLE-002,amazon_products.csv
B08ZNSV1PG,Night Before Christmas Girl Pajamas,https://www.amazon.com/dp/B08ZNSV1PG,4.8,52,20.36,0.0,91,False,0,clothing,Clothing & Accessories,Girls' Clothing,False,False,False,SRC-KAGGLE-002,amazon_products.csv
B09V8252XZ,Summer Long Dress Floral Mother and Daughter Skirt Sister Skirt Parent Child Dress,https://www.amazon.com/dp/B09V8252XZ,4.3,21,9.99,19.99,91,False,0,clothing,Clothing & Accessories,Girls' Clothing,False,False,False,SRC-KAGGLE-002,amazon_products.csv
B0C2WZLRJY,Women's Pro 365 Tights Leggings,https://www.amazon.com/dp/B0C2WZLRJY,4.4,0,65.0,0.0,116,False,50,clothing,Clothing & Accessories,Women's Clothing,True,False,False,SRC-KAGGLE-002,amazon_products.csv
B0CJ2CFC9K,Dresses for Girls School Dresses Casual Clothes Home Wear for Birthday 3-11,https://www.amazon.com/dp/B0CJ2CFC9K,0.0,0,16.99,0.0,91,False,0,clothing,Clothing & Accessories,Girls' Clothing,True,False,True,SRC-KAGGLE-002,amazon_products.csv
B08LMPZCRN,Boys' Challenger Knit Shorts,https://www.amazon.com/dp/B08LMPZCRN,4.2,0,16.97,22.0,84,False,0,clothing,Clothing & Accessories,Boys' Clothing,True,False,False,SRC-KAGGLE-002,amazon_products.csv
B08XW5MH6Z,Next Wave SHARK HD Dust Boot,https://www.amazon.com/dp/B08XW5MH6Z,3.5,0,111.98,0.0,122,False,0,clothing,Clothing & Accessories,Women's Shoes,True,False,False,SRC-KAGGLE-002,amazon_products.csv
B0BBP1Z174,Cowboy Boots For Women Pointy Toe Women's Western Boots Cowgirl Boots,https://www.amazon.com/dp/B0BBP1Z174,4.4,0,49.99,54.99,122,False,50,clothing,Clothing & Accessories,Women's Shoes,True,False,False,SRC-KAGGLE-002,amazon_products.csv
B0C793T6S1,Boys' 2-Piece Athletic Fleece Jogger Set (Toddler and Little Boys),https://www.amazon.com/dp/B0C793T6S1,4.2,0,19.99,0.0,84,False,0,clothing,Clothing & Accessories,Boys' Clothing,True,False,False,SRC-KAGGLE-002,amazon_products.csv
B0BLWFYWQG,mmlunar Unisex Kids Sports Pants - Youth Girls' Boys' Quick Dry Active Grey Track Pants Athletic Stretchy Leggings,https://www.amazon.com/dp/B0BLWFYWQG,5.0,0,9.99,0.0,84,False,0,clothing,Clothing & Accessories,Boys' Clothing,True,False,False,SRC-KAGGLE-002,amazon_products.csv
B0CC7W89ZW,Mens Boxer Briefs 4 Pack Poly Spandex Performance Boxer Briefs Underwear/Comfort Support Pouch Boxer Briefs,https://www.amazon.com/dp/B0CC7W89ZW,4.8,0,26.95,0.0,110,False,0,clothing,Clothing & Accessories,Men's Clothing,True,False,False,SRC-KAGGLE-002,amazon_products.csv
B0C9Z496VG,Victorian Boots Witch Costume Renaissance Shoes Women Pirate Boots Women Vintage Boots Witchy Clothes for Women,https://www.amazon.com/dp/B0C9Z496VG,4.3,0,56.88,0.0,122,False,0,clothing,Clothing & Accessories,Women's Shoes,True,False,False,SRC-KAGGLE-002,amazon_products.csv
B09PNBFH9C,Girls Dress Shoes - Mary Jane Princess Low Heel Shoes for Kids,https://www.amazon.com/dp/B09PNBFH9C,4.6,0,25.99,0.0,97,False,0,clothing,Clothing & Accessories,Girls' Shoes,True,False,False,SRC-KAGGLE-002,amazon_products.csv
B0BGYWPJCF,Merino II Kids Round Neck Base Layer Top,https://www.amazon.com/dp/B0BGYWPJCF,4.1,0,0.0,0.0,84,False,0,clothing,Clothing & Accessories,Boys' Clothing,True,True,False,SRC-KAGGLE-002,amazon_products.csv
B0BRKF988W,Men's Compression Shirts Short Sleeve Workout Gym T-Shirt Running Tops Cool Dry Sports Base Layer Athletic Undershirts,https://www.amazon.com/dp/B0BRKF988W,4.5,0,12.79,0.0,110,False,300,clothing,Clothing & Accessories,Men's Clothing,True,False,False,SRC-KAGGLE-002,amazon_products.csv
B08YD4RPM8,Kids Boys Girls Cute Cartoon Clogs Shoes Lightweight Non Slip Garden Shoes Water Shower Beach Pool Slides Sandals,https://www.amazon.com/dp/B08YD4RPM8,4.6,0,14.99,16.99,90,False,50,clothing,Clothing & Accessories,Boys' Shoes,True,False,False,SRC-KAGGLE-002,amazon_products.csv
B09DVVD4XL,Boys Wool Socks Kids Winter Warm Socks Thick Thermal Crew Socks for Girls 6 Pack,https://www.amazon.com/dp/B09DVVD4XL,4.6,182,16.99,0.0,91,False,0,clothing,Clothing & Accessories,Girls' Clothing,False,False,False,SRC-KAGGLE-002,amazon_products.csv
B0CFCPT7YQ,Men's Polo Bear Classic Sport Cap,https://www.amazon.com/dp/B0CFCPT7YQ,4.4,0,64.97,0.0,110,False,0,clothing,Clothing & Accessories,Men's Clothing,True,False,False,SRC-KAGGLE-002,amazon_products.csv
B07PY28YMW,Kids Boys Outdoor Athletic Sport Closed-Toe Sandals Boys Breathable Mesh Water Sandals Shoes (Toddler/Little Kid),https://www.amazon.com/dp/B07PY28YMW,4.4,0,26.99,0.0,90,False,0,clothing,Clothing & Accessories,Boys' Shoes,True,False,False,SRC-KAGGLE-002,amazon_products.csv
B0BSG26YZZ,5 Pack Cotton Girls Training Bras - Racerback Crop Cami Training Bras for Girls,https://www.amazon.com/dp/B0BSG26YZZ,4.5,164,13.95,15.98,91,False,0,clothing,Clothing & Accessories,Girls' Clothing,False,False,False,SRC-KAGGLE-002,amazon_products.csv
B098KB1SCT,Men's Lasso Suede Slipper,https://www.amazon.com/dp/B098KB1SCT,4.7,0,79.95,0.0,114,False,0,clothing,Clothing & Accessories,Men's Shoes,True,False,False,SRC-KAGGLE-002,amazon_products.csv
B09C17HMGH,Girls' Event Mélange Hoodie,https://www.amazon.com/dp/B09C17HMGH,4.8,139,18.92,0.0,91,False,0,clothing,Clothing & Accessories,Girls' Clothing,False,False,False,SRC-KAGGLE-002,amazon_products.csv
B0BNDRC2BV,Women's Casual Loose Sleeveless Tank Jumpsuits Square Collar Smocked Wide Leg Jumpsuit Rompers with Pockets,https://www.amazon.com/dp/B0BNDRC2BV,4.3,0,39.99,42.99,116,False,100,clothing,Clothing & Accessories,Women's Clothing,True,False,False,SRC-KAGGLE-002,amazon_products.csv
B0C5T31P8Z,Womens Solid Suede Night Club Slip On Dress Square Toe Chunky Leather Low Heel Pumps Shoes 2 Inch,https://www.amazon.com/dp/B0C5T31P8Z,0.0,0,98.99,0.0,122,False,0,clothing,Clothing & Accessories,Women's Shoes,True,False,True,SRC-KAGGLE-002,amazon_products.csv
B0BRXYYPN3,Men's Soccer Cleats Football Shoes with High-Tops Lace-Up Spikes AG/FG Boots,https://www.amazon.com/dp/B0BRXYYPN3,4.1,92,44.99,0.0,114,False,0,clothing,Clothing & Accessories,Men's Shoes,False,False,False,SRC-KAGGLE-002,amazon_products.csv
B07WKKMXHW,Men's 3 Pack Half Cushion Ultra Low Socks No Show Made For Chucks Shoe Size 6-12,https://www.amazon.com/dp/B07WKKMXHW,4.7,0,22.99,24.95,110,False,50,clothing,Clothing & Accessories,Men's Clothing,True,False,False,SRC-KAGGLE-002,amazon_products.csv
B0BCL28HKX,Watercolor Sea Turtle Kids House Slippers Floating Sea Tortoise Boys Closed Back Fuzzy Feet Slippers Girls Coral Fleece Slipper Socks No Skid Warm Cozy Home Slippers For Indoor Outdoor Winter Bedroom,https://www.amazon.com/dp/B0BCL28HKX,0.0,0,14.0,0.0,97,False,0,clothing,Clothing & Accessories,Girls' Shoes,True,False,True,SRC-KAGGLE-002,amazon_products.csv
B08DG6GKCQ,Unisex-Child Strap Sandals Slipper,https://www.amazon.com/dp/B08DG6GKCQ,4.3,0,10.41,0.0,97,False,0,clothing,Clothing & Accessories,Girls' Shoes,True,False,False,SRC-KAGGLE-002,amazon_products.csv
B09WPQL6CT,"Miraculous Ladybug Girls' Pajama, 2 Piece Sleepwear Set",https://www.amazon.com/dp/B09WPQL6CT,4.6,46,18.48,0.0,91,False,0,clothing,Clothing & Accessories,Girls' Clothing,False,False,False,SRC-KAGGLE-002,amazon_products.csv
B01J785BLI,"Men's Hooded Fleece Robe, Dark Gray Marl",https://www.amazon.com/dp/B01J785BLI,4.7,0,39.99,0.0,110,False,0,clothing,Clothing & Accessories,Men's Clothing,True,False,False,SRC-KAGGLE-002,amazon_products.csv
B08LP1R2FW,"Girls' Sleeveless Party Dress, Fit and Flare Silhouette, Round Neckline & Back Zip Closure",https://www.amazon.com/dp/B08LP1R2FW,4.7,1985,27.2,40.0,91,True,50,clothing,Clothing & Accessories,Girls' Clothing,False,False,False,SRC-KAGGLE-002,amazon_products.csv
B09MMBP69W,Men's Nano X1 Pursuit FTWR White/Core Black/FTWR White 10.5,https://www.amazon.com/dp/B09MMBP69W,5.0,0,89.99,0.0,114,False,0,clothing,Clothing & Accessories,Men's Shoes,True,False,False,SRC-KAGGLE-002,amazon_products.csv
B0BD3M7R29,Women's Slip-on Loafers Orthopedic Shoes Lightweight Casual Shoes Wide Canvas Lace up Loafers with Arth Support Fashion Sneakers Boat Shoes,https://www.amazon.com/dp/B0BD3M7R29,4.7,0,36.99,0.0,122,False,0,clothing,Clothing & Accessories,Women's Shoes,True,False,False,SRC-KAGGLE-002,amazon_products.csv
B0B3NF4DQZ,Men's Shoe,https://www.amazon.com/dp/B0B3NF4DQZ,0.0,0,107.13,0.0,114,False,0,clothing,Clothing & Accessories,Men's Shoes,True,False,True,SRC-KAGGLE-002,amazon_products.csv
B0BW91P7CZ,Girl's Tie Dye Short Sleeve Round Neck T Shirt and Biker Shorts 2 Piece Summer Outfit,https://www.amazon.com/dp/B0BW91P7CZ,5.0,6,20.99,0.0,91,False,0,clothing,Clothing & Accessories,Girls' Clothing,False,False,False,SRC-KAGGLE-002,amazon_products.csv
B00CORVRD6,Unisex Basics Knee High Socks,https://www.amazon.com/dp/B00CORVRD6,5.0,3,10.5,0.0,91,False,0,clothing,Clothing & Accessories,Girls' Clothing,False,False,False,SRC-KAGGLE-002,amazon_products.csv
B087943QN8,Men's Condivo 21 Shorts,https://www.amazon.com/dp/B087943QN8,4.5,0,34.49,0.0,110,False,0,clothing,Clothing & Accessories,Men's Clothing,True,False,False,SRC-KAGGLE-002,amazon_products.csv
B0BYNFGXWD,"Air Boys Shoes for Girls Kids Sneakers Children Tennis Running Shoes for Sports Athletic Gym Walking A Red Black, Size 1 Little Kid",https://www.amazon.com/dp/B0BYNFGXWD,2.9,0,34.99,0.0,97,False,0,clothing,Clothing & Accessories,Girls' Shoes,True,False,False,SRC-KAGGLE-002,amazon_products.csv
B09YW9265B,Unisex-Child Kids' Classic Lined Plaid Clog,https://www.amazon.com/dp/B09YW9265B,4.4,0,28.95,0.0,97,False,0,clothing,Clothing & Accessories,Girls' Shoes,True,False,False,SRC-KAGGLE-002,amazon_products.csv
B0B15NVGFD,Boy's Tie-Dye Pullover Hoodie (Little Kids) Black 7 Little Kids,https://www.amazon.com/dp/B0B15NVGFD,5.0,1,36.05,44.0,84,False,0,clothing,Clothing & Accessories,Boys' Clothing,False,False,False,SRC-KAGGLE-002,amazon_products.csv
B07CXJF7KT,"Compression Socks Plantar Fasciitis for Women Men - 8-15 mmHg Best for Athletic,Support,Flight Travel,Nurses,Hiking",https://www.amazon.com/dp/B07CXJF7KT,4.3,0,16.99,21.89,110,True,900,clothing,Clothing & Accessories,Men's Clothing,True,False,False,SRC-KAGGLE-002,amazon_products.csv
B07D3Q84PZ,"Baby Girl Boy Slim Jeans,D Ring Elastic Band Inside Ripped Denim Pants",https://www.amazon.com/dp/B07D3Q84PZ,4.4,2945,21.99,0.0,91,False,50,clothing,Clothing & Accessories,Girls' Clothing,False,False,False,SRC-KAGGLE-002,amazon_products.csv
B09SGGCH41,Toddler Tank Top Boys Little Kids 3 Pack Soft Cotton Sleeveless Undershirts with Cute Prints Size 2T-7T,https://www.amazon.com/dp/B09SGGCH41,4.4,24,16.99,0.0,84,False,0,clothing,Clothing & Accessories,Boys' Clothing,False,False,False,SRC-KAGGLE-002,amazon_products.csv
B093W4PXKV,"HHEALTH Track Spike Running Sprint Shoes Track and Field Shoes Mesh Breathable Lightweight Professional Athletic Shoes 5599 Blue & Red for Boys, Girls,Womens, Mens",https://www.amazon.com/dp/B093W4PXKV,4.3,0,45.9,0.0,114,False,0,clothing,Clothing & Accessories,Men's Shoes,True,False,False,SRC-KAGGLE-002,amazon_products.csv
B09PNJNTMW,Men's Cartoon Print Elastic High Waisted Casual Summer Shorts,https://www.amazon.com/dp/B09PNJNTMW,4.3,0,23.99,0.0,110,False,200,clothing,Clothing & Accessories,Men's Clothing,True,False,False,SRC-KAGGLE-002,amazon_products.csv
B0C7TCWDXF,2/3 Pack Boys' Girls' Thermal Compression Shirt Fleece Lined Base Layer Top Youth Long Sleeve Athletic Undershirt,https://www.amazon.com/dp/B0C7TCWDXF,4.7,57,29.99,0.0,91,False,0,clothing,Clothing & Accessories,Girls' Clothing,False,False,False,SRC-KAGGLE-002,amazon_products.csv
B08TLJHTX9,Women's Roseville Clog,https://www.amazon.com/dp/B08TLJHTX9,4.3,0,27.0,95.0,122,False,0,clothing,Clothing & Accessories,Women's Shoes,True,False,False,SRC-KAGGLE-002,amazon_products.csv
B0BX773JH7,X Christian Pulisic Men's Ultra Match Turf Tranning Soccer Cleats,https://www.amazon.com/dp/B0BX773JH7,0.0,0,0.0,0.0,114,False,0,clothing,Clothing & Accessories,Men's Shoes,True,True,True,SRC-KAGGLE-002,amazon_products.csv
B079JXBJQY,"Running Shorts - 7 inch Quick Dry Black Sport Shorts with Inseam and Zipper Pockets for Running, Gym,Fitness,Training",https://www.amazon.com/dp/B079JXBJQY,4.7,0,55.0,0.0,110,False,0,clothing,Clothing & Accessories,Men's Clothing,True,False,False,SRC-KAGGLE-002,amazon_products.csv
B08XW6WMJY,MJNY Mens Casual Comfortable Genuine Leather Lightweight Driving Moccasins Classic Fashion Venetian Loafer Slip On Breathable Driving Loafer,https://www.amazon.com/dp/B08XW6WMJY,4.3,0,79.95,0.0,114,False,0,clothing,Clothing & Accessories,Men's Shoes,True,False,False,SRC-KAGGLE-002,amazon_products.csv
B088B4NTD3,Boy's Mid-Long Warm Winter Coat Quilted Fleece Lined Puffer Jacket with Detachable Fur Hood,https://www.amazon.com/dp/B088B4NTD3,4.6,0,62.97,0.0,84,False,0,clothing,Clothing & Accessories,Boys' Clothing,True,False,False,SRC-KAGGLE-002,amazon_products.csv
B09GLLS2TM,Men's Dress Shoes Formal Cap Toe Oxford Dress Shoes for Men Comfortable,https://www.amazon.com/dp/B09GLLS2TM,4.4,1956,29.99,49.99,114,False,100,clothing,Clothing & Accessories,Men's Shoes,False,False,False,SRC-KAGGLE-002,amazon_products.csv
B01MTBKRZZ,Men's Pampa Hi Ankle Boot,https://www.amazon.com/dp/B01MTBKRZZ,4.5,124,59.95,79.95,114,False,0,clothing,Clothing & Accessories,Men's Shoes,False,False,False,SRC-KAGGLE-002,amazon_products.csv
B096NCV9SZ,Unisex-Child 680 V6 Lace-up Running Shoe,https://www.amazon.com/dp/B096NCV9SZ,4.4,0,47.49,49.99,97,False,50,clothing,Clothing & Accessories,Girls' Shoes,True,False,False,SRC-KAGGLE-002,amazon_products.csv
B001FD517S,"Boys' Bi-Stretch Blazer Suit Jacket, 2-Button Single Breasted Closure, Buttoned Cuffs & Front Flap Pockets",https://www.amazon.com/dp/B001FD517S,4.5,1370,51.95,84.0,84,False,0,clothing,Clothing & Accessories,Boys' Clothing,False,False,False,SRC-KAGGLE-002,amazon_products.csv
B0BP1ZVZ51,Sofft Napoli,https://www.amazon.com/dp/B0BP1ZVZ51,4.0,0,124.95,0.0,122,False,0,clothing,Clothing & Accessories,Women's Shoes,True,False,False,SRC-KAGGLE-002,amazon_products.csv
B0CCTXK2Z9,Women's Two Piece Outfits Chunky Knit Fuzzy Sweater Set Long Sleeve Crop Pullover Wide Leg Pant Matching Lounge Set,https://www.amazon.com/dp/B0CCTXK2Z9,4.5,0,41.99,0.0,116,False,0,clothing,Clothing & Accessories,Women's Clothing,True,False,False,SRC-KAGGLE-002,amazon_products.csv
B0BYT9S2V6,Little Mermaid Princess Ariel Girls Tee,https://www.amazon.com/dp/B0BYT9S2V6,0.0,0,11.11,23.0,91,False,0,clothing,Clothing & Accessories,Girls' Clothing,True,False,True,SRC-KAGGLE-002,amazon_products.csv
B08N4GYV93,Toddler Baby Girls Leather Skirt Outfits Ribbed Sweater Shirt Tops + PU Leather Dress Fall Clothes Set,https://www.amazon.com/dp/B08N4GYV93,4.6,650,20.99,0.0,91,False,0,clothing,Clothing & Accessories,Girls' Clothing,False,False,False,SRC-KAGGLE-002,amazon_products.csv
B093PNPCF4,4 Pairs Girl's Fishnet Tights Fishnet Stockings Glitter Tights Bling Legging Mesh Socks Rhinestone Hollow Out Pantyhose for Halloween Dress up Party,https://www.amazon.com/dp/B093PNPCF4,4.4,108,13.99,15.99,91,False,0,clothing,Clothing & Accessories,Girls' Clothing,False,False,False,SRC-KAGGLE-002,amazon_products.csv
B09YHDNKYC,Boys Long Sleeve Classic Hooded Tee Shirt Kids Clothes,https://www.amazon.com/dp/B09YHDNKYC,4.4,0,18.99,0.0,84,False,50,clothing,Clothing & Accessories,Boys' Clothing,True,False,False,SRC-KAGGLE-002,amazon_products.csv
B08P4QY39W,"Women's 5"" Inseam Drawstring Linen Blend Short (Available in Plus Size)",https://www.amazon.com/dp/B08P4QY39W,4.3,0,29.0,0.0,116,False,50,clothing,Clothing & Accessories,Women's Clothing,True,False,False,SRC-KAGGLE-002,amazon_products.csv
B07WBYVCX1,Kids Jackets Girls Boys Sequin Zipper Coat Jacket for Toddler Birthday Christmas Clothes,https://www.amazon.com/dp/B07WBYVCX1,4.7,0,0.0,0.0,84,False,0,clothing,Clothing & Accessories,Boys' Clothing,True,True,False,SRC-KAGGLE-002,amazon_products.csv
B0BN6KKVKK,Unisex-Child Little Kids Marana Skate Shoe,https://www.amazon.com/dp/B0BN6KKVKK,0.0,0,49.95,0.0,90,False,0,clothing,Clothing & Accessories,Boys' Shoes,True,False,True,SRC-KAGGLE-002,amazon_products.csv
B01LYR68OT,Large Men's DryBlend Classic T-Shirt,https://www.amazon.com/dp/B01LYR68OT,4.5,0,7.71,0.0,110,False,300,clothing,Clothing & Accessories,Men's Clothing,True,False,False,SRC-KAGGLE-002,amazon_products.csv
B09R1VVM4P,Women's Sexy Silk Satin Ruffled Pajamas Sets Cami Shorts Sets Sleepwear,https://www.amazon.com/dp/B09R1VVM4P,4.5,0,22.99,0.0,116,False,500,clothing,Clothing & Accessories,Women's Clothing,True,False,False,SRC-KAGGLE-002,amazon_products.csv
B09C8JC8M2,Mens Robes Big and Tall Full Length Plush Fleece Long Robe for Men Bathrobe Shawl Collar Warm Winter House Robes,https://www.amazon.com/dp/B09C8JC8M2,4.6,0,40.99,0.0,110,False,50,clothing,Clothing & Accessories,Men's Clothing,True,False,False,SRC-KAGGLE-002,amazon_products.csv
B09VS1NY22,Women's Elegant Sleeveless Off Shoulder Bodycon Long Formal Party Evening Dress,https://www.amazon.com/dp/B09VS1NY22,4.2,0,51.99,59.99,116,False,1000,clothing,Clothing & Accessories,Women's Clothing,True,False,False,SRC-KAGGLE-002,amazon_products.csv
B08SQHBQYL,Toddler Little Girls Swimsuit Ruffle Bathing Suit One Piece Summer Cute Swimwear,https://www.amazon.com/dp/B08SQHBQYL,4.7,857,17.99,0.0,91,False,0,clothing,Clothing & Accessories,Girls' Clothing,False,False,False,SRC-KAGGLE-002,amazon_products.csv
B08XJVTRMN,"Men's Hampton Crew Socks, 3-Pairs",https://www.amazon.com/dp/B08XJVTRMN,4.6,0,18.99,0.0,110,False,0,clothing,Clothing & Accessories,Men's Clothing,True,False,False,SRC-KAGGLE-002,amazon_products.csv
B09VCTX8Z7,Girl's Group Easter Hunt T-Shirt,https://www.amazon.com/dp/B09VCTX8Z7,0.0,0,20.13,0.0,91,False,0,clothing,Clothing & Accessories,Girls' Clothing,True,False,True,SRC-KAGGLE-002,amazon_products.csv
B0BG6ZMD6Q,"Gynecomastia Mens Compression Shirt, Slimming Tank Top, Men Body Shaper Vest, Tummy Control Undershirts",https://www.amazon.com/dp/B0BG6ZMD6Q,4.3,0,16.99,39.99,110,False,100,clothing,Clothing & Accessories,Men's Clothing,True,False,False,SRC-KAGGLE-002,amazon_products.csv
B08SKKWF39,Women's Pepe30 Slide Sandal,https://www.amazon.com/dp/B08SKKWF39,4.1,0,64.64,99.95,122,False,0,clothing,Clothing & Accessories,Women's Shoes,True,False,False,SRC-KAGGLE-002,amazon_products.csv
B0B5FF95WC,"Girls 2 Pieces Legging Set, Peacoat/Raspberry, 3T US",https://www.amazon.com/dp/B0B5FF95WC,0.0,0,13.86,0.0,91,False,0,clothing,Clothing & Accessories,Girls' Clothing,True,False,True,SRC-KAGGLE-002,amazon_products.csv
B0BLMSX83M,"Unisex-Adult On The Clock Clog, Slip Resistant Shoes for Women and Men",https://www.amazon.com/dp/B0BLMSX83M,4.8,0,34.98,0.0,114,False,0,clothing,Clothing & Accessories,Men's Shoes,True,False,False,SRC-KAGGLE-002,amazon_products.csv
B0B4DLTJZY,Iron Man Hooded Raincoat Rain Jacket Poncho Outwear for Boys Kids Children,https://www.amazon.com/dp/B0B4DLTJZY,5.0,0,32.97,0.0,84,False,0,clothing,Clothing & Accessories,Boys' Clothing,True,False,False,SRC-KAGGLE-002,amazon_products.csv
B07TBS69Q3,Unisex-Adult Men's-Targhee 3 Closed Toe Hiking Sport Sandals,https://www.amazon.com/dp/B07TBS69Q3,4.3,0,0.0,0.0,114,False,0,clothing,Clothing & Accessories,Men's Shoes,True,True,False,SRC-KAGGLE-002,amazon_products.csv
B0C9VHZ3ZK,Chase and Chloe Kimmy Mary Jane Teardrop Cutout Retro Pump Heel,https://www.amazon.com/dp/B0C9VHZ3ZK,4.2,0,42.95,0.0,122,False,0,clothing,Clothing & Accessories,Women's Shoes,True,False,False,SRC-KAGGLE-002,amazon_products.csv
B0943DL3T2,Men's Tropical Print Boxer Briefs - Breathable and Supportive Men's Underwear with Moisture-Wicking Fabric,https://www.amazon.com/dp/B0943DL3T2,4.7,0,59.99,0.0,110,False,0,clothing,Clothing & Accessories,Men's Clothing,True,False,False,SRC-KAGGLE-002,amazon_products.csv
B0B9HSP3D7,Girls’ Training Bra Set – 10 Piece Cotton Cami Bralette and Briefs Underwear (XS-L),https://www.amazon.com/dp/B0B9HSP3D7,4.1,24,19.99,0.0,91,False,0,clothing,Clothing & Accessories,Girls' Clothing,False,False,False,SRC-KAGGLE-002,amazon_products.csv
B09YV58WSN,Girls Open Front Long Sleeve Cardigan Color Block Chunky Knit Oversized Kids Sweaters Coat,https://www.amazon.com/dp/B09YV58WSN,4.6,78,29.99,31.99,91,False,0,clothing,Clothing & Accessories,Girls' Clothing,False,False,False,SRC-KAGGLE-002,amazon_products.csv
B088JR3293,Low-Rider Iv Sneaker,https://www.amazon.com/dp/B088JR3293,4.0,0,61.48,0.0,114,False,0,clothing,Clothing & Accessories,Men's Shoes,True,False,False,SRC-KAGGLE-002,amazon_products.csv
B0C9VQ6FRP,Toddler Girl Sweater Dresses Kid Long Sleeve Knit Winter Dress for 12M-7Y,https://www.amazon.com/dp/B0C9VQ6FRP,5.0,5,22.99,0.0,91,False,0,clothing,Clothing & Accessories,Girls' Clothing,False,False,False,SRC-KAGGLE-002,amazon_products.csv
B08WS61YV6,Hoodie For Kids Japanese Gamer Black Sweater,https://www.amazon.com/dp/B08WS61YV6,4.7,0,21.99,0.0,84,False,0,clothing,Clothing & Accessories,Boys' Clothing,True,False,False,SRC-KAGGLE-002,amazon_products.csv
B07WR3KWT2,Women's Cushion Sands Flip-Flop,https://www.amazon.com/dp/B07WR3KWT2,4.3,0,39.95,0.0,122,False,50,clothing,Clothing & Accessories,Women's Shoes,True,False,False,SRC-KAGGLE-002,amazon_products.csv
B0BSDD9YQV,Men's Neumel Weather Hybrid Snow Boot,https://www.amazon.com/dp/B0BSDD9YQV,0.0,0,179.95,0.0,114,False,0,clothing,Clothing & Accessories,Men's Shoes,True,False,True,SRC-KAGGLE-002,amazon_products.csv
B079459Y2Q,"Women's Seager-Stat-Scalloped Collar, Engineered Skech-Knit Slip-on-Classic Fit Loafer, Black/Black, 5.5",https://www.amazon.com/dp/B079459Y2Q,4.2,0,48.74,60.0,122,False,0,clothing,Clothing & Accessories,Women's Shoes,True,False,False,SRC-KAGGLE-002,amazon_products.csv
B01NBKSOJ2,Ultralight Seamless Shapewear Short,https://www.amazon.com/dp/B01NBKSOJ2,4.1,0,16.4,20.0,116,False,400,clothing,Clothing & Accessories,Women's Clothing,True,False,False,SRC-KAGGLE-002,amazon_products.csv
B0BYCK2BGG,Boys School Uniform Twill Chino Pants Regular Fit,https://www.amazon.com/dp/B0BYCK2BGG,4.0,16,23.99,0.0,84,False,0,clothing,Clothing & Accessories,Boys' Clothing,False,False,False,SRC-KAGGLE-002,amazon_products.csv
B0BQGJRPRW,Girl's Flutter Sleeve Smocked Dress (Toddler/Little Kids/Big Kids) Blue 7 Big Kid,https://www.amazon.com/dp/B0BQGJRPRW,0.0,0,71.1,0.0,91,False,0,clothing,Clothing & Accessories,Girls' Clothing,True,False,True,SRC-KAGGLE-002,amazon_products.csv
B0C3QWJRZ1,Girl's Colorblock Contrast Flounce Sleeve Square Neck Flare Leg High Waist Ruffle Trim Jumpsuit,https://www.amazon.com/dp/B0C3QWJRZ1,0.0,0,34.99,0.0,91,False,0,clothing,Clothing & Accessories,Girls' Clothing,True,False,True,SRC-KAGGLE-002,amazon_products.csv
B07TK4L8NR,Men's volgo Slip on Melson Canvas Slip-On Moccasin Shoe,https://www.amazon.com/dp/B07TK4L8NR,4.6,0,45.0,0.0,114,False,50,clothing,Clothing & Accessories,Men's Shoes,True,False,False,SRC-KAGGLE-002,amazon_products.csv
B09C6RRBJ9,Girl's Wendy Youth Loafers Multiple Colors | Girl’s Shoes | Girl’s Lace Up Loafers | Comfortable & Light-Weight,https://www.amazon.com/dp/B09C6RRBJ9,0.0,0,42.46,0.0,97,False,0,clothing,Clothing & Accessories,Girls' Shoes,True,False,True,SRC-KAGGLE-002,amazon_products.csv
B0BN6YDS29,"Men's 511 Slim Fit Stretch Jeans, (New) Always Adapt",https://www.amazon.com/dp/B0BN6YDS29,0.0,0,42.1,0.0,110,False,0,clothing,Clothing & Accessories,Men's Clothing,True,False,True,SRC-KAGGLE-002,amazon_products.csv
B0BSBW1WK9,"Girls Fashion Off Shoulder Midi Dress, Knee Length, Casual Short Sleeve Swing Dress, Age 3-14 Years",https://www.amazon.com/dp/B0BSBW1WK9,4.6,16,21.99,0.0,91,False,0,clothing,Clothing & Accessories,Girls' Clothing,False,False,False,SRC-KAGGLE-002,amazon_products.csv
B08ZVNGWWJ,Mobs Skeleton Enderman 3 Pack T-Shirts Little Kid to Big Kid,https://www.amazon.com/dp/B08ZVNGWWJ,4.8,462,26.79,0.0,84,False,0,clothing,Clothing & Accessories,Boys' Clothing,False,False,False,SRC-KAGGLE-002,amazon_products.csv
B097FFHXF6,Jogger All Over Print Sweatpants-Girls 4-16-Rainbow & Unicorns,https://www.amazon.com/dp/B097FFHXF6,4.6,30,13.6,0.0,91,False,0,clothing,Clothing & Accessories,Girls' Clothing,False,False,False,SRC-KAGGLE-002,amazon_products.csv
B00L8AY6II,Men's Cooling Performance Crew Short Sleeve Tee,https://www.amazon.com/dp/B00L8AY6II,4.5,0,8.43,0.0,110,False,50,clothing,Clothing & Accessories,Men's Clothing,True,False,False,SRC-KAGGLE-002,amazon_products.csv
B0C446MQ2S,"boys Outdoor Set, Cohesive Pants Or Shorts & Top",https://www.amazon.com/dp/B0C446MQ2S,4.8,258,36.99,0.0,84,False,0,clothing,Clothing & Accessories,Boys' Clothing,False,False,False,SRC-KAGGLE-002,amazon_products.csv
B01H7S0FLQ,Men's Faux Patent Leather Tuxedo Derby Dress Shoes Classic Lace-up Formal Oxford,https://www.amazon.com/dp/B01H7S0FLQ,4.5,0,43.99,0.0,114,False,100,clothing,Clothing & Accessories,Men's Shoes,True,False,False,SRC-KAGGLE-002,amazon_products.csv
B084TBF5LZ,Air Max 270 Extreme (Big Kid) White/White/Metallic Silver/White 5 Big Kid M,https://www.amazon.com/dp/B084TBF5LZ,3.6,0,191.1,0.0,90,False,0,clothing,Clothing & Accessories,Boys' Shoes,True,False,False,SRC-KAGGLE-002,amazon_products.csv
B09T3V85LF,Girls' Jacket - Lightweight Quilted Bubble Puffer Windbreaker Coat (2T-16),https://www.amazon.com/dp/B09T3V85LF,4.6,126,19.95,31.73,91,False,0,clothing,Clothing & Accessories,Girls' Clothing,False,False,False,SRC-KAGGLE-002,amazon_products.csv
B097S5R93P,"Coolmax Micro Crew Cushion Socks - Men's (Gray/Black, Large) - 6 Pack Special",https://www.amazon.com/dp/B097S5R93P,4.8,0,119.75,0.0,110,False,0,clothing,Clothing & Accessories,Men's Clothing,True,False,False,SRC-KAGGLE-002,amazon_products.csv
B091FTDPKT,Girls' Panda Swimsuit,https://www.amazon.com/dp/B091FTDPKT,4.3,0,17.45,0.0,91,False,0,clothing,Clothing & Accessories,Girls' Clothing,True,False,False,SRC-KAGGLE-002,amazon_products.csv
B07S6F6B4N,Women's Leather Wedges Mid Heel Round Toe Classic Office Shoes for Women Walking Dress Pumps,https://www.amazon.com/dp/B07S6F6B4N,4.2,0,128.0,0.0,122,False,0,clothing,Clothing & Accessories,Women's Shoes,True,False,False,SRC-KAGGLE-002,amazon_products.csv
B0B3SVZFJ3,Women's Plus Size V Neck Elegant Floral Lace Ruffle Bridesmaid Maxi Dress,https://www.amazon.com/dp/B0B3SVZFJ3,4.3,0,67.99,0.0,116,False,50,clothing,Clothing & Accessories,Women's Clothing,True,False,False,SRC-KAGGLE-002,amazon_products.csv
B07JM25Y64,Boys' Kids French Terry Joggers,https://www.amazon.com/dp/B07JM25Y64,4.6,259,13.35,0.0,84,False,0,clothing,Clothing & Accessories,Boys' Clothing,False,False,False,SRC-KAGGLE-002,amazon_products.csv
B0BRZW2S22,Women's Casual V Neck Sleeveless Jumpsuits Baggy Straps Harem Long Pants Overalls With Pockets,https://www.amazon.com/dp/B0BRZW2S22,4.4,0,24.99,0.0,116,False,100,clothing,Clothing & Accessories,Women's Clothing,True,False,False,SRC-KAGGLE-002,amazon_products.csv
B0BXT4N8YF,Boys Girls Dress Shoes Toddler Dress Shoes Boys Loafers Casual Penny Loafer Moccasin Dress Driver Shoes for Unisex-Child,https://www.amazon.com/dp/B0BXT4N8YF,4.3,0,29.99,0.0,97,False,0,clothing,Clothing & Accessories,Girls' Shoes,True,False,False,SRC-KAGGLE-002,amazon_products.csv
B0BYGQBFRK,Minnie Mouse Winnie the Pooh T-Shirt and Pants Newborn to Toddler,https://www.amazon.com/dp/B0BYGQBFRK,4.9,23,24.49,0.0,91,False,0,clothing,Clothing & Accessories,Girls' Clothing,False,False,False,SRC-KAGGLE-002,amazon_products.csv
B077RYR7Y6,Men's Punk Denim Vest Sleeveless Jean Jackets With Rivets,https://www.amazon.com/dp/B077RYR7Y6,4.6,0,33.9,0.0,110,False,50,clothing,Clothing & Accessories,Men's Clothing,True,False,False,SRC-KAGGLE-002,amazon_products.csv
B0BQY53VKJ,Women's Alivia Sandal,https://www.amazon.com/dp/B0BQY53VKJ,0.0,0,88.25,138.0,122,False,0,clothing,Clothing & Accessories,Women's Shoes,True,False,True,SRC-KAGGLE-002,amazon_products.csv
B0BMT551ZR,Men's Uplift Loafer,https://www.amazon.com/dp/B0BMT551ZR,0.0,0,54.99,90.0,114,False,0,clothing,Clothing & Accessories,Men's Shoes,True,False,True,SRC-KAGGLE-002,amazon_products.csv
B095VTCWBQ,Boys' Long Sleeve Cotton V-Neck Sweater,https://www.amazon.com/dp/B095VTCWBQ,4.6,0,24.71,29.95,84,False,0,clothing,Clothing & Accessories,Boys' Clothing,True,False,False,SRC-KAGGLE-002,amazon_products.csv
B07XPLN9S1,Men's Golf Title Holder Short Sleeve Polo,https://www.amazon.com/dp/B07XPLN9S1,4.7,0,23.99,0.0,110,False,0,clothing,Clothing & Accessories,Men's Clothing,True,False,False,SRC-KAGGLE-002,amazon_products.csv
B09KTT2ZZF,Kelsa,https://www.amazon.com/dp/B09KTT2ZZF,1.0,0,61.96,0.0,122,False,0,clothing,Clothing & Accessories,Women's Shoes,True,False,False,SRC-KAGGLE-002,amazon_products.csv
B072R155Q7,"Girls Cuff Bamboo Seamless Socks, 3 or 6 Pk Dress Crew School Uniform Socks",https://www.amazon.com/dp/B072R155Q7,4.5,629,16.95,0.0,91,False,50,clothing,Clothing & Accessories,Girls' Clothing,False,False,False,SRC-KAGGLE-002,amazon_products.csv
B0C3T9S1J2,Women's Lyanna Heeled Sandal Pump,https://www.amazon.com/dp/B0C3T9S1J2,0.0,0,93.0,155.0,122,False,0,clothing,Clothing & Accessories,Women's Shoes,True,False,True,SRC-KAGGLE-002,amazon_products.csv
B0B4X2HJH9,T Shirts for Boys Boys T-Shirt Pack Boys Clothes,https://www.amazon.com/dp/B0B4X2HJH9,4.0,0,24.6,0.0,84,False,0,clothing,Clothing & Accessories,Boys' Clothing,True,False,False,SRC-KAGGLE-002,amazon_products.csv
B0C1YCLLBM,Rhinestone Cowboy Boots for Women Western Style Sparkly Booties Stacked Heel Glitter Cowgirl Boots,https://www.amazon.com/dp/B0C1YCLLBM,3.7,0,69.99,0.0,122,False,50,clothing,Clothing & Accessories,Women's Shoes,True,False,False,SRC-KAGGLE-002,amazon_products.csv
B00MN8LFRO,PU Kid Girl's Jazz Dance Boots,https://www.amazon.com/dp/B00MN8LFRO,4.3,0,29.9,0.0,97,False,0,clothing,Clothing & Accessories,Girls' Shoes,True,False,False,SRC-KAGGLE-002,amazon_products.csv
B005XMAEJC,Fashion Cowgirl Womens Boots Golden Color - Cowhide Leather - Handmade - Sizes from 6 to 9.5,https://www.amazon.com/dp/B005XMAEJC,4.2,0,348.0,0.0,122,False,0,clothing,Clothing & Accessories,Women's Shoes,True,False,False,SRC-KAGGLE-002,amazon_products.csv
B0C7CPCY3R,Women's Summer Casual Dress Flutter Sleeves Crew Neck Smocked High Waist Tiered A-Line Midi Dress,https://www.amazon.com/dp/B0C7CPCY3R,4.5,0,39.99,0.0,116,False,0,clothing,Clothing & Accessories,Women's Clothing,True,False,False,SRC-KAGGLE-002,amazon_products.csv
B01IHK9VL8,Women's Long Sleeve Fluffy Faux Fur Warm Coat,https://www.amazon.com/dp/B01IHK9VL8,3.9,0,59.99,99.99,116,False,0,clothing,Clothing & Accessories,Women's Clothing,True,False,False,SRC-KAGGLE-002,amazon_products.csv
B09LSBMCK9,Women's Charged Escape 4 Running Shoe,https://www.amazon.com/dp/B09LSBMCK9,4.5,0,70.12,90.0,122,False,0,clothing,Clothing & Accessories,Women's Shoes,True,False,False,SRC-KAGGLE-002,amazon_products.csv
B09782JQVM,Men's Running Shoes Ultra Lightweight Breathable Walking Shoes Non Slip Athletic Fashion Sneakers Mesh Workout Casual Sports Shoes,https://www.amazon.com/dp/B09782JQVM,4.2,31,34.99,45.0,114,False,0,clothing,Clothing & Accessories,Men's Shoes,False,False,False,SRC-KAGGLE-002,amazon_products.csv
B0BZDGQ6ZV,Women's Sexy V Neck Ruched Bodycon Mini Dress Puff Long Sleeve Cocktail Wedding Party Short Dresses,https://www.amazon.com/dp/B0BZDGQ6ZV,4.0,0,38.99,0.0,116,False,50,clothing,Clothing & Accessories,Women's Clothing,True,False,False,SRC-KAGGLE-002,amazon_products.csv
B0C9P4KQ5K,Women 2 Piece Outfits Sweatsuit 2023 Fashion Long Sleeve V Neck Button Down Pullover and Shorts Set with Pockets,https://www.amazon.com/dp/B0C9P4KQ5K,4.2,0,28.89,33.99,116,False,50,clothing,Clothing & Accessories,Women's Clothing,True,False,False,SRC-KAGGLE-002,amazon_products.csv
B08PCFL769,"Girls' School Uniform Sensory-Friendly Jegging, Soft Fabric with Flattened Seams, Tagless",https://www.amazon.com/dp/B08PCFL769,4.4,234,19.0,23.0,91,False,0,clothing,Clothing & Accessories,Girls' Clothing,False,False,False,SRC-KAGGLE-002,amazon_products.csv
B09M939GJK,Men's Invisible Height Increasing Elevator Shoes - Leather Midtop Lace-up Casual Fashion Sneakers - 2.8 Inches Taller,https://www.amazon.com/dp/B09M939GJK,4.3,0,138.59,0.0,114,False,0,clothing,Clothing & Accessories,Men's Shoes,True,False,False,SRC-KAGGLE-002,amazon_products.csv
B0C3VH2W5V,Girl's Tie Dye Letter Print Short Sleeve Tee Top and Biker Shorts Tracksuit,https://www.amazon.com/dp/B0C3VH2W5V,4.0,1,19.99,0.0,91,False,0,clothing,Clothing & Accessories,Girls' Clothing,False,False,False,SRC-KAGGLE-002,amazon_products.csv
B09PXHMTDD,"Pajama Set for Boys,Short Sleeve Long Pants, Mix and Match Removable Patches, Boys Size Size 4/5-10/12",https://www.amazon.com/dp/B09PXHMTDD,4.8,0,0.0,0.0,84,False,0,clothing,Clothing & Accessories,Boys' Clothing,True,True,False,SRC-KAGGLE-002,amazon_products.csv
B07NNTDTQT,Girls' Minnie Mouse Swimsuit Sparkle Bathing Suit for Kids,https://www.amazon.com/dp/B07NNTDTQT,4.6,435,25.95,0.0,91,False,0,clothing,Clothing & Accessories,Girls' Clothing,False,False,False,SRC-KAGGLE-002,amazon_products.csv
B0BZ71QRQM,Men's Basketball Shoes,https://www.amazon.com/dp/B0BZ71QRQM,4.5,3345,133.01,0.0,114,False,0,clothing,Clothing & Accessories,Men's Shoes,False,False,False,SRC-KAGGLE-002,amazon_products.csv
B09RWQ5L5H,Women's Sport Sandals Close Toe Mesh Hiking Outdoor Athletic Casual Walking Sandals Water Shoes,https://www.amazon.com/dp/B09RWQ5L5H,4.5,0,33.99,0.0,122,False,0,clothing,Clothing & Accessories,Women's Shoes,True,False,False,SRC-KAGGLE-002,amazon_products.csv
B09MCSFYXJ,Men's Running Shoes Ultra Lightweight Breathable Walking Shoes Non Slip Athletic Fashion Sneakers Mesh Workout Casual Sports Shoes,https://www.amazon.com/dp/B09MCSFYXJ,4.1,18,34.99,0.0,114,False,0,clothing,Clothing & Accessories,Men's Shoes,False,False,False,SRC-KAGGLE-002,amazon_products.csv
B0C6M4725K,Pro 20 Prints,https://www.amazon.com/dp/B0C6M4725K,4.3,0,65.0,0.0,114,False,0,clothing,Clothing & Accessories,Men's Shoes,True,False,False,SRC-KAGGLE-002,amazon_products.csv
B0C4GFQ2M7,Soccer Baseball Softball Socks for Youth & Adult Multi-sport Knee High Tube-Soccer-Socks,https://www.amazon.com/dp/B0C4GFQ2M7,4.4,0,11.99,0.0,110,False,0,clothing,Clothing & Accessories,Men's Clothing,True,False,False,SRC-KAGGLE-002,amazon_products.csv
B0BQV1PCQ7,6 Pairs Women Long Pilates Grip Socks with Non Slip Crew Grippy Socks with Stripe for Sports Yoga Barre Ballet,https://www.amazon.com/dp/B0BQV1PCQ7,4.3,0,15.99,19.99,116,False,50,clothing,Clothing & Accessories,Women's Clothing,True,False,False,SRC-KAGGLE-002,amazon_products.csv
B08GYMXXJC,Boys' Elastic Waist Short,https://www.amazon.com/dp/B08GYMXXJC,4.5,0,18.89,0.0,84,False,0,clothing,Clothing & Accessories,Boys' Clothing,True,False,False,SRC-KAGGLE-002,amazon_products.csv
B08H7F2ZKM,"Boys Baby 2-Piece Short Tee & Long Sleeve T-Shirt Bundle Set-Toddler Size 2t-5t-Mommy, Daddy Shark",https://www.amazon.com/dp/B08H7F2ZKM,4.7,57,15.23,16.18,84,False,0,clothing,Clothing & Accessories,Boys' Clothing,False,False,False,SRC-KAGGLE-002,amazon_products.csv
B0055QBDTG,"XCCU Thin Cushion Running Low Cut Socks, Black/Black, Small",https://www.amazon.com/dp/B0055QBDTG,4.2,0,11.22,16.99,110,False,0,clothing,Clothing & Accessories,Men's Clothing,True,False,False,SRC-KAGGLE-002,amazon_products.csv
B0BDRV6LQK,"5 Inch Mens Dry Fit Running Athletic Shorts with Pockets, Water Resistant Lightweight Gym Workout Exercise Shorts",https://www.amazon.com/dp/B0BDRV6LQK,4.5,0,19.99,0.0,110,False,100,clothing,Clothing & Accessories,Men's Clothing,True,False,False,SRC-KAGGLE-002,amazon_products.csv
B08LBZ4FK1,"Baby Girls Overalls Jean Dress, Flower Embroidered Double Color Spliced Tulle Skirts",https://www.amazon.com/dp/B08LBZ4FK1,4.2,0,25.99,0.0,91,False,0,clothing,Clothing & Accessories,Girls' Clothing,True,False,False,SRC-KAGGLE-002,amazon_products.csv
B0BW16WJQN,Legging Set - 2 Piece Super Soft Leggings and Button Down Tunic Blouse (4-12),https://www.amazon.com/dp/B0BW16WJQN,4.0,2,24.99,0.0,91,False,0,clothing,Clothing & Accessories,Girls' Clothing,False,False,False,SRC-KAGGLE-002,amazon_products.csv
B073B5ML3K,Women Off Shoulder Ruffles Floral Tunic Casual Party Shift Short Dress,https://www.amazon.com/dp/B073B5ML3K,4.0,0,19.99,49.99,116,False,100,clothing,Clothing & Accessories,Women's Clothing,True,False,False,SRC-KAGGLE-002,amazon_products.csv
B08D7R2FCS,Lululemon Mens Pace Breaker Short,https://www.amazon.com/dp/B08D7R2FCS,4.1,0,98.0,0.0,110,False,0,clothing,Clothing & Accessories,Men's Clothing,True,False,False,SRC-KAGGLE-002,amazon_products.csv
B086H4HH6M,Boys Crewneck Short Sleeve Loose Fit Rashguard Swim Sun Tee Shirt UPF 50+,https://www.amazon.com/dp/B086H4HH6M,4.7,0,12.99,0.0,84,False,0,clothing,Clothing & Accessories,Boys' Clothing,True,False,False,SRC-KAGGLE-002,amazon_products.csv
B07CZMNJBV,Men's Logger Mid Calf Boot,https://www.amazon.com/dp/B07CZMNJBV,3.7,0,130.64,159.99,114,False,0,clothing,Clothing & Accessories,Men's Shoes,True,False,False,SRC-KAGGLE-002,amazon_products.csv
B075JV7RX2,Men's Full-Zip Hooded Fleece Sweatshirt (Available in Big & Tall),https://www.amazon.com/dp/B075JV7RX2,4.5,0,29.4,0.0,110,False,400,clothing,Clothing & Accessories,Men's Clothing,True,False,False,SRC-KAGGLE-002,amazon_products.csv
B0BVRVKWBT,Boys' Polyester Pajama Set,https://www.amazon.com/dp/B0BVRVKWBT,4.7,393,24.99,0.0,84,False,0,clothing,Clothing & Accessories,Boys' Clothing,False,False,False,SRC-KAGGLE-002,amazon_products.csv
B09TK7BN45,Shower Shoes Quick Drying Non-Slip Comfortable Men Women House Slippers,https://www.amazon.com/dp/B09TK7BN45,4.5,0,16.98,19.9,114,False,2000,clothing,Clothing & Accessories,Men's Shoes,True,False,False,SRC-KAGGLE-002,amazon_products.csv
B0C5L81524,Girls Dresses Summer Casual Fashion Striped Spaghetti Strap Sun Dress for Kids,https://www.amazon.com/dp/B0C5L81524,4.4,34,19.99,0.0,91,False,0,clothing,Clothing & Accessories,Girls' Clothing,False,False,False,SRC-KAGGLE-002,amazon_products.csv
B0BLMQ3F2S,Women's Short Summer Dresses Casual Puffy Sleeve Wrap V Neck Ruffle Solid Color Flare Dress,https://www.amazon.com/dp/B0BLMQ3F2S,3.8,0,46.99,0.0,116,False,0,clothing,Clothing & Accessories,Women's Clothing,True,False,False,SRC-KAGGLE-002,amazon_products.csv
B09H4V3DPB,Lululemon Swiftly Tech Short Sleeve Crew,https://www.amazon.com/dp/B09H4V3DPB,4.3,0,98.0,0.0,116,False,0,clothing,Clothing & Accessories,Women's Clothing,True,False,False,SRC-KAGGLE-002,amazon_products.csv
B0BLTBJKV6,Men's Byrne Mudguard Chukka Boot,https://www.amazon.com/dp/B0BLTBJKV6,2.5,0,0.0,0.0,114,False,0,clothing,Clothing & Accessories,Men's Shoes,True,True,False,SRC-KAGGLE-002,amazon_products.csv
B0C2DGNFKZ,Big Girls’ The Little Mermaid Nightgown,https://www.amazon.com/dp/B0C2DGNFKZ,5.0,5,18.61,19.99,91,False,0,clothing,Clothing & Accessories,Girls' Clothing,False,False,False,SRC-KAGGLE-002,amazon_products.csv
B095JCCLHR,The Incredibles Boys’ Short Sleeve T-Shirt and Shorts Set for Toddler Little Kids and Big Kids – Red/Black,https://www.amazon.com/dp/B095JCCLHR,4.4,44,21.99,0.0,84,False,0,clothing,Clothing & Accessories,Boys' Clothing,False,False,False,SRC-KAGGLE-002,amazon_products.csv
B08ZNWPQVQ,"Men's Hooded Down Jacket, Quilted Coat, Sherpa Lined, Ebony, Small",https://www.amazon.com/dp/B08ZNWPQVQ,4.6,0,79.99,0.0,110,False,0,clothing,Clothing & Accessories,Men's Clothing,True,False,False,SRC-KAGGLE-002,amazon_products.csv
B0BLXYFXDG,Wallabee 2,https://www.amazon.com/dp/B0BLXYFXDG,4.6,0,65.27,0.0,114,False,0,clothing,Clothing & Accessories,Men's Shoes,True,False,False,SRC-KAGGLE-002,amazon_products.csv
B08LTBWGNK,"Mens 5 Pack Athletic Running Shorts, Basketball Gym Workout Shorts for Men with Zippered Pockets",https://www.amazon.com/dp/B08LTBWGNK,4.0,0,36.99,0.0,110,False,100,clothing,Clothing & Accessories,Men's Clothing,True,False,False,SRC-KAGGLE-002,amazon_products.csv
B088TTCXY8,"Boys' Athletic Boxer Brief with Homer, Marge, Bart and More, 4pk and 7 Pack Available in Sizes 6, 8, 10, 12",https://www.amazon.com/dp/B088TTCXY8,4.7,0,17.99,20.0,84,False,0,clothing,Clothing & Accessories,Boys' Clothing,True,False,False,SRC-KAGGLE-002,amazon_products.csv
B0B2H8PP2Q,Unisex-Child Molokai Art Youth Flip-Flop,https://www.amazon.com/dp/B0B2H8PP2Q,4.6,0,12.41,18.0,90,False,0,clothing,Clothing & Accessories,Boys' Shoes,True,False,False,SRC-KAGGLE-002,amazon_products.csv
B00A0HTOIC,Girls' Keri UPF 50+ Rashguard,https://www.amazon.com/dp/B00A0HTOIC,4.7,0,18.4,23.24,91,False,0,clothing,Clothing & Accessories,Girls' Clothing,True,False,False,SRC-KAGGLE-002,amazon_products.csv
B09TT3BG5J,Girl's Cella (Little Kid/Big Kid),https://www.amazon.com/dp/B09TT3BG5J,0.0,0,36.0,0.0,97,False,0,clothing,Clothing & Accessories,Girls' Shoes,True,False,True,SRC-KAGGLE-002,amazon_products.csv
B0BGQMGSN9,Women's Ansa Graphic Fixed Strap Slide Sandal,https://www.amazon.com/dp/B0BGQMGSN9,4.5,0,22.01,24.95,122,False,0,clothing,Clothing & Accessories,Women's Shoes,True,False,False,SRC-KAGGLE-002,amazon_products.csv
B08NYJDZL9,Unisex Spark Cushioned No Show Running Socks,https://www.amazon.com/dp/B08NYJDZL9,4.1,7,25.78,0.0,91,False,0,clothing,Clothing & Accessories,Girls' Clothing,False,False,False,SRC-KAGGLE-002,amazon_products.csv
B09FYFV7RF,Unisex-Child Carson Sneaker,https://www.amazon.com/dp/B09FYFV7RF,4.6,0,22.9,38.0,90,False,0,clothing,Clothing & Accessories,Boys' Shoes,True,False,False,SRC-KAGGLE-002,amazon_products.csv
B0BYYKL4W2,Girl's 2 Piece Swimsuit Ditsy Floral Print Bikini Set Bathing Suits,https://www.amazon.com/dp/B0BYYKL4W2,4.8,6,23.99,0.0,91,False,0,clothing,Clothing & Accessories,Girls' Clothing,False,False,False,SRC-KAGGLE-002,amazon_products.csv
B07RBMSJ2B,Men's Chukka Boots,https://www.amazon.com/dp/B07RBMSJ2B,4.2,0,74.52,0.0,114,False,0,clothing,Clothing & Accessories,Men's Shoes,True,False,False,SRC-KAGGLE-002,amazon_products.csv
B0CB454J3W,Boy Long Sleeve Button Down Shirt Size 6-15 Years Old,https://www.amazon.com/dp/B0CB454J3W,0.0,0,18.99,0.0,84,False,0,clothing,Clothing & Accessories,Boys' Clothing,True,False,True,SRC-KAGGLE-002,amazon_products.csv
B0BP9DTH5L,Women's Sexy Long Sleeve Sparkly Maxi Dress V Neck High Slit Wrap Formal Gown Cocktail Glitter Maxi Long Dresses,https://www.amazon.com/dp/B0BP9DTH5L,4.2,0,48.99,0.0,116,False,0,clothing,Clothing & Accessories,Women's Clothing,True,False,False,SRC-KAGGLE-002,amazon_products.csv
B089R924HN,Mens Air Athletic Running Shoes Sneakers Lightweight Sport Gym Jogging Walking Tennis Sneakers US 6.5-US12.5,https://www.amazon.com/dp/B089R924HN,4.0,0,45.99,59.99,114,False,0,clothing,Clothing & Accessories,Men's Shoes,True,False,False,SRC-KAGGLE-002,amazon_products.csv
B09VPBZXGM,Girl's Poolside Tie Side Bikini Set (Big Kids),https://www.amazon.com/dp/B09VPBZXGM,0.0,0,18.8,0.0,91,False,0,clothing,Clothing & Accessories,Girls' Clothing,True,False,True,SRC-KAGGLE-002,amazon_products.csv
B0BY3VXVXY,Toddler Girl Adjustable Waistband 2 Button Snap Skinny Jean,https://www.amazon.com/dp/B0BY3VXVXY,0.0,0,19.14,0.0,91,False,0,clothing,Clothing & Accessories,Girls' Clothing,True,False,True,SRC-KAGGLE-002,amazon_products.csv
B0C9WWZMD8,"First Communion Dress for Girls, Flower Girl Dress Tulle Ivory Girls Party Dresses, Ball Gown First Communion",https://www.amazon.com/dp/B0C9WWZMD8,5.0,0,39.99,0.0,91,False,0,clothing,Clothing & Accessories,Girls' Clothing,True,False,False,SRC-KAGGLE-002,amazon_products.csv
B07VZYDBSR,Pant,https://www.amazon.com/dp/B07VZYDBSR,4.0,0,39.9,49.99,110,False,0,clothing,Clothing & Accessories,Men's Clothing,True,False,False,SRC-KAGGLE-002,amazon_products.csv
B07F4MYBPM,Boys' Sonic The Hedgehog & Tails Short Sleeve Tshirt,https://www.amazon.com/dp/B07F4MYBPM,4.7,595,12.52,0.0,84,False,0,clothing,Clothing & Accessories,Boys' Clothing,False,False,False,SRC-KAGGLE-002,amazon_products.csv
B07BD237MZ,Girls Big Kids Distressed Denim Overalls Blue Jeans Strecthy Ripped Jeans Romper,https://www.amazon.com/dp/B07BD237MZ,4.2,377,26.9,0.0,91,False,0,clothing,Clothing & Accessories,Girls' Clothing,False,False,False,SRC-KAGGLE-002,amazon_products.csv
B095Y1Q5NT,Boy's Winter Coat Thicken Warm Puffer Jacket with Detachable Hood,https://www.amazon.com/dp/B095Y1Q5NT,4.8,0,49.99,59.97,84,False,0,clothing,Clothing & Accessories,Boys' Clothing,True,False,False,SRC-KAGGLE-002,amazon_products.csv
B097NRG6DS,"Women's Howler Chelsea Boot, Black, 13",https://www.amazon.com/dp/B097NRG6DS,4.4,0,69.95,99.95,122,False,0,clothing,Clothing & Accessories,Women's Shoes,True,False,False,SRC-KAGGLE-002,amazon_products.csv
B0CFXGZSNV,Womens Sexy Square Neck Long Sleeve Soft Lounge Long Dress Fall Casual Ribbed Bodycon Maxi Dresses,https://www.amazon.com/dp/B0CFXGZSNV,3.5,0,29.99,32.99,116,False,0,clothing,Clothing & Accessories,Women's Clothing,True,False,False,SRC-KAGGLE-002,amazon_products.csv
B0C49K6DYJ,Girls Tankini Swimsuits Two Piece Bathing Suit Kids Hawaiian Floral Swimwear Set 3-16 Years,https://www.amazon.com/dp/B0C49K6DYJ,4.6,203,20.99,0.0,91,False,0,clothing,Clothing & Accessories,Girls' Clothing,False,False,False,SRC-KAGGLE-002,amazon_products.csv
B0BD8L56J8,Girl's Casual 2 Piece Outfits Ribbed Knit Long Sleeve Tees Top and Pants Set,https://www.amazon.com/dp/B0BD8L56J8,4.0,7,19.99,0.0,91,False,0,clothing,Clothing & Accessories,Girls' Clothing,False,False,False,SRC-KAGGLE-002,amazon_products.csv
B09SBGPZJQ,Toddler Girls Long Sleeve Poly Pajama Set,https://www.amazon.com/dp/B09SBGPZJQ,4.6,42,19.99,24.99,91,False,0,clothing,Clothing & Accessories,Girls' Clothing,False,False,False,SRC-KAGGLE-002,amazon_products.csv
B0BR677JPB,"Boys' Short Sleeve Shirt, Crewneck, Lightweight and Breathable, Pitch Gray Diamond, 3T",https://www.amazon.com/dp/B0BR677JPB,5.0,1,20.0,0.0,84,False,0,clothing,Clothing & Accessories,Boys' Clothing,False,False,False,SRC-KAGGLE-002,amazon_products.csv
B07HFL8VDY,Women's Fremont Fluffy Knit,https://www.amazon.com/dp/B07HFL8VDY,4.4,0,79.99,97.99,116,False,0,clothing,Clothing & Accessories,Women's Clothing,True,False,False,SRC-KAGGLE-002,amazon_products.csv
B002R0FG0U,Big Girls' Brief,https://www.amazon.com/dp/B002R0FG0U,4.6,0,13.0,0.0,91,False,0,clothing,Clothing & Accessories,Girls' Clothing,True,False,False,SRC-KAGGLE-002,amazon_products.csv
B09XTQTY2K,Kids Girl's Satin Silky Kimono Robe for Spa Wedding Birthday Party Gifts,https://www.amazon.com/dp/B09XTQTY2K,4.5,0,9.99,0.0,91,False,0,clothing,Clothing & Accessories,Girls' Clothing,True,False,False,SRC-KAGGLE-002,amazon_products.csv
B0B588C7XX,Women's Flats Sandals for Women Strappy Gladiator Split Toe Sandbeach Strappy Lace-Up Sandal,https://www.amazon.com/dp/B0B588C7XX,4.1,0,39.99,0.0,122,False,0,clothing,Clothing & Accessories,Women's Shoes,True,False,False,SRC-KAGGLE-002,amazon_products.csv
B09FQDB8L5,Men's Icon X Camo Long Sleeve Performance Fishing Shirt,https://www.amazon.com/dp/B09FQDB8L5,4.7,0,29.99,0.0,110,False,50,clothing,Clothing & Accessories,Men's Clothing,True,False,False,SRC-KAGGLE-002,amazon_products.csv
B08F9VBQGD,"Weightlifting Shoes - Squat Shoes for Men and Women – Weight Lifting Shoes for Powerlifting, Deadlifting & Crossfit - Strap and Lace-Up Gym Shoes – Non-Slip Olympic Lifting Shoes with 1.2"" Heels",https://www.amazon.com/dp/B08F9VBQGD,4.3,604,89.9,0.0,114,False,0,clothing,Clothing & Accessories,Men's Shoes,False,False,False,SRC-KAGGLE-002,amazon_products.csv
B072KVR158,womens Hurricane 4 Sport Sandal,https://www.amazon.com/dp/B072KVR158,4.7,0,50.41,70.0,122,False,100,clothing,Clothing & Accessories,Women's Shoes,True,False,False,SRC-KAGGLE-002,amazon_products.csv
B07NPQ8LZ7,Mens Gold Antique Wedding Shoes Formal Shoes Handmade Jooti Ethnic Jutti Mens Mojari,https://www.amazon.com/dp/B07NPQ8LZ7,4.2,0,39.95,0.0,114,False,0,clothing,Clothing & Accessories,Men's Shoes,True,False,False,SRC-KAGGLE-002,amazon_products.csv
B0BS9YMYS1,Lilo & Stitch Girls 3 Pack T-Shirts Little Kid to Big Kid,https://www.amazon.com/dp/B0BS9YMYS1,4.7,54,29.79,0.0,91,False,0,clothing,Clothing & Accessories,Girls' Clothing,False,False,False,SRC-KAGGLE-002,amazon_products.csv
B09PN8N97T,Men's Non Slip Running Shoes Ultra Light Breathable Casual Walking Shoes Fashion Sneakers Mesh Workout Sports Shoes,https://www.amazon.com/dp/B09PN8N97T,4.3,0,29.99,0.0,114,False,100,clothing,Clothing & Accessories,Men's Shoes,True,False,False,SRC-KAGGLE-002,amazon_products.csv
B071Y7FWZ5,Men's X-Temp Comfort Cool Crew 6-Pack_White_6-12,https://www.amazon.com/dp/B071Y7FWZ5,4.4,0,25.98,0.0,110,False,0,clothing,Clothing & Accessories,Men's Clothing,True,False,False,SRC-KAGGLE-002,amazon_products.csv
B07KY57S6B,"Polo Ralph Lauren Mens Fleece Athletic Pants (XX-Large, Navy)",https://www.amazon.com/dp/B07KY57S6B,4.5,0,65.12,81.18,110,False,0,clothing,Clothing & Accessories,Men's Clothing,True,False,False,SRC-KAGGLE-002,amazon_products.csv
B08375PYWD,Aviator Black Blue Medium Width Size 10 1/2 Men's Athletic Style Bowling Shoes with FlexSlide Technology for Right or Left Handed Bowlers,https://www.amazon.com/dp/B08375PYWD,4.7,110,55.98,0.0,114,False,0,clothing,Clothing & Accessories,Men's Shoes,False,False,False,SRC-KAGGLE-002,amazon_products.csv
B07MT7XJ21,No Show Socks Womens Low Cut Liner Non-Slip Thin Causal Line for Flats Boat 4 to 6 Pack,https://www.amazon.com/dp/B07MT7XJ21,4.3,0,9.99,0.0,116,False,500,clothing,Clothing & Accessories,Women's Clothing,True,False,False,SRC-KAGGLE-002,amazon_products.csv
B07DFNMB8B,"Women's, X-Anita Boot",https://www.amazon.com/dp/B07DFNMB8B,4.4,0,69.99,109.99,122,False,0,clothing,Clothing & Accessories,Women's Shoes,True,False,False,SRC-KAGGLE-002,amazon_products.csv
B09GVL1ZDH,Men's Hoodie,https://www.amazon.com/dp/B09GVL1ZDH,4.3,0,34.99,0.0,110,False,50,clothing,Clothing & Accessories,Men's Clothing,True,False,False,SRC-KAGGLE-002,amazon_products.csv
B08MJ7PG5H,Stylish Tie Dye Open Front Long Kimono Swimsuit Cover up for Women,https://www.amazon.com/dp/B08MJ7PG5H,4.1,0,29.99,38.99,116,False,600,clothing,Clothing & Accessories,Women's Clothing,True,False,False,SRC-KAGGLE-002,amazon_products.csv
B09KJW3P2F,Reno Women Western Cowboy Pointed Toe Knee High Pull On Tabs Boots,https://www.amazon.com/dp/B09KJW3P2F,4.2,0,44.9,59.99,122,False,200,clothing,Clothing & Accessories,Women's Shoes,True,False,False,SRC-KAGGLE-002,amazon_products.csv
B0BW3VSDZ7,Kids Water Shoes Girls Boys Cute Cartoon Swim Shoes Lightweight Quick Dry Water Socks for Swim Beach Pool Surf,https://www.amazon.com/dp/B0BW3VSDZ7,3.8,0,8.99,0.0,97,False,0,clothing,Clothing & Accessories,Girls' Shoes,True,False,False,SRC-KAGGLE-002,amazon_products.csv
B08ZWXPCFS,DC Comics Boys' Batman Pajamas Ready For Action Short Sleeve Shirt and Shorts 2 Piece Superhero Pajama Set,https://www.amazon.com/dp/B08ZWXPCFS,4.8,0,23.95,0.0,84,False,0,clothing,Clothing & Accessories,Boys' Clothing,True,False,False,SRC-KAGGLE-002,amazon_products.csv
B09N6ZMPL6,"Pajamas for Girls, Pjs for Girl Summer Cotton Pajama, 4-Piece Children Shorts Set",https://www.amazon.com/dp/B09N6ZMPL6,4.7,624,24.99,0.0,91,False,0,clothing,Clothing & Accessories,Girls' Clothing,False,False,False,SRC-KAGGLE-002,amazon_products.csv
B014K3OI2I,Men's M4 Low Rise Boot Cut Jeans,https://www.amazon.com/dp/B014K3OI2I,4.6,0,86.95,0.0,110,False,0,clothing,Clothing & Accessories,Men's Clothing,True,False,False,SRC-KAGGLE-002,amazon_products.csv
B098VY8VH9,Kid's Manatee Sport Sandal,https://www.amazon.com/dp/B098VY8VH9,4.4,0,46.61,60.0,97,False,0,clothing,Clothing & Accessories,Girls' Shoes,True,False,False,SRC-KAGGLE-002,amazon_products.csv
B08NC624X8,Loafers for Women Comfortable Pointed Toe Memory Foam Women's Loafers,https://www.amazon.com/dp/B08NC624X8,4.0,0,29.99,44.99,122,False,50,clothing,Clothing & Accessories,Women's Shoes,True,False,False,SRC-KAGGLE-002,amazon_products.csv
B09BNJ535N,12 Pairs Kids Ankle Socks Boys Girls Low Cut Half Cushion Athletic Socks,https://www.amazon.com/dp/B09BNJ535N,4.6,0,16.98,0.0,84,False,50,clothing,Clothing & Accessories,Boys' Clothing,True,False,False,SRC-KAGGLE-002,amazon_products.csv
B09FTC2GLJ,"Unisex Kids and Toddlers' Uniform Cotton Cardigan Sweaters, Pack of 2",https://www.amazon.com/dp/B09FTC2GLJ,4.5,120,27.92,34.9,84,False,0,clothing,Clothing & Accessories,Boys' Clothing,False,False,False,SRC-KAGGLE-002,amazon_products.csv
B0CHHVVPSQ,Women’s Plaid Shacket Long Sleeve Button Down Houndstooth Shirt Jacket,https://www.amazon.com/dp/B0CHHVVPSQ,4.4,0,32.99,0.0,116,False,50,clothing,Clothing & Accessories,Women's Clothing,True,False,False,SRC-KAGGLE-002,amazon_products.csv
B07WSF6WTH,"6 Pack Blended Cotton Full-Cut Briefs (Blues, Medium)",https://www.amazon.com/dp/B07WSF6WTH,4.2,0,42.0,0.0,110,False,0,clothing,Clothing & Accessories,Men's Clothing,True,False,False,SRC-KAGGLE-002,amazon_products.csv
B08N5LM2GL,Mickey Mouse Boys 2 Pack Shorts with Drawstring for Toddler and Little Kids – Blue/White/Grey/Black,https://www.amazon.com/dp/B08N5LM2GL,4.8,346,19.99,0.0,84,False,0,clothing,Clothing & Accessories,Boys' Clothing,False,False,False,SRC-KAGGLE-002,amazon_products.csv
B07KK3TK3Z,Women's Glitter Sexy Deep V Neck Sequin Beaded Halter Bodycon Mini Nightclub Party Dress,https://www.amazon.com/dp/B07KK3TK3Z,3.9,0,41.99,0.0,116,False,50,clothing,Clothing & Accessories,Women's Clothing,True,False,False,SRC-KAGGLE-002,amazon_products.csv
B0CCQVJ6NX,Try That in A Small Town Country Music Skull Mens Short Sleeve T-Shirt Graphic Tee,https://www.amazon.com/dp/B0CCQVJ6NX,4.6,0,26.99,0.0,110,False,0,clothing,Clothing & Accessories,Men's Clothing,True,False,False,SRC-KAGGLE-002,amazon_products.csv
B09X1HQ913,Wedges Shoes for Women Sandals with Comfortable Cushion FootBed Orthopedic Sandals Women Flip Flops Dressy Summer Walking Wedge Shoes,https://www.amazon.com/dp/B09X1HQ913,4.3,0,32.77,37.77,122,False,100,clothing,Clothing & Accessories,Women's Shoes,True,False,False,SRC-KAGGLE-002,amazon_products.csv
B082TM327T,"Women's No Show Socks, Sockless Liner, No Slipping, No Stinking, Washable Barefoot Shoe Insert, Classic",https://www.amazon.com/dp/B082TM327T,4.4,0,10.0,0.0,110,False,200,clothing,Clothing & Accessories,Men's Clothing,True,False,False,SRC-KAGGLE-002,amazon_products.csv
B013TCQGGW,Boy's Wool Blend Slim Pant,https://www.amazon.com/dp/B013TCQGGW,4.0,0,43.5,0.0,84,False,0,clothing,Clothing & Accessories,Boys' Clothing,True,False,False,SRC-KAGGLE-002,amazon_products.csv
B0974FGDGM,Cool Cat Sherpa (Big Kid),https://www.amazon.com/dp/B0974FGDGM,4.9,0,10.0,0.0,97,False,0,clothing,Clothing & Accessories,Girls' Shoes,True,False,False,SRC-KAGGLE-002,amazon_products.csv
B09TL689DH,Mens Vest Tie Set Classic 3pc Paisley Vest and Necktie Pocket Square Formal Dress Waistcoat for Suit or Tuxedo,https://www.amazon.com/dp/B09TL689DH,4.6,291,30.99,32.99,110,False,0,clothing,Clothing & Accessories,Men's Clothing,False,False,False,SRC-KAGGLE-002,amazon_products.csv
B0CGL3NQKV,Concha Pantuflas - Concha Slippers - Pan Dulce - Mexican Bread Slippers for Men and Women - Mexican Mom Gifts - Mexico Slippers - Regalo Para Mujer,https://www.amazon.com/dp/B0CGL3NQKV,0.0,0,21.99,0.0,114,False,0,clothing,Clothing & Accessories,Men's Shoes,True,False,True,SRC-KAGGLE-002,amazon_products.csv
B08XYDSR31,"Men's Air Force 1 Low '07 Shoe, White/White-gum Light Brown, 8",https://www.amazon.com/dp/B08XYDSR31,4.6,0,0.0,0.0,114,False,0,clothing,Clothing & Accessories,Men's Shoes,True,True,False,SRC-KAGGLE-002,amazon_products.csv
B07KSR4GWK,Girls Unicorn Slippers-Cute Fuzzy Slippers Warm Plush House Slippers for Toddler Girls,https://www.amazon.com/dp/B07KSR4GWK,4.6,0,14.98,0.0,97,False,0,clothing,Clothing & Accessories,Girls' Shoes,True,False,False,SRC-KAGGLE-002,amazon_products.csv
B08BNVJM6C,Running Shoes Lightweight Tennis Shoes Non Slip Gym Workout Shoes Breathable Mesh Walking Sneakers,https://www.amazon.com/dp/B08BNVJM6C,4.3,0,36.98,50.99,122,False,200,clothing,Clothing & Accessories,Women's Shoes,True,False,False,SRC-KAGGLE-002,amazon_products.csv
B08JFXBBJ2,Toddler Boys Girls Short Boots Kids Outdoor Waterproof Hiking Ankle Booties Non-Slip Baby Snow Boots,https://www.amazon.com/dp/B08JFXBBJ2,4.4,0,17.99,0.0,90,False,0,clothing,Clothing & Accessories,Boys' Shoes,True,False,False,SRC-KAGGLE-002,amazon_products.csv
B0BWF1L5SX,Toddler Girl's Ruffle Trim Short Sleeve Asymmetrical Flare Leg Cute Party Jumpsuit,https://www.amazon.com/dp/B0BWF1L5SX,3.8,4,24.99,0.0,91,False,0,clothing,Clothing & Accessories,Girls' Clothing,False,False,False,SRC-KAGGLE-002,amazon_products.csv
B0BC2Q8596,Girls' Sleeveless Bow Front Jumper,https://www.amazon.com/dp/B0BC2Q8596,5.0,1,34.95,0.0,91,False,0,clothing,Clothing & Accessories,Girls' Clothing,False,False,False,SRC-KAGGLE-002,amazon_products.csv
B01JC0GN7C,Rhino All Sport Athletic Socks - Multiple Sizes and Colors,https://www.amazon.com/dp/B01JC0GN7C,4.2,0,10.99,0.0,110,False,300,clothing,Clothing & Accessories,Men's Clothing,True,False,False,SRC-KAGGLE-002,amazon_products.csv
B07Y2F6BNJ,"Eurythmy Gymnastic Cotton Shoes for Toddlers and Kids with Non-Slip Rubber Sole - Designed for Waldorf Schools - Suitable for Ballet, Dance, Trampoline, Deadlift",https://www.amazon.com/dp/B07Y2F6BNJ,3.7,0,21.99,0.0,97,False,0,clothing,Clothing & Accessories,Girls' Shoes,True,False,False,SRC-KAGGLE-002,amazon_products.csv
B0BLHXWRH5,"Boys' Short Sleeve Pocket Logo Crew Neck T-Shirt, Soft, Comfortable, Relaxed Fit, Ice Blue, 4",https://www.amazon.com/dp/B0BLHXWRH5,5.0,1,0.0,0.0,84,False,0,clothing,Clothing & Accessories,Boys' Clothing,False,True,False,SRC-KAGGLE-002,amazon_products.csv
B07642WHXM,Youth Athletic Performance UPF 50+ UV Protection Long Sleeve Shirts for Boy's or Girl's – Moisture Wicking Rash Guard,https://www.amazon.com/dp/B07642WHXM,4.5,0,16.99,24.99,84,False,200,clothing,Clothing & Accessories,Boys' Clothing,True,False,False,SRC-KAGGLE-002,amazon_products.csv
B0B4X89QMF,Girls 2 Pieces Legging Set,https://www.amazon.com/dp/B0B4X89QMF,4.6,0,26.09,0.0,91,False,0,clothing,Clothing & Accessories,Girls' Clothing,True,False,False,SRC-KAGGLE-002,amazon_products.csv
B078HGVN6G,Men's Loggers Industrial Boot,https://www.amazon.com/dp/B078HGVN6G,3.5,0,137.6,182.0,114,False,0,clothing,Clothing & Accessories,Men's Shoes,True,False,False,SRC-KAGGLE-002,amazon_products.csv
B09TXKLCWD,Big Girls Bridesmaid Dress Backless Princess Dress Tulle Wedding Flower Girl Dress,https://www.amazon.com/dp/B09TXKLCWD,4.4,258,29.99,0.0,91,False,0,clothing,Clothing & Accessories,Girls' Clothing,False,False,False,SRC-KAGGLE-002,amazon_products.csv
B08LSJ4NL6,Unisex Boys Girls Casual V Neck School Uniform Knit Sweater Vest,https://www.amazon.com/dp/B08LSJ4NL6,4.4,25,19.99,0.0,91,False,0,clothing,Clothing & Accessories,Girls' Clothing,False,False,False,SRC-KAGGLE-002,amazon_products.csv
B099FL1GJ5,Men’s Footwear Sawyer Mid Sneaker,https://www.amazon.com/dp/B099FL1GJ5,4.6,0,50.91,0.0,114,False,0,clothing,Clothing & Accessories,Men's Shoes,True,False,False,SRC-KAGGLE-002,amazon_products.csv
B09C28KKT3,Women's Sexy Deep V Neck Split Cocktail Party Formal Bridesmaid Maxi Dress,https://www.amazon.com/dp/B09C28KKT3,4.0,0,49.99,69.99,116,False,200,clothing,Clothing & Accessories,Women's Clothing,True,False,False,SRC-KAGGLE-002,amazon_products.csv
B0C9LRVJRY,"Women's Sonoma Chardonnay Open Toe Closed Back Heel - Supportive Adjustable Strap Dress Shoes That Includes an Orthotic Insole and Cushioned Outsole for Arch Support, Medium and Wide Fit",https://www.amazon.com/dp/B0C9LRVJRY,0.0,0,139.95,0.0,122,False,0,clothing,Clothing & Accessories,Women's Shoes,True,False,True,SRC-KAGGLE-002,amazon_products.csv
B09PNTY7RR,"Little Girl's 2 Pack Waffle Thermal Underwear Pants, Black Soot/Light Grey Heather, 6-6X",https://www.amazon.com/dp/B09PNTY7RR,5.0,1,16.99,0.0,91,False,0,clothing,Clothing & Accessories,Girls' Clothing,False,False,False,SRC-KAGGLE-002,amazon_products.csv
B0868QSBMD,Boys' Two Piece Swim Set,https://www.amazon.com/dp/B0868QSBMD,4.4,0,30.95,0.0,84,False,0,clothing,Clothing & Accessories,Boys' Clothing,True,False,False,SRC-KAGGLE-002,amazon_products.csv
B06XCST4JR,Belt & Socks Combo | Baseball / Fastpitch Softball | Multiple Sizes / Colors,https://www.amazon.com/dp/B06XCST4JR,4.6,0,11.99,0.0,110,False,800,clothing,Clothing & Accessories,Men's Clothing,True,False,False,SRC-KAGGLE-002,amazon_products.csv
B09KFC17PS,Girls Print Basic Layering Tees,https://www.amazon.com/dp/B09KFC17PS,4.7,1043,8.3,22.95,91,False,300,clothing,Clothing & Accessories,Girls' Clothing,False,False,False,SRC-KAGGLE-002,amazon_products.csv
B08PD14LZ3,Girls Mermaid Scale Leggings Fish Pants 3-11 Years,https://www.amazon.com/dp/B08PD14LZ3,4.3,1305,13.99,0.0,91,False,0,clothing,Clothing & Accessories,Girls' Clothing,False,False,False,SRC-KAGGLE-002,amazon_products.csv
B0B88JK1FL,"Girls' Full-Length Stretch Denim Pants & Jeggings, Skinny Fit, High Rise Waist, True Blue Signature, 8",https://www.amazon.com/dp/B0B88JK1FL,0.0,0,26.69,28.5,91,False,0,clothing,Clothing & Accessories,Girls' Clothing,True,False,True,SRC-KAGGLE-002,amazon_products.csv
B0CFRDFR4P,Low Back Bras-Wireless Triangle Bralette Strappy Low Cut Plunge Open Back Halter Bra-Invisable Backless Bras,https://www.amazon.com/dp/B0CFRDFR4P,3.3,0,32.99,0.0,116,False,100,clothing,Clothing & Accessories,Women's Clothing,True,False,False,SRC-KAGGLE-002,amazon_products.csv
B08Y8R53ND,Toddler Rain Boots Waterproof Light Up Rubber Boots for Girls Boys,https://www.amazon.com/dp/B08Y8R53ND,4.6,0,18.99,22.99,97,False,0,clothing,Clothing & Accessories,Girls' Shoes,True,False,False,SRC-KAGGLE-002,amazon_products.csv
B096FGC75M,Women's EDA Classic Slip on Loafer,https://www.amazon.com/dp/B096FGC75M,4.5,0,119.95,0.0,122,False,0,clothing,Clothing & Accessories,Women's Shoes,True,False,False,SRC-KAGGLE-002,amazon_products.csv
B0C6MMD4FJ,Lingerie for Women Lace Babydoll Chemise Sparkle Rhinestone Fishnet Teddy Dress,https://www.amazon.com/dp/B0C6MMD4FJ,4.4,0,15.99,0.0,116,False,200,clothing,Clothing & Accessories,Women's Clothing,True,False,False,SRC-KAGGLE-002,amazon_products.csv
B073W3MBGN,Boys' Wool Blend Slim Pant,https://www.amazon.com/dp/B073W3MBGN,4.3,0,40.69,0.0,84,False,0,clothing,Clothing & Accessories,Boys' Clothing,True,False,False,SRC-KAGGLE-002,amazon_products.csv
B09TCPY7R6,Unisex-Child Loraine Kids Loafer,https://www.amazon.com/dp/B09TCPY7R6,4.6,0,52.2,60.0,97,False,0,clothing,Clothing & Accessories,Girls' Shoes,True,False,False,SRC-KAGGLE-002,amazon_products.csv
B08TG9S76Z,Boys' 4-Pack Excavator Short Sleeve Crewneck T-Shirts Top Tee Size 2-7 Years Toddler Boys' Value Pack Cotton T-Shirt,https://www.amazon.com/dp/B08TG9S76Z,4.5,1001,23.98,0.0,84,False,200,clothing,Clothing & Accessories,Boys' Clothing,False,False,False,SRC-KAGGLE-002,amazon_products.csv
B0B4KHQDVP,Men Hudson Sandal,https://www.amazon.com/dp/B0B4KHQDVP,4.5,2,69.95,0.0,114,False,0,clothing,Clothing & Accessories,Men's Shoes,False,False,False,SRC-KAGGLE-002,amazon_products.csv
B0BR5G9MVM,Men's Cotton Stretch 3-Pack Hip Brief,https://www.amazon.com/dp/B0BR5G9MVM,4.4,0,23.99,47.5,110,False,100,clothing,Clothing & Accessories,Men's Clothing,True,False,False,SRC-KAGGLE-002,amazon_products.csv
B0B4V34JG2,"Dr. Seuss Toddler Boys' Oh, The Places You'll Go T-Shirt",https://www.amazon.com/dp/B0B4V34JG2,4.9,21,21.95,0.0,84,False,0,clothing,Clothing & Accessories,Boys' Clothing,False,False,False,SRC-KAGGLE-002,amazon_products.csv
B0CBYDCKTJ,Men's and women's anti-skid slippers | Shower and bathroom sandals | Indoor and outdoor quick drying soft and comfortable thick sole slippers | Beach sandals,https://www.amazon.com/dp/B0CBYDCKTJ,0.0,0,17.9,0.0,114,False,0,clothing,Clothing & Accessories,Men's Shoes,True,False,True,SRC-KAGGLE-002,amazon_products.csv
B0BH6MJCVV,"Women's Ilena wedge boot +Memory Foam, Wide Widths Available",https://www.amazon.com/dp/B0BH6MJCVV,3.7,0,49.99,0.0,122,False,0,clothing,Clothing & Accessories,Women's Shoes,True,False,False,SRC-KAGGLE-002,amazon_products.csv
B0CBQ7Y3V9,6 Pack Womens Underwear Cotton Cute Ribbed Low Rise Hipster Sexy Soft Bikini Panties for Women Cheeky S-XL,https://www.amazon.com/dp/B0CBQ7Y3V9,4.7,0,15.29,16.99,116,False,200,clothing,Clothing & Accessories,Women's Clothing,True,False,False,SRC-KAGGLE-002,amazon_products.csv
B09R2639K2,Batman Superhero Toddler Boys Plush Aline Slippers,https://www.amazon.com/dp/B09R2639K2,4.6,0,23.99,0.0,90,False,0,clothing,Clothing & Accessories,Boys' Shoes,True,False,False,SRC-KAGGLE-002,amazon_products.csv
B07CJ4YL5K,Women's Wave Creation 20 Running Shoe,https://www.amazon.com/dp/B07CJ4YL5K,4.5,0,159.8,170.0,122,False,0,clothing,Clothing & Accessories,Women's Shoes,True,False,False,SRC-KAGGLE-002,amazon_products.csv
B09PHWW8BP,Girl Hawaiian Elastic Top Strap Dress in Pink Sunset,https://www.amazon.com/dp/B09PHWW8BP,4.7,24,26.0,0.0,91,False,0,clothing,Clothing & Accessories,Girls' Clothing,False,False,False,SRC-KAGGLE-002,amazon_products.csv
B09JL7K5Q3,Women's Renny Boots,https://www.amazon.com/dp/B09JL7K5Q3,4.1,0,178.46,210.0,122,False,0,clothing,Clothing & Accessories,Women's Shoes,True,False,False,SRC-KAGGLE-002,amazon_products.csv
B079D32YD1,Men's Classic-Fit Expandable-Waist Flat-Front Dress Pant,https://www.amazon.com/dp/B079D32YD1,4.4,0,37.7,0.0,110,False,400,clothing,Clothing & Accessories,Men's Clothing,True,False,False,SRC-KAGGLE-002,amazon_products.csv
B079PK1XT7,Men's Sherpa-Lined Full-Zip Hooded Fleece Sweatshirt,https://www.amazon.com/dp/B079PK1XT7,4.7,0,39.9,0.0,110,False,100,clothing,Clothing & Accessories,Men's Clothing,True,False,False,SRC-KAGGLE-002,amazon_products.csv
B007E9ZJ5Q,Women's Stormy Flip Flop,https://www.amazon.com/dp/B007E9ZJ5Q,4.3,0,39.99,52.0,122,False,50,clothing,Clothing & Accessories,Women's Shoes,True,False,False,SRC-KAGGLE-002,amazon_products.csv
B076DMH5GS,Women's Blissful Benefits No Muffin Top 3 Pack Brief Panty,https://www.amazon.com/dp/B076DMH5GS,4.4,0,12.96,0.0,116,False,800,clothing,Clothing & Accessories,Women's Clothing,True,False,False,SRC-KAGGLE-002,amazon_products.csv
B09R3VV9GV,Jordan Preschool 1 Retro High OG SP DO7099 100 A Ma Maniere - Size 2.5Y,https://www.amazon.com/dp/B09R3VV9GV,0.0,0,125.0,0.0,90,False,0,clothing,Clothing & Accessories,Boys' Shoes,True,False,True,SRC-KAGGLE-002,amazon_products.csv
B09RTJ39G2,Men's Softride Slide Hook & Loop Sandal,https://www.amazon.com/dp/B09RTJ39G2,4.9,0,39.53,45.0,114,False,0,clothing,Clothing & Accessories,Men's Shoes,True,False,False,SRC-KAGGLE-002,amazon_products.csv
B0C9MDVC5H,Mens Performance Cotton Athletic Cushioned Crew Socks with Arch Compression for Work Running Hiking Sport 6 Pack,https://www.amazon.com/dp/B0C9MDVC5H,5.0,0,23.99,0.0,110,False,50,clothing,Clothing & Accessories,Men's Clothing,True,False,False,SRC-KAGGLE-002,amazon_products.csv
B07F1271BR,Women's Deep-V Neck Ruffle Sleeves Cocktail Party Pencil Slit Formal Dress,https://www.amazon.com/dp/B07F1271BR,4.3,0,29.99,48.99,116,False,100,clothing,Clothing & Accessories,Women's Clothing,True,False,False,SRC-KAGGLE-002,amazon_products.csv
B0BZVVBH1W,Platform Heels for Women Black Chunky Platform Sandals Square Toe Anklet Strap High Heels Sandal Block Heels for Women,https://www.amazon.com/dp/B0BZVVBH1W,0.0,0,49.88,0.0,122,False,0,clothing,Clothing & Accessories,Women's Shoes,True,False,True,SRC-KAGGLE-002,amazon_products.csv
B08DG75RDK,boys Uniform Running Sneakers,https://www.amazon.com/dp/B08DG75RDK,4.0,0,23.41,0.0,90,False,0,clothing,Clothing & Accessories,Boys' Shoes,True,False,False,SRC-KAGGLE-002,amazon_products.csv
B08M63HX9G,Kids Unisex Rider 2 Insulated Bib,https://www.amazon.com/dp/B08M63HX9G,4.7,70,69.28,100.0,84,False,0,clothing,Clothing & Accessories,Boys' Clothing,False,False,False,SRC-KAGGLE-002,amazon_products.csv
B0C5M4NQPK,Girl Dress Baptism Bowknots Sleeveless Puffy Skirt,https://www.amazon.com/dp/B0C5M4NQPK,0.0,0,35.99,0.0,91,False,0,clothing,Clothing & Accessories,Girls' Clothing,True,False,True,SRC-KAGGLE-002,amazon_products.csv
B0C782QQ2R,Cute Girlss Dress Cartoon Toddler Casual Dress Summer Anime Birthday Party Dress Up 2-8 Years,https://www.amazon.com/dp/B0C782QQ2R,5.0,1,25.99,0.0,91,False,0,clothing,Clothing & Accessories,Girls' Clothing,False,False,False,SRC-KAGGLE-002,amazon_products.csv
B0C69JT1FP,Women's 2023 Fall Faux Suede Biker Moto Jacket Fashion Long Sleeve Zipper Short Casual Coats With Pockets,https://www.amazon.com/dp/B0C69JT1FP,4.2,0,46.99,0.0,116,False,100,clothing,Clothing & Accessories,Women's Clothing,True,False,False,SRC-KAGGLE-002,amazon_products.csv
B0B8HS1NBB,Women's Pointed Toe Fall Winter Ankle Boots Stacked Heel Side Zipper Suede Ruched Booties Shoes,https://www.amazon.com/dp/B0B8HS1NBB,4.5,0,38.98,0.0,122,False,0,clothing,Clothing & Accessories,Women's Shoes,True,False,False,SRC-KAGGLE-002,amazon_products.csv
B0BXNLKX4P,Women Summer Satin One Shoulder Bodycon Maxi Dress Sleeveless Split Prom Party Cocktail Formal Dresses,https://www.amazon.com/dp/B0BXNLKX4P,4.3,0,42.99,0.0,116,False,50,clothing,Clothing & Accessories,Women's Clothing,True,False,False,SRC-KAGGLE-002,amazon_products.csv
B0C9LDTSKS,Boys' Long-Sleeve Full-Zip Hooded Sweatshirt Hoodie,https://www.amazon.com/dp/B0C9LDTSKS,4.8,211,34.99,0.0,84,False,0,clothing,Clothing & Accessories,Boys' Clothing,False,False,False,SRC-KAGGLE-002,amazon_products.csv
B09MNKPZQM,Toddler Boys Pullover Sweaters Kids Winter Knit Cotton Sweatshirts,https://www.amazon.com/dp/B09MNKPZQM,4.6,0,23.99,0.0,84,False,0,clothing,Clothing & Accessories,Boys' Clothing,True,False,False,SRC-KAGGLE-002,amazon_products.csv
B0CGBPG51H,Girls 7-16 White Black Tuxedo Style High Low Formal Dress,https://www.amazon.com/dp/B0CGBPG51H,0.0,0,56.9,0.0,91,False,0,clothing,Clothing & Accessories,Girls' Clothing,True,False,True,SRC-KAGGLE-002,amazon_products.csv
B07KX6M8BL,Unisex-Child Vikky V2 Slip on Sneaker,https://www.amazon.com/dp/B07KX6M8BL,4.2,0,21.94,23.09,97,False,0,clothing,Clothing & Accessories,Girls' Shoes,True,False,False,SRC-KAGGLE-002,amazon_products.csv
B08D8JRS7L,Girls Swimsuit Color Printed Backless Shoulder Swimwear One Piece Swimsuit Sport Set Swimwear for Girls 6-14Years,https://www.amazon.com/dp/B08D8JRS7L,4.6,507,17.99,18.99,91,False,0,clothing,Clothing & Accessories,Girls' Clothing,False,False,False,SRC-KAGGLE-002,amazon_products.csv
B07BBMWQGX,Men's Tracksuits Sweatsuits for Men Set Track Suits 2 Piece Casual Athletic Jogging Warm Up Full Zip Sweat Suits,https://www.amazon.com/dp/B07BBMWQGX,4.4,0,43.99,51.99,110,False,50,clothing,Clothing & Accessories,Men's Clothing,True,False,False,SRC-KAGGLE-002,amazon_products.csv
B0BM8L8J78,Girls' Flutter Sleeve Graphic Tee,https://www.amazon.com/dp/B0BM8L8J78,4.8,33,11.43,0.0,91,False,0,clothing,Clothing & Accessories,Girls' Clothing,False,False,False,SRC-KAGGLE-002,amazon_products.csv
B0BJFLMXD9,boys Cobalt Tie-dye Short Sets,https://www.amazon.com/dp/B0BJFLMXD9,0.0,0,37.83,0.0,84,False,0,clothing,Clothing & Accessories,Boys' Clothing,True,False,True,SRC-KAGGLE-002,amazon_products.csv
B0BVC1ZJ53,boys Classic,https://www.amazon.com/dp/B0BVC1ZJ53,5.0,0,21.95,0.0,84,False,0,clothing,Clothing & Accessories,Boys' Clothing,True,False,False,SRC-KAGGLE-002,amazon_products.csv
B0BPT4BRKQ,Boys Dinosaur T-Shirt and Shorts Outfit Set for Kids,https://www.amazon.com/dp/B0BPT4BRKQ,4.5,0,27.95,0.0,84,False,0,clothing,Clothing & Accessories,Boys' Clothing,True,False,False,SRC-KAGGLE-002,amazon_products.csv
B08NTXNVCW,DC Comics Boys T-Shirt and Short Set for Toddlers and Little Kids – Black/Grey,https://www.amazon.com/dp/B08NTXNVCW,4.8,86,12.99,13.79,84,False,0,clothing,Clothing & Accessories,Boys' Clothing,False,False,False,SRC-KAGGLE-002,amazon_products.csv
B005W6XLTO,Boy's Classic Hibiscus Hawaiian Shirt,https://www.amazon.com/dp/B005W6XLTO,4.4,0,25.56,0.0,84,False,0,clothing,Clothing & Accessories,Boys' Clothing,True,False,False,SRC-KAGGLE-002,amazon_products.csv
B008B7EAYG,"Uniform Classics Steel Toe Oxford Work Shoes for Men and Women Featuring Polishable High-Shine Leather, Goodyear Storm Welt, and Non-Slip EVA Lug Outsole",https://www.amazon.com/dp/B008B7EAYG,4.1,0,94.95,0.0,114,False,0,clothing,Clothing & Accessories,Men's Shoes,True,False,False,SRC-KAGGLE-002,amazon_products.csv
B082DTR91R,Boys Camo Cargo Pants Classic Twill,https://www.amazon.com/dp/B082DTR91R,4.7,203,15.98,0.0,84,False,0,clothing,Clothing & Accessories,Boys' Clothing,False,False,False,SRC-KAGGLE-002,amazon_products.csv
B01N7K1N53,Men's Firecamp Boot Hiking Shoe,https://www.amazon.com/dp/B01N7K1N53,4.5,1899,97.15,0.0,114,False,0,clothing,Clothing & Accessories,Men's Shoes,False,False,False,SRC-KAGGLE-002,amazon_products.csv
B0BRTDSSXZ,"Men's, Performance Crew Socks, 6-Pack",https://www.amazon.com/dp/B0BRTDSSXZ,4.3,0,13.16,0.0,110,False,50,clothing,Clothing & Accessories,Men's Clothing,True,False,False,SRC-KAGGLE-002,amazon_products.csv
B0BHTFD32J,"Family Slippers, Snoopy & Woodstock Holiday Slippers, Adult, Youth, and Toddler Sizes",https://www.amazon.com/dp/B0BHTFD32J,4.6,0,17.99,0.0,97,False,0,clothing,Clothing & Accessories,Girls' Shoes,True,False,False,SRC-KAGGLE-002,amazon_products.csv
B0BM35YBBW,Toddler Girls Sweatshirts Valentine Sweatshirt Crewneck Ruffle Long Sleeve Kids Girls Heart Shirts Tops 2-7 Years,https://www.amazon.com/dp/B0BM35YBBW,4.6,35,14.99,15.99,91,False,0,clothing,Clothing & Accessories,Girls' Clothing,False,False,False,SRC-KAGGLE-002,amazon_products.csv
B07RPLWJ6N,Men's Austin Moccains Knit Slippers with Tie,https://www.amazon.com/dp/B07RPLWJ6N,4.5,0,24.99,0.0,114,False,0,clothing,Clothing & Accessories,Men's Shoes,True,False,False,SRC-KAGGLE-002,amazon_products.csv
B0BD51R33G,Women's Full-Zip Up Hoodies Jacket Fleece Workout Crop Tops Sweatshirts with Pockets Thumb Hole,https://www.amazon.com/dp/B0BD51R33G,4.6,0,36.99,0.0,116,False,50,clothing,Clothing & Accessories,Women's Clothing,True,False,False,SRC-KAGGLE-002,amazon_products.csv
B0B8CRLNP4,Womens Rock Camo Lace Up Sneakers Shoes Casual - Green,https://www.amazon.com/dp/B0B8CRLNP4,4.2,36,125.0,0.0,114,False,0,clothing,Clothing & Accessories,Men's Shoes,False,False,False,SRC-KAGGLE-002,amazon_products.csv
B098PDS3NL,Star Runner 3 (Infant/Toddler),https://www.amazon.com/dp/B098PDS3NL,4.5,0,50.0,0.0,90,False,0,clothing,Clothing & Accessories,Boys' Shoes,True,False,False,SRC-KAGGLE-002,amazon_products.csv
B08JYFSVT9,Women's Rumble on-Sassy DayZ Wedge Sandal,https://www.amazon.com/dp/B08JYFSVT9,4.4,0,38.98,45.0,122,False,0,clothing,Clothing & Accessories,Women's Shoes,True,False,False,SRC-KAGGLE-002,amazon_products.csv
B00IM7BCBE,mens Lookout Boot,https://www.amazon.com/dp/B00IM7BCBE,4.3,661,149.95,0.0,114,False,0,clothing,Clothing & Accessories,Men's Shoes,False,False,False,SRC-KAGGLE-002,amazon_products.csv
B08174W6HD,"New York Hi-Viz Workwear H9013 Men's ANSI Class 1 High Visibility, Lightweight Hoodie, Black (2XL)",https://www.amazon.com/dp/B08174W6HD,4.3,602,46.47,0.0,110,False,0,clothing,Clothing & Accessories,Men's Clothing,False,False,False,SRC-KAGGLE-002,amazon_products.csv
B07GR4VSXQ,Girls Pink Mia Top - 2T,https://www.amazon.com/dp/B07GR4VSXQ,0.0,0,14.99,0.0,91,False,0,clothing,Clothing & Accessories,Girls' Clothing,True,False,True,SRC-KAGGLE-002,amazon_products.csv
B0C9LNPYH9,Women's Summer Sexy V Neck Sleeveless Adjustable Spaghetti Strap Sheer Mesh Y2k Camisole Tank Crop Top,https://www.amazon.com/dp/B0C9LNPYH9,4.4,0,19.99,0.0,116,False,100,clothing,Clothing & Accessories,Women's Clothing,True,False,False,SRC-KAGGLE-002,amazon_products.csv
B08WHCY8LS,James Ankle Strap Block Heel,https://www.amazon.com/dp/B08WHCY8LS,4.1,0,116.62,0.0,122,False,0,clothing,Clothing & Accessories,Women's Shoes,True,False,False,SRC-KAGGLE-002,amazon_products.csv
B0BRVQRJ8J,Girl's Dry Legend Swoosh V-Neck T Shirt,https://www.amazon.com/dp/B0BRVQRJ8J,5.0,1,22.89,0.0,91,False,0,clothing,Clothing & Accessories,Girls' Clothing,False,False,False,SRC-KAGGLE-002,amazon_products.csv
B0CCL4NB6G,Dunk Low Knicks Blue Mandarin White Black FN7783-400 GS Big Kid,https://www.amazon.com/dp/B0CCL4NB6G,0.0,0,147.0,0.0,90,False,0,clothing,Clothing & Accessories,Boys' Shoes,True,False,True,SRC-KAGGLE-002,amazon_products.csv
B09QD3CL1K,Mens Victorian Suit Vest Steampunk Gothic Medieval Waistcoat,https://www.amazon.com/dp/B09QD3CL1K,4.3,0,35.99,48.88,110,False,0,clothing,Clothing & Accessories,Men's Clothing,True,False,False,SRC-KAGGLE-002,amazon_products.csv
B079DMGVVG,My Little Pony Little Girls' Allover Print Knit Dress,https://www.amazon.com/dp/B079DMGVVG,4.3,33,9.95,0.0,91,False,0,clothing,Clothing & Accessories,Girls' Clothing,False,False,False,SRC-KAGGLE-002,amazon_products.csv
B0BBKVMH17,Women Fleece Full Zip Up Cropped Hoodie Sweatshirt 90s Long Sleeve Drawstring Hooded Crop Jacket Top with Pockets,https://www.amazon.com/dp/B0BBKVMH17,4.5,0,28.99,0.0,116,False,100,clothing,Clothing & Accessories,Women's Clothing,True,False,False,SRC-KAGGLE-002,amazon_products.csv
B0BTX2WMYK,Boy's Swim Trunks (Toddler/Little Kids/Big Kids),https://www.amazon.com/dp/B0BTX2WMYK,0.0,0,26.68,0.0,84,False,0,clothing,Clothing & Accessories,Boys' Clothing,True,False,True,SRC-KAGGLE-002,amazon_products.csv
B0BGPLST4K,2T-15Y Toddler Kids Babyboys Babygirls Boys Girls Unisex 100% Cotton Loose fit Long Sleeve Clothes Outfitsets,https://www.amazon.com/dp/B0BGPLST4K,5.0,0,19.99,0.0,84,False,0,clothing,Clothing & Accessories,Boys' Clothing,True,False,False,SRC-KAGGLE-002,amazon_products.csv
B09WH4Q7H9,Women's Rhinestones Heels Sandals Square Open Toe Strappy Slip On Mules Dress Sexy Fashion Wedding Backless Stilettos Heeled Slippers,https://www.amazon.com/dp/B09WH4Q7H9,4.6,0,49.99,0.0,122,False,0,clothing,Clothing & Accessories,Women's Shoes,True,False,False,SRC-KAGGLE-002,amazon_products.csv
B0BXX5S2QZ,Boys Box Brief Liner Compression Mesh Athletic Shorts Pocket Kids Quick Dry Active Sports Shorts with Reflective Strip,https://www.amazon.com/dp/B0BXX5S2QZ,4.5,0,16.95,0.0,84,False,50,clothing,Clothing & Accessories,Boys' Clothing,True,False,False,SRC-KAGGLE-002,amazon_products.csv
B0875PW313,Men's X GHOSTED.3 Soccer Shoe,https://www.amazon.com/dp/B0875PW313,4.4,0,54.6,80.0,114,False,0,clothing,Clothing & Accessories,Men's Shoes,True,False,False,SRC-KAGGLE-002,amazon_products.csv
B01G45AJ4Q,Outfitters 4 Pack Womens Basic Ribbed Racerback Tank Top,https://www.amazon.com/dp/B01G45AJ4Q,4.4,0,26.57,36.0,116,False,200,clothing,Clothing & Accessories,Women's Clothing,True,False,False,SRC-KAGGLE-002,amazon_products.csv
B0B1D3R99X,Elastic Leather Jazz Shoes for Women and Men's Dance Shoes,https://www.amazon.com/dp/B0B1D3R99X,4.1,0,27.95,0.0,122,False,0,clothing,Clothing & Accessories,Women's Shoes,True,False,False,SRC-KAGGLE-002,amazon_products.csv
B09SWHQ88M,Women's Sexy Criss Cross Halter Neck Sleeveless Thong Bodysuits Tops Clubwear,https://www.amazon.com/dp/B09SWHQ88M,4.3,0,20.76,24.99,116,False,600,clothing,Clothing & Accessories,Women's Clothing,True,False,False,SRC-KAGGLE-002,amazon_products.csv
B0B6N8GBVP,30 Pairs Womens Socks Solid Color Crew Socks Lightweight Cute Socks Girls Socks Women's Athletic Socks,https://www.amazon.com/dp/B0B6N8GBVP,4.3,0,30.99,0.0,116,False,50,clothing,Clothing & Accessories,Women's Clothing,True,False,False,SRC-KAGGLE-002,amazon_products.csv
B083776MSJ,"Teen Period Underwear - Shorty Panties (Grey, 13/14 - Super Absorbency)",https://www.amazon.com/dp/B083776MSJ,4.3,29,17.45,0.0,91,False,0,clothing,Clothing & Accessories,Girls' Clothing,False,False,False,SRC-KAGGLE-002,amazon_products.csv
B07YFFXZRH,Girls One-Piece Swimsuit with UPF 50+ Sun Protection,https://www.amazon.com/dp/B07YFFXZRH,4.7,0,24.95,0.0,91,False,0,clothing,Clothing & Accessories,Girls' Clothing,True,False,False,SRC-KAGGLE-002,amazon_products.csv
B0CBB5G6JV,Unisex-Child Jess Fashion Boot,https://www.amazon.com/dp/B0CBB5G6JV,0.0,0,58.0,0.0,97,False,0,clothing,Clothing & Accessories,Girls' Shoes,True,False,True,SRC-KAGGLE-002,amazon_products.csv
B07D5CCVPL,Little Big Girl Flower Tulle Dress Princess Pageant Birthday Party Wedding Formal Floor Long Dance Evening Maxi Gown,https://www.amazon.com/dp/B07D5CCVPL,4.3,2454,46.75,0.0,91,False,0,clothing,Clothing & Accessories,Girls' Clothing,False,False,False,SRC-KAGGLE-002,amazon_products.csv
B07J299SHW,Girls 2-13 Years Old Hearts & Cartoon Flamingo & Thanksgiving Patterns Toddler Kids Leggings,https://www.amazon.com/dp/B07J299SHW,4.4,0,22.99,0.0,91,False,0,clothing,Clothing & Accessories,Girls' Clothing,True,False,False,SRC-KAGGLE-002,amazon_products.csv
B01CCK58QG,Boys Leather Jackets New Spring Children Collar Motorcycle Faux Leather Zipper Coats,https://www.amazon.com/dp/B01CCK58QG,4.6,0,29.99,0.0,84,False,100,clothing,Clothing & Accessories,Boys' Clothing,True,False,False,SRC-KAGGLE-002,amazon_products.csv
B07C8BQWLF,Girl's Glitter Waterproof Rain Boot,https://www.amazon.com/dp/B07C8BQWLF,4.8,0,22.5,30.0,97,False,100,clothing,Clothing & Accessories,Girls' Shoes,True,False,False,SRC-KAGGLE-002,amazon_products.csv
B09G6WYP6Y,Mens Varsity College Jacket Baseball Bomber Jacket Vintage Sweatshirt Casual Unisex Streetwear Coats with Patch,https://www.amazon.com/dp/B09G6WYP6Y,4.3,869,35.97,46.99,110,False,0,clothing,Clothing & Accessories,Men's Clothing,False,False,False,SRC-KAGGLE-002,amazon_products.csv
B0B26G9YM6,"Men's 2976 Chelsea Boot, Black Waxed Full Grain Leather, 8",https://www.amazon.com/dp/B0B26G9YM6,0.0,0,103.96,0.0,114,False,0,clothing,Clothing & Accessories,Men's Shoes,True,False,True,SRC-KAGGLE-002,amazon_products.csv
B08NSDMH3Z,Girl's Minnie Mouse 2 Piece Flannel Pajama Set,https://www.amazon.com/dp/B08NSDMH3Z,4.7,38,0.0,0.0,91,False,0,clothing,Clothing & Accessories,Girls' Clothing,False,True,False,SRC-KAGGLE-002,amazon_products.csv
B08TZHZCZ9,boys Toddler Boys' Long Sleeve Tee & Joggers 2-piece Set,https://www.amazon.com/dp/B08TZHZCZ9,4.4,97,22.53,0.0,84,False,0,clothing,Clothing & Accessories,Boys' Clothing,False,False,False,SRC-KAGGLE-002,amazon_products.csv
B098R364FT,Unisex-Child Cohesion 14 Lace to Toe Running Shoe,https://www.amazon.com/dp/B098R364FT,4.6,0,39.94,45.0,97,False,0,clothing,Clothing & Accessories,Girls' Shoes,True,False,False,SRC-KAGGLE-002,amazon_products.csv
B01M15U7OH,Men's Short Sleeve Cotton Pique Polo Shirt in Regular Fit,https://www.amazon.com/dp/B01M15U7OH,4.5,0,40.99,59.5,110,False,50,clothing,Clothing & Accessories,Men's Clothing,True,False,False,SRC-KAGGLE-002,amazon_products.csv
B0BRZ2T681,"Cute Clown Fish Cloud Slides for Adult Womens Mens, Soft Novelty Funny Animals House Slippers Non-Slip Beach Shoes for Indoor Outdoor Shower Pool",https://www.amazon.com/dp/B0BRZ2T681,4.8,0,23.99,0.0,114,False,0,clothing,Clothing & Accessories,Men's Shoes,True,False,False,SRC-KAGGLE-002,amazon_products.csv
B09VPLP4HG,Kawa Slide Se 1 Infant/Toddler Shoes,https://www.amazon.com/dp/B09VPLP4HG,3.5,0,39.1,0.0,90,False,0,clothing,Clothing & Accessories,Boys' Shoes,True,False,False,SRC-KAGGLE-002,amazon_products.csv
B09Y8DBY4Y,Boys' 3/4 Sliding Tights,https://www.amazon.com/dp/B09Y8DBY4Y,2.7,0,54.99,0.0,84,False,0,clothing,Clothing & Accessories,Boys' Clothing,True,False,False,SRC-KAGGLE-002,amazon_products.csv
B09K3FJLMN,Kids Chamonix Jacket,https://www.amazon.com/dp/B09K3FJLMN,4.5,30,55.32,69.99,91,False,0,clothing,Clothing & Accessories,Girls' Clothing,False,False,False,SRC-KAGGLE-002,amazon_products.csv
B08PBMX7SX,"Women's, Brin Flat",https://www.amazon.com/dp/B08PBMX7SX,4.2,0,99.95,0.0,122,False,0,clothing,Clothing & Accessories,Women's Shoes,True,False,False,SRC-KAGGLE-002,amazon_products.csv
B0867FC1Z6,Girls Dress Unicorn Rainbow Tulle Unicorn Headband Party Size 4-10,https://www.amazon.com/dp/B0867FC1Z6,4.7,604,24.95,0.0,91,False,0,clothing,Clothing & Accessories,Girls' Clothing,False,False,False,SRC-KAGGLE-002,amazon_products.csv
B0881QPLGB,Toddler Robes Cute Pattern Bathrobe Unisex Kids Robe Baby Flannel Hoodie Pajamas Sleepwear,https://www.amazon.com/dp/B0881QPLGB,4.8,498,19.99,0.0,91,False,0,clothing,Clothing & Accessories,Girls' Clothing,False,False,False,SRC-KAGGLE-002,amazon_products.csv
B0B789T2RJ,Women's Claudia Pleated Skinny Heel Mules,https://www.amazon.com/dp/B0B789T2RJ,0.0,0,177.75,395.0,122,False,0,clothing,Clothing & Accessories,Women's Shoes,True,False,True,SRC-KAGGLE-002,amazon_products.csv
B0C5N5YZX1,"3-Piece Kids Long Sleeve Shirt Set, Velour Comfort T Shirts for Girls, Plain Tshirts & Print Tees, Playwear & Pajamas",https://www.amazon.com/dp/B0C5N5YZX1,0.0,0,29.99,0.0,91,False,0,clothing,Clothing & Accessories,Girls' Clothing,True,False,True,SRC-KAGGLE-002,amazon_products.csv
B09ZV46WRZ,"Sandals for Girls and Boys,Mens Slippers Sandals for Women,EVA Anti-Slip Indoor & Outdoor Kids Slippers Smile Face Open Toe Spa Bath Pool Gym House Casual Shower Shoes",https://www.amazon.com/dp/B09ZV46WRZ,4.4,0,18.99,21.99,114,False,100,clothing,Clothing & Accessories,Men's Shoes,True,False,False,SRC-KAGGLE-002,amazon_products.csv
B0BKN94HRQ,"Sayer PS Triple Black, 10.5 Toddler",https://www.amazon.com/dp/B0BKN94HRQ,5.0,0,30.67,0.0,90,False,0,clothing,Clothing & Accessories,Boys' Shoes,True,False,False,SRC-KAGGLE-002,amazon_products.csv
B00MWEZQOW,Men's Reaction Desert Sun Boot,https://www.amazon.com/dp/B00MWEZQOW,4.2,0,59.99,98.0,114,False,0,clothing,Clothing & Accessories,Men's Shoes,True,False,False,SRC-KAGGLE-002,amazon_products.csv
B0BMLVXT6V,Family Matching Outfits Mommy and Me Dresses Short Sleeve Casual T-Shirt Bodycon Midi Dress Matching Set,https://www.amazon.com/dp/B0BMLVXT6V,4.3,48,22.99,0.0,91,False,0,clothing,Clothing & Accessories,Girls' Clothing,False,False,False,SRC-KAGGLE-002,amazon_products.csv
B0846PSXD4,Men's Tough as Buck Flannel Lined Corduroy Shirt Jacket,https://www.amazon.com/dp/B0846PSXD4,4.6,0,79.99,0.0,110,False,50,clothing,Clothing & Accessories,Men's Clothing,True,False,False,SRC-KAGGLE-002,amazon_products.csv
B0BWF795GK,Womens 2023 One Shoulder Sleeveless Pleated Tie Waist A Line Flowy Party Maxi Dress,https://www.amazon.com/dp/B0BWF795GK,3.6,0,43.99,0.0,116,False,0,clothing,Clothing & Accessories,Women's Clothing,True,False,False,SRC-KAGGLE-002,amazon_products.csv
B09B4BMZBB,Disney Characters Mickey Big Face Boy's Performance Tee,https://www.amazon.com/dp/B09B4BMZBB,3.5,0,16.99,24.0,84,False,0,clothing,Clothing & Accessories,Boys' Clothing,True,False,False,SRC-KAGGLE-002,amazon_products.csv
B07T78GKZL,Unisex-Child Superstar Elastic New Sneaker,https://www.amazon.com/dp/B07T78GKZL,4.7,0,47.62,0.0,90,False,0,clothing,Clothing & Accessories,Boys' Shoes,True,False,False,SRC-KAGGLE-002,amazon_products.csv
B07XRMZ4YM,Men's Nano X Cross Trainer,https://www.amazon.com/dp/B07XRMZ4YM,4.6,0,129.95,0.0,114,False,0,clothing,Clothing & Accessories,Men's Shoes,True,False,False,SRC-KAGGLE-002,amazon_products.csv
B08LTC498Q,"3 Pack Fleece Active Tech Joggers for Men, Mens Sweatpants with Zipper Pockets",https://www.amazon.com/dp/B08LTC498Q,3.9,0,36.99,42.99,110,False,800,clothing,Clothing & Accessories,Men's Clothing,True,False,False,SRC-KAGGLE-002,amazon_products.csv
B0917BFJR9,MLM3514 Men's Black ‘Club Style Vest’ Motorcycle Leather Vest with Cool-Tec,https://www.amazon.com/dp/B0917BFJR9,4.4,0,159.99,0.0,110,False,0,clothing,Clothing & Accessories,Men's Clothing,True,False,False,SRC-KAGGLE-002,amazon_products.csv
B0C1BBWFBQ,Bikini Set for Women Two Piece Swimsuits Triangle Top Mid Rise Crisscross Back Tie Cutout Spaghetti Straps,https://www.amazon.com/dp/B0C1BBWFBQ,4.3,0,32.99,0.0,116,False,50,clothing,Clothing & Accessories,Women's Clothing,True,False,False,SRC-KAGGLE-002,amazon_products.csv
B0C9T9VXH4,Womens Fashion Zip Up Hoodies Oversized Waffle Knit Jacket Shirts Long Sleeve Solid Shacket Blouse with Pockets,https://www.amazon.com/dp/B0C9T9VXH4,4.8,0,37.99,0.0,116,False,100,clothing,Clothing & Accessories,Women's Clothing,True,False,False,SRC-KAGGLE-002,amazon_products.csv
B0C1DKGVFF,Girls' and Toddler Leggings 4-Pack,https://www.amazon.com/dp/B0C1DKGVFF,0.0,0,15.98,0.0,91,False,50,clothing,Clothing & Accessories,Girls' Clothing,True,False,True,SRC-KAGGLE-002,amazon_products.csv
B0BZRNDDBJ,Womens Sexy Square Neck Sleeveless Shapewear Bodysuits Slimming Going Out Tank Top Thong Jumpsuits,https://www.amazon.com/dp/B0BZRNDDBJ,4.2,0,22.99,0.0,116,False,50,clothing,Clothing & Accessories,Women's Clothing,True,False,False,SRC-KAGGLE-002,amazon_products.csv
B00KXAEJE0,Men's Zvolv 2 Sandal,https://www.amazon.com/dp/B00KXAEJE0,4.5,0,30.0,90.0,114,False,50,clothing,Clothing & Accessories,Men's Shoes,True,False,False,SRC-KAGGLE-002,amazon_products.csv
B07MM1CD16,Girls Maxi Dress Floral Print Summer Casual Short Sleeve Pockets Dress,https://www.amazon.com/dp/B07MM1CD16,4.3,390,11.99,0.0,91,False,0,clothing,Clothing & Accessories,Girls' Clothing,False,False,False,SRC-KAGGLE-002,amazon_products.csv
B08SXCQHF6,Girls and Toddlers' Long Quilted Cocoon Puffer Coat,https://www.amazon.com/dp/B08SXCQHF6,4.6,1084,49.7,0.0,91,False,0,clothing,Clothing & Accessories,Girls' Clothing,False,False,False,SRC-KAGGLE-002,amazon_products.csv
B08V8LXX8P,"2 Pack Wand Charger Replacement DC Charging Cable Set Compatible with Paloqueth,Compatible with Tracys dog,Tracy's Dogg Beauty Instrument USB Charger Cords 2.5mm Wand Vibrating Massager Charger",https://www.amazon.com/dp/B08V8LXX8P,4.5,225,5.97,0.0,69,False,0,electronics,Electronics,Televisions & Video Products,False,False,False,SRC-KAGGLE-002,amazon_products.csv
B0C589TTQZ,Insta360 GO 3 Magnet Pendant,https://www.amazon.com/dp/B0C589TTQZ,4.2,0,14.99,0.0,79,False,0,electronics,Electronics,Camera & Photo,True,False,False,SRC-KAGGLE-002,amazon_products.csv
B0932K3T4Z,"ILIWIWY RCA Stereo Audio Switcher R/L Audio Selector Splitter 2(1)-in-1(2)-Out Audio Selector Switch Box with One Key Mute and Switch Compatible Active Speaker,PC,Ipad,etc",https://www.amazon.com/dp/B0932K3T4Z,4.4,0,19.99,0.0,82,False,0,electronics,Electronics,Home Audio & Theater Products,True,False,False,SRC-KAGGLE-002,amazon_products.csv
B009NXZ17C,"Acoustic Audio CS-IC83 in Ceiling 8"" Speaker 3 Pair Pack 3 Way Home Theater 2100 Watt",https://www.amazon.com/dp/B009NXZ17C,4.5,0,196.88,0.0,82,False,0,electronics,Electronics,Home Audio & Theater Products,True,False,False,SRC-KAGGLE-002,amazon_products.csv
B0CBQ3N55V,"Wireless Earbuds,Bluetooth 5.0 Noise Cancelling Earbuds, 30H Playtime, Hi-Fi Stereo Audio Earbuds with Mics, IPX5 Waterproof, Touch Control, Type-C Quick Charging Case",https://www.amazon.com/dp/B0CBQ3N55V,3.1,26,8.55,0.0,71,False,0,electronics,Electronics,Headphones & Earbuds,False,False,False,SRC-KAGGLE-002,amazon_products.csv
B0BCG6QN2N,"Magnetic Wireless Car Charger, TERYTH Fast Charging 360° Adjustable Auto Alignment Magnetic Car Mount, Air Vent Car Phone Holder Compatible with-Mag Safe iPhone 12/13 /14 Pro Max Mini",https://www.amazon.com/dp/B0BCG6QN2N,4.4,0,16.99,28.99,73,False,0,electronics,Electronics,Portable Audio & Video,True,False,False,SRC-KAGGLE-002,amazon_products.csv
B0BYV1792P,"PRUNUS J-150 Small Retro Vintage Radio Bluetooth, Portable Radio AM FM Transistor, D Battery Operated Radio/USB Rechargeable Radio, TWS, Support TF Card/USB Playing",https://www.amazon.com/dp/B0BYV1792P,4.7,0,22.99,25.99,73,False,0,electronics,Electronics,Portable Audio & Video,True,False,False,SRC-KAGGLE-002,amazon_products.csv
B0CDWNTNFF,"Braided Solo Loop Compatible with Apple Watch Band 38mm 40mm 41mm 42mm 44mm 45mm 49mm, Stretchy Straps Elastic Sport Wristbands for iphone iWatch Series 8 7 6 5 4 3 2 1 SE Ultra women men",https://www.amazon.com/dp/B0CDWNTNFF,4.1,16,9.99,0.0,68,False,0,electronics,Electronics,Wearable Technology,False,False,False,SRC-KAGGLE-002,amazon_products.csv
B097YDGDSY,KOMPSEN Adult Noise Cancelling Headphones Wireless Bluetooth Headphones Foldable Over Ear Headphones with Microphone Deep Bass for Cellphone PC Class Game Office Home Travel-Yellow,https://www.amazon.com/dp/B097YDGDSY,4.1,126,24.98,0.0,71,False,0,electronics,Electronics,Headphones & Earbuds,False,False,False,SRC-KAGGLE-002,amazon_products.csv
B092DX27G9,"Koss x Retrospekt P/21 Retro On-Ear Headphones, Retro Orange Foam, Adjustable Headband, Wired 3.5mm Plug, Orange Black and Silver",https://www.amazon.com/dp/B092DX27G9,4.4,10,29.0,0.0,71,False,0,electronics,Electronics,Headphones & Earbuds,False,False,False,SRC-KAGGLE-002,amazon_products.csv
B0C38KSVLR,"Alpine Loop for Apple Watch Band 49mm 45mm 41mm 44mm 40mm 42mm 38mm, iWatch Bands Nylon Sport Strap Women Men G-Hook Bracelet Wristband for Apple Watch Ultra/Ultra 2 Band Series 9 8 7 6 5 4 3 2 1 Series SE",https://www.amazon.com/dp/B0C38KSVLR,4.9,0,9.99,11.99,68,False,0,electronics,Electronics,Wearable Technology,True,False,False,SRC-KAGGLE-002,amazon_products.csv
B0B1DQDCGY,"HonShoop Bluetooth Headset CVC8.0 Dual Mic Noise Cancelling, Wireless Bluetooth Earpiece Super Power V5.0 Hands-Free Earphones for iPhone Android Cell Phones Driver Trucker Business（Grey",https://www.amazon.com/dp/B0B1DQDCGY,3.8,0,19.99,0.0,68,False,0,electronics,Electronics,Wearable Technology,True,False,False,SRC-KAGGLE-002,amazon_products.csv
B099ZZ1YYV,"Marmoin HDMI to RCA Cable, 1080P 5ft HDMI Male to 3-RCA Video Audio AV Cable Connector Adapter One-Way Transmitter for TV HDTV DVD",https://www.amazon.com/dp/B099ZZ1YYV,3.6,1828,9.99,0.0,69,False,0,electronics,Electronics,Televisions & Video Products,False,False,False,SRC-KAGGLE-002,amazon_products.csv
B08BFD6VTZ,RW RoutersWholesale USB 2.0 Console Cable Compatible/Replacement for Cisco A-Male to Mini-B Cord - 6 Feet (1.8 Meters),https://www.amazon.com/dp/B08BFD6VTZ,4.6,234,15.32,0.0,69,False,0,electronics,Electronics,Televisions & Video Products,False,False,False,SRC-KAGGLE-002,amazon_products.csv
B01FJX9AHQ,Ancable Flat Coaxial RG6 F Type Jumper Cable for Windows and Doors 5pack,https://www.amazon.com/dp/B01FJX9AHQ,4.4,0,9.99,0.0,69,False,0,electronics,Electronics,Televisions & Video Products,True,False,False,SRC-KAGGLE-002,amazon_products.csv
B0BSP54718,"Car and Driver Trucker Bluetooth Headset, Wireless Headset Noise Canceling Headphones with Microphone, Home Office, Zoom, Call Center, Clear Highway| Siri, Alexa, Google Compatible (BT5500)",https://www.amazon.com/dp/B0BSP54718,4.1,0,99.9,0.0,71,False,0,electronics,Electronics,Headphones & Earbuds,True,False,False,SRC-KAGGLE-002,amazon_products.csv
B0BHNTP13K,Cleaner Kit for Airpods Pro Chirstmas Gift Cleaning Pen with Soft Brush for Bluetooth Earbuds Case Cleaning Tools for Most Earphones,https://www.amazon.com/dp/B0BHNTP13K,4.6,41,5.99,0.0,71,False,0,electronics,Electronics,Headphones & Earbuds,False,False,False,SRC-KAGGLE-002,amazon_products.csv
B0BKPHJVVQ,Earphones Wired in Ear Headphones Earbuds for iPhone 14/14 Pro Max /13/13 Pro Max/ 12/12 Mini 11 Pro/11 Pro Max Headphones,https://www.amazon.com/dp/B0BKPHJVVQ,3.8,275,7.99,0.0,71,False,0,electronics,Electronics,Headphones & Earbuds,False,False,False,SRC-KAGGLE-002,amazon_products.csv
B0CBTV5P47,"BANIGIPA Kids Headphones, Open Ear Headphones Comfortable for Teens Child Boys Girls, Wireless Bluetooth 5.3 Headset w/Mic for School/Tablet/Travel, 13g Ultra-Light, Protect Hearing, 10H Playtime",https://www.amazon.com/dp/B0CBTV5P47,4.4,136,14.99,19.99,71,False,0,electronics,Electronics,Headphones & Earbuds,False,False,False,SRC-KAGGLE-002,amazon_products.csv
B0BK4FZ785,"Android Charger, 3A Power Adapter Phone Fast Charging Box Plug Cube, 6FT 9FT Type C Cable Cords for Motorola Moto Edge 5G UW,One 5g Ace,G82 G Pure,G Stylus,G Power 2022/2021,G72 /Edge 30 Ultra Z4 G8",https://www.amazon.com/dp/B0BK4FZ785,4.5,0,14.99,0.0,73,False,0,electronics,Electronics,Portable Audio & Video,True,False,False,SRC-KAGGLE-002,amazon_products.csv
B0B7WP4T9N,AINOPE USB C Cable Type C Charger Fast Charging 6.6FT-2Pack 60W USB-C to USB-C Cable for iPad Charger Fast Charging Cord 3.1A Right Angle USB C Charger Cable Fits iPhone 15 Pro Max All USB C Port,https://www.amazon.com/dp/B0B7WP4T9N,4.6,1638,9.99,21.99,69,False,0,electronics,Electronics,Televisions & Video Products,False,False,False,SRC-KAGGLE-002,amazon_products.csv
B09MLGZ4BR,Bliocefo Headphone Stand Nature Wood & Aluminum Headset Hanger Mount Hook Gaming Holder Desktop Earphone Artful Functional Craftmanship Stand for All Headsets with Solid Wooden Base,https://www.amazon.com/dp/B09MLGZ4BR,4.4,128,9.99,10.99,71,False,0,electronics,Electronics,Headphones & Earbuds,False,False,False,SRC-KAGGLE-002,amazon_products.csv
B0BRCGZK1T,"YYBarbAnn Wireless Earbuds,25 Hours Talktime Wireless Mono Bluetooth Headset with HD Microphone CVC8.0 Bluetooth Headphone Noise Reduction 270 ° Rotatable for Working/Driving",https://www.amazon.com/dp/B0BRCGZK1T,3.8,2223,8.99,9.99,71,False,100,electronics,Electronics,Headphones & Earbuds,False,False,False,SRC-KAGGLE-002,amazon_products.csv
B09W7PLW7P,"OtterBox Fast Charge Premium Lightning to USB-C Cable, 2M - GLAMOUR BLACK",https://www.amazon.com/dp/B09W7PLW7P,4.6,108,29.0,32.95,69,False,0,electronics,Electronics,Televisions & Video Products,False,False,False,SRC-KAGGLE-002,amazon_products.csv
B08DYZB8PC,"Majority K2 Sound Bar with Subwoofer | 150W Powerful Stereo 2.1 Channel Sound Bar for TV | Home Theatre 3D Surround Sound I HDMI ARC, Bluetooth, Optical & RCA Connection I USB & AUX Playback | Black",https://www.amazon.com/dp/B08DYZB8PC,4.2,0,124.99,0.0,82,False,0,electronics,Electronics,Home Audio & Theater Products,True,False,False,SRC-KAGGLE-002,amazon_products.csv
B07S1HMFQ5,"Henxlco Adjustable Ceiling TV Wall Mount Tilt Bracket Fits Most 26 28 32 40 42 47 50"" LCD LED Plasma, Some up to 55"" Flat Panel Screen Display with VESA 400x400 400x300 400x200 300x300 200X 200mm",https://www.amazon.com/dp/B07S1HMFQ5,4.3,218,24.95,0.0,69,False,0,electronics,Electronics,Televisions & Video Products,False,False,False,SRC-KAGGLE-002,amazon_products.csv
B08WVYG64N,"PopSockets Phone Wallet with Expanding Phone Grip, Phone Card Holder - Colorblock Ultra",https://www.amazon.com/dp/B08WVYG64N,4.5,0,24.99,0.0,75,False,0,electronics,Electronics,Cell Phones & Accessories,True,False,False,SRC-KAGGLE-002,amazon_products.csv
B0CDGV6V3Q,"Tobfit Slim Sport Bands Compatible with Fitbit Versa 2 Watch Bands Women Men, Soft Waterproof Liquid Silicone Replacement Sport Wristbands Straps for Fitbit Versa 2 / Fitbit Versa / Versa Lite / Versa SE Smart Watch, 3 Pack",https://www.amazon.com/dp/B0CDGV6V3Q,5.0,9,9.99,0.0,68,False,0,electronics,Electronics,Wearable Technology,False,False,False,SRC-KAGGLE-002,amazon_products.csv
B07DC2HC8Q,"Anker [2-Pack 6ft Nylon Braided Tangle-Free Micro USB Cable with Gold-Plated Connectors for Android, Samsung, HTC, Nokia, Sony and More (Black)",https://www.amazon.com/dp/B07DC2HC8Q,4.8,5090,14.99,0.0,69,False,0,electronics,Electronics,Televisions & Video Products,False,False,False,SRC-KAGGLE-002,amazon_products.csv
B0CB6BM172,"Coiled USB-C to Lightning/USB-C Cable PD 27W/60W Fast Charging [MFi Certified] Apple Car Play Cord & Android Auto USB C Cable for Car with Data Sync,Short Charging Cable for iPhone/Pad/Android/Laptop",https://www.amazon.com/dp/B0CB6BM172,3.5,3,13.99,0.0,69,False,0,electronics,Electronics,Televisions & Video Products,False,False,False,SRC-KAGGLE-002,amazon_products.csv
B07KSQZSKJ,S-ZONE Canvas Camera Sling Bag DSLR Lens Anti-theft Backpack Shoulder Crossbody Case with Tripod Holder,https://www.amazon.com/dp/B07KSQZSKJ,4.4,0,34.99,0.0,79,False,0,electronics,Electronics,Camera & Photo,True,False,False,SRC-KAGGLE-002,amazon_products.csv
B08CHFT6LT,"Aluminum Camera Tripod Mount Adapter,2pcs ¼-20 Conversion Adapter for Tripod, Suitable for GoPro Hero/Sony/ Insta360 X3/ Sjcam/Action Camera and Other Standard 1/4 inch Accessories",https://www.amazon.com/dp/B08CHFT6LT,4.6,0,9.98,0.0,79,False,0,electronics,Electronics,Camera & Photo,True,False,False,SRC-KAGGLE-002,amazon_products.csv
B0B9MNW93H,"Small Bluetooth Speakers, Portable Wireless Speaker, Small Pumpkin Speakers, 7 Color Led Lights, Shower Speaker for Home, Beach, Halloween, Christmas",https://www.amazon.com/dp/B0B9MNW93H,4.5,0,15.99,0.0,73,False,0,electronics,Electronics,Portable Audio & Video,True,False,False,SRC-KAGGLE-002,amazon_products.csv
B07T4M79QL,SOAR NCAA Wireless Charger and Desktop Organizer,https://www.amazon.com/dp/B07T4M79QL,4.4,0,28.63,34.99,73,False,0,electronics,Electronics,Portable Audio & Video,True,False,False,SRC-KAGGLE-002,amazon_products.csv
B0CF63LCYX,"Smart Watches with Bluetooth Call(Answer/Dial Calls),Fitness Tracker Watch with Heart Pressure Sleep Monitor for iPhone/Android Phone,IP68 Waterproof(Black Circle)",https://www.amazon.com/dp/B0CF63LCYX,4.1,0,45.99,0.0,68,False,0,electronics,Electronics,Wearable Technology,True,False,False,SRC-KAGGLE-002,amazon_products.csv
B083VR4D9H,LensPen VR Headset Cleaning Kit Gift - Trust Original Black Carbon Patent Tech - Remove Fingerprints Dust Grease Reduce Fog to Clean Augmented & Virtual Reality Goggles > Oculus Valve Index PS4 Vive,https://www.amazon.com/dp/B083VR4D9H,4.4,240,24.95,26.95,68,False,0,electronics,Electronics,Wearable Technology,False,False,False,SRC-KAGGLE-002,amazon_products.csv
B07MCN9QTR,Neoteck 1.8m/5.9ft Optical to RCA Cable 192kHz DAC Converter Spdif/Toslink to Analog Stereo L/R RCA with Built-in Audio Amplifier Chipset and RCA Cable fo HDTV Set Top Box DVD,https://www.amazon.com/dp/B07MCN9QTR,4.1,0,11.99,0.0,82,False,0,electronics,Electronics,Home Audio & Theater Products,True,False,False,SRC-KAGGLE-002,amazon_products.csv
B078VMH5NZ,"GEMEK Compatible with Apple Watch Band 38/40/41/42/44/45/49mm Women iWatch Bands Series 8/7/6/5/4/3/2/1, Handmade Beaded Elastic Stretch Pearl Bracelet Replacement Strap for Girls Wristband",https://www.amazon.com/dp/B078VMH5NZ,4.4,2060,12.98,0.0,68,False,0,electronics,Electronics,Wearable Technology,False,False,False,SRC-KAGGLE-002,amazon_products.csv
B0BMRVVHG5,"Bean Buds Bluetooth Earphones Wireless Earbuds, Open Ear Design (Black)",https://www.amazon.com/dp/B0BMRVVHG5,3.2,204,34.99,0.0,71,False,0,electronics,Electronics,Headphones & Earbuds,False,False,False,SRC-KAGGLE-002,amazon_products.csv
B0BG86JWW6,"YoYoFit Health and Fitness Tracker with 24/7 Heart Rate, Blood Pressure, Blood Oxygen SpO2, Step & Sleep Tracking, IP68 Waterproof Activity Trackers and Smart Watches for Women Men Android iOS",https://www.amazon.com/dp/B0BG86JWW6,4.0,313,39.99,0.0,68,False,0,electronics,Electronics,Wearable Technology,False,False,False,SRC-KAGGLE-002,amazon_products.csv
B0C4YDF413,"Multi Functional USB Adapter Kit Travel Gadgets Charge Card with Type-C/Type-A/Micro-USB/Lightning, Wheat Straw Fast Charging Foldable Cable Storage Box Gift",https://www.amazon.com/dp/B0C4YDF413,4.5,0,11.99,0.0,69,False,0,electronics,Electronics,Televisions & Video Products,True,False,False,SRC-KAGGLE-002,amazon_products.csv
B0B9HMFK2V,"10 Ft iPhone Charger Fast Charging【MFi-Certified】 2-Pack 20W PD Fast Charger with USB C to Lightning Cable, Type C Fast Charging Block & iPhone Charger Cord for iPhone 14/13/12/11, iPad & More",https://www.amazon.com/dp/B0B9HMFK2V,4.6,0,16.99,23.98,75,False,0,electronics,Electronics,Cell Phones & Accessories,True,False,False,SRC-KAGGLE-002,amazon_products.csv
B0C4LDF61W,"Sanag Open Ear Headphones Compatible with iPhone/Samsung Phone for Men, Women, and Children-White",https://www.amazon.com/dp/B0C4LDF61W,0.0,0,39.99,59.99,71,False,0,electronics,Electronics,Headphones & Earbuds,True,False,True,SRC-KAGGLE-002,amazon_products.csv
B0BV66ZZMK,"USB C Headphones Earbuds,USB Type C Wired Magnetic Noise Canceling in-Ear Headset with Microphone for iPad Pro Samsung Galaxy S23+ S22 S21 S20 FE Ultra Note 10 20 Pixel 7 6 5 4 Oneplus 9 8T 7T, Black",https://www.amazon.com/dp/B0BV66ZZMK,4.3,126,9.99,0.0,71,False,0,electronics,Electronics,Headphones & Earbuds,False,False,False,SRC-KAGGLE-002,amazon_products.csv
B07L19B7V1,"Touchstone Valueline Smart Motorized TV Lift-for 32-70"" TVs-RF & Wired Remote-39 Height Travel-165lb Capacity-Height Memory-Flat Lid Mount-5yr Warranty-Alexa®/WiFi Enabled-30004",https://www.amazon.com/dp/B07L19B7V1,4.6,247,369.0,559.0,69,False,0,electronics,Electronics,Televisions & Video Products,False,False,False,SRC-KAGGLE-002,amazon_products.csv
B0BNN8WZBY,"for Fitbit Versa 4 Metal Watch Band with Soft TPU Case,Compatible with Fitbit Sense 2 Stainless Steel Strap and Screen Protection Case for Men Women",https://www.amazon.com/dp/B0BNN8WZBY,4.4,0,15.99,19.99,68,False,0,electronics,Electronics,Wearable Technology,True,False,False,SRC-KAGGLE-002,amazon_products.csv
B0BHYB79FF,OMK Wireless Earbuds Waterproof Headset Noise Cancelling Earphones Long Battery Bluetooth Headphones with Wireless Charging Case for iPhone Android (White),https://www.amazon.com/dp/B0BHYB79FF,4.2,1495,25.99,29.99,71,False,0,electronics,Electronics,Headphones & Earbuds,False,False,False,SRC-KAGGLE-002,amazon_products.csv
B09ZXXDX85,"4K HDMI Cable 25ft, High Speed Hdmi Cables (HDMI2.0,18Gbps,1080P)-Ethernet Audio Return Video 4K HDMI Cable, Ultra High Speed Gold Plated Connectors, Compatible with Playstation Arc PS3 PS4 PC HDTV",https://www.amazon.com/dp/B09ZXXDX85,4.6,552,14.99,0.0,69,False,0,electronics,Electronics,Televisions & Video Products,False,False,False,SRC-KAGGLE-002,amazon_products.csv
B0B7KTPMR6,"Suoman 2+2 Pack for Samsung Galaxy Watch 5/4 40mm Case+Screen Protector, Tempered Glass Protective + All-Round PC Matte Protective Cover Set for Galaxy Watch 5/4 40mm Accessories -Matte Black",https://www.amazon.com/dp/B0B7KTPMR6,4.7,84,8.99,0.0,68,False,0,electronics,Electronics,Wearable Technology,False,False,False,SRC-KAGGLE-002,amazon_products.csv
B09V7W42JN,"S2 40mm Mini Smart Watch Alexa Built-in Fitness Tracker with Heart Rate, Blood Oxygen and Sleep Monitor 5ATM Waterproof HD Color Touchscreen for Men Women Compatible with iPhone&Android Rose Gold",https://www.amazon.com/dp/B09V7W42JN,4.5,0,39.99,0.0,68,False,0,electronics,Electronics,Wearable Technology,True,False,False,SRC-KAGGLE-002,amazon_products.csv
B0BNVFZMBH,NH800UP RF402A-V14 RF402AV14 Remote Control Compatible with Philips Android 4K Ultra HD Smart LED TV Replacement Controller with Netflix Vudu YouTube with Batteries (No Voice Function),https://www.amazon.com/dp/B0BNVFZMBH,4.7,60,12.99,0.0,69,False,0,electronics,Electronics,Televisions & Video Products,False,False,False,SRC-KAGGLE-002,amazon_products.csv
B07D7X145N,"Outdoor Bluetooth Speaker with Flame Atmosphere, Electronics Gifts for Men, Women, Cool Gadgets for Porch Garden Parties, BT5.0, 5W Stereo Sound, Waterproof Wireless Speaker with Led Torch Light",https://www.amazon.com/dp/B07D7X145N,4.6,0,39.99,0.0,73,False,0,electronics,Electronics,Portable Audio & Video,True,False,False,SRC-KAGGLE-002,amazon_products.csv
B0BLXJW1LX,"UMIDIGI Ablebuds Free Hybrid Active Noise Cancelling Wireless Earbuds, ANC Earphones with Transparency Mode，Stereo Bass Earphones IP55 Waterproof Sport Ear Buds 27H Playtime Built-in 3 Mic Headset",https://www.amazon.com/dp/B0BLXJW1LX,4.6,197,66.99,0.0,71,False,0,electronics,Electronics,Headphones & Earbuds,False,False,False,SRC-KAGGLE-002,amazon_products.csv
B08GSB8WBN,Charging Stand Comapatible with Gizmo Watch 2 Charger with 5 Feet Cable(GizmoWatch 2),https://www.amazon.com/dp/B08GSB8WBN,4.5,0,13.99,0.0,68,False,0,electronics,Electronics,Wearable Technology,True,False,False,SRC-KAGGLE-002,amazon_products.csv
B09TYZLWY8,"REGOKI Wireless Earbuds, Lightweight Bluetooth 5.1 Headphones in Ear with Earhooks, Sport Headphones for Running, Bluetooth Earphones Noise Cancelling Deep Bass, IP7 Waterproof Headset (Black)",https://www.amazon.com/dp/B09TYZLWY8,4.0,32,29.99,0.0,71,False,0,electronics,Electronics,Headphones & Earbuds,False,False,False,SRC-KAGGLE-002,amazon_products.csv
B0BXKGP4BJ,Earbud for PenPower WorldPen Scan Go OCR Reading Pen,https://www.amazon.com/dp/B0BXKGP4BJ,4.5,4,19.99,0.0,71,False,0,electronics,Electronics,Headphones & Earbuds,False,False,False,SRC-KAGGLE-002,amazon_products.csv
B01HOZ737Q,"House of Marley Nesta Headphones Noise Cancelling Earbuds with a Microphone, Gold, Large",https://www.amazon.com/dp/B01HOZ737Q,3.8,115,14.99,49.99,71,False,0,electronics,Electronics,Headphones & Earbuds,False,False,False,SRC-KAGGLE-002,amazon_products.csv
B0C2PTLS4D,"WPOW Bone Conduction Headphones with Mic, Open Ear Headphones,Mp3 Player, 32G USB Drive,Wireless Earbuds Bluetooth for Music, Conference, Driving, Games, Home Office.",https://www.amazon.com/dp/B0C2PTLS4D,3.1,12,39.99,0.0,71,False,0,electronics,Electronics,Headphones & Earbuds,False,False,False,SRC-KAGGLE-002,amazon_products.csv
B08H83G9GN,Bowers & Wilkins PI5 in-Ear True Wireless Headphones with Smart Wireless Charging (Black),https://www.amazon.com/dp/B08H83G9GN,3.5,774,169.19,249.0,71,False,0,electronics,Electronics,Headphones & Earbuds,False,False,False,SRC-KAGGLE-002,amazon_products.csv
B076TTN1FL,"Cable Matters USB C to DVI Cable (USB-C to DVI Cable) 6 ft - Thunderbolt 4 / USB4 / Thunderbolt 3 Port Compatible with MacBook Pro, Dell XPS 13, 15, HP Spectre x360, Surface Pro",https://www.amazon.com/dp/B076TTN1FL,4.6,563,21.99,26.49,69,False,0,electronics,Electronics,Televisions & Video Products,False,False,False,SRC-KAGGLE-002,amazon_products.csv
B0BKFNHZCD,"Smart Watch Bluetooth Calling (Answer/Make Call) 42mm Touch Screen, 100 Sports Modes Fitness Tracker with Heart Rate Monitor Blood Oxygen IP68 Waterproof,Compatible with Android iOS",https://www.amazon.com/dp/B0BKFNHZCD,4.3,0,29.99,0.0,68,False,0,electronics,Electronics,Wearable Technology,True,False,False,SRC-KAGGLE-002,amazon_products.csv
B07H8L87J1,PMNN4491B PMNN4491 - Motorola MotoTRBO e Series IMPRES 2100 mAh LiIon Battery,https://www.amazon.com/dp/B07H8L87J1,4.3,0,107.0,128.0,73,False,0,electronics,Electronics,Portable Audio & Video,True,False,False,SRC-KAGGLE-002,amazon_products.csv
B0C84W2CB1,"Magnetic Bands for Samsung Galaxy Watch 6 40mm 44mm/Watch 6 Classic 43mm 47mm/Watch 5 Pro 45mm/Watch 4 Classic 42mm 46mm/Watch 5/4 40mm 44mm, 20mm Silicone Sport Watch Band with Magnetic Buckle for Men Women",https://www.amazon.com/dp/B0C84W2CB1,4.8,5,11.99,0.0,68,False,0,electronics,Electronics,Wearable Technology,False,False,False,SRC-KAGGLE-002,amazon_products.csv
B0CDP55CK8,"Telescopio, Telescopes for Adults Astronomy, 70mm Aperture 400mm Refractor Telescope for Astronomy Beginners,Tripod & Phone Adapter, Portable Telescopes Backpack, Cool Astronomy Gifts",https://www.amazon.com/dp/B0CDP55CK8,0.0,0,79.99,0.0,79,False,0,electronics,Electronics,Camera & Photo,True,False,True,SRC-KAGGLE-002,amazon_products.csv
B0CCTCQZFJ,"2023 Ear Plugs for Noise Reduction, Earplugs for Sleeping Noise Cancelling with 8 Silicone Ear Tips, Reusable Hearing Protection, Sound Reduction Earplugs for Concerts, Sleep, Snoring, Work",https://www.amazon.com/dp/B0CCTCQZFJ,0.0,0,10.99,0.0,71,False,0,electronics,Electronics,Headphones & Earbuds,True,False,True,SRC-KAGGLE-002,amazon_products.csv
B01D69P0UG,"DMW-DCC8 Gonine DC Coupler DMW-AC8 AC Power Adapter Camera Charger Kit (DMW-BLC12 Battery Replacement) for PANASONIC DMC-FZ200, DMC-FZ1000, DMC-GH2, DMC-G5, DMC-G6, DMC-G7, Lumix GX8 G85 Cameras.",https://www.amazon.com/dp/B01D69P0UG,4.6,0,24.99,0.0,79,False,0,electronics,Electronics,Camera & Photo,True,False,False,SRC-KAGGLE-002,amazon_products.csv
B073X344GW,"Withings Limited Edition Wristband | Lemon, 18 mm",https://www.amazon.com/dp/B073X344GW,4.5,3419,20.72,24.95,68,False,0,electronics,Electronics,Wearable Technology,False,False,False,SRC-KAGGLE-002,amazon_products.csv
B08QRTT3Y8,"Crosley T400D-BK Fully Automatic Bluetooth 2-Speed Turntable Record Player with Built-in Preamp, Black",https://www.amazon.com/dp/B08QRTT3Y8,4.2,0,109.95,0.0,82,False,0,electronics,Electronics,Home Audio & Theater Products,True,False,False,SRC-KAGGLE-002,amazon_products.csv
B0BPH6SC28,"SZHTFX Sleep Earbuds Small Bluetooth Earbuds Mini Wireless Discreet Earbud for Music, Home, Work (Nude)",https://www.amazon.com/dp/B0BPH6SC28,4.0,1193,32.98,50.0,71,False,0,electronics,Electronics,Headphones & Earbuds,False,False,False,SRC-KAGGLE-002,amazon_products.csv
B0BY2H3P56,"Yovimak Multifunctional Acrylic Stand, Headphone Stand Headphone Holder Adhesive Gaming Headset Hook for Most Headphones/Game Controllers, Universal Desktop Wall Mount Hook for Handbag (Black)",https://www.amazon.com/dp/B0BY2H3P56,0.0,0,5.99,0.0,71,False,0,electronics,Electronics,Headphones & Earbuds,True,False,True,SRC-KAGGLE-002,amazon_products.csv
B09PFQYYP5,Fabric Mexican Fiesta Color Stripes Paper Flower Photo Background Cinco De Mayo Party Wedding Decor Photography Backdrops Baby Shower Studio Shoot Props,https://www.amazon.com/dp/B09PFQYYP5,4.7,0,13.5,0.0,79,False,0,electronics,Electronics,Camera & Photo,True,False,False,SRC-KAGGLE-002,amazon_products.csv
B09WVLCTQJ,"Halloween Floral Engraved Silicone Band Compatible With Apple Watch 38mm 40mm 41mm for Women Men,Skull Pattern Laser Printed Soft Silicone Sport Wristbands Replacement Strap with Classic Clasp for iWatch Series SE 8 7 6 5 4 3 2 1",https://www.amazon.com/dp/B09WVLCTQJ,4.5,54,8.99,0.0,68,False,0,electronics,Electronics,Wearable Technology,False,False,False,SRC-KAGGLE-002,amazon_products.csv
B07PYFJ65K,SmartSee HDMI Wireless Display Receiver 5G WiFi 4K 1080P Mobile Screen Cast Mirroring Adapter Dongle for iPhone Mac iOS Android to TV Projector Support Miracast Airplay DLNA No Switching (5G+2.4G),https://www.amazon.com/dp/B07PYFJ65K,3.6,0,35.99,0.0,69,False,0,electronics,Electronics,Televisions & Video Products,True,False,False,SRC-KAGGLE-002,amazon_products.csv
B0B9R3N9L2,"Stereo Audio Amplifier Receiver, 200W Home Dual Channel Bluetooth 5.0 Sound Speaker AMP, Home Amplifiers FM Radio, USB, SD Card, with Remote Control Home Theater Audio Stereo System Components",https://www.amazon.com/dp/B0B9R3N9L2,4.0,0,27.98,0.0,82,False,0,electronics,Electronics,Home Audio & Theater Products,True,False,False,SRC-KAGGLE-002,amazon_products.csv
B07GQV2NXN,Sinjimoru Phone Dock with USB C Charging Cable. Convenient and Sturdy Silicone Docking Station in Modern Design for Office and Home. Sync Stand Flat for Type-C Black,https://www.amazon.com/dp/B07GQV2NXN,4.1,0,16.99,0.0,73,False,0,electronics,Electronics,Portable Audio & Video,True,False,False,SRC-KAGGLE-002,amazon_products.csv
B09GKBWMTC,"LED Video Light 2-Pack, 5600K Dimmable USB Photo Lights with Mini Tripod and Colored Filters for Photo Studios, Small Angle Shooting, Video Recording, Game Streaming",https://www.amazon.com/dp/B09GKBWMTC,4.2,0,29.99,0.0,79,False,0,electronics,Electronics,Camera & Photo,True,False,False,SRC-KAGGLE-002,amazon_products.csv
B0C4FMGTHR,"Bone Conduction Headphones with Mic,Bluetooth Headset with Noise-Canceling Boom Microphone, Wireless Headset Waterproof Open Ear Headphones for Trucker Drivers Online Meeting Office Home Business",https://www.amazon.com/dp/B0C4FMGTHR,4.3,1118,79.98,0.0,71,False,0,electronics,Electronics,Headphones & Earbuds,False,False,False,SRC-KAGGLE-002,amazon_products.csv
B0B5ZZQC8W,"R-fun Airpods Pro 2nd Generation/1st Generation Case Cover with Automatic Snap Switch, Secure Lock Clip Super Protective for Airpods Pro Case (2019/2022) with Keychain for Men Women，White",https://www.amazon.com/dp/B0B5ZZQC8W,4.5,0,12.99,13.99,75,False,0,electronics,Electronics,Cell Phones & Accessories,True,False,False,SRC-KAGGLE-002,amazon_products.csv
B0BHZ21J9T,ＷＭＷＹＭＸ Bluetooth Headset One Ear Earphone Earpiece for Cell Phones Wireless Headset with Charging Case and LED Intelligence Display[YYK-520-1015],https://www.amazon.com/dp/B0BHZ21J9T,4.5,5,59.99,0.0,68,False,0,electronics,Electronics,Wearable Technology,False,False,False,SRC-KAGGLE-002,amazon_products.csv
B07MH6SQRK,Voodonala Universal 360 Degree Car Mount Phone Holder for Phone Cellphone Mount for Ford F150 2015 2016 2017 2018 2019 2020 F250 F350,https://www.amazon.com/dp/B07MH6SQRK,3.9,0,22.99,0.0,73,False,100,electronics,Electronics,Portable Audio & Video,True,False,False,SRC-KAGGLE-002,amazon_products.csv
B085PY5B4D,"YEEJOK 22mm Nylon Watch Band Compatible for Fossil Gen 6/5E 44mm/Men's Gen 5 LTE Carlyle Garrett/Gen 4 Explorist HR/Women's Gen 5 Julianna, Quick Released Fine Woven Nylon Watch Strap",https://www.amazon.com/dp/B085PY5B4D,4.4,224,9.99,0.0,68,False,0,electronics,Electronics,Wearable Technology,False,False,False,SRC-KAGGLE-002,amazon_products.csv
B08LMWNW22,Accessories Kit for GoPro Hero 12 11 10 9 Waterproof Housing Case Filter Silicone Protector Frame Lens Screen Tempered Glass Head Chest Strap Bike Mount Floating Bundle Set Kit 64 in 1 AVS18,https://www.amazon.com/dp/B08LMWNW22,4.5,0,59.99,0.0,79,False,0,electronics,Electronics,Camera & Photo,True,False,False,SRC-KAGGLE-002,amazon_products.csv
B08FS835KH,"Fitbit Sense Health & Fitness Smartwatch W/GPS, Bluetooth Call/Text, Heart Rate SpO2, ECG, Skin Temperature & Stress Sensing (S & L Bands, 90 Day Premium Included) International Version (Graphite)",https://www.amazon.com/dp/B08FS835KH,4.1,0,168.99,0.0,68,False,0,electronics,Electronics,Wearable Technology,True,False,False,SRC-KAGGLE-002,amazon_products.csv
B0C5WZKKKN,"Portable Charger with Built-in Cables&AC Wall Plug,10000mAh Power Bank,PD 22.5W USB-C Fast Charging External Battery Pack with LED Display Compatible with iPhones and All Smart Device",https://www.amazon.com/dp/B0C5WZKKKN,4.6,0,29.99,39.99,73,False,0,electronics,Electronics,Portable Audio & Video,True,False,False,SRC-KAGGLE-002,amazon_products.csv
B0C5LHXPRT,"New Universal TV Remote Compatible with Rku-TVs Remote, for TCL-Rku- for Hisense-Rku- for Onn-Rku- TVs (Not for Rku-Stick and Box) (Pack of 2)…",https://www.amazon.com/dp/B0C5LHXPRT,4.7,24,7.99,0.0,69,False,0,electronics,Electronics,Televisions & Video Products,False,False,False,SRC-KAGGLE-002,amazon_products.csv
B0BM9Z2GT2,MALIHOO Mini Bluetooth Single Earbud Small Wireless Invisible Headphones，Single Earphone with 6 Hour Playtime for iPhone and Android Smart Phones PC TV Audiobook,https://www.amazon.com/dp/B0BM9Z2GT2,4.4,164,15.99,0.0,71,False,0,electronics,Electronics,Headphones & Earbuds,False,False,False,SRC-KAGGLE-002,amazon_products.csv
B0C9NGNBPG,"Skullcandy Rail ANC In-Ear Wireless Earbuds with Active Noise Cancelation and Microphone, 38 Hours Battery, Bluetooth Headphones for iPhone, Android, and more - Black",https://www.amazon.com/dp/B0C9NGNBPG,3.9,57,89.99,99.99,71,False,0,electronics,Electronics,Headphones & Earbuds,False,False,False,SRC-KAGGLE-002,amazon_products.csv
B01AQB4X46,"Supersonic SC-1311 13.3"" Widescreen LED HDTV",https://www.amazon.com/dp/B01AQB4X46,4.1,288,119.99,169.99,69,False,0,electronics,Electronics,Televisions & Video Products,False,False,False,SRC-KAGGLE-002,amazon_products.csv
B08SJC78FH,"【New Version Type-C WiFi USB】 ALFA AWUS036ACH Long-Range Dual-Band AC1200 Wireless Wi-Fi Adapter w/2x 5dBi External Antennas – 2.4GHz 300Mbps/5GHz 867Mbps – 802.11ac & A, B, G, N",https://www.amazon.com/dp/B08SJC78FH,4.5,473,64.99,0.0,69,False,0,electronics,Electronics,Televisions & Video Products,False,False,False,SRC-KAGGLE-002,amazon_products.csv
B07B8L4WBW,Newborn Baby Photo Props Blanket Handmade Knitted Twist Wrap Posing Aid Backdrops for Boy Girls Photography Shoot,https://www.amazon.com/dp/B07B8L4WBW,4.2,0,19.99,0.0,79,False,50,electronics,Electronics,Camera & Photo,True,False,False,SRC-KAGGLE-002,amazon_products.csv
B0BLTVM8P6,"Abnaok 5 Pack VR Eye Mask, Adjustable Breathable VR Sweat Band for Oculus Quest 2, HTC Vive, PS, Gear, VR Workouts",https://www.amazon.com/dp/B0BLTVM8P6,3.3,10,11.99,0.0,68,False,0,electronics,Electronics,Wearable Technology,False,False,False,SRC-KAGGLE-002,amazon_products.csv
B0BGH8MJHV,"Rechargeable Battery Pack for Meta/Oculus Quest 2, 5000mAh Portable Power Bank Compatible with Elite Strap Lightweight Design Extended Power for VR Faster Charging Extended 2.5 Hrs Playtime",https://www.amazon.com/dp/B0BGH8MJHV,4.5,83,17.99,19.99,68,False,0,electronics,Electronics,Wearable Technology,False,False,False,SRC-KAGGLE-002,amazon_products.csv
B07GYW7LCR,"USB-C Car Charger, 3.4A USB Type C Car Charger Adapter & Fast Charge Cable Cords Cargador Carro Lighter for Samsung Galaxy S23 S22 S21 S20 S10 S9 S8 Note 20 9 8, LG V60 V50 G8 G7 Android Cigarette 12V",https://www.amazon.com/dp/B07GYW7LCR,4.6,0,7.99,15.99,73,False,0,electronics,Electronics,Portable Audio & Video,True,False,False,SRC-KAGGLE-002,amazon_products.csv
B0B8XP33WH,"Car Charger Adapter,4 Ports USB Fast Car Charger QC3.0/PD20W/Type-c/2.1A, Smart Shunt Car Phone Charger Compatible iPhone 14 13 12 Pro Max/All Smart Phones (Black)",https://www.amazon.com/dp/B0B8XP33WH,4.6,0,8.59,0.0,73,False,50,electronics,Electronics,Portable Audio & Video,True,False,False,SRC-KAGGLE-002,amazon_products.csv
B09V2RXRDM,"AGVEE 2 Pack 15ft Extra Long Charger for iPhone, Braided Lightning Cable, Heavy Duty Fast Charging Cord, End Tip Unbreakable for iPhone 11 Pro Max X XS XR, 10 8 7 6 6S, Case Friendly, Red",https://www.amazon.com/dp/B09V2RXRDM,4.4,274,19.99,0.0,69,False,0,electronics,Electronics,Televisions & Video Products,False,False,False,SRC-KAGGLE-002,amazon_products.csv
B07D7T7B2G,"Voerou Sleep Headphones 5.2 Bluetooth Sleep Mask with Music and Ultra Thin Speakers Perfect for Sleeping, Air Travel,Meditation and Relaxation，Unique Gifts for Men Women - Black",https://www.amazon.com/dp/B07D7T7B2G,4.2,3906,22.97,28.99,71,False,0,electronics,Electronics,Headphones & Earbuds,False,False,False,SRC-KAGGLE-002,amazon_products.csv
B00QMTI6YK,"C Crane CC Skywave AM, FM, Shortwave, Weather and Airband Portable Travel Radio with Clock and Alarm",https://www.amazon.com/dp/B00QMTI6YK,4.3,0,89.99,106.98,73,False,0,electronics,Electronics,Portable Audio & Video,True,False,False,SRC-KAGGLE-002,amazon_products.csv
B07TTPGBKW,"Magnavox MHP4820M-WH Gummy Earbuds with Microphone in White | Available in Pink, Purple, White, Black, & Blue | Earbuds Gummy | Extra Value Comfort Stereo Earbuds | Durable Rubberized Cable |",https://www.amazon.com/dp/B07TTPGBKW,3.4,6,4.38,0.0,71,False,0,electronics,Electronics,Headphones & Earbuds,False,False,False,SRC-KAGGLE-002,amazon_products.csv
B0BYSF6WYD,"Replacement Legs for LG TV, TV Stand Legs for 40 43 Inch LG TV Legs 40UJ6300 43UJ6300 43UJ630V 43UN6950ZUA 43UM6900 43UK6300 43LK5700 43LM5700 43LJ594V MAM645839 AAN76009325 AAN76009305 with Screws",https://www.amazon.com/dp/B0BYSF6WYD,2.9,4,27.99,31.99,69,False,0,electronics,Electronics,Televisions & Video Products,False,False,False,SRC-KAGGLE-002,amazon_products.csv
B085WCGTJ2,"NOMATIC McKinnon Camera Pack- Travel Camera Bag by Peter McKinnon for Photographers, DSLR Backpack for Men and Women",https://www.amazon.com/dp/B085WCGTJ2,4.7,0,399.99,0.0,79,False,0,electronics,Electronics,Camera & Photo,True,False,False,SRC-KAGGLE-002,amazon_products.csv
B09P24SP2M,Sony Alpha 7 IV Full-Frame Mirrorless Interchangeable Lens Camera (Renewed),https://www.amazon.com/dp/B09P24SP2M,4.3,0,2119.0,0.0,79,False,0,electronics,Electronics,Camera & Photo,True,False,False,SRC-KAGGLE-002,amazon_products.csv
B0B5L49H5H,"5 Pack Earbuds Headphones, Earbuds Wired with Microphone, Compatible with iPhone and Android Smartphones",https://www.amazon.com/dp/B0B5L49H5H,0.0,0,8.99,0.0,71,False,0,electronics,Electronics,Headphones & Earbuds,True,False,True,SRC-KAGGLE-002,amazon_products.csv
B0CBM36D9Q,"Monster Sparkle Party Speaker 80W, Bluetooth Speaker with Powerful Sound and Punchy Bass, Full Screen Colorful Lights, 24H Playtime, Bluetooth 5.3, Portable Wireless Speakers for Outdoor, Waterproof",https://www.amazon.com/dp/B0CBM36D9Q,4.6,0,103.99,129.99,73,False,0,electronics,Electronics,Portable Audio & Video,True,False,False,SRC-KAGGLE-002,amazon_products.csv
B013F4LKWO,"Plantronics - Voyager Focus UC (Poly) - Bluetooth Dual-Ear (Stereo) Headset with Boom Mic - USB-A Compatible with PC and/or Mac - Active Noise Canceling - Works with Teams (Certified), Zoom & more",https://www.amazon.com/dp/B013F4LKWO,4.3,573,157.99,279.95,71,False,0,electronics,Electronics,Headphones & Earbuds,False,False,False,SRC-KAGGLE-002,amazon_products.csv
B01GBVYAZC,50ft Weather Seal Quad Shield Outdoor 3GHZ RG-6 Coaxial Cable 75 Ohm (Satellite TV or Broadband Internet) Anti Corrosion Brass Connector RG6 Fittings Assembled in USA by PHAT SATELLITE INTL,https://www.amazon.com/dp/B01GBVYAZC,4.6,0,21.6,0.0,69,False,0,electronics,Electronics,Televisions & Video Products,True,False,False,SRC-KAGGLE-002,amazon_products.csv
B0CC7T57F2,"Cell Phone Stand with Wireless Bluetooth Speaker, Portable Phone Stand with Anti-Slip Base and Speakers, Desktop Kitchen Cool Tech Gadgets, Compatible with Phones & Tablets, Gifts for Men or Women",https://www.amazon.com/dp/B0CC7T57F2,5.0,0,25.99,0.0,73,False,0,electronics,Electronics,Portable Audio & Video,True,False,False,SRC-KAGGLE-002,amazon_products.csv
B09WMHF27L,"Anigaduo 25W USB C European Plug Adapter with 6FT Cable for iPhone 14/14 Pro/14 Pro Max/14 Plus/13/12/11, Travel USBC Charging Power Charger Cord for Europe EU Euro Spain Italy France Germany…",https://www.amazon.com/dp/B09WMHF27L,4.3,0,16.99,21.99,73,False,0,electronics,Electronics,Portable Audio & Video,True,False,False,SRC-KAGGLE-002,amazon_products.csv
B00UQRSEQY,"Skullcandy Uproar On-ear Headphones with Built-In Mic and Remote, Ill Famed Coral",https://www.amazon.com/dp/B00UQRSEQY,4.1,978,38.52,0.0,71,False,0,electronics,Electronics,Headphones & Earbuds,False,False,False,SRC-KAGGLE-002,amazon_products.csv
B0BJ278V8Q,CableMod Pro ModMesh 12VHPWR Cable Extension Kit (White),https://www.amazon.com/dp/B0BJ278V8Q,4.5,0,12.9,0.0,82,False,0,electronics,Electronics,Home Audio & Theater Products,True,False,False,SRC-KAGGLE-002,amazon_products.csv
B0C3MCXM6P,"Android TV Box 13.0, 2023 Android TV Box X88 PRO 13 4GB RAM 32GB ROM with Mini Wireless Keyboard, TV Box Android WiFi 6 8K RK3528 Quad-Core 2.4G/5G WiFi Bluetooth 5.0 USB 3.0 Android Box",https://www.amazon.com/dp/B0C3MCXM6P,3.7,0,41.99,0.0,69,False,0,electronics,Electronics,Televisions & Video Products,True,False,False,SRC-KAGGLE-002,amazon_products.csv
B0BY26CF3T,"REACHER Auto Dimmable Alarm Clock Radio for Bedrooms, Improved Reception FM Radio, 9 Color Night Light, 0-100% Dimmer, 7 Wake Up Sounds, Sleep Timer, Small Digital Clock for Bedside",https://www.amazon.com/dp/B0BY26CF3T,4.6,0,26.99,0.0,82,False,0,electronics,Electronics,Home Audio & Theater Products,True,False,False,SRC-KAGGLE-002,amazon_products.csv
B08YCYW623,"USB-C to Ethernet Adapter, WALNEW USBC to RJ45 Lan Adapter, Gigabit Cat Network Cable Converter to Type C Thunderbolt 3 for Mac,MacBook Pro/Air,iPad 10th,Dell XPS,Chromebook,Surface,Samsung Galaxy Tab",https://www.amazon.com/dp/B08YCYW623,4.5,953,12.99,16.99,69,False,0,electronics,Electronics,Televisions & Video Products,False,False,False,SRC-KAGGLE-002,amazon_products.csv
B08H8N1R6C,"ULANZI Creative ZV-1 Wide Angle/Macro Additional Lens 52mm Diameter Compatible with Sony ZV-1 Camera, 2 in 1 Extra Lens Attachment with Strong Adhesive-Back Adapter Ring Mount, WL-1",https://www.amazon.com/dp/B08H8N1R6C,4.3,0,49.95,0.0,79,False,0,electronics,Electronics,Camera & Photo,True,False,False,SRC-KAGGLE-002,amazon_products.csv
B019EMMUI4,"Batman Kids Safe Over The Ear Headphones HP2-03082 | Kids Headphones, Volume Limiter for Developing Ears, 3.5MM Stereo Jack, Recommended for Ages 3-9, by Sakar,Yellow",https://www.amazon.com/dp/B019EMMUI4,3.7,1836,15.67,0.0,71,False,0,electronics,Electronics,Headphones & Earbuds,False,False,False,SRC-KAGGLE-002,amazon_products.csv
B0BVVN6CVK,"GOFORWILD Portable Speaker Mount, Adjustable Strap for Bluetooth Wireless Speakers, Compatible with Golf Cart Railing/Bike/Moto/Boat/ATV, Waterproof Outdoor Speaker Strap Holder, Speaker Attachment",https://www.amazon.com/dp/B0BVVN6CVK,4.4,81,15.99,0.0,69,False,0,electronics,Electronics,Televisions & Video Products,False,False,False,SRC-KAGGLE-002,amazon_products.csv
B0CB39227B,"Phone Tripod Stand, 85"" Tall Cell Phone Tripod with Gooseneck and Remote, Portable Phone Stand Tripod for Recording, Aluminium Travel Tripod, Compatible with iPhone 14 13 12 pro Android Cellphone",https://www.amazon.com/dp/B0CB39227B,5.0,0,26.89,0.0,79,False,0,electronics,Electronics,Camera & Photo,True,False,False,SRC-KAGGLE-002,amazon_products.csv
B09KC3JYC8,Mini CW Key Automatic Morse - Radio HAM Send Telegram Double Paddle Morse Code Key with Stainless Steel Body Three Neodymium Magnets Base,https://www.amazon.com/dp/B09KC3JYC8,4.5,0,59.99,0.0,73,False,0,electronics,Electronics,Portable Audio & Video,True,False,False,SRC-KAGGLE-002,amazon_products.csv
B0BQCTZQLK,"JVC HAD5TB Ultra-Compact IE Bluetooth Earbuds, True Wireless with Charging Case (Olive Black)",https://www.amazon.com/dp/B0BQCTZQLK,3.6,4,27.5,0.0,71,False,0,electronics,Electronics,Headphones & Earbuds,False,False,False,SRC-KAGGLE-002,amazon_products.csv
B0C4GLRC9K,"Wireless Ear Buds Bluetooth Earbuds, 60H Playtime LED Display Charging Case Bluetooth 5.3 Headphone with Mic, Noise Cancellation Stereo Sound, IPX5 Ear Buds for iPhone/Samsung/Android/iOS",https://www.amazon.com/dp/B0C4GLRC9K,4.3,2184,18.98,36.99,71,False,0,electronics,Electronics,Headphones & Earbuds,False,False,False,SRC-KAGGLE-002,amazon_products.csv
B09B2BBVZF,"Active Noise Cancelling Wireless Earbuds, ANC Bluetooth 5.0 Headphones with Charging Case, Touch Control, Built-in 4 Mic Earphones, Deep Bass, 30H Playtime, Waterproof Headset for Android iOS",https://www.amazon.com/dp/B09B2BBVZF,3.2,20,0.0,0.0,71,False,0,electronics,Electronics,Headphones & Earbuds,False,True,False,SRC-KAGGLE-002,amazon_products.csv
B07V4R9CH8,UHF Connectors PL-259 Female to Female Adapter Connector UHF SO239 Female Connectors Pack of 2 (NOT for TV),https://www.amazon.com/dp/B07V4R9CH8,4.7,0,9.99,0.0,82,False,0,electronics,Electronics,Home Audio & Theater Products,True,False,False,SRC-KAGGLE-002,amazon_products.csv
B09T9118RQ,"Sinjimoru Silicone Bands for Apple Watch, Adjustable Silicone Band Straps for Apple Watch Series Ultra/8/SE2/7/6/SE/5/4. Silicone Wristband for Apple Watch 38/40/41/42/44/45/49mm",https://www.amazon.com/dp/B09T9118RQ,4.1,0,9.99,10.99,68,False,0,electronics,Electronics,Wearable Technology,True,False,False,SRC-KAGGLE-002,amazon_products.csv
B0C2GWP5SV,"Portable Charger for iPhone, 5000mAh Mini Power Bank with Built-in Cable & Phone Stand, Small Battery Pack Compatible with for iPhone14/13/12/11/Pro/XS/XR/X/8/7/6/Plus AirPods and More, White",https://www.amazon.com/dp/B0C2GWP5SV,4.5,0,19.99,29.99,73,False,0,electronics,Electronics,Portable Audio & Video,True,False,False,SRC-KAGGLE-002,amazon_products.csv
B09QFT1CVN,"[Glass 2Pack + UV Lamp Included] Whitestone Dome Glass Screen Protector for Samsung Galaxy S22 Ultra, Full Tempered Glass Shield with Liquid Dispersion Tech [Easy to Install Kit] Smart Phone Screen Guard - Two Pack",https://www.amazon.com/dp/B09QFT1CVN,3.7,0,47.99,0.0,75,False,0,electronics,Electronics,Cell Phones & Accessories,True,False,False,SRC-KAGGLE-002,amazon_products.csv
B06XYFF86N,Yak-Power YP-RP5R Power Panel Switching System with Plug-and-Play Connectivity…,https://www.amazon.com/dp/B06XYFF86N,4.6,0,89.99,0.0,82,False,0,electronics,Electronics,Home Audio & Theater Products,True,False,False,SRC-KAGGLE-002,amazon_products.csv
B0CCP127S9,"15W Fast Wireless Car Charger Mount Dual Coil - Auto Alignment Clamping Wireless Car Phone Charger, Dashboard Windshield Wireless Charging Car Holder for iPhone15/14/13/12/Pro Max/Samsung Galaxy",https://www.amazon.com/dp/B0CCP127S9,4.7,0,29.99,0.0,73,False,0,electronics,Electronics,Portable Audio & Video,True,False,False,SRC-KAGGLE-002,amazon_products.csv
B07D6XTJBW,Hoya 77mm NXT Plus UV HMC Multi-Coated Slim Frame Glass Filter,https://www.amazon.com/dp/B07D6XTJBW,4.8,0,64.9,0.0,79,False,0,electronics,Electronics,Camera & Photo,True,False,False,SRC-KAGGLE-002,amazon_products.csv
B072639587,Nikon AF-P DX NIKKOR 10-20mm f/4.5-5.6G VR Lens,https://www.amazon.com/dp/B072639587,4.6,0,306.95,0.0,79,False,0,electronics,Electronics,Camera & Photo,True,False,False,SRC-KAGGLE-002,amazon_products.csv
B005C6HZCI,Stinger SI4617 17-Foot 4000 Series Professional 6 Channel RCA Interconnects,https://www.amazon.com/dp/B005C6HZCI,4.7,749,28.94,0.0,69,False,0,electronics,Electronics,Televisions & Video Products,False,False,False,SRC-KAGGLE-002,amazon_products.csv
B07MFDP36H,JJC RM-VPR1 Wired Remote Control for Sony FDR-AX53 AX43 AX33 AX100 AX700 AX60 PXW-X70 PXW-Z90V HXR-NX80 HDR-CX405 CX455 CX440 CX675 CX680 CX900 A6000 A6100 A6300 A6400 RX100 VII VI ZV-1 RX10 IV A7R V,https://www.amazon.com/dp/B07MFDP36H,4.5,0,29.99,0.0,79,False,0,electronics,Electronics,Camera & Photo,True,False,False,SRC-KAGGLE-002,amazon_products.csv
B0CCDGBZXX,"Smart Watch(Answer/Make Call), 2.01"" Smartwatch for Men Women, IP67 Waterproof, 100+ Sport Modes Fitness Tracker, Heart Rate Sleep Monitor, AI Voice, Smart Watches for Android iOS Phones",https://www.amazon.com/dp/B0CCDGBZXX,4.5,0,69.99,0.0,68,False,0,electronics,Electronics,Wearable Technology,True,False,False,SRC-KAGGLE-002,amazon_products.csv
B0C3VNCWHJ,9-in-1 Record Player Bluetooth 3 Speed Turntable for Vinyl with Built-in Speakers USB Playback CD Cassette FM AM Raido Aux in RCA Out Vintage Multifunctional LP Player,https://www.amazon.com/dp/B0C3VNCWHJ,4.6,0,119.99,0.0,82,False,0,electronics,Electronics,Home Audio & Theater Products,True,False,False,SRC-KAGGLE-002,amazon_products.csv
B0CBWRW53X,GEAK Cute Band Compatible for Fitbit Versa 2 Bands-Fitbit Versa Bands-Versa Lite Bands-Fitbit Versa 2 Watch Bands for Women Men Stylish Pattern Fadeless Printed Strap for Fitbit SmartWatch Small Large,https://www.amazon.com/dp/B0CBWRW53X,3.8,4,6.99,0.0,68,False,0,electronics,Electronics,Wearable Technology,False,False,False,SRC-KAGGLE-002,amazon_products.csv
B094861G7Y,"Pyle 1000W Bluetooth Home Theater Receiver - 5.2 Channel Surround Sound Stereo Amplifier System with 4K Ultra HD, 3D Video & Blu-Ray Video Pass-Through Supports, HDMI/MP3/USB/AM/FM Radio - Pyle, Black",https://www.amazon.com/dp/B094861G7Y,3.5,0,174.04,0.0,82,False,0,electronics,Electronics,Home Audio & Theater Products,True,False,False,SRC-KAGGLE-002,amazon_products.csv
B09614L1ZZ,"elago Charging Station Compatible with iPhone 14 Series, iPhone 13 Series, Compatible with iPhone 12 Series, Compatible with MagSafe, Compatible with Apple Watch Series - Chargers are NOT Included",https://www.amazon.com/dp/B09614L1ZZ,4.4,666,28.99,0.0,68,False,0,electronics,Electronics,Wearable Technology,False,False,False,SRC-KAGGLE-002,amazon_products.csv
B0B8W6PS6D,USB Type C to C Charging and Data Transfer Cable with 3 Adapters Combination Set in Pocket Mirror Case,https://www.amazon.com/dp/B0B8W6PS6D,4.4,0,9.96,0.0,69,False,0,electronics,Electronics,Televisions & Video Products,True,False,False,SRC-KAGGLE-002,amazon_products.csv
B0B2HXJZ98,"SAMSUNG Galaxy Watch 5 Pro 45mm Bluetooth Smartwatch w/ Body, Health, Fitness and Sleep Tracker, Improved Battery, Sapphire Crystal Glass, GPS Route Tracking, Titanium Frame, US Version, Black",https://www.amazon.com/dp/B0B2HXJZ98,4.6,0,399.99,449.99,68,False,0,electronics,Electronics,Wearable Technology,True,False,False,SRC-KAGGLE-002,amazon_products.csv
B09Z9JQZD8,"Bestrix Phone Holder for Car, Phone Mount for car Car Phone Mount, Cell Phone Car Phone Holder Compatible with iPhone 14 13 12 Pro, Xr,Xs,XS MAX,XR,X, Galaxy S22 & All Smartphones (Cradle)",https://www.amazon.com/dp/B09Z9JQZD8,3.9,0,21.99,0.0,73,False,0,electronics,Electronics,Portable Audio & Video,True,False,False,SRC-KAGGLE-002,amazon_products.csv
B07WR2LXMC,AIIKES 7x5FT Fall Thanksgiving Photo Backdrop Rustic Wood Board Barn Harvest Photography Backdrop Autumn Pumpkin Leaves Flower Baby Birthday Portrait Party Decoration Photo Studio Props 11-741,https://www.amazon.com/dp/B07WR2LXMC,4.7,0,10.99,11.99,79,False,0,electronics,Electronics,Camera & Photo,True,False,False,SRC-KAGGLE-002,amazon_products.csv
B08HR72FPY,"Amazfit Digital Smart Scale for Body Weight, Digital Wireless Bathroom Scale, Body Fat BMI Scale, WiFi & Bluetooth Compatible, Heart Rate Monitor, w/Body Composition Analyzer & Smartphone App - Black",https://www.amazon.com/dp/B08HR72FPY,4.2,497,49.99,0.0,68,False,0,electronics,Electronics,Wearable Technology,False,False,False,SRC-KAGGLE-002,amazon_products.csv
B00009UTZJ,Westcott 2016 45-Inch Optical White Satin with Removable Black Cover Umbrella,https://www.amazon.com/dp/B00009UTZJ,4.5,0,32.9,0.0,79,False,0,electronics,Electronics,Camera & Photo,True,False,False,SRC-KAGGLE-002,amazon_products.csv
B0BBYRWJV4,XRT140 Replace Remote Control fit for VIZIO D Series LED Smart TV D40f-J09 D43f-J04 D32f4-J01 D32f-J04 D32h-J09 D24f4-J01 D24h-J09 D24f-J09 (V3),https://www.amazon.com/dp/B0BBYRWJV4,4.6,0,7.94,0.0,69,False,0,electronics,Electronics,Televisions & Video Products,True,False,False,SRC-KAGGLE-002,amazon_products.csv
B07SGQKCWV,10 Pairs 3 Core Black Pigtail Waterproof Ray Wu Connector for LED Smart Pixel Lights,https://www.amazon.com/dp/B07SGQKCWV,4.6,0,25.99,0.0,82,False,0,electronics,Electronics,Home Audio & Theater Products,True,False,False,SRC-KAGGLE-002,amazon_products.csv
B0BV1L1TY2,"Fulext Bluetooth Headband Headphones, Sleep Headphones For Side Sleepers - Sleeping Comfortable with Thin Speaker Microphone Handsfree Best Gift Ideas Women Men",https://www.amazon.com/dp/B0BV1L1TY2,4.4,466,19.99,0.0,71,False,0,electronics,Electronics,Headphones & Earbuds,False,False,False,SRC-KAGGLE-002,amazon_products.csv
B07894CSC6,InWin Mag Ear Blue Headphone & Earphone Holder Small Portable Anti-Slip Silicone Cradle Design,https://www.amazon.com/dp/B07894CSC6,4.3,21,13.0,0.0,71,False,0,electronics,Electronics,Headphones & Earbuds,False,False,False,SRC-KAGGLE-002,amazon_products.csv
B0C3QZFVH5,"Case Cover for AirPods Max, Soft Silicone Case Cover Kit for AirPod Max Ear Pad/Ear Cups/Headband, Anti-Scratch Protective Accessories for Apple AirPods Max Headphones (Pink)",https://www.amazon.com/dp/B0C3QZFVH5,4.4,0,11.99,0.0,75,False,0,electronics,Electronics,Cell Phones & Accessories,True,False,False,SRC-KAGGLE-002,amazon_products.csv
B0BJVVPJ9M,"USB to USB Cable 1FT 2-Pack, USB 3.0 Cord USB A Male to Male Cable Double Sided USB Cord Compatible with Hard Drive, Laptop Cooler, DVD Player and More",https://www.amazon.com/dp/B0BJVVPJ9M,4.4,0,8.99,0.0,69,False,0,electronics,Electronics,Televisions & Video Products,True,False,False,SRC-KAGGLE-002,amazon_products.csv
B07S5J8TXX,"AILIHEN A80 Bluetooth Wireless Headphones On Ear with Mic Hi-Fi Stereo Wired Foldable Headsets, Soft Earpads, Support with TF Card/MP3 Mode, 25H Playtime for Travel TV PC Cellphone (Rose Gold)",https://www.amazon.com/dp/B07S5J8TXX,4.3,597,16.98,0.0,71,False,0,electronics,Electronics,Headphones & Earbuds,False,False,False,SRC-KAGGLE-002,amazon_products.csv
B07SDBG5BH,"Gosky Universal Binocular Tripod Mount, Stabilite Binocular Tripod Adapter -1/4-20 - New Binocular Rest Compatible with All Tripods",https://www.amazon.com/dp/B07SDBG5BH,4.5,0,26.99,0.0,79,False,0,electronics,Electronics,Camera & Photo,True,False,False,SRC-KAGGLE-002,amazon_products.csv
B09J4FBMNJ,"[Fingerprint Compatible][2 Pack] Tempered Glass for Google Pixel 6 Screen Protector[2021], with [Alignment] Designed for Pixel 6, Anti-Fingerprint, Anti-Scratch, No-Bubble, Case Friendly",https://www.amazon.com/dp/B09J4FBMNJ,4.3,0,9.99,0.0,75,False,0,electronics,Electronics,Cell Phones & Accessories,True,False,False,SRC-KAGGLE-002,amazon_products.csv
B0CF9Z8JNQ,"Wired Earbuds Headphones in-Ear Earphones with Microphone Remote. 3.5mm Plug in Audio Jack, Noise Isolating Ear Buds, Memory Foam for iPhone, Samsung, School Students, Kids, Women, Small Ears",https://www.amazon.com/dp/B0CF9Z8JNQ,5.0,4,3.99,4.99,71,False,0,electronics,Electronics,Headphones & Earbuds,False,False,False,SRC-KAGGLE-002,amazon_products.csv
B08JJ48TMK,"LK 6 Pack 3 Pack Screen Protector & 3 Pack Camera Lens Protector for Samsung Galaxy S20 FE 5G 6.5-inch, Tempered Glass, Easy Frame Installation, Support Fingerprint Reader, Case Friendly",https://www.amazon.com/dp/B08JJ48TMK,4.5,0,10.99,0.0,75,False,0,electronics,Electronics,Cell Phones & Accessories,True,False,False,SRC-KAGGLE-002,amazon_products.csv
B07DF97L7M,LYWYGG 7x5ft Thin Vinyl Brown Wood Backdrop Photographers Retro Wood Wall Background Cloth Seamless CP-19,https://www.amazon.com/dp/B07DF97L7M,4.5,0,11.99,19.99,79,False,0,electronics,Electronics,Camera & Photo,True,False,False,SRC-KAGGLE-002,amazon_products.csv
B07L45JDD4,"Julius Studio 10 x 16 ft. / 120 x 192 inch Large Gray Backdrop Background Screen, High Density 150 GSM Premium Material for Professional Photo Video Studio, Pure Grey Muslin, JSAG486",https://www.amazon.com/dp/B07L45JDD4,4.5,0,36.99,0.0,79,False,0,electronics,Electronics,Camera & Photo,True,False,False,SRC-KAGGLE-002,amazon_products.csv
B09841HG7D,"Bushnell H2O 10x42mm Binoculars, Waterproof and Fogproof Binoculars for Boating, Hiking, and Camping, Multi",https://www.amazon.com/dp/B09841HG7D,4.7,0,89.47,149.95,79,False,100,electronics,Electronics,Camera & Photo,True,False,False,SRC-KAGGLE-002,amazon_products.csv
B09GBQ13M9,Original AN-MR21GA Magic Remote with Voice LG,https://www.amazon.com/dp/B09GBQ13M9,4.5,598,27.88,0.0,69,False,0,electronics,Electronics,Televisions & Video Products,False,False,False,SRC-KAGGLE-002,amazon_products.csv
B09MK9NNBM,Pixel 6 Screen Protector Tempered Glass with Camera Lens Protector for Google Pixel 6 [Fingerprint Unlock][Anti-Scratch][6.4 Inch][2+ 2 Pack ],https://www.amazon.com/dp/B09MK9NNBM,4.4,0,11.97,0.0,75,False,0,electronics,Electronics,Cell Phones & Accessories,True,False,False,SRC-KAGGLE-002,amazon_products.csv
B08Z47XLGZ,Cybershoes Gaming Station for Oculus Quest & Steam VR - Use with Your VR Headset for Walking or Running in VR Games. Experience the Power of Virtual Reality Gaming.,https://www.amazon.com/dp/B08Z47XLGZ,3.6,45,249.99,0.0,68,False,0,electronics,Electronics,Wearable Technology,False,False,False,SRC-KAGGLE-002,amazon_products.csv
B091F18931,MECOOL KM2 Android TV Netflix 4K with Google Assistant Build in 4K HDR Streaming Media Player Google Certified Free HDMI Cable,https://www.amazon.com/dp/B091F18931,4.4,0,78.99,0.0,69,False,0,electronics,Electronics,Televisions & Video Products,True,False,False,SRC-KAGGLE-002,amazon_products.csv
B00004SY4H,"Sennheiser HD 600 - Audiophile Hi-Res Open Back Dynamic Headphone, Black",https://www.amazon.com/dp/B00004SY4H,4.7,2435,299.95,449.95,71,False,0,electronics,Electronics,Headphones & Earbuds,False,False,False,SRC-KAGGLE-002,amazon_products.csv
B081Q9YVJS,"NEEWER 77 inch Camera Tripod Monopod for DSLR with 360° Panoramic Ball Head, 2 Axis Center Column, Arca Type QR Plate, Compact Aluminum Lightweight 18lb Max Load, Carry Bag Included",https://www.amazon.com/dp/B081Q9YVJS,4.7,0,75.04,0.0,79,False,0,electronics,Electronics,Camera & Photo,True,False,False,SRC-KAGGLE-002,amazon_products.csv
B099ZHVXB5,"Wolait Compatible with Apple Watch Band 45mm 44mm 42mm 41mm 40mm 38mm with Case,Upgraded Stainless Steel Metal Business Band with Screen Protector for iWatch Series 8/7/SE Series 6/5/4/3/2/1",https://www.amazon.com/dp/B099ZHVXB5,4.4,877,18.98,0.0,68,False,0,electronics,Electronics,Wearable Technology,False,False,False,SRC-KAGGLE-002,amazon_products.csv
B0B63DFT9Q,"Wireless Charger, Boaraino Magnetic 3 in 1 Wireless Charging Station Compatible with iPhone 14/14 Max/14 Pro/14 Pro Max/iPhone 13/12 Series, Apple Watch 8/SE2/7/6/SE/5/4/3, AirPods 2/3/Pro",https://www.amazon.com/dp/B0B63DFT9Q,4.4,0,29.99,0.0,73,False,0,electronics,Electronics,Portable Audio & Video,True,False,False,SRC-KAGGLE-002,amazon_products.csv
B08GPM4K47,"tv Sound bar, 37inch Audio tv Speaker with Surround Sound Home Theater System 4 Driver Speakers,Remote Control,Wall Mounted,Optical/Aux/RCA/USB/Micro SD Connection",https://www.amazon.com/dp/B08GPM4K47,3.6,0,39.99,41.99,82,False,0,electronics,Electronics,Home Audio & Theater Products,True,False,False,SRC-KAGGLE-002,amazon_products.csv
B0C6F23C54,"VIQIV Leather Band Compatible with Apple Watch Ultra Band 49mm 45mm 44mm 42mm 41mm 40mm 38mm for Women, Rivets Bracelet for Apple Watch Band for Men, Hollow-out Woven Designer Wristbands Smartwatch Strap for iWatch Series SE 8 7 6 5 4 3 2",https://www.amazon.com/dp/B0C6F23C54,4.6,3,19.98,0.0,68,False,0,electronics,Electronics,Wearable Technology,False,False,False,SRC-KAGGLE-002,amazon_products.csv
B0CHRGX933,"3.5mm Male to Type C Female Audio Cable, Headphone Audio Adapter Compatible with iPad, MP3 Players, CD Players, Smartphone, Laptops, Tablets, Red",https://www.amazon.com/dp/B0CHRGX933,0.0,0,12.99,0.0,73,False,0,electronics,Electronics,Portable Audio & Video,True,False,True,SRC-KAGGLE-002,amazon_products.csv
B07D3CTCXP,JBL JBLENDURJUMPTEL Endurance Jump Wireless Sports Headphones - Teal,https://www.amazon.com/dp/B07D3CTCXP,4.2,425,69.95,0.0,71,False,0,electronics,Electronics,Headphones & Earbuds,False,False,False,SRC-KAGGLE-002,amazon_products.csv
B073Z6PTX2,12 Volt DC Cord to Power TVs with A Cigarette Lighter Socket - Universal Connector,https://www.amazon.com/dp/B073Z6PTX2,4.5,0,12.99,14.99,82,False,0,electronics,Electronics,Home Audio & Theater Products,True,False,False,SRC-KAGGLE-002,amazon_products.csv
B0BVFWV8HC,"Wireless Charging Station, 3 in 1 Wireless Charger Stand, Folding Fast Wireless Charging Dock for iPhone 14/13/12/11/Pro/Max/XS/XR/X/Plus, for Apple Watch 7/6/5/4/3/2/SE & AirPods 3/2(Black)",https://www.amazon.com/dp/B0BVFWV8HC,4.6,0,19.99,0.0,73,False,0,electronics,Electronics,Portable Audio & Video,True,False,False,SRC-KAGGLE-002,amazon_products.csv
B087C9T8NY,TLi013C1 Battery Alcatel One Go Flip Phone 4044W 4044T 4044O 4044V,https://www.amazon.com/dp/B087C9T8NY,4.2,0,9.49,0.0,75,False,0,electronics,Electronics,Cell Phones & Accessories,True,False,False,SRC-KAGGLE-002,amazon_products.csv
B0BW49FSC1,"Mini 3 / Mini 3 Pro Propeller Holder,Prop Strap Guard Protector Stabilizer for DJI Mini 3 Series RC Drone Accessories(Orange)",https://www.amazon.com/dp/B0BW49FSC1,4.6,0,8.99,0.0,79,False,300,electronics,Electronics,Camera & Photo,True,False,False,SRC-KAGGLE-002,amazon_products.csv
B08CVS4FVJ,Marantz SR8015 11.2 Channel AV Receiver with HEOS Music Streaming,https://www.amazon.com/dp/B08CVS4FVJ,4.4,0,3899.0,0.0,82,False,0,electronics,Electronics,Home Audio & Theater Products,True,False,False,SRC-KAGGLE-002,amazon_products.csv
B0CF8C1H9Q,"Wireless Earbud, Bluetooth Headphones 5.3 Stereo Bass Earphones Noise Cancelling Ear Buds 40H Dual Mic Call Bluetooth Earbud in-Ear USB-C LED Display IP7 Waterproof Sport Headset for Android iOS White",https://www.amazon.com/dp/B0CF8C1H9Q,0.0,0,19.99,0.0,71,False,0,electronics,Electronics,Headphones & Earbuds,True,False,True,SRC-KAGGLE-002,amazon_products.csv
B0CCHTSHX1,"BULYPAZY 2pcs Sleep Headphones Bluetooth Headband, Headphones Headband with Ultra-Thin Speakers Perfect for Side Sleepers, Running, Insomniac, Nap, Travel, Meditation（Grey&Blue, One Pair of Speakers）",https://www.amazon.com/dp/B0CCHTSHX1,4.3,23,25.97,0.0,71,False,100,electronics,Electronics,Headphones & Earbuds,False,False,False,SRC-KAGGLE-002,amazon_products.csv
B01CVDB304,"Sangean DT-160 AM/FM Stereo Pocket Radio with 100 Operating Hours on 2 AA Batteries, White",https://www.amazon.com/dp/B01CVDB304,4.4,0,42.83,0.0,73,False,0,electronics,Electronics,Portable Audio & Video,True,False,False,SRC-KAGGLE-002,amazon_products.csv
B0CBRRGYWV,"PSIER Wireless Earbuds Bluetooth Headphones 50H Playtime Ear Buds Bluetooth 5.3 Power Display Sports Headphones with Earhooks IPX7 Waterproof Earbuds with Mic Over-Ear Earphones for Running, Rose Gold",https://www.amazon.com/dp/B0CBRRGYWV,0.0,0,76.99,0.0,71,False,0,electronics,Electronics,Headphones & Earbuds,True,False,True,SRC-KAGGLE-002,amazon_products.csv
B0C8HD38CL,All-in-One Charging Station Wireless Charger Speaker and Light Portable Stand Bluetooth Wireless Charging Speaker with Charging Compatible with iPhone Apple Speaker Charger Dock RGB Lamps,https://www.amazon.com/dp/B0C8HD38CL,0.0,0,39.88,0.0,73,False,0,electronics,Electronics,Portable Audio & Video,True,False,True,SRC-KAGGLE-002,amazon_products.csv
B0985ZPFRJ,"comfydesign Apple Watch Band Compatible With 38mm/40mm/42mm/44mm Cute Band for Game Fan Memorabilia Gifts For Men/Youngboy/Kids Birthday Christmas Compatible iWatch Series 7 & SE6,5,4,3,2,1",https://www.amazon.com/dp/B0985ZPFRJ,4.3,180,14.99,0.0,68,False,0,electronics,Electronics,Wearable Technology,False,False,False,SRC-KAGGLE-002,amazon_products.csv
B0BFX1MHS9,"Bluetooth Vinyl Record Player, 3 Speeds All in 1 LP Turntable with External Stereo Speakers, CD Player Cassette AM/FM Radio USB/SD Encoding & Playing Phonograph",https://www.amazon.com/dp/B0BFX1MHS9,3.9,0,155.99,0.0,82,False,0,electronics,Electronics,Home Audio & Theater Products,True,False,False,SRC-KAGGLE-002,amazon_products.csv
B07ZJV755L,"iRAG 6ft USB A to USB C Charger Cable, Fast Charging USB Type C Cable, Nylon Braided Cord Compatible with Samsung Galaxy S23/S22/S21/S20, Google Pixel, Motorola, iPad Pro, and More",https://www.amazon.com/dp/B07ZJV755L,4.6,4161,3.99,0.0,69,False,0,electronics,Electronics,Televisions & Video Products,False,False,False,SRC-KAGGLE-002,amazon_products.csv
B09JL8RJ6Z,"Samsung Galaxy Watch 4 Classic 46mm Smartwatch with ECG Monitor Tracker for Health Fitness Running Sleep Cycles GPS Fall Detection LTE US Version, Black (Renewed)",https://www.amazon.com/dp/B09JL8RJ6Z,4.4,0,124.99,184.99,68,False,0,electronics,Electronics,Wearable Technology,True,False,False,SRC-KAGGLE-002,amazon_products.csv
B0BX3NXDBB,Open Ear Bluetooth Headphones Air Conduction Technology for Safe Outdoor Activities - Lightweight and Comfortable - Up to 15 Hours Playtime (Black),https://www.amazon.com/dp/B0BX3NXDBB,3.1,0,9.99,0.0,71,False,0,electronics,Electronics,Headphones & Earbuds,True,False,False,SRC-KAGGLE-002,amazon_products.csv
B09YY9KNWC,SlimQ USB C Magnetic Adapter USB C to 2 T-Tip Cable Cord 5.9FT PD 60W 85W 100W Power Fast Head Charging Compatible w Typec mag-safe2 Old MacBook Pro After 2012 Year (for MacBook Pro Only),https://www.amazon.com/dp/B09YY9KNWC,3.9,212,14.99,0.0,69,False,0,electronics,Electronics,Televisions & Video Products,False,False,False,SRC-KAGGLE-002,amazon_products.csv
B0CD6Y7T2R,"BESTISAN Sound bar, 21-Inch Wired &Wireless Stereo Soundbar for TV, Bluetooth 5.0, Three Equalizer Modes Sound Bars, Treble/Bass Adjustable, Wall Mountable, Aux/HDMI ARC/Optical/Coaxial Connection",https://www.amazon.com/dp/B0CD6Y7T2R,0.0,0,69.99,0.0,82,False,0,electronics,Electronics,Home Audio & Theater Products,True,False,True,SRC-KAGGLE-002,amazon_products.csv
B09XBQNFNY,Fujifilm Instax Mini Instant Film Twin Pack (Total 20 Shoots) + 20 Sticker Film Frames + Photo Bouquet Holder,https://www.amazon.com/dp/B09XBQNFNY,4.7,0,26.49,0.0,79,False,0,electronics,Electronics,Camera & Photo,True,False,False,SRC-KAGGLE-002,amazon_products.csv
B09MQMV9TP,AC Power Cord for TCL Roku Sharp Insignia Hisense Smart LED LCD HD TV 2 Prong Power Cable,https://www.amazon.com/dp/B09MQMV9TP,4.7,0,7.98,0.0,82,False,0,electronics,Electronics,Home Audio & Theater Products,True,False,False,SRC-KAGGLE-002,amazon_products.csv
B0C5WZTDNL,Ttbesmi Open Ear Buds Ear Clip Bone Conduction Headphones Head Phones Bluetooth Clip On Headphones Tiny Wireless Bone Buds Bluetooth Clip On Bone Conduction Headset Auriculares De Conduccion Osea,https://www.amazon.com/dp/B0C5WZTDNL,0.0,0,29.99,0.0,71,False,0,electronics,Electronics,Headphones & Earbuds,True,False,True,SRC-KAGGLE-002,amazon_products.csv
B072FKDT8C,"Monoprice Onix Series Digital Coaxial Audio/Video RCA Subwoofer CL2 Rated Cable, RG-6/U 75-ohm 6ft Black",https://www.amazon.com/dp/B072FKDT8C,4.7,0,10.18,0.0,82,False,0,electronics,Electronics,Home Audio & Theater Products,True,False,False,SRC-KAGGLE-002,amazon_products.csv
B08CHGRL44,"HUION Full-Featured USB-C to USB-C Cable Support USB3.1 GEN2 DP Signal for Graphic Drawing Tablet with Screen Kamvas 12/13/16(2021)/22/24/22 Plus/24 Plus/Pro 16 (4K)/Pro 16 Plus (4K)/Pro 24(4K), 3.2ft",https://www.amazon.com/dp/B08CHGRL44,4.1,428,24.99,0.0,69,False,0,electronics,Electronics,Televisions & Video Products,False,False,False,SRC-KAGGLE-002,amazon_products.csv
B097Y67GRK,"NEEWER Camera Tripod with Remote, Mini Flexible Tripod Stand with Mount Adapter for Hero 11 10 9, Hidden Phone Holder with Cold Shoe, 1/4"" Screw for Magic Arm, Phone Vlog Tripod Load Up to 4.4lb - T30",https://www.amazon.com/dp/B097Y67GRK,4.5,0,22.99,0.0,79,False,0,electronics,Electronics,Camera & Photo,True,False,False,SRC-KAGGLE-002,amazon_products.csv
B0BTJ7LVG8,"Professional Waterproof Apple Watch Case 45mm Series 8/7, Full Body Case with Screen Protector and Band, iWatch Series 8 Series 7 45mm Waterproof Case Cover",https://www.amazon.com/dp/B0BTJ7LVG8,4.5,0,25.99,0.0,68,False,0,electronics,Electronics,Wearable Technology,True,False,False,SRC-KAGGLE-002,amazon_products.csv
B0046H8ZHS,"SleepPhones AcousticSheep Classic | Corded Headphones for Sleep, Travel, and More | The Original and Most Comfortable Headphones for Sleeping | Midnight Black - Fleece Fabric (Size M)",https://www.amazon.com/dp/B0046H8ZHS,3.8,1606,39.95,0.0,71,False,0,electronics,Electronics,Headphones & Earbuds,False,False,False,SRC-KAGGLE-002,amazon_products.csv
B0CCCYBR75,for Oculus Quest 2 Accessories Face Cushion Cover for Quest 2 Contorller Grips Lens Cover VR Silicone Covers VR Shell Cover Thumbsticks Covers for Meta Quest 2 Disposable Eye Cover 5pcs (Black),https://www.amazon.com/dp/B0CCCYBR75,4.6,15,21.99,0.0,68,False,50,electronics,Electronics,Wearable Technology,False,False,False,SRC-KAGGLE-002,amazon_products.csv
B07Q3VP2XG,"Mount Metal Plate（8Pack） for Magnetic Car Mount Phone Holder with Full Adhesive for Phone Magnet, Magnetic Mount, Car Mount Magnet-8X Round (Black)",https://www.amazon.com/dp/B07Q3VP2XG,4.5,0,3.99,0.0,73,False,0,electronics,Electronics,Portable Audio & Video,True,False,False,SRC-KAGGLE-002,amazon_products.csv
B09CMPJBG8,"2x2 TV Wall Controller UltraHD 4Kx2K 1080P 60Hz Screen Splicing, HDMI Input 4 HDMI Output, 1x2 2x1 1x3 3x1 2x2 1x4 4x1, high-Definition Video Display Output Projector LCD TV, etc",https://www.amazon.com/dp/B09CMPJBG8,4.7,0,129.9,0.0,82,False,0,electronics,Electronics,Home Audio & Theater Products,True,False,False,SRC-KAGGLE-002,amazon_products.csv
B09WT3GP3Z,"Baby Shark Alarm Clock and Bluetooth Speaker, Yellow",https://www.amazon.com/dp/B09WT3GP3Z,4.5,0,14.88,29.98,82,False,0,electronics,Electronics,Home Audio & Theater Products,True,False,False,SRC-KAGGLE-002,amazon_products.csv
B09FFWBZ1D,Strauss & Wagner Audio EM8C Wired Earbuds with USB-C Connection,https://www.amazon.com/dp/B09FFWBZ1D,4.2,13,49.95,0.0,71,False,0,electronics,Electronics,Headphones & Earbuds,False,False,False,SRC-KAGGLE-002,amazon_products.csv
B0C4Y56Q4V,"Telescope,80mm Aperture 600mm Telescopes for Adults Astronomy,Fully Mult-Coated High Powered Refracting Telescope for Kids Beginners,Professional Telescopes with Tripod,Phone Adapter and Bag",https://www.amazon.com/dp/B0C4Y56Q4V,4.4,0,145.99,159.0,79,False,0,electronics,Electronics,Camera & Photo,True,False,False,SRC-KAGGLE-002,amazon_products.csv
B0BTBX1J3Q,"Compatible with HENGTO Kids Smart Watch Charger, 2 Pin Magnetic USB Replacement Charging Compatible with HENGTO H39 PLUS/HENGTO H69/Mgaolo H91/Slothcloud H99 PLUS Kids Smart Watch (2 pack-Black+Black)",https://www.amazon.com/dp/B0BTBX1J3Q,5.0,1,11.99,0.0,68,False,0,electronics,Electronics,Wearable Technology,False,False,False,SRC-KAGGLE-002,amazon_products.csv
B08H1QMTKM,"ARAFUNA Portable CD Player with Dual Stereo Speakers, Rechargeable CD Player for Car with Anti-Skip Protection, Walkman CD Player with Headphones and AUX Cable",https://www.amazon.com/dp/B08H1QMTKM,4.3,0,49.89,65.9,73,False,0,electronics,Electronics,Portable Audio & Video,True,False,False,SRC-KAGGLE-002,amazon_products.csv
B0BGPPX7DC,"【Pack of 2】 RC280 Replacement Remote Control for Roku TV,Compatible for TCL Roku/Hisense Roku/Onn Roku/Sharp Roku/Element Roku/Westinghouse Roku/Philips Roku/Insignia Roku/Jvc Roku/RCA Smart TVs",https://www.amazon.com/dp/B0BGPPX7DC,4.5,2095,11.77,0.0,69,False,0,electronics,Electronics,Televisions & Video Products,False,False,False,SRC-KAGGLE-002,amazon_products.csv
B0BP8DXVNR,JBL Boombox 3 - Portable Bluetooth Speaker - Squad (Renewed),https://www.amazon.com/dp/B0BP8DXVNR,4.5,0,348.12,499.95,73,False,0,electronics,Electronics,Portable Audio & Video,True,False,False,SRC-KAGGLE-002,amazon_products.csv
B08HDLJRSS,PUMA Golf 2020 PopTop Mini BlueTooth Speaker (Puma Black),https://www.amazon.com/dp/B08HDLJRSS,3.9,0,19.95,39.99,73,False,0,electronics,Electronics,Portable Audio & Video,True,False,False,SRC-KAGGLE-002,amazon_products.csv
B0C3FRKCQC,"SAMSUNG Galaxy 15W Wireless Charger Single, Cordless Super Fast Charging Pad and USB Type C Cable Included for Galaxy Phones and Devices, US Version, 2022, White, with Cleaning Cloth",https://www.amazon.com/dp/B0C3FRKCQC,5.0,0,34.0,0.0,73,False,0,electronics,Electronics,Portable Audio & Video,True,False,False,SRC-KAGGLE-002,amazon_products.csv
B004JMZPJG,Case Logic DCB-306 SLR Camera Holster (Black) Large,https://www.amazon.com/dp/B004JMZPJG,4.6,0,28.13,34.99,79,False,0,electronics,Electronics,Camera & Photo,True,False,False,SRC-KAGGLE-002,amazon_products.csv
B01L8GG6PW,"GANA RCA to HDMI, 1080P Mini RCA Composite CVBS AV to HDMI Video Audio Converter Adapter Supporting PAL/NTSC with USB Charge Cable for PC Laptop Xbox PS4 PS3 TV STB VHS VCR Camera DVD (Black)",https://www.amazon.com/dp/B01L8GG6PW,4.4,18160,9.99,10.68,69,False,0,electronics,Electronics,Televisions & Video Products,False,False,False,SRC-KAGGLE-002,amazon_products.csv
B081ZGZDCK,Assistive Technology Services Glassouse Bite Switch New Model- 10 Million clicks,https://www.amazon.com/dp/B081ZGZDCK,3.3,26,129.77,0.0,68,False,0,electronics,Electronics,Wearable Technology,False,False,False,SRC-KAGGLE-002,amazon_products.csv
B0C5X564PD,"64GB MP3 Player with Bluetooth 5.0, Portable Digital Lossless Music Player with Built-in Speaker, 2.4 in Full Touch Screen, FM Radio, Line-in Voice Recorder, Earphones Included, Support up to 128GB",https://www.amazon.com/dp/B0C5X564PD,4.2,0,36.99,0.0,73,False,0,electronics,Electronics,Portable Audio & Video,True,False,False,SRC-KAGGLE-002,amazon_products.csv
B09W1JBPYV,1 Port Coax Cable Wall Plate Black - Single Gang TV Coax F-Type Outlet Cover Plate for Coaxial Cable,https://www.amazon.com/dp/B09W1JBPYV,4.5,0,7.5,0.0,82,False,0,electronics,Electronics,Home Audio & Theater Products,True,False,False,SRC-KAGGLE-002,amazon_products.csv
B07CDCRNRS,"Wepro Replacement Bands Compatible with Fitbit Versa SmartWatch, Versa 2 and Versa Lite SE Sports Watch Band for Women Men, Small, Large",https://www.amazon.com/dp/B07CDCRNRS,4.4,0,6.99,0.0,68,False,1000,electronics,Electronics,Wearable Technology,True,False,False,SRC-KAGGLE-002,amazon_products.csv
B00HWFXEEK,5 Pack - DirecTV Universal High Speed 6FT HDMI Cable,https://www.amazon.com/dp/B00HWFXEEK,4.7,1103,9.99,15.99,69,False,0,electronics,Electronics,Televisions & Video Products,False,False,False,SRC-KAGGLE-002,amazon_products.csv
B0C4B2Q73Y,"15pcs watch charms with 12pcs Decorative ring Loops & 3pcs watch stud,metal Diamond Sliding Strap Accessories Compatible with Apple watch Silicone bands 38mm 40mm 41mm 42mm 44mm 45mm 49mm iwatch Series 8 7 6 5 4 3 Rhinstone ornament",https://www.amazon.com/dp/B0C4B2Q73Y,4.3,0,8.99,0.0,68,False,0,electronics,Electronics,Wearable Technology,True,False,False,SRC-KAGGLE-002,amazon_products.csv
B003LRXXVM,Wireless Bluetooth Headphones-Wireless in-Ear Headphones-Running Headphones for Women Men-Sport Bluetooth Earphones-Best Sport Wireless Earbuds-Outdoor Portable Bluetooth Earphones,https://www.amazon.com/dp/B003LRXXVM,4.5,291,99.99,0.0,71,False,0,electronics,Electronics,Headphones & Earbuds,False,False,False,SRC-KAGGLE-002,amazon_products.csv
B0C9MYHC29,"Upgraded V5.1 FM Bluetooth Transmitter Car, Type-C PD 20W+ QC3.0 Fast USB Charger, Wireless Bluetooth 5.1 Radio Car Kit, Supports Bluetooth & U-Disk",https://www.amazon.com/dp/B0C9MYHC29,4.6,0,13.99,0.0,73,False,0,electronics,Electronics,Portable Audio & Video,True,False,False,SRC-KAGGLE-002,amazon_products.csv
B008RZ0FFA,Original BaoFeng UV-5R Two-way Radio Battery,https://www.amazon.com/dp/B008RZ0FFA,4.7,0,8.99,0.0,73,False,0,electronics,Electronics,Portable Audio & Video,True,False,False,SRC-KAGGLE-002,amazon_products.csv
B07GX845LP,Spracht Zum RJ9 Single Ear Wired Headset for Desktop Phones | Universal Telephone Headsets for Office Phones | Works with Polycom Digium Nortel Yealink Avaya Grandstream Landline Phones (Single-Ear),https://www.amazon.com/dp/B07GX845LP,4.7,8,19.99,28.99,71,False,0,electronics,Electronics,Headphones & Earbuds,False,False,False,SRC-KAGGLE-002,amazon_products.csv
B0B9BWDBB4,"Mini Voice Activated Recorder with 300 Hours Recording Capacity, Slim Audio Recorder - 30 Hours Battery, Metal Case",https://www.amazon.com/dp/B0B9BWDBB4,3.7,0,63.89,0.0,73,False,0,electronics,Electronics,Portable Audio & Video,True,False,False,SRC-KAGGLE-002,amazon_products.csv
B0C6GDK8JF,"A.S 100W 540 Rotation Magnetic Charging Cable 3FT/6FT-2Pack, USB-C to USB-C Cable Fast Charge Magnetic USB C Charging Cable, Magnetic Charge Cable, Data Transfer Capable, Compatible with All Devices",https://www.amazon.com/dp/B0C6GDK8JF,4.4,30,29.99,0.0,69,False,0,electronics,Electronics,Televisions & Video Products,False,False,False,SRC-KAGGLE-002,amazon_products.csv
B0BCGXRJ51,Wireless Bone Conduction Hearing Assist Impaired Headsets with Hearing Mic Sound Transmitter -Wireless TV Listening Headphones Earphones for Seniors & Elderly with Hearing Loss,https://www.amazon.com/dp/B0BCGXRJ51,3.1,14,99.99,0.0,71,False,0,electronics,Electronics,Headphones & Earbuds,False,False,False,SRC-KAGGLE-002,amazon_products.csv
B097QRSH31,"Eanetf HDMI to RCA Cable, 1080P 5ft/1.5m HDMI Male to 3-RCA Video Audio AV Cable Connector Adapter Transmitter for TV HDTV DVD",https://www.amazon.com/dp/B097QRSH31,3.8,1448,8.88,9.99,69,False,0,electronics,Electronics,Televisions & Video Products,False,False,False,SRC-KAGGLE-002,amazon_products.csv
B0BHYW6GZN,TV Antenna - 2023 Amplified HD Digital Indoor TV Antenna Booster 130+ Miles Range - Digital HDTV Antenna for Free Local Channels 4K HD 1080P All TV's VHF UHF - 17.5ft Coax Cable/AC Adapter,https://www.amazon.com/dp/B0BHYW6GZN,3.1,33,20.99,0.0,69,False,0,electronics,Electronics,Televisions & Video Products,False,False,False,SRC-KAGGLE-002,amazon_products.csv
B0B82Q8ZLP,"10000mAh Portable Phone Charger with Built in 2 Cables, Small Slim Mini Power Bank Fast Charging, USB-C Input/Output External Battery Pack, Travel Essentials Compatible with Android/Other Smartphones",https://www.amazon.com/dp/B0B82Q8ZLP,4.5,0,33.99,0.0,73,False,0,electronics,Electronics,Portable Audio & Video,True,False,False,SRC-KAGGLE-002,amazon_products.csv
B086XL48ZF,LG Electronics 24LM530S-PU 24-Inch HD webOS 3.5 Smart TV,https://www.amazon.com/dp/B086XL48ZF,4.4,2544,0.0,0.0,69,False,0,electronics,Electronics,Televisions & Video Products,False,True,False,SRC-KAGGLE-002,amazon_products.csv
B0BSR83L2J,"Ceybo OEM 21001-00071 Remote Control for TCL Roku TV Includes Netflix, Disney+, Apple TV & HBOMax Shortcuts 32S327, 32S335, 43S433, 43S435, 50S435, 55S435, 65S435",https://www.amazon.com/dp/B0BSR83L2J,4.4,124,23.99,0.0,69,False,0,electronics,Electronics,Televisions & Video Products,False,False,False,SRC-KAGGLE-002,amazon_products.csv
B07BXJ7KBL,New Bone Conduction Headphones with Microphone Stereo Open-Ear Sport Headphone with Noise Reduction Microphone (Blue),https://www.amazon.com/dp/B07BXJ7KBL,3.4,111,28.99,0.0,71,False,0,electronics,Electronics,Headphones & Earbuds,False,False,False,SRC-KAGGLE-002,amazon_products.csv
B07WC2XDMH,"Garmin 010-02172-31 Vivoactive 4S, Smaller-Sized GPS Smartwatch, Features Music, Body Energy Monitoring, Animated Workouts, Pulse Ox Sensors and More, Light Gold with Light Pink Band",https://www.amazon.com/dp/B07WC2XDMH,4.5,0,219.99,329.99,68,False,0,electronics,Electronics,Wearable Technology,True,False,False,SRC-KAGGLE-002,amazon_products.csv
B0CDFMTXH6,"Minyee 2 Packs Floral Engraved Band Compatible with Fitbit Versa 2/Fitbit Versa/Versa Lite Bands Women, Cute Silicone Dandelion Henna Floral Design Soft Sport Fancy Summer Strap for Versa 2",https://www.amazon.com/dp/B0CDFMTXH6,5.0,1,13.99,0.0,68,False,0,electronics,Electronics,Wearable Technology,False,False,False,SRC-KAGGLE-002,amazon_products.csv
B0BTGWC1ZL,"Ring Light for Computer Video Conference Lighting, 10'' Desktop Ring Light for Zoom Meetings with Stand & Phone Holder, Desk Light for Video Conferencing, Zoom Meeting, Webcam Light, Live Stream",https://www.amazon.com/dp/B0BTGWC1ZL,4.3,0,37.99,0.0,79,False,0,electronics,Electronics,Camera & Photo,True,False,False,SRC-KAGGLE-002,amazon_products.csv
B07JX61FTX,iFrogz - Free Rein 2 Sport in Ear Bluetooth Headphones - White,https://www.amazon.com/dp/B07JX61FTX,3.6,42,9.99,0.0,71,False,0,electronics,Electronics,Headphones & Earbuds,False,False,False,SRC-KAGGLE-002,amazon_products.csv
B0BM3KJHJW,2 Pack-6FT Charging Cable for AfterShokz Aeropex AS800 & Shokz OpenRun Pro & OpenRun & OpenRun Mini & OpenComm Magnetic Charging Cable USB Charger Cable for AfterShokz Aeropex Headphones Charger Cords,https://www.amazon.com/dp/B0BM3KJHJW,4.4,0,13.99,0.0,69,False,0,electronics,Electronics,Televisions & Video Products,True,False,False,SRC-KAGGLE-002,amazon_products.csv
B08FMTJ6JK,"Star Wars - Stormtrooper Smartwatch Band - Officially Licensed, Compatible with Every Size & Series of Apple Watch (watch not included)",https://www.amazon.com/dp/B08FMTJ6JK,4.7,431,39.9,0.0,68,False,0,electronics,Electronics,Wearable Technology,False,False,False,SRC-KAGGLE-002,amazon_products.csv
B0C8CHFBR4,"2 Pack Screen Cleaner Spray, DauMeiQH Phone Touchscreen Mist Cleaning Kit for Laptop, Computer, iPad, iPhone, MacBook Pro, Car Screen, Tablet, Monitor, TV with Cloth, Brush and Airpod Pen (Pink Grey)",https://www.amazon.com/dp/B0C8CHFBR4,4.6,27,11.99,0.0,69,False,0,electronics,Electronics,Televisions & Video Products,False,False,False,SRC-KAGGLE-002,amazon_products.csv
B0C6JMXZBG,"Wireless Earbuds,Bluetooth 5.3 Headphones Build in Noise Cancelling, Bluetooth Earbuds With LED Power Display, Hi-Fi Stereo, Touch Control, Waterproof/Sweatproof Wireless Headphones for iOS/Android",https://www.amazon.com/dp/B0C6JMXZBG,3.7,12,13.99,19.99,71,False,0,electronics,Electronics,Headphones & Earbuds,False,False,False,SRC-KAGGLE-002,amazon_products.csv
B01KPQNMB2,EverAct Clip Holder Compatible with Fitbit One (Set of 3),https://www.amazon.com/dp/B01KPQNMB2,4.5,303,10.99,0.0,68,False,0,electronics,Electronics,Wearable Technology,False,False,False,SRC-KAGGLE-002,amazon_products.csv
B07HMG1H78,"APPS2Car Suction Cup Phone Holder for Car with Adjustable Arm, Low Profile Dashboard Phone Mount Compact Windshield Window Dash Mobile Stand Compatible w/All iPhone and Android Cell Phones",https://www.amazon.com/dp/B07HMG1H78,4.3,0,12.99,0.0,73,False,0,electronics,Electronics,Portable Audio & Video,True,False,False,SRC-KAGGLE-002,amazon_products.csv
B078J44J6X,"Silicone Maid LLC Compatible with Apple Watch Necklace Pendant Silicone Case Cover Replacement for iWatch Pendant Series 7 6 SE Series 5 Series 4 Series 3 Series 2, 38 40 41 mm Black",https://www.amazon.com/dp/B078J44J6X,4.1,0,11.99,0.0,68,False,0,electronics,Electronics,Wearable Technology,True,False,False,SRC-KAGGLE-002,amazon_products.csv
B0BS3RF6C8,"Nasuque Headphones with Microphone, Foldable Wired Headphones with Deep bass, Adjustable Headband and Noise Isolation for Smartphone Computer Laptop Chromebook MP3/4, (Black Gray)",https://www.amazon.com/dp/B0BS3RF6C8,4.5,104,12.99,15.99,71,False,0,electronics,Electronics,Headphones & Earbuds,False,False,False,SRC-KAGGLE-002,amazon_products.csv
B073V1M31R,ANCOOL Compatible with Fenix 5S/Fenix 6S Bands 20mm Easy Fit Silicone Watch Bands Replacement for Fenix 7S/Fenix 5S Plus/Fenix 6S Pro/D2 Delta S Smartwatches,https://www.amazon.com/dp/B073V1M31R,4.6,889,13.99,0.0,68,False,0,electronics,Electronics,Wearable Technology,False,False,False,SRC-KAGGLE-002,amazon_products.csv
B0BV6D541M,"Vintage Record Player Turntable with Built-in Speakers, Wireless Bluetooth Input/Output, 3 Speed Vintage Vinyl LP Player with Full-Size Platter, Auto-Stop, RCA/AUX/Headphone Jacks, Black",https://www.amazon.com/dp/B0BV6D541M,4.3,0,119.99,129.99,82,False,0,electronics,Electronics,Home Audio & Theater Products,True,False,False,SRC-KAGGLE-002,amazon_products.csv
B0CDP1R2FP,"Apple Headphones Wired Earbuds with Lightning Connector [Apple MFi Certified] In-Ear iPhone Earphones with Built-in Microphone & Volume Control Compatible with iPhone 14/13/12/11/XR/XS/X/8/7/SE, White",https://www.amazon.com/dp/B0CDP1R2FP,4.3,1240,8.99,9.99,71,False,0,electronics,Electronics,Headphones & Earbuds,False,False,False,SRC-KAGGLE-002,amazon_products.csv
B09PYV8Z5J,"Phone Stand for Recording, Overhead 360° Rotation with Two Phone Holders, Content Creator Kit, Rechargeable Adjust Foldable 15 Brightness LED Light for Live Streaming/YouTube/Video Recording",https://www.amazon.com/dp/B09PYV8Z5J,3.9,0,69.99,89.99,79,False,0,electronics,Electronics,Camera & Photo,True,False,False,SRC-KAGGLE-002,amazon_products.csv
B01F24RHF4,"Charge 3 Waterproof Portable Bluetooth Speaker (Black), 1",https://www.amazon.com/dp/B01F24RHF4,4.7,0,89.95,0.0,73,False,0,electronics,Electronics,Portable Audio & Video,True,False,False,SRC-KAGGLE-002,amazon_products.csv
B0BKK789RZ,"DYKEISS 6 Pack Sport Silicone Band Compatible with Apple Watch Band 41mm 45mm 40mm 44mm 38mm 42mm 49mm for Women Men, Breathable Soft Replacement Strap for iWatch Ultra Series 8/7/SE/6/5/4/3/2/1",https://www.amazon.com/dp/B0BKK789RZ,4.5,917,9.98,11.18,68,False,0,electronics,Electronics,Wearable Technology,False,False,False,SRC-KAGGLE-002,amazon_products.csv
B0CCJ27Q1W,[10+5 Pack] Case for Samsung Galaxy Watch 6 40mm 44mm with Tempered Glass Screen Protector Hard PC Skeleton Bumper Protective Cover Accessories for Galaxy Watch 6 40mm,https://www.amazon.com/dp/B0CCJ27Q1W,3.4,10,17.99,0.0,68,False,0,electronics,Electronics,Wearable Technology,False,False,False,SRC-KAGGLE-002,amazon_products.csv
B08N4B9KLD,"Kids Digital Camera & Video Camcorder with Touchscreen, Soft Silicone Casing, Detachable Lens Cap, 32GB Memory Card - Model K Zippy The Sloth",https://www.amazon.com/dp/B08N4B9KLD,4.3,0,79.99,0.0,79,False,0,electronics,Electronics,Camera & Photo,True,False,False,SRC-KAGGLE-002,amazon_products.csv
B0CDXPJZRT,Ferilinso 4 Pack Screen Protector for iPhone 15 with 4 Pack Tempered Glass Camera Lens Protector Phone Case Friendly HD Accessories Protector de Pantalla for Apple iPhone 15 6.1 INCH,https://www.amazon.com/dp/B0CDXPJZRT,4.5,0,5.99,9.99,75,True,0,electronics,Electronics,Cell Phones & Accessories,True,False,False,SRC-KAGGLE-002,amazon_products.csv
B08NXSL5BW,"Zens Modular Series - Apple Watch Charger Extension, Compatible with the base stations of the Modular Series (Extensions can only be used in combination with a main station) - For Apple Watch SE / 1-6",https://www.amazon.com/dp/B08NXSL5BW,5.0,2,15.04,15.76,68,False,0,electronics,Electronics,Wearable Technology,False,False,False,SRC-KAGGLE-002,amazon_products.csv
B07D956QZR,AudioQuest 100ft Slip-dB 16/2 White Speaker Cable,https://www.amazon.com/dp/B07D956QZR,4.4,0,185.0,0.0,69,False,0,electronics,Electronics,Televisions & Video Products,True,False,False,SRC-KAGGLE-002,amazon_products.csv
B0093VVP0Q,ZERO AUDIO-Ear Stereo Headphone Carbo Tenore ZH-DX200-CT,https://www.amazon.com/dp/B0093VVP0Q,4.3,1142,43.5,56.22,71,False,0,electronics,Electronics,Headphones & Earbuds,False,False,False,SRC-KAGGLE-002,amazon_products.csv
B081D6VFDV,"Fujifilm Instax Mini Instant Film (5 Pack, 100 Sheets) 10 Plastic Desk Frames + 20 Paper Frames Plus 60 Sticker Frames",https://www.amazon.com/dp/B081D6VFDV,4.8,0,89.95,0.0,79,False,0,electronics,Electronics,Camera & Photo,True,False,False,SRC-KAGGLE-002,amazon_products.csv
B0894N4D24,"Tangostu Earbuds Headphones with Microphone Wired Earphones for Moto E, G Stylus G Power G8 G7 Plus Z4 E6, Galaxy A53 A12 A13 A03S, LG V60 V50 G7 G8 ThinQ Stylo 6 5 Rebel 4 Phoenix 5, Blade A5 (Black)",https://www.amazon.com/dp/B0894N4D24,3.9,74,11.99,0.0,71,False,0,electronics,Electronics,Headphones & Earbuds,False,False,False,SRC-KAGGLE-002,amazon_products.csv
B07SSP3KFB,Gold Plated 4mm Screw Type Banana Plugs 18-12 AWG (8 Pairs/16 Pcs),https://www.amazon.com/dp/B07SSP3KFB,4.5,0,11.97,0.0,82,False,100,electronics,Electronics,Home Audio & Theater Products,True,False,False,SRC-KAGGLE-002,amazon_products.csv
B08BYFFS4F,"Case Compatible with Yoto Mini Kids Audio & Music Player. Storage Holder Carrying Organizer Bag for Childrens Speaker Plays Audiobook Cards, Radio. Travel Hard Bag for Charging Cables (Box Only)",https://www.amazon.com/dp/B08BYFFS4F,4.5,0,13.99,0.0,82,False,100,electronics,Electronics,Home Audio & Theater Products,True,False,False,SRC-KAGGLE-002,amazon_products.csv
B0BGPZ6JVR,"Gomvadr Leather Watch Bands for Apple Watch 38mm/40mm/41mm 42mm/44mm/45mm Band, Vintage Style Replacement Band Strap for Iwatch Series SE 7 6 5 4 3 2 1 Women and Men",https://www.amazon.com/dp/B0BGPZ6JVR,4.4,25,38.88,0.0,68,False,0,electronics,Electronics,Wearable Technology,False,False,False,SRC-KAGGLE-002,amazon_products.csv
B07H4DRVPT,"Maxjoy Compatible with Apple Watch Band, 38mm 40mm 41mm Watch Bands Soft Leather Replacement Strap with Clasp Compatible with Apple iWatch SE Ultra 2 1 Series 9 8 7 6 5 4 3 2 1 Sport Edition, Brown",https://www.amazon.com/dp/B07H4DRVPT,4.2,532,18.89,0.0,68,False,0,electronics,Electronics,Wearable Technology,False,False,False,SRC-KAGGLE-002,amazon_products.csv
B07FGFNP48,"Foldable Bluetooth Headset, Beartwo Lightweight Retractable Bluetooth Headphones for Sports&Exercise, Noise Cancelling Stereo Neckband Wireless Headset (with carry case)",https://www.amazon.com/dp/B07FGFNP48,4.1,14406,29.98,39.98,71,False,0,electronics,Electronics,Headphones & Earbuds,False,False,False,SRC-KAGGLE-002,amazon_products.csv
B01FNFX40O,"Portable Digital Quran Speaker with Remote Control over18 Reciters and 15Translations Available Quality Qur'an Speaker Arabic English French, Urdu etc Mp3 FM Radio",https://www.amazon.com/dp/B01FNFX40O,4.5,0,28.59,0.0,73,False,0,electronics,Electronics,Portable Audio & Video,True,False,False,SRC-KAGGLE-002,amazon_products.csv
B08FWVBPGP,"PERLESMITH Long Arm TV Wall Mount for 37-84 inch TVs, Full Motion TV Mount with 42.72 inch Extension Articulating Arm Swivel and Tilt, Max VESA 600x400mm, Holds up to 132 lbs, 16”,18”, 24” Studs",https://www.amazon.com/dp/B08FWVBPGP,4.6,380,94.99,0.0,69,False,0,electronics,Electronics,Televisions & Video Products,False,False,False,SRC-KAGGLE-002,amazon_products.csv
B0B2J1TQ1N,"LG Magic Remote w/Magic Tap (NFC) MR22GN, 2022",https://www.amazon.com/dp/B0B2J1TQ1N,4.6,632,31.49,49.99,69,False,0,electronics,Electronics,Televisions & Video Products,False,False,False,SRC-KAGGLE-002,amazon_products.csv
B097BFQLBM,Walkie Talkie Phones Zello PTT Button APP WiFi Mobile Radio 3G/4G Network 100 Miles Long Range Smartphone GPS Android KSUN ZL10,https://www.amazon.com/dp/B097BFQLBM,3.4,0,59.99,0.0,73,False,0,electronics,Electronics,Portable Audio & Video,True,False,False,SRC-KAGGLE-002,amazon_products.csv
B002NEGTSI,"Canon EF 100mm f/2.8L IS USM Macro Lens for Canon Digital SLR Cameras, Lens Only",https://www.amazon.com/dp/B002NEGTSI,4.8,0,1099.0,0.0,79,False,0,electronics,Electronics,Camera & Photo,True,False,False,SRC-KAGGLE-002,amazon_products.csv
B09NLBTHL5,"Crosley C6B-WH Belt-Drive Bluetooth Turntable Record Player with Adjustable Tone Arm, White",https://www.amazon.com/dp/B09NLBTHL5,4.2,0,179.23,0.0,82,False,0,electronics,Electronics,Home Audio & Theater Products,True,False,False,SRC-KAGGLE-002,amazon_products.csv
B0BZVZTCKZ,"25W iPad Charger USB C Cord PD Fast Charging iPad Type C Charger Block for Apple iPad Air 4th/5th, iPad Pro 12.9/11 inch, New iPad Mini 6, USBC Charger iPad with 6FT USB-C to USB-C Charging Cable",https://www.amazon.com/dp/B0BZVZTCKZ,4.5,999,9.99,15.99,69,False,0,electronics,Electronics,Televisions & Video Products,False,False,False,SRC-KAGGLE-002,amazon_products.csv
B06XT41X8D,"Camera Mount Car Windshield Dashboard Holder for GoPro, EXSHOW Car Dash Suction Cup Mount, 360° Heavy Duty Action Camera Stand with 1/4-20 Thread for GoPro Akoso SJCAM Insta360 Canon Vlogging DSLR Cam",https://www.amazon.com/dp/B06XT41X8D,4.1,0,18.99,0.0,79,False,0,electronics,Electronics,Camera & Photo,True,False,False,SRC-KAGGLE-002,amazon_products.csv
B0BLVHKBS5,"ZALAVER Metal Band Compatible with Apple Watch Bands 38mm 40mm 41mm 42mm 44mm 45mm 49mm Women Men,Adjustable Magnetic Stainless Steel Mesh Strap for iWatch Ultra/Ultra 2,Series 9 8 7 6 5 4 3 2 1 SE",https://www.amazon.com/dp/B0BLVHKBS5,4.3,0,9.98,0.0,75,False,0,electronics,Electronics,Cell Phones & Accessories,True,False,False,SRC-KAGGLE-002,amazon_products.csv
B00113PUJQ,Creative Inspire T10 2.0 Multimedia Speaker System with BasXPort Technology,https://www.amazon.com/dp/B00113PUJQ,4.3,0,49.99,0.0,73,False,0,electronics,Electronics,Portable Audio & Video,True,False,False,SRC-KAGGLE-002,amazon_products.csv
B0B39CPNMC,"Smart Watch with Phone Function, Make/Answer Call AI Voice Control, Smartwatch with 28 Sport Modes Pedometer Blood Oxygen Heart Rate Sleep Monitor, Fitness watch for Android and IOS Phones Men Women",https://www.amazon.com/dp/B0B39CPNMC,4.1,0,32.99,0.0,68,False,0,electronics,Electronics,Wearable Technology,True,False,False,SRC-KAGGLE-002,amazon_products.csv
B0B3JK6Z3B,"GLBLAUCK [4-Packs] Privacy Screen Protector Compatible for Apple Watch Series 3/2/1 42mm, (Not Glass) Anti-Spy Anti-Scratch Bubble Free Soft Film for Apple Watch Series 3/2/1 Accessories",https://www.amazon.com/dp/B0B3JK6Z3B,4.3,33,10.99,0.0,68,False,0,electronics,Electronics,Wearable Technology,False,False,False,SRC-KAGGLE-002,amazon_products.csv
B0B8T6RZW6,"Ultimaxx Large Carrying Case/Gadget Bag for Sony,Nikon, Canon, Olympus, Pentax, Panasonic, Samsung & Many More SLR Cameras & Camcorders",https://www.amazon.com/dp/B0B8T6RZW6,4.3,0,16.99,17.99,79,False,0,electronics,Electronics,Camera & Photo,True,False,False,SRC-KAGGLE-002,amazon_products.csv
B0C589CLK8,"for MagSafe Car Mount, [Strong Magnets] 3 in 1 Universal Magnetic Phone Holder for Car Dashboard/Windshield/Vent Car Phone Holder Mount for iPhone 14 13 12 Pro Max Plus Mini Android All Phones",https://www.amazon.com/dp/B0C589CLK8,4.8,0,17.99,0.0,73,False,0,electronics,Electronics,Portable Audio & Video,True,False,False,SRC-KAGGLE-002,amazon_products.csv
B0BXWRJXFM,"Efolen Military Smart Watches for Men, Smart Watch with Bluetooth (Answer/Make Calls) IP68 Waterproof 1.32”HD Rugged Tactical Fitness Watch Tracker Heart Rate Monitor for iPhone Android Phone (Silver)",https://www.amazon.com/dp/B0BXWRJXFM,4.0,45,30.99,55.99,68,False,0,electronics,Electronics,Wearable Technology,False,False,False,SRC-KAGGLE-002,amazon_products.csv
B07T7LZH3C,CB Antenna 27MHz Handheld CB Radio Antenna Magnetic Mount 14 Inch CB Radio Antenna PL259 & BNC Male Compatible with Cobra Midland Uniden President Vehicle Car Truck Mobile CB Radio Handheld CB Radio,https://www.amazon.com/dp/B07T7LZH3C,4.2,0,25.99,29.99,73,False,0,electronics,Electronics,Portable Audio & Video,True,False,False,SRC-KAGGLE-002,amazon_products.csv
B072YV3G2N,Tamron 18-400mm F/3.5-6.3 DI-II VC HLD All-In-One Zoom For Canon APS-C Digital SLR Cameras (6 Year Limited USA Warranty),https://www.amazon.com/dp/B072YV3G2N,4.6,0,699.0,0.0,79,False,0,electronics,Electronics,Camera & Photo,True,False,False,SRC-KAGGLE-002,amazon_products.csv
B07B8SC1ZT,"BIG FUDGE 50x Vinyl Record Outer Sleeves 7 inch | Durable & Wrinkle-Free | Crystal Clear & Made from High-Density Polypropylene | Best Vinyl Covers for LPs & Singles | 3 mil Thick, 7.42"" x 7.42",https://www.amazon.com/dp/B07B8SC1ZT,4.7,2035,15.99,0.0,69,False,0,electronics,Electronics,Televisions & Video Products,False,False,False,SRC-KAGGLE-002,amazon_products.csv
B07ZX46L7W,"(3 Pockets) DSLR Battery and Memory Card Holder Pouch,Camera Battery and SD CF XQD Card Storage Case for AA Battery and LP-E6 LP-E10 LP-E12 LP-E17 EN-EL14 EN-EL15 NP-FW50 NP-F550 NP-FZ100 Battery",https://www.amazon.com/dp/B07ZX46L7W,4.7,0,9.99,0.0,79,False,0,electronics,Electronics,Camera & Photo,True,False,False,SRC-KAGGLE-002,amazon_products.csv
B00503ZT9E,Yurbuds Focus Black,https://www.amazon.com/dp/B00503ZT9E,4.1,471,59.99,0.0,71,False,0,electronics,Electronics,Headphones & Earbuds,False,False,False,SRC-KAGGLE-002,amazon_products.csv
B091T839GB,"3D Virtual Reality VR Headset with Wireless Remote Bluetooth, VR Glasses for Movies & Video Games IMAX, Compatible for Android iOS iPhone 12 11 Pro Max Mini X R S 8 7 Samsung 4.7-6.2"" Cellphone",https://www.amazon.com/dp/B091T839GB,3.4,154,129.98,149.98,68,False,0,electronics,Electronics,Wearable Technology,False,False,False,SRC-KAGGLE-002,amazon_products.csv
B0CBTVGM92,"Kicoeon Wireless Earbud, Bluetooth Earphones Clear Call with Charging Case, Bluetooth 5.3 Earbud",https://www.amazon.com/dp/B0CBTVGM92,5.0,1,19.99,0.0,71,False,0,electronics,Electronics,Headphones & Earbuds,False,False,False,SRC-KAGGLE-002,amazon_products.csv
B09H5KCCGF,"V-MORO Beaded Bracelet Compatible with Apple Watch Bands 41mm/40mm Series 8/7/6 Natural Pearl Beads Fashion Handmade Elastic Stretch Strap for iWatch Series SE/5/4/3/2/1(38/40/41mm,Cream)for 5.5""-6.1""wrist",https://www.amazon.com/dp/B09H5KCCGF,4.2,1280,13.99,14.99,68,False,0,electronics,Electronics,Wearable Technology,False,False,False,SRC-KAGGLE-002,amazon_products.csv
B08QX8HM86,Samsung DVD-V9800 Tunerless 1080p Upconverting VHS Combo DVD Player (2009 Model) (Renewed),https://www.amazon.com/dp/B08QX8HM86,3.9,40,0.0,0.0,69,False,0,electronics,Electronics,Televisions & Video Products,False,True,False,SRC-KAGGLE-002,amazon_products.csv
B0BRXY6DQ7,"Wired Earbuds for iPhone 14/14 Pro Max - iPhone Headphones in-Ear with Microphone, Noise Isolating, Bluetooth, Compatible with iPhone 14 Pro/13/13 Pro Max/12/11/X/XR (2 Pack)",https://www.amazon.com/dp/B0BRXY6DQ7,4.0,10,8.99,0.0,71,False,0,electronics,Electronics,Headphones & Earbuds,False,False,False,SRC-KAGGLE-002,amazon_products.csv
B0C3LB49NX,Open Ear Headphones Wireless Bluetooth Ear Clip Bone Conduction Headphones Bluetooth Clip On Headphones Earclip Wireless Bluetooth Bone Conduction Earbuds Earphones Head Set Bone Ear Buds Nude,https://www.amazon.com/dp/B0C3LB49NX,3.6,4,19.99,0.0,71,False,0,electronics,Electronics,Headphones & Earbuds,False,False,False,SRC-KAGGLE-002,amazon_products.csv
B08H545G1M,ELP88 for EPSON ELPLP88 powerLite Home Cinema Epson 1040 2040 2045 740HD 640 VS240 VS345 VS340 EX3240 EX7240 EX9200 EX5250 EX5240 EB-97H V13H010L88 Replacement Projector Lamp Bulb,https://www.amazon.com/dp/B08H545G1M,4.0,0,33.89,0.0,69,False,0,electronics,Electronics,Televisions & Video Products,True,False,False,SRC-KAGGLE-002,amazon_products.csv
B095RJCF89,"GRA-ULT01 MK3 Lightweight Portable Antenna Mast Mount Tripod Tower UHF SO239 + 3/8"" - 24 + 1/4 Camera Connector for GRA-7350T CB HF Ham Radio Amateur Outdoor 3/8x24 | GABiL",https://www.amazon.com/dp/B095RJCF89,4.8,94,119.99,0.0,69,False,0,electronics,Electronics,Televisions & Video Products,False,False,False,SRC-KAGGLE-002,amazon_products.csv
B0BQRPG9JH,"Foldable Phone Stand for Desk，Angle of View Adjustable Cell Phone Stand，Phone Holder for Desk/ipad Stand ，Suitable for iphone, Samsung and Other Smart Phones Desk Accessories Phone Holder，Pink letters",https://www.amazon.com/dp/B0BQRPG9JH,4.6,0,6.99,0.0,75,False,0,electronics,Electronics,Cell Phones & Accessories,True,False,False,SRC-KAGGLE-002,amazon_products.csv
B0CBRSWS6B,"Compatible with apple watch ultra 2 band 49mm with Screen Protector Tempered Glass Sport,Soft Silicone Waterproof Strap Wristbands iWatch Apple Watch Series Ultra Women Men",https://www.amazon.com/dp/B0CBRSWS6B,5.0,2,9.99,0.0,68,False,0,electronics,Electronics,Wearable Technology,False,False,False,SRC-KAGGLE-002,amazon_products.csv
B0BNP23KSR,"VOSKER 2 in 1 Solar 15,000 mAh Wireless Outdoor Universal Charger USB Battery Pack Power Bank for Smartphones, Tablets, and Other Rechargeable Gadgets with mounting arm (IP66 Rating)",https://www.amazon.com/dp/B0BNP23KSR,3.5,0,129.99,0.0,73,False,0,electronics,Electronics,Portable Audio & Video,True,False,False,SRC-KAGGLE-002,amazon_products.csv
B07H4SFG4G,"Canon RF35mm F1.8 is Macro STM Lens, Black",https://www.amazon.com/dp/B07H4SFG4G,4.7,0,499.0,0.0,79,False,0,electronics,Electronics,Camera & Photo,True,False,False,SRC-KAGGLE-002,amazon_products.csv
B09TJKV6PR,"Phantom 2 Charger 5FT USB C Fast Charger Charging Cable Cord Compatible with for Bushnell Phantom 2 Charger, Treblab hd77/HD-Max Speaker, Comiso E6 E26 Earbuds, Ampcaddy Version 3 Pro Max Speaker",https://www.amazon.com/dp/B09TJKV6PR,4.5,36,12.99,0.0,69,False,0,electronics,Electronics,Televisions & Video Products,False,False,False,SRC-KAGGLE-002,amazon_products.csv
B0BVQPVM5L,"30 Pin Bluetooth Transmitter for iPod Classic, Wireless Bluetooth Transmitter Plug and Play & Automatic Compatible with iPod and Other 30 pin Dock Speakers",https://www.amazon.com/dp/B0BVQPVM5L,3.2,0,26.99,0.0,73,False,0,electronics,Electronics,Portable Audio & Video,True,False,False,SRC-KAGGLE-002,amazon_products.csv
B00FFJ0RKE,"TRENDnet USB 3.0 to Gigabit Ethernet Adapter, Full Duplex 2Gbps Ethernet Speeds, Up to 1Gbps, USB to Gigabit Ethernet Adapter, USB-A, Windows Compatible, USB Powered, Black, TU3-ETG",https://www.amazon.com/dp/B00FFJ0RKE,4.6,816,16.99,0.0,69,False,0,electronics,Electronics,Televisions & Video Products,False,False,False,SRC-KAGGLE-002,amazon_products.csv
B0BYK4H9QC,"BENFEI HDMI to DisplayPort Cable, 6 Feet HDMI Source to DisplayPort Monitor Compatible with PC Graphics Card Laptop PS5 Xbox One(360) Supporting 4K@60Hz 2K@144Hz 1080P@165Hz",https://www.amazon.com/dp/B0BYK4H9QC,4.0,154,19.99,0.0,69,False,0,electronics,Electronics,Televisions & Video Products,False,False,False,SRC-KAGGLE-002,amazon_products.csv
B08LCT3L4W,"2 Pack Charger Cable Compatible with Sense/Sense 2/Versa 4/Versa 3, 3.3Ft Replacement USB Charging Cable Dock Stand Sturdy Power Cord for Sense/Sense 2/Versa 4/Versa 3 Smartwatch",https://www.amazon.com/dp/B08LCT3L4W,4.4,0,8.79,14.99,75,False,0,electronics,Electronics,Cell Phones & Accessories,True,False,False,SRC-KAGGLE-002,amazon_products.csv
B08H8JCHH9,"Wireless Earbuds, Cystereo Glare Bluetooth 5.0 Earbuds, 4 Mics Noise Cancelling for Clear Call, IPX7 Waterproof, Touch Control, aptX Deep Bass Earbuds with USB C Charging Case for Sports, Work",https://www.amazon.com/dp/B08H8JCHH9,3.4,30,13.68,0.0,71,False,0,electronics,Electronics,Headphones & Earbuds,False,False,False,SRC-KAGGLE-002,amazon_products.csv
B08PFMMQ1M,"Universal Under TV Mount, Black, Compatible with Bose Smart Soundbar 300/500/550/600/700/900/Ultra, TV Speaker, Soundtouch 300 - Invisible Once Fitted, Fast & Easy Way to Mount Your Sound Bar",https://www.amazon.com/dp/B08PFMMQ1M,4.3,47,81.99,0.0,69,False,0,electronics,Electronics,Televisions & Video Products,False,False,False,SRC-KAGGLE-002,amazon_products.csv
B081N5T39J,7x5ft Red Brick Wall Photography Backdrop Photo Background Kids Birthday Cake Smash Photoshoot Wedding Graduation Party Photographer Photo Booth Studio Props Banner 080,https://www.amazon.com/dp/B081N5T39J,4.4,0,11.99,0.0,79,False,0,electronics,Electronics,Camera & Photo,True,False,False,SRC-KAGGLE-002,amazon_products.csv
B08J8CDYJZ,Feit Electric Portable LED Inflatable Ball Light - 6-Bright Color Changing Options - Tripod and Carrying Case Included - Perfect for Parties and Events,https://www.amazon.com/dp/B08J8CDYJZ,4.3,0,168.64,199.0,79,False,0,electronics,Electronics,Camera & Photo,True,False,False,SRC-KAGGLE-002,amazon_products.csv
B0982XGNMZ,"AMAFACE Pink Wireless Earbuds, Sport Bluetooth Earbuds with Microphone - Touch Control, Single/Twin Mode, Noice Cancelling for Kids Adult Small Ears(with 3 Ear Tips)",https://www.amazon.com/dp/B0982XGNMZ,2.0,11,12.99,16.99,71,False,0,electronics,Electronics,Headphones & Earbuds,False,False,False,SRC-KAGGLE-002,amazon_products.csv
B07ZSB7SXP,"Reliable Cable 4-Port Cable TV/Antenna/HDTV/Internet Digital Signal Amplifier/Booster/Splitter/Equalizer with Passive Return, F59 Terminators (Lindsay LSA84-EQ8)",https://www.amazon.com/dp/B07ZSB7SXP,4.1,612,41.87,0.0,69,False,0,electronics,Electronics,Televisions & Video Products,False,False,False,SRC-KAGGLE-002,amazon_products.csv
B07BDJ8HN9,CB Antenna 28 inch 27 Mhz CB Radio Antenna Full Kit with Heavy Duty Magnet Mount Mobile/Car Radio Antenna Compatible with President Midland Cobra Uniden Anytone by LUITON,https://www.amazon.com/dp/B07BDJ8HN9,4.1,0,35.99,0.0,73,False,0,electronics,Electronics,Portable Audio & Video,True,False,False,SRC-KAGGLE-002,amazon_products.csv
B0CC2KRNM3,"LIGE Smart Watches Women with Bluetooth Call Rhinestones, 1.57"" Pedometer Smartwatch Ladies HD for Android iOS Phones, 20 Sports Fitness Tracker with Heart Rate/SpO2/Sleep Monitor, IP67",https://www.amazon.com/dp/B0CC2KRNM3,4.3,0,54.99,64.44,68,False,0,electronics,Electronics,Wearable Technology,True,False,False,SRC-KAGGLE-002,amazon_products.csv
B08F9RQW7R,"iPhone Charger MFi Certified, Quntis 2Pack 6.6ft Lightning Charging Cable Cord with Dual Port USB Wall Charger Block Adapter for iPhone 14 13 12 SE 11 Max XS XR X 8 7 6s 6 Plus iPad Pro iPod Airpods",https://www.amazon.com/dp/B08F9RQW7R,4.5,0,12.99,0.0,73,False,0,electronics,Electronics,Portable Audio & Video,True,False,False,SRC-KAGGLE-002,amazon_products.csv
B0CC975F2G,"Twozoh Mini HDMI to VGA Cable 6.6FT, Gold-Plated & Braided Mini HDMI VGA (Male to Male) Compatible for Ultrabooks, notebooks, Tablets, Cameras and camcorders",https://www.amazon.com/dp/B0CC975F2G,0.0,0,11.99,0.0,82,False,0,electronics,Electronics,Home Audio & Theater Products,True,False,True,SRC-KAGGLE-002,amazon_products.csv
B0C5Q51JRM,"Data Blocker, USB A to C & USB C to C Data Blocker (4-Pack), Protect Against Juice Jacking,100% Guaranteed Prevent Hacker Attac,Support Safe Fast Charging up to 20V/4A",https://www.amazon.com/dp/B0C5Q51JRM,4.1,0,12.79,13.99,69,False,0,electronics,Electronics,Televisions & Video Products,True,False,False,SRC-KAGGLE-002,amazon_products.csv
B09V13J6N2,"Portable CD Player, Rechargeable CD Player with Headphone, Anti-Skip/Shockproof CD Walkman for Kids, Car and Travel, AUX Output",https://www.amazon.com/dp/B09V13J6N2,4.0,0,0.0,0.0,73,False,0,electronics,Electronics,Portable Audio & Video,True,True,False,SRC-KAGGLE-002,amazon_products.csv
B00LCNGQRK,Maxell MX195001 Action Kids Earbuds with Mic,https://www.amazon.com/dp/B00LCNGQRK,3.7,0,19.99,0.0,71,False,0,electronics,Electronics,Headphones & Earbuds,True,False,False,SRC-KAGGLE-002,amazon_products.csv
B0BVYMFWYH,"Wireless Earbuds Bluetooth 5.3 Headphone 40hrs Play Wireless earbud with charging case true Wireless Earbuds IP5 Waterproof with Earhooks, Touch Control Ear headphone for Sports Running Workout",https://www.amazon.com/dp/B0BVYMFWYH,3.9,4,18.99,0.0,71,False,0,electronics,Electronics,Headphones & Earbuds,False,False,False,SRC-KAGGLE-002,amazon_products.csv
B0949MDX59,"KontrolFreek USB Type-A to USB Type-C 12ft (3.6m) Ultra-Strong Cable, USB A-C Charger Cord Compatible with Playstation 5, Xbox Series X|S, Nintendo Switch, S10/S10e/S9/S8, Note 10 9 8, Plus/S8+",https://www.amazon.com/dp/B0949MDX59,4.5,113,9.99,0.0,69,False,0,electronics,Electronics,Televisions & Video Products,False,False,False,SRC-KAGGLE-002,amazon_products.csv
B08QM8Q853,JBL Reflect Mini NC: True Wireless Noise Cancelling Sport Headphones - Black,https://www.amazon.com/dp/B08QM8Q853,3.9,816,69.99,149.95,71,False,0,electronics,Electronics,Headphones & Earbuds,False,False,False,SRC-KAGGLE-002,amazon_products.csv
B01KBQ6I3A,Mr Shield [Tempered Glass] Screen Protector For iPhone 6 / iPhone 6S / iPhone 7 / iPhone 8 [3-Pack] Screen Protector,https://www.amazon.com/dp/B01KBQ6I3A,4.6,0,5.95,6.95,75,False,0,electronics,Electronics,Cell Phones & Accessories,True,False,False,SRC-KAGGLE-002,amazon_products.csv
B0B4NVHNL4,"3-Tier Record Player Stand, Vinyl Record Storage Turntables for Vinyl Records, Record Player Table Holds Up to 200 Albums, Mid-Century Turntable Stand for Living Room, Bedroom, Office",https://www.amazon.com/dp/B0B4NVHNL4,4.8,0,89.97,0.0,82,False,0,electronics,Electronics,Home Audio & Theater Products,True,False,False,SRC-KAGGLE-002,amazon_products.csv
B0BZ563P98,"Acoustic Tube Earpiece with Mic for Motorola Walkie Talkies, Surveillance Headset and PTT Compatible with Motorola 2 Way Radios BPR40/CP/CLS/DTR/PR/RDU/RMU Series (Black)",https://www.amazon.com/dp/B0BZ563P98,3.7,0,9.99,11.99,73,False,0,electronics,Electronics,Portable Audio & Video,True,False,False,SRC-KAGGLE-002,amazon_products.csv
B08H6L78PK,"mophie 15W Universal Wireless Charge Pad, Qi-Compatible Charger for Samsung Galaxy, Google Pixel, Apple iPhone 11/12/13 (Mini, Pro, and Pro Max), iPhone XR/XS/SE/ 8 (Black)",https://www.amazon.com/dp/B08H6L78PK,4.3,0,23.95,49.99,73,False,0,electronics,Electronics,Portable Audio & Video,True,False,False,SRC-KAGGLE-002,amazon_products.csv
B09BVRWQ35,"SMALLRIG Mini Top Handle for Lightweight Vlogging Cameras with 1/4""-20 Screws - HTS2756",https://www.amazon.com/dp/B09BVRWQ35,4.5,0,29.9,0.0,79,False,0,electronics,Electronics,Camera & Photo,True,False,False,SRC-KAGGLE-002,amazon_products.csv
B09MCVYV99,"10 Pack Bands Compatible with Fitbit Luxe,Adjustable Silicone Sport Replacement Wristbands Straps Compatible with Fitbit Luxe Smart Watch for Men Women（Small）",https://www.amazon.com/dp/B09MCVYV99,4.0,0,12.99,0.0,68,False,0,electronics,Electronics,Wearable Technology,True,False,False,SRC-KAGGLE-002,amazon_products.csv
B00IXN6L3G,eSynic Professional Optical to RCA Converter 192KHz Digital to Analog Audio Converter Optical Audio to 3.5mm Adapter Optical to Analog Audio Converter DAC Converter for HDTV Blu Ray HD DVD TV etc,https://www.amazon.com/dp/B00IXN6L3G,4.3,0,11.95,0.0,82,False,0,electronics,Electronics,Home Audio & Theater Products,True,False,False,SRC-KAGGLE-002,amazon_products.csv
B0B5QXDKQX,"USB C Headphone, Type C Earphones with 7.1 Surround&Mute Button, HiFi Stereo Wired Earbuds with Microphone for Samsung Galaxy S22 S21 Ultra S20 FE Z Flip 4, iPhone 15 15Pro, PC Computer Laptop Gaming",https://www.amazon.com/dp/B0B5QXDKQX,3.9,361,27.99,0.0,71,False,0,electronics,Electronics,Headphones & Earbuds,False,False,False,SRC-KAGGLE-002,amazon_products.csv
B075RY4252,F Type RG11 Coax Cable Compression Fitting/Connector with Weather Seal O Ring 10PACK,https://www.amazon.com/dp/B075RY4252,4.6,0,9.99,0.0,82,False,0,electronics,Electronics,Home Audio & Theater Products,True,False,False,SRC-KAGGLE-002,amazon_products.csv
B09C87WLS7,"WSKEN [3+1] for iPhone 13 Pro Max (6.7 inch)/ iPhone 13 Pro (6.1 inch) Camera Lens Protector,Anti Scrach HD Tempered Metal Glass Camera Screen Protector Shockproof Cover Film,Graphite",https://www.amazon.com/dp/B09C87WLS7,4.4,0,12.99,0.0,75,False,0,electronics,Electronics,Cell Phones & Accessories,True,False,False,SRC-KAGGLE-002,amazon_products.csv
B09XJPD9VK,CT-RC1US-19 Replacement Remote Control Compatible with All Insignia and Compatible with All Toshiba Fire TV Editions Shortcuts Apps NS-RCFNA-19,https://www.amazon.com/dp/B09XJPD9VK,4.3,0,8.99,0.0,69,False,0,electronics,Electronics,Televisions & Video Products,True,False,False,SRC-KAGGLE-002,amazon_products.csv
B0BL8FPDFM,"ROPASOMIC Bone Conduction Headphones, 12 Hours Playtime Bluetoeth 5.3 Headset Open Ear Wireless Earphone - IP55 Sweatproof Built-in Mic,Perfect for Running Cycling Hiking Workouts(Black)",https://www.amazon.com/dp/B0BL8FPDFM,3.7,108,14.99,0.0,71,False,0,electronics,Electronics,Headphones & Earbuds,False,False,False,SRC-KAGGLE-002,amazon_products.csv
B0BZS3XL2L,Replacement Bands Compatible with Fitbit Inspire 3 Nylon Band Elastic Stretchy Loop Quick Release Wrist Bands Breathable Sport Strap Bracelet for Fitbit Inspire 3 Women Men,https://www.amazon.com/dp/B0BZS3XL2L,4.6,15,13.99,0.0,68,False,0,electronics,Electronics,Wearable Technology,False,False,False,SRC-KAGGLE-002,amazon_products.csv
B09VKLP5NK,"USB to USB Cable 6 Feet, USB 3.0 Male to Male Cord, Type A 5Gbps Data Transfer Cable for Hard Drive, Laptop, DVD Player, USB 3.0 Hub, Monitor, Camera, Set Up Box with 5 pcs Cable Ties- 6 ft",https://www.amazon.com/dp/B09VKLP5NK,4.4,83,7.99,0.0,69,False,0,electronics,Electronics,Televisions & Video Products,False,False,False,SRC-KAGGLE-002,amazon_products.csv
B09KT17XQT,"OWC Thunderbolt 4 Cable, Thunderbolt Certified, 0.72 Meter (2.36 ft), 40 Gb/s Data Transfer, 240W Power Charging, Compatible with Thunderbolt 4, Thunderbolt 3, USB-C, and USB4 Devices, Black",https://www.amazon.com/dp/B09KT17XQT,4.8,932,24.0,0.0,69,False,0,electronics,Electronics,Televisions & Video Products,False,False,False,SRC-KAGGLE-002,amazon_products.csv
B08ZDHX711,"Motorized Rotating Display Stand, 7.87inch /17.6LB Load，Mirror Covered 360 Degree Turntable Display Stand for Photography Products and Shows, Max Load 8KG/ 20CM Video Show(Black)",https://www.amazon.com/dp/B08ZDHX711,4.4,0,24.99,29.99,82,False,200,electronics,Electronics,Home Audio & Theater Products,True,False,False,SRC-KAGGLE-002,amazon_products.csv
B0C4N3X7Y7,"Instax Mini Link 2 Color Smartphone Printer - Soft Pink Instant Mini Film (40 Sheets) with Accessories Including Compatible Case with Strap, Photo Album, Stickers, Bundle",https://www.amazon.com/dp/B0C4N3X7Y7,4.9,0,149.99,0.0,79,False,0,electronics,Electronics,Camera & Photo,True,False,False,SRC-KAGGLE-002,amazon_products.csv
B0B5WB3FKR,"Poyiccot USB C to USB 3.1 Adapter 10Gbps, Female USB C to Male USB Adapter, USB 3.1 Type C to Type A Charger Converter OTG Fast Charging Compatible with iPhone, MacBook, Samsung Galaxy, 2Pack",https://www.amazon.com/dp/B0B5WB3FKR,4.3,0,8.56,0.0,75,False,0,electronics,Electronics,Cell Phones & Accessories,True,False,False,SRC-KAGGLE-002,amazon_products.csv
B0B4B328TT,"Oraolo Bluetooth Speaker with Deep Bass Basser Portable Speakers Wireless Stereo Sound, IPX6 Waterproof, TF/SD Card, AUX-in, USB Input, Built-in Mic, 24H Playtime for Home Party Outdoor Beach Pool",https://www.amazon.com/dp/B0B4B328TT,4.2,0,77.99,0.0,73,False,0,electronics,Electronics,Portable Audio & Video,True,False,False,SRC-KAGGLE-002,amazon_products.csv
B005FDOGUC,"JVC HAFX8P Headphone, Riptidz, In-Ear",https://www.amazon.com/dp/B005FDOGUC,4.2,817,6.83,9.99,71,False,0,electronics,Electronics,Headphones & Earbuds,False,False,False,SRC-KAGGLE-002,amazon_products.csv
B09NY3RSJ2,"[3 Pack] USB-C Wall Charger, 20W Durable Dual Port QC+PD 3.0 Power Adapter, Double Fast Plug Charging Block for iPhone 14/14 Pro/13/15/15 Pro/Pro Max/Plus, XS/XR/X, Watch Series 8/7 Cube(White)",https://www.amazon.com/dp/B09NY3RSJ2,4.6,0,16.99,0.0,73,False,0,electronics,Electronics,Portable Audio & Video,True,False,False,SRC-KAGGLE-002,amazon_products.csv
B0989PZ9V3,"Bluetooth Neckband Headphones Retractable, Wireless Headset Retractable Earphones Noise Cancelling Sweatproof Stereo Earbuds with Mic by NVOPERANG",https://www.amazon.com/dp/B0989PZ9V3,3.8,177,25.99,0.0,71,False,0,electronics,Electronics,Headphones & Earbuds,False,False,False,SRC-KAGGLE-002,amazon_products.csv
B01FH74ESO,New BN59-01179B Replace Remote fit for Samsung Smart LED 3D TV UN46H7150AF UN48H8000AF UN50HU8500F UN55HU8500F UN60H7100AFXZA UN60H7150AF UN65HU8500F UN65H7150AF UN75H7100AF Sub BN59-01179A,https://www.amazon.com/dp/B01FH74ESO,4.4,0,7.59,0.0,69,False,0,electronics,Electronics,Televisions & Video Products,True,False,False,SRC-KAGGLE-002,amazon_products.csv
B09P55Y3RL,"One Port Wall Charger Box, Micro USB Charging Plug, 6FT Android Phone Charger Cord Micro USB Cable for Motorola Moto G8 Power Lite/Moto G6 Play/G5S G5 G4,E/E 2020/E7 E6 E5 E4 E3, Moto Turbo X G C Plus",https://www.amazon.com/dp/B09P55Y3RL,4.4,0,7.99,8.69,73,False,0,electronics,Electronics,Portable Audio & Video,True,False,False,SRC-KAGGLE-002,amazon_products.csv
B0BX5GFQJY,"USB C to Mini USB Cable 6 Feet, Mini USB to Type C Cable, USB C to Mini 5-Pin Charging & Sync Data Cord, Compatible with PS3 Controller, Digital Camera, MP3 Player, GPS Receiver and More",https://www.amazon.com/dp/B0BX5GFQJY,4.7,0,3.99,0.0,69,False,0,electronics,Electronics,Televisions & Video Products,True,False,False,SRC-KAGGLE-002,amazon_products.csv
B09CHJPM4S,"Supershieldz (6 Pack) Designed for Samsung Galaxy Watch 6 (44mm) / Galaxy Watch 5 (44mm) / Galaxy Watch 4 (44mm) Screen Protector, High Definition Clear Shield (PET)",https://www.amazon.com/dp/B09CHJPM4S,4.4,59,6.49,0.0,68,False,0,electronics,Electronics,Wearable Technology,False,False,False,SRC-KAGGLE-002,amazon_products.csv
B09Y55P59D,Edifier R19BT USB Powered Computer Speaker System with Bluetooth,https://www.amazon.com/dp/B09Y55P59D,4.1,0,49.99,0.0,73,False,0,electronics,Electronics,Portable Audio & Video,True,False,False,SRC-KAGGLE-002,amazon_products.csv
B0CD5QMNPM,"Nylon Strap Compatible with Apple Watch Fob Clip Holder Carabiner,Military Tactical Band Breathable Molle Webbing Canvas Keychain with Metal Buckle for iWatch Series Ultra 2/Ultra/ 9 8 7 6 5 4 3 2 1 SE Smartwatch",https://www.amazon.com/dp/B0CD5QMNPM,0.0,0,9.99,0.0,68,False,0,electronics,Electronics,Wearable Technology,True,False,True,SRC-KAGGLE-002,amazon_products.csv
B0B3LWNHLC,"BOTOMALL Compatible with Apple Watch Band 49mm 45 44 42mm 41 40 38mm Ultra 2 / Ultra Series 9 8 7 SE 6 5 4 3 2 1,Premium Soft Leather with 316L Stainless Steel Butterfly Buckle Replacement Straps for iwatch",https://www.amazon.com/dp/B0B3LWNHLC,4.1,156,22.99,0.0,68,False,0,electronics,Electronics,Wearable Technology,False,False,False,SRC-KAGGLE-002,amazon_products.csv
B01CG62D00,"Kodak PIXPRO Friendly Zoom FZ43-BK 16MP Digital Camera with 4X Optical Zoom and 2.7"" LCD Screen (Black)",https://www.amazon.com/dp/B01CG62D00,4.1,0,119.88,139.8,79,False,0,electronics,Electronics,Camera & Photo,True,False,False,SRC-KAGGLE-002,amazon_products.csv
B07XBF9GXW,"50W+50W Bluetooth 5.0 Amplifier Board,100w Audio Amp Board Dual Channel DC8-24V,Easy Installation and Password Free Connect to Phone Quietly",https://www.amazon.com/dp/B07XBF9GXW,4.5,0,18.97,35.99,82,False,0,electronics,Electronics,Home Audio & Theater Products,True,False,False,SRC-KAGGLE-002,amazon_products.csv
B0BR8T9S89,"Mount Plus MP-SB54F 2 Pack Fixed Height Speaker Floor Stand Made for Sonos Speakers | Compatible with Sonos One, One SL, Play:1 Play:3 Play:5 | Cable Management (2 Pack Black Floor Stand)",https://www.amazon.com/dp/B0BR8T9S89,4.4,180,69.99,0.0,69,False,0,electronics,Electronics,Televisions & Video Products,False,False,False,SRC-KAGGLE-002,amazon_products.csv
B0C3TBSPX8,"【Pack of 2】 New Universal Remote for All Samsung TV Remote, Replacement Compatible with All Samsung Smart TV, LED, LCD, HDTV, 3D, Series TV",https://www.amazon.com/dp/B0C3TBSPX8,4.4,60,7.99,0.0,69,False,0,electronics,Electronics,Televisions & Video Products,False,False,False,SRC-KAGGLE-002,amazon_products.csv
B00VV6X5PY,"JVC HAECX20A Sports Clip Inner Ear Headphones, Blue",https://www.amazon.com/dp/B00VV6X5PY,4.1,160,19.95,0.0,71,False,0,electronics,Electronics,Headphones & Earbuds,False,False,False,SRC-KAGGLE-002,amazon_products.csv
B0BM99GF1L,[2 Pack] iPhone Adapter，Apple MFi Certified iPhone to 3.5mm Aux Audio Accessories Headset Splitter Adaptor Compatible for Music Compatible with iPhone 14/13 Pro Max X/XS/Max/7 8 Support All iOS System,https://www.amazon.com/dp/B0BM99GF1L,4.3,0,6.83,8.98,75,False,0,electronics,Electronics,Cell Phones & Accessories,True,False,False,SRC-KAGGLE-002,amazon_products.csv
B082JMCXB8,"Skagen Connected Falster 3 Gen 5 Stainless Steel and Silicone Touchscreen Smartwatch, Color: Black (Model: SKT5202)",https://www.amazon.com/dp/B082JMCXB8,4.2,151,139.24,0.0,68,False,0,electronics,Electronics,Wearable Technology,False,False,False,SRC-KAGGLE-002,amazon_products.csv
B0BXDM3M11,"Camera Glasses Outdoor HD Video Glasses 1080P Smart for Sports, Driving,Hiking,Fishing, Riding (Include 32G Card)",https://www.amazon.com/dp/B0BXDM3M11,3.7,0,42.99,0.0,79,False,0,electronics,Electronics,Camera & Photo,True,False,False,SRC-KAGGLE-002,amazon_products.csv
B0C84MNC55,MACHETE Brand Compatible Apple Watch Series 8 Series 7 Series SE Series 6 Series 5 4 3 2 1 Blonde Tortoise Brown Neutral 38mm/40mm/41mm/42mm/44mm/45mm/49mm) For Men and Women Fashion Acetate Resin iWatch Band,https://www.amazon.com/dp/B0C84MNC55,0.0,0,80.0,0.0,68,False,0,electronics,Electronics,Wearable Technology,True,False,True,SRC-KAGGLE-002,amazon_products.csv
B0C2VQYF7L,"VR Beat Saber Handle Accessories and Long Stick Handle Extension Grips for Oculus Quest 2 Controllers, Also Suitable for Supernatural Training,Fruit Ninja,Blade & Sorcery and VR Game",https://www.amazon.com/dp/B0C2VQYF7L,4.7,5,12.99,0.0,68,False,0,electronics,Electronics,Wearable Technology,False,False,False,SRC-KAGGLE-002,amazon_products.csv
B09TNKY6HP,"6 Pack Sport Bands Compatible with Apple Watch Band 38mm 40mm 41mm 42mm 44mm 45mm 49mm,Soft Silicone Waterproof Strap for iWatch Series Ultra 8 7 6 5 4 3 2 1 SE Women Men",https://www.amazon.com/dp/B09TNKY6HP,4.7,0,11.98,0.0,75,False,0,electronics,Electronics,Cell Phones & Accessories,True,False,False,SRC-KAGGLE-002,amazon_products.csv
B0BBL2668C,"TV Base Stand and Remote Control for All TCL Roku TV, TV Stand Legs for TCL Roku TV Legs 32” 40” 43"" 49” 50” 55” TV, Remote for Roku Players and TCL Roku TVs - 32S321 40S325 43S303 50S425 55S525",https://www.amazon.com/dp/B0BBL2668C,4.2,64,22.99,0.0,69,False,0,electronics,Electronics,Televisions & Video Products,False,False,False,SRC-KAGGLE-002,amazon_products.csv
B0C92DN7FZ,"Sony ZV-E10 Mirrorless Camera with with 16-50mm + 55-210mm Lenses, 64GB Extreem Speed Memory, Case. Tripod, Filters, Hood, Grip, & Professional Video & Photo Editing Software Kit",https://www.amazon.com/dp/B0C92DN7FZ,5.0,0,1098.0,0.0,79,False,0,electronics,Electronics,Camera & Photo,True,False,False,SRC-KAGGLE-002,amazon_products.csv
B0876HF1XB,"Cable Matters Active 8K HDMI 2.1 Coupler (Female to Female HDMI Signal Booster/HDMI Repeater Gender Changer) with HDR for PS5, Xbox Series X/S, RTX3080 / 3090, RX 6800/6900, Apple TV, and More",https://www.amazon.com/dp/B0876HF1XB,4.2,650,19.49,0.0,69,False,0,electronics,Electronics,Televisions & Video Products,False,False,False,SRC-KAGGLE-002,amazon_products.csv
B0BS5YLXSG,"Anti-Lost Straps Compatible with Earfun Air Pro 2 Wireless Earbuds, Magnetic Soft Silicone Sport Necklace",https://www.amazon.com/dp/B0BS5YLXSG,0.0,0,8.99,0.0,71,False,0,electronics,Electronics,Headphones & Earbuds,True,False,True,SRC-KAGGLE-002,amazon_products.csv
B095S99CF7,"USB C to 3.5mm Aux Cable(2 Pack), Type C Male to 3.5mm Male Jack Adapter Audio Cable Cord Compatible with Samsung Galaxy S21 S20 Ultra S20+ Plus 5G,Note 20/10, Pixel 4/3 XL-3.3ft",https://www.amazon.com/dp/B095S99CF7,4.1,0,7.99,0.0,73,False,0,electronics,Electronics,Portable Audio & Video,True,False,False,SRC-KAGGLE-002,amazon_products.csv
B079Z1CH9B,"Metal Bike & Motorcycle Phone Mount - The Only Unbreakable Handlebar Holder for iPhone, Samsung or Any Other Smartphone. +100 to Safeness & Comfort",https://www.amazon.com/dp/B079Z1CH9B,4.5,0,25.45,30.9,73,False,0,electronics,Electronics,Portable Audio & Video,True,False,False,SRC-KAGGLE-002,amazon_products.csv
B0BPCLFWRB,"Baseus USB C Cable, 100W PD 5A QC 5.0 Type C Fast Charging USB C to USB C Cable, Nylon Braided USB C Charger Cable for MacBook Air/Pro, iPad Pro 12.9/11/Air/Mini, Samsung S22/21/20/Note20 (6.6ft)",https://www.amazon.com/dp/B0BPCLFWRB,4.6,3448,9.99,0.0,69,False,0,electronics,Electronics,Televisions & Video Products,False,False,False,SRC-KAGGLE-002,amazon_products.csv
B0BYZ8C1RY,"RHINOSHIELD Bumper Case Compatible with Apple Watch SE & Series 6/5/4 - [44mm] | Slim Protective Cover - Lightweight, Shock Absorbent, Non-Slip - Transparent",https://www.amazon.com/dp/B0BYZ8C1RY,3.3,8,17.99,0.0,68,False,0,electronics,Electronics,Wearable Technology,False,False,False,SRC-KAGGLE-002,amazon_products.csv
B0BNPYD4JD,"smaate Anti-Lost Straps Compatible with TAGRY X08 Earbuds, Magnetic Soft Silicone Sport Necklace",https://www.amazon.com/dp/B0BNPYD4JD,3.7,10,8.99,0.0,71,False,0,electronics,Electronics,Headphones & Earbuds,False,False,False,SRC-KAGGLE-002,amazon_products.csv
B0B9XHR6BG,"Anker Power Bank, 24K Portable Charger 65W Battery Pack (PowerCore 24K for Laptop), for MacBook Pro, iPad Pro, iPhone 15/15 Plus/15 Pro/15 Pro Max, iPhone 14 Pro, Apple Watch Series 5 (Black)",https://www.amazon.com/dp/B0B9XHR6BG,4.5,0,79.99,99.99,73,False,0,electronics,Electronics,Portable Audio & Video,True,False,False,SRC-KAGGLE-002,amazon_products.csv
B0CD81VN58,"48 PCS Nano Tape Bubble Kit for Kids with Step-by-Step Video Tutorials, Nano Magic Tape Bubbles, Nano Tape Squishy Kit",https://www.amazon.com/dp/B0CD81VN58,4.0,0,11.99,0.0,79,False,100,electronics,Electronics,Camera & Photo,True,False,False,SRC-KAGGLE-002,amazon_products.csv
B09R1MGGDJ,"3 in 1 Android Wireless Charger for Samsung Devices, Wireless Charging Station for Samsung Galaxy S23 S22 Ultra/S22+/S22/S21/Z Flip 5/4/Z Fold 5/4, Galaxy Watch 5/4/3,Galaxy Buds/Pro Black",https://www.amazon.com/dp/B09R1MGGDJ,4.1,0,36.99,38.99,73,False,0,electronics,Electronics,Portable Audio & Video,True,False,False,SRC-KAGGLE-002,amazon_products.csv
B09CMN3253,"CHARMINGO Survival Paracord Watch Band Compatible with Nylon Apple Watch Band 38mm 40mm 41mm 42mm 44mm 45mm 49mm Women Men, Military Braided Sport Outdoor Wristband for iWatch Band Series 8 7 6 5 4 3 2 1 SE Ultra,Black/Green/Camo",https://www.amazon.com/dp/B09CMN3253,3.4,62,21.0,0.0,68,False,0,electronics,Electronics,Wearable Technology,False,False,False,SRC-KAGGLE-002,amazon_products.csv
B0BVW7HV6M,"ITSPWR Bundle Plantronics® Blackwire 3220 USB-A Wired Dual-Ear Headset, bundled with ITSPWR USB Type-C 4 Port Hub, compatible with Mac/PC",https://www.amazon.com/dp/B0BVW7HV6M,4.6,3,49.0,0.0,71,False,0,electronics,Electronics,Headphones & Earbuds,False,False,False,SRC-KAGGLE-002,amazon_products.csv
B0BFCSGHH7,Sjiangqiao Stitch Bands Compatible with Fitbit Versa 2/Versa/Versa Lite/Versa SE Special Edition Smart Watch Soft Silicone Chic Cute Cartoon Sports Band Lovely Style Replacement Strap for Men Women,https://www.amazon.com/dp/B0BFCSGHH7,4.0,69,9.99,0.0,68,False,0,electronics,Electronics,Wearable Technology,False,False,False,SRC-KAGGLE-002,amazon_products.csv
B0BQ1KL371,"Meliya Charger Cable for Fitbit Charge 4 / Charge 3, Replacement USB Charging Cradle Dock Stand Cable for Charge 4 / Charge 3 Fitness Tracker (3.1 ft)",https://www.amazon.com/dp/B0BQ1KL371,4.4,75,5.99,0.0,69,False,0,electronics,Electronics,Televisions & Video Products,False,False,False,SRC-KAGGLE-002,amazon_products.csv
B0BQW8GB36,"Neuupesen Luxury Transparent or Translucent black Case with Fluororubber Band for Apple Watch 44mm / 45mm, Crystal Clear Full Protection for iWatch Series 8/7/6/5/4/SE, Lightweight Design",https://www.amazon.com/dp/B0BQW8GB36,3.7,12,42.99,0.0,68,False,0,electronics,Electronics,Wearable Technology,False,False,False,SRC-KAGGLE-002,amazon_products.csv
B0B62PNM53,"Dbasne Smart Watch for Men Women, 1.69"" New Smartwatch Sports, Fitness Tracker Watch with Heart Rate Sleep Monitor, IP68 Waterproof 8 Modes Step Counter Smart Activity Tracker for Android iOS",https://www.amazon.com/dp/B0B62PNM53,4.0,346,19.99,0.0,68,False,0,electronics,Electronics,Wearable Technology,False,False,False,SRC-KAGGLE-002,amazon_products.csv
B0BZS9XM9N,"FanTEK Watch Band for Galaxy Watch 5 40mm 44mm / Galaxy Watch 5 Pro 45mm / Galaxy Watch 4 40mm 44mm / Galaxy Watch 4 Classic 42mm 46mm, No Gap Quick Release Replacement Strap",https://www.amazon.com/dp/B0BZS9XM9N,4.2,18,5.99,6.99,68,False,0,electronics,Electronics,Wearable Technology,False,False,False,SRC-KAGGLE-002,amazon_products.csv
B01LZJGEI2,"Screen Mom Screen Cleaner Home & Away Bundle – Designed for LED, LCD, Plasma, TV, iPad, Laptop, Computer Monitor, Tablets, Phones, & Eyeglasses - Includes 8oz & 2oz Bottle with 4 Microfiber Cloths",https://www.amazon.com/dp/B01LZJGEI2,4.7,1740,16.95,24.95,69,False,0,electronics,Electronics,Televisions & Video Products,False,False,False,SRC-KAGGLE-002,amazon_products.csv
B09G6HNYXH,"3.3FT Smart Watch Charger Magnetic, USB Charging Cable for YAMAY VeryFitPro SW023 ID205L SW021 ID205U ID205S SW025 Uwatch 3 3S 2 2S",https://www.amazon.com/dp/B09G6HNYXH,4.0,0,6.69,0.0,75,False,0,electronics,Electronics,Cell Phones & Accessories,True,False,False,SRC-KAGGLE-002,amazon_products.csv
B082WL6TNS,Samsung Remote Control (BN59-01315A) for Select Samsung TVs - Black,https://www.amazon.com/dp/B082WL6TNS,4.6,868,7.99,11.2,69,False,0,electronics,Electronics,Televisions & Video Products,False,False,False,SRC-KAGGLE-002,amazon_products.csv
B01D3QZB2Y,"Symphonized Wired Earbuds with Microphone - 90% Noise Cancelling Earbuds Wired for Computer, Laptop & Phone - Corded In-Ear Headphones, Plug In Earphones with Mic, Ear Buds with Wire (3.5mm Aux Jack)",https://www.amazon.com/dp/B01D3QZB2Y,4.2,16620,29.99,34.99,71,False,0,electronics,Electronics,Headphones & Earbuds,False,False,False,SRC-KAGGLE-002,amazon_products.csv
B09N915RKP,"MIJOBS Strap Replacement for Fitbit Luxe, Compatible with Fitbit Luxe Metal Strap, Stainless Steel Wristband Watchband Accessories",https://www.amazon.com/dp/B09N915RKP,3.8,45,12.99,0.0,68,False,0,electronics,Electronics,Wearable Technology,False,False,False,SRC-KAGGLE-002,amazon_products.csv
B0B3S19V46,"15.6 Inch 1080p LED RV Television - Slim Flat Screen Monitor FHD Small TV w/HDMI, RCA, Multimedia Disk/DVD Combo, 12/24 Volt Car Adapter, Wall Mount, Works w/Mac PC, Includes Remote Control,Black",https://www.amazon.com/dp/B0B3S19V46,4.1,184,198.56,0.0,69,False,0,electronics,Electronics,Televisions & Video Products,False,False,False,SRC-KAGGLE-002,amazon_products.csv
B0BH8VQ97V,"Bluetooth Headset with Noise Cancelling Mic and Stand, Wireless Headphones with Mic & Hook, 2-Earpiece with Auto-Pair USB Dongle for PC/Laptop, Handsfree/Dual Connect/Mute, for Meet|Skype|Zoom|Teams",https://www.amazon.com/dp/B0BH8VQ97V,3.6,13,69.99,0.0,71,False,0,electronics,Electronics,Headphones & Earbuds,False,False,False,SRC-KAGGLE-002,amazon_products.csv
B0CG91RQJ3,"[Apple MFi Certified] AirPods Pro Wireless Earbuds,Bluetooth5.2 Earbuds Automatic Noise Reduction in-Ear Earbuds Built-in Microphone Touch Control Pop-ups Auto Pairing with Charging case-Black",https://www.amazon.com/dp/B0CG91RQJ3,2.0,2,17.98,19.98,71,False,0,electronics,Electronics,Headphones & Earbuds,False,False,False,SRC-KAGGLE-002,amazon_products.csv
B00C0ZT48C,Fujifilm Instax Mini Instant Rainbow Film 50 Sheets,https://www.amazon.com/dp/B00C0ZT48C,4.8,0,54.88,0.0,79,False,0,electronics,Electronics,Camera & Photo,True,False,False,SRC-KAGGLE-002,amazon_products.csv
B0B5TYC3LS,"UAYESOK 433Mhz External Antenna for Remote Distance up to 500 ft+, Garage Door Gate Aerial Signal Booster, SMA-Male 433Mhz GSM GPRS Omni Antenna Device Receivers Alarm System",https://www.amazon.com/dp/B0B5TYC3LS,4.0,19,24.99,0.0,69,False,0,electronics,Electronics,Televisions & Video Products,False,False,False,SRC-KAGGLE-002,amazon_products.csv
B078Y1G969,"EMallee Galaxy Watch Charger 42mm 46mm, Replacement Charging Dock Cradle for Samsung Galaxy Smart Watch SM-R800 SM-R810 SM-R815 Gear S2 S3 Sport",https://www.amazon.com/dp/B078Y1G969,4.3,1711,10.99,0.0,68,False,0,electronics,Electronics,Wearable Technology,False,False,False,SRC-KAGGLE-002,amazon_products.csv
B09DM81ZSW,Apple iPod nano 7th Generation Silver (16GB) MKN22LL/A,https://www.amazon.com/dp/B09DM81ZSW,4.1,0,274.99,0.0,73,False,0,electronics,Electronics,Portable Audio & Video,True,False,False,SRC-KAGGLE-002,amazon_products.csv
B0C5XQXY2D,"Dual Port iPhone Fast Charger-2 Pack,[Apple MFi Certified]iPhone 14 PD 20W USB C Fast Wall Charger with Foldable Plug,4Pack-6ft Lightning Cable Fast Charging for iPhone 14/13/12/11 Pro/SE/iPad/AirPods",https://www.amazon.com/dp/B0C5XQXY2D,4.9,0,19.99,0.0,73,False,0,electronics,Electronics,Portable Audio & Video,True,False,False,SRC-KAGGLE-002,amazon_products.csv
B0C276YMDY,"JSAUX DisplayPort Cable 1.4 2-Pack 10ft | 8K DP Cable High Speed Display Port Cord | 8K@60Hz, 4K@144Hz, 2K@240Hz, HDR 10, 32.4Gbps, FreeSync, G-Sync Compatible for Gaming Monitor Graphics PC-Grey",https://www.amazon.com/dp/B0C276YMDY,4.3,7,24.99,0.0,69,False,0,electronics,Electronics,Televisions & Video Products,False,False,False,SRC-KAGGLE-002,amazon_products.csv
B0CGBG2YGQ,"Supershieldz (2 Pack) Anti Glare (Matte) Screen Protector Designed for iPhone 15 Pro (6.1 inch) [Tempered Glass] Anti Fingerprint, Anti Scratch, Bubble Free",https://www.amazon.com/dp/B0CGBG2YGQ,3.9,0,7.99,0.0,75,False,0,electronics,Electronics,Cell Phones & Accessories,True,False,False,SRC-KAGGLE-002,amazon_products.csv
B0BKF252FK,"【Pack of 2】 Universal Remote Control for LG TV Remote,Compatible with All Models for LG Brand, with Netflix Prime Video Shortcut Buttons",https://www.amazon.com/dp/B0BKF252FK,4.4,1522,12.99,0.0,69,False,0,electronics,Electronics,Televisions & Video Products,False,False,False,SRC-KAGGLE-002,amazon_products.csv
B0B5CBHK3X,"100W USB C Wall Charger, PD PPS 4-Port GaN Super Fast Multiport Travel Portable Charger Block Type C Charging Station Power Adapter for MacBook Pro Air, iPhone 14, iPad Samsung Pixel Lenovo HP Dell",https://www.amazon.com/dp/B0B5CBHK3X,4.4,0,39.99,0.0,73,False,0,electronics,Electronics,Portable Audio & Video,True,False,False,SRC-KAGGLE-002,amazon_products.csv
B0BG4DNHGC,"eSamcore Magnetic Phone Holder for Car, iPhone MagSafe Car Mount Strong Phone Magnet for Car Dashboard Cell Phone Holder Car Fits Mag Safe iPhone 14/13/ 12 Pro Max & Android Phones",https://www.amazon.com/dp/B0BG4DNHGC,4.3,0,18.99,0.0,73,False,0,electronics,Electronics,Portable Audio & Video,True,False,False,SRC-KAGGLE-002,amazon_products.csv
B0BVNVXNCY,"Flexible Phone Head Mount for iPhone, First-Person View Video Outdoor Live Shooting Bracket with Phone Clip(4""-7"") for iPhone Samsung Smartphones and GoPro Insta360 Sony DJI Action Camera",https://www.amazon.com/dp/B0BVNVXNCY,4.3,0,16.99,0.0,79,False,0,electronics,Electronics,Camera & Photo,True,False,False,SRC-KAGGLE-002,amazon_products.csv
B0BH173734,ERF3J80H Universal Replacement TV Remote Control Fit for Hisense 4K UHD Android Smart TV,https://www.amazon.com/dp/B0BH173734,4.3,32,16.88,0.0,69,False,0,electronics,Electronics,Televisions & Video Products,False,False,False,SRC-KAGGLE-002,amazon_products.csv
B0B9S9SHZ6,"Slowbull Wired Earbuds, in-Ear Earphones with Mic, Stereo Bass Wired Headphones with Noise Isolation, Earbuds are Compatible with Smartphones, iPods, iPads, pc and Other 3.5mm Jack Devices.",https://www.amazon.com/dp/B0B9S9SHZ6,3.7,17,11.29,0.0,71,False,0,electronics,Electronics,Headphones & Earbuds,False,False,False,SRC-KAGGLE-002,amazon_products.csv
B093GXP1JF,"4K Video Camera, Camcorder 48MP Ultra HD WiFi Vlogging Camera for YouTube 18X Zoom 3.0"" Touch Screen Digital Camera with Microphone, Stabilizer, Lens Hood, Remote, 2 Batteries",https://www.amazon.com/dp/B093GXP1JF,4.0,0,119.99,144.99,79,False,0,electronics,Electronics,Camera & Photo,True,False,False,SRC-KAGGLE-002,amazon_products.csv
B0BYQRDVD6,ElloGear 2023 OEM Earbuds Stereo Headphones for Samsung Galaxy S10 S10e Plus A31 A71 Cable - Designed by AKG - with Microphone and Volume Buttons (Black) with Cleaning Cloth,https://www.amazon.com/dp/B0BYQRDVD6,3.9,4,17.95,0.0,71,False,0,electronics,Electronics,Headphones & Earbuds,False,False,False,SRC-KAGGLE-002,amazon_products.csv
B095BY7QNB,"Surace Case with Screen Protector Compatible with Apple Watch Series 6/5/4/3/2/1, Bling 300 Crystal Diamond Tempered Glass Protective Cover for 38mm 40mm 42mm 44mm, Silver",https://www.amazon.com/dp/B095BY7QNB,4.4,0,9.99,0.0,68,False,0,electronics,Electronics,Wearable Technology,True,False,False,SRC-KAGGLE-002,amazon_products.csv
B08PC97GXH,"Sheepdog Leo Series LEO-1W-APXQD Police Earpiece, Quick Release Lapel Mic Headset, Compatible with Motorola APX 6000 APX 7000 APX 8000 and APX 4000 Radios",https://www.amazon.com/dp/B08PC97GXH,4.2,0,88.0,0.0,73,False,0,electronics,Electronics,Portable Audio & Video,True,False,False,SRC-KAGGLE-002,amazon_products.csv
B093HHWCQL,"Maxell HP200 Headphone with Microphone, 6 ft Cord, Black",https://www.amazon.com/dp/B093HHWCQL,5.0,2,11.61,12.58,71,False,0,electronics,Electronics,Headphones & Earbuds,False,False,False,SRC-KAGGLE-002,amazon_products.csv
B09VPMDYB7,"4 Pack Ermorgen Sweat Guard Band Compatible for Oculus Quest, Upgraded Breathable Face Cover VR Eye Mask, Elastic Adjustable Virtual Reality Accessories Protect Facial Skin for Workouts Supernatural",https://www.amazon.com/dp/B09VPMDYB7,4.3,23,19.99,0.0,68,False,0,electronics,Electronics,Wearable Technology,False,False,False,SRC-KAGGLE-002,amazon_products.csv
B0BZTPDKND,Vesta Smart Watch Rugged Fitness Tracker IP69K Waterproof Compatible with Android and iOS Phone Heart Rate Sport Modes,https://www.amazon.com/dp/B0BZTPDKND,3.8,0,124.95,0.0,68,False,0,electronics,Electronics,Wearable Technology,True,False,False,SRC-KAGGLE-002,amazon_products.csv
B0C2Z85J2M,"Fast Charger Type C, 3 Pack 25W USB C Wall Charger Fast Charging Block with 10ft C to C Charging Cable for Samsung Galaxy S22, S22 Plus, S20 / S21 Ultra Plus, Note 20 / Note 10 Plus",https://www.amazon.com/dp/B0C2Z85J2M,4.7,0,19.99,23.99,73,False,0,electronics,Electronics,Portable Audio & Video,True,False,False,SRC-KAGGLE-002,amazon_products.csv
B0BYJMYRV8,"IMIVIO Hollow-Out Lace Slim Bands Compatible with Apple Watch 38mm 40mm 41mm 42mm 44mm 45mm 49mm for Women Men, Hollow-Out Soft Replacement Strap for iWatch Ultra Series 8 7 6 5 4 3 2 1 SE, 3 Pack",https://www.amazon.com/dp/B0BYJMYRV8,4.1,75,3.99,15.99,68,False,0,electronics,Electronics,Wearable Technology,False,False,False,SRC-KAGGLE-002,amazon_products.csv
B0756T9F5V,"Fiber Optic Connector Cleaning Pen for 2.5mm Ferrules SC,FC,ST,SC/APC and FC/APC,800+ Clean Times",https://www.amazon.com/dp/B0756T9F5V,4.7,0,15.99,16.99,69,False,0,electronics,Electronics,Televisions & Video Products,True,False,False,SRC-KAGGLE-002,amazon_products.csv
B0CBPQFQ5K,"Wireless Earbuds for iPhone 14 Pro Max 15 Plus, 5.3 Bluetooth Headphones Noise Cancelling Ear Buds with Mic Bass Stereo for Samsung Galaxy Z Fold Flip 5 4 S23 Ultra S22 Plus Pixel 7 Pro 6 A 5 Android",https://www.amazon.com/dp/B0CBPQFQ5K,4.5,14,22.99,0.0,71,False,0,electronics,Electronics,Headphones & Earbuds,False,False,False,SRC-KAGGLE-002,amazon_products.csv
B088FQRWSC,200-inch Large Projector Screen 16:9 Hanging Projection Screen Movie Screen Washable Fold-able Anti-Crease for Office Conference Presentation Theater Party,https://www.amazon.com/dp/B088FQRWSC,4.2,813,56.99,0.0,69,False,0,electronics,Electronics,Televisions & Video Products,False,False,False,SRC-KAGGLE-002,amazon_products.csv
B0BJYRJF7V,Phiaton Bonobuds Lite True Wireless Earbuds with Clear Voice by Intelligo and Ambient Mode | Bluetooth Earphones with 11 Hour Playtime,https://www.amazon.com/dp/B0BJYRJF7V,4.4,31,49.99,0.0,71,False,0,electronics,Electronics,Headphones & Earbuds,False,False,False,SRC-KAGGLE-002,amazon_products.csv
B07ZHTYCW2,JIUJOJA 2Pack for Garmin Fenix 6/6 Pro/ 6 Sapphire/6 Solar Charging Sync Data Cable and 2Pcs Free HD Tempered Glass Screen Protector and 8pcs Color Charger Port Protector for Smart Watch,https://www.amazon.com/dp/B07ZHTYCW2,4.6,351,9.99,0.0,68,False,0,electronics,Electronics,Wearable Technology,False,False,False,SRC-KAGGLE-002,amazon_products.csv
B08FBJWM8K,"Panasonic SoundSlayer Dolby Atmos Soundbar for TV with Built-in Subwoofer, Small Home Audio Bluetooth-Enabled Speaker, Hi-Res Sound (SC-HTB01),Black",https://www.amazon.com/dp/B08FBJWM8K,4.5,0,249.0,297.0,82,False,0,electronics,Electronics,Home Audio & Theater Products,True,False,False,SRC-KAGGLE-002,amazon_products.csv
B0B8DH6CN5,EKNITEY Vinyl Record Storage Holder - Metal Record Stand 80-100 LP Storage Vinyl Organizer for Albums Audio Easy to Assemble Black,https://www.amazon.com/dp/B0B8DH6CN5,4.5,0,29.92,0.0,82,False,0,electronics,Electronics,Home Audio & Theater Products,True,False,False,SRC-KAGGLE-002,amazon_products.csv
B082NRH85D,"Supoix Compatible with Apple Watch Band 38mm 40mm 41mm 42mm 44mm 45mm 49mm+ Case, Women Jewelry Bling Diamond Rhinestone Replacement Metal Strap& 2 Pack PC Protector Case for iWatch Ultra 2/ Ultra Series 9/8/7/6/5/4/3/2/1/SE",https://www.amazon.com/dp/B082NRH85D,4.4,0,16.99,0.0,75,False,0,electronics,Electronics,Cell Phones & Accessories,True,False,False,SRC-KAGGLE-002,amazon_products.csv
B0BZ9TKTQL,"Tile Slim (2022) 1-Pack. Thin Bluetooth Tracker, Wallet Finder and Item Locator for Wallet, Luggage Tags and More; Up to 250 ft. Range. Phone Finder. iOS and Android Compatible. (Non-Retail Packaging)",https://www.amazon.com/dp/B0BZ9TKTQL,4.5,0,29.95,0.0,75,False,0,electronics,Electronics,Cell Phones & Accessories,True,False,False,SRC-KAGGLE-002,amazon_products.csv
B0C2HZMQ6Z,"Venus Open Ear Headphones,Air Conduction Earphones for Wireless Call Noise Reduction, Sport Earbuds,Bluetooth 5.3 Clip-on Earphones for Sports Running Workout Pink",https://www.amazon.com/dp/B0C2HZMQ6Z,0.0,0,48.99,0.0,71,False,0,electronics,Electronics,Headphones & Earbuds,True,False,True,SRC-KAGGLE-002,amazon_products.csv
B0C5X9CH6T,"Air-pod Pro Charging Case for Air pod Pro 1st Generation Only, Air pods Pro 1st Generation Smart Charging Case with Standby Mode, 660mAH Air pods Pro Charger Case Replacement, with Sync Button",https://www.amazon.com/dp/B0C5X9CH6T,3.8,0,29.99,36.99,75,False,0,electronics,Electronics,Cell Phones & Accessories,True,False,False,SRC-KAGGLE-002,amazon_products.csv
B0CCY2SCLV,"New Universal Remote for All Samsung TV Remote, Replacement Compatible for All Samsung Smart TV LED LCD HDTV QLED SUHD UHD 4K 3D TVs (1 Pack)",https://www.amazon.com/dp/B0CCY2SCLV,4.2,66,9.99,0.0,69,False,0,electronics,Electronics,Televisions & Video Products,False,False,False,SRC-KAGGLE-002,amazon_products.csv
B07DG7XTH9,"Plantronics BackBeat FIT 305 Sweatproof Sport Earbuds, Wireless Headphones, Dark Blue/Blue",https://www.amazon.com/dp/B07DG7XTH9,3.8,156,24.99,0.0,71,False,0,electronics,Electronics,Headphones & Earbuds,False,False,False,SRC-KAGGLE-002,amazon_products.csv
B00DRQJYTW,"100 Pack Maxtek Premium Thick Black Color Paper CD DVD Sleeves Envelope with Window Cut Out and Flap, 100g Heavy Weight.",https://www.amazon.com/dp/B00DRQJYTW,4.7,697,9.98,0.0,69,False,0,electronics,Electronics,Televisions & Video Products,False,False,False,SRC-KAGGLE-002,amazon_products.csv
B09P4X2R9K,"Paiholy Cleaner Kit for Airpods Pro 1 2 3, Multifunction Bluetooth Earbuds Cleaning Pen with Soft Brush, 3 in 1 Cleaning Tools for Airpods, Wireless Earphones Case, Camera and Mobile Phone",https://www.amazon.com/dp/B09P4X2R9K,4.5,183,4.99,0.0,71,False,0,electronics,Electronics,Headphones & Earbuds,False,False,False,SRC-KAGGLE-002,amazon_products.csv
B0B1Q2K886,"NEEWER LED Video Light, Portable Bi-Color 3200K~5600K Dimmable Camera Soft Lights with 3 Cold Shoes, CRI 97+, 8 Scene Modes, 2000mAh Rechargeable Battery for Gaming/YouTube/Vlog/Photography - NL-36AI",https://www.amazon.com/dp/B0B1Q2K886,4.5,0,18.99,0.0,79,False,0,electronics,Electronics,Camera & Photo,True,False,False,SRC-KAGGLE-002,amazon_products.csv
B08CDD2BRF,"RJ45 Waterproof Connector IP68 Cable Connector, Panel Mount Coupler Female to Female, with Shielding Cable Coupler-CAT5E-YMP20-Green-2 PCS",https://www.amazon.com/dp/B08CDD2BRF,4.1,0,13.99,0.0,82,False,0,electronics,Electronics,Home Audio & Theater Products,True,False,False,SRC-KAGGLE-002,amazon_products.csv
B07DN8G654,FM/AM/NOAA Weather Radio Hand Crank Self Powered Solar Emergency Radios with 3 LED Flashlight 2000mah Power Bank Smart Phone Charger (Red),https://www.amazon.com/dp/B07DN8G654,4.5,0,16.9,0.0,73,False,0,electronics,Electronics,Portable Audio & Video,True,False,False,SRC-KAGGLE-002,amazon_products.csv
B07MWZTFF4,"Batmax Rapid LCD USB Dual Battery Charging Station for Arlo Pro,Arlo Pro 2 & Arlo Go Wireless Home Security Camera System Batteries",https://www.amazon.com/dp/B07MWZTFF4,4.5,0,16.99,0.0,79,False,0,electronics,Electronics,Camera & Photo,True,False,False,SRC-KAGGLE-002,amazon_products.csv
B0087NB2OU,"Sena SPH10 Outdoor Sports Bluetooth Stereo Headset / Intercom , Black",https://www.amazon.com/dp/B0087NB2OU,4.1,937,199.0,0.0,71,False,100,electronics,Electronics,Headphones & Earbuds,False,False,False,SRC-KAGGLE-002,amazon_products.csv
B00LHRKG72,"Case of 5,Retevis RT21 Walkie Talkies for Adults Long Range, Handfree Rugged Two Way Radio with Earpiece for Commercial Construction Warehouse Security 2 Way Radios",https://www.amazon.com/dp/B00LHRKG72,4.5,0,99.99,0.0,73,False,0,electronics,Electronics,Portable Audio & Video,True,False,False,SRC-KAGGLE-002,amazon_products.csv
B08ZSPRTR7,"Cayer FP34 Monopod with Feet, 71 inch Aluminum Telescopic Camera Monopod with Fluid Head and 3-Leg Tripod Base for DSLR Video Cameras Camcorders, Supporting up to 13.2lbs",https://www.amazon.com/dp/B08ZSPRTR7,4.6,0,109.99,0.0,79,False,0,electronics,Electronics,Camera & Photo,True,False,False,SRC-KAGGLE-002,amazon_products.csv
B08HMYV5D4,"45W USB-C Charger, PowerLot Super Fast Charger& 6FT Cable, S22 Ultra Charger 45W S21 Ultra Charger, GaN USB C Charger with PD 3.0 PPS/AFC, for Galaxy S22,S21, Z Flip 5, Fold 5, iPhone 15, iPad,MacBook",https://www.amazon.com/dp/B08HMYV5D4,4.6,0,29.99,0.0,73,False,0,electronics,Electronics,Portable Audio & Video,True,False,False,SRC-KAGGLE-002,amazon_products.csv
B07M5MR8V1,CKLau 450MHz Bandwidth 2 Port VGA Splitter Amplifier Box 1 PC to 2 Monitors SVGA Video Splitter Support 2048 x 1536 Resolution up to 164ft for Screen Duplication,https://www.amazon.com/dp/B07M5MR8V1,4.1,183,18.4,0.0,69,False,0,electronics,Electronics,Televisions & Video Products,False,False,False,SRC-KAGGLE-002,amazon_products.csv
B00V441OBK,"3.5mm to RCA Cable, GearIT Pro Series 50 Feet Premium Gold Plated 3.5mm to RCA Audio Stereo Cable for Headphones, Home System, Car Stereo, iPods, iPhones, MP3 Players and More - Black",https://www.amazon.com/dp/B00V441OBK,4.7,1824,18.49,0.0,69,False,0,electronics,Electronics,Televisions & Video Products,False,False,False,SRC-KAGGLE-002,amazon_products.csv
B09CWXX799,DSAAplus Compatible With Apple Watch Band 38mm 40mm 41mm 42mm 44mm 45mm Ultra 49mm Stainless Steel Metal Cowboy Chain Style Replacement iWatch Series87654321 Ultra SE2 SE Strap Wristband XS~XL,https://www.amazon.com/dp/B09CWXX799,4.3,0,18.95,0.0,75,False,0,electronics,Electronics,Cell Phones & Accessories,True,False,False,SRC-KAGGLE-002,amazon_products.csv
B01KZFLEUY,"Waterproof Camera Float, Floating Wrist Strap for GoPro Hero 11 10 9 8 7 6 5 4 AKASO Nikon Canon Camera Key Phones Case Underwater Keychain Lanyard Accessories",https://www.amazon.com/dp/B01KZFLEUY,4.5,0,12.99,0.0,79,False,0,electronics,Electronics,Camera & Photo,True,False,False,SRC-KAGGLE-002,amazon_products.csv
B07YFZXX8F,Projector Screen with Stand 80 inch Portable Projection Screen 16:9 4K HD Projections Movies Screen with Carry Bag for Indoor Outdoor Home Theater Backyard Cinema Travel,https://www.amazon.com/dp/B07YFZXX8F,4.3,637,55.99,0.0,69,False,0,electronics,Electronics,Televisions & Video Products,False,False,False,SRC-KAGGLE-002,amazon_products.csv
B073ZJGKLJ,Jabra Sport Pace,https://www.amazon.com/dp/B073ZJGKLJ,3.7,41,79.99,0.0,71,False,0,electronics,Electronics,Headphones & Earbuds,False,False,False,SRC-KAGGLE-002,amazon_products.csv
B0B2PQ1RQ9,"Bands Compatible with Fossil Women's Gen 5E 42mm / Gen 6 42mm Smart Watch, 6PCS 18mm Soft Silicone Fadeless Pattern Printed Floral Replacement Band for Fossil Venture Gen 4 HR/Gen 3",https://www.amazon.com/dp/B0B2PQ1RQ9,4.6,0,13.99,0.0,68,False,0,electronics,Electronics,Wearable Technology,True,False,False,SRC-KAGGLE-002,amazon_products.csv
B079G339G7,"HALO Bolt Wall Plug AC Charge Adapter for HALO Bolt 57720, Bolt 58830, Bolt ACDC Wireless, Bolt Air Portable, Black",https://www.amazon.com/dp/B079G339G7,4.8,0,16.57,19.99,73,False,0,electronics,Electronics,Portable Audio & Video,True,False,False,SRC-KAGGLE-002,amazon_products.csv
B0C5Y1TYJP,"felofty Wireless Earbuds Bluetooth 5.3 Earbuds Built Noise Cancellation Mic with LED Digital Display Charging Case, Deep Bass Ear Bud Touch Control, HiFi Stereo in-Ear Earphones for Sport and Work",https://www.amazon.com/dp/B0C5Y1TYJP,0.0,0,11.99,0.0,71,False,0,electronics,Electronics,Headphones & Earbuds,True,False,True,SRC-KAGGLE-002,amazon_products.csv
B0711LKZKX,"Steel HR Hybrid Smartwatch - Activity, Sleep, Fitness and Heart Rate Tracker with Connected GPS",https://www.amazon.com/dp/B0711LKZKX,4.1,0,179.95,0.0,68,False,0,electronics,Electronics,Wearable Technology,True,False,False,SRC-KAGGLE-002,amazon_products.csv
B0BN58F32M,"TV Wall Mount for Most 26-60 inch Flat/Curved TVs up to 77lbs, Full Motion Wall Mount TV Braket with Articulating arm Swivel Tilt Extension, Single Stud Corner TV Monitor Mount Max VESA 400x400mm",https://www.amazon.com/dp/B0BN58F32M,4.6,112,24.99,0.0,69,False,0,electronics,Electronics,Televisions & Video Products,False,False,False,SRC-KAGGLE-002,amazon_products.csv
B0CG8Y4LVS,"Aemus Compatible for Ddidbi P66D Smart Watch Screen Protector (3 Pack) 3D Full Coverage Protective Film Compatible for Dotn/Aptckdoe/Poounur P66E 1.85"" Smart Watch",https://www.amazon.com/dp/B0CG8Y4LVS,0.0,0,7.95,0.0,68,False,0,electronics,Electronics,Wearable Technology,True,False,True,SRC-KAGGLE-002,amazon_products.csv
B0C2T7YNVH,"New RMF-TX800U Replacement TV Voice Remote Control,Compatible for Sony TV 4K 8K Ultra HD LED (X80K X90K W830K A80K X95K X85K...Series) Smart Google TV-2022 Model,Replace RMF-TX900U Remote",https://www.amazon.com/dp/B0C2T7YNVH,4.0,40,21.95,25.87,69,False,0,electronics,Electronics,Televisions & Video Products,False,False,False,SRC-KAGGLE-002,amazon_products.csv
B0952LD58L,"Wall Charger USB Type C Charging Cable Cord Fit for Remarkable 2 Paper Tablet, Nook GlowLight 4 BNRV1100 4e (2022), onn 11.6 Tab 8"" Kids, Onn Pro 8"", Pro 10.1"", ONN Surf 8”, ONN Surf 10.1”Tablet Gen 2",https://www.amazon.com/dp/B0952LD58L,4.5,249,12.99,0.0,69,False,0,electronics,Electronics,Televisions & Video Products,False,False,False,SRC-KAGGLE-002,amazon_products.csv
B0BCCL38JQ,Sky Watcher Sky-Watcher Star Adventurer GTI Mount Head Kit with Counterweight and CW bar - Full GoTo EQ Tracking Mount for Portable and Lightweight Astrophotography,https://www.amazon.com/dp/B0BCCL38JQ,4.4,0,640.0,0.0,79,False,0,electronics,Electronics,Camera & Photo,True,False,False,SRC-KAGGLE-002,amazon_products.csv
B0CFV7VRX4,3 in 1 Charging Station for Apple Devices 20W Foldable Mag-Safe Charger for Travel Wireless Charger Pad for iPhone 15 14 13 12 Pro/Pro Max/Plus/Mini AirPods 2/3/Pro iWatch Ultra/8/7/SE/6/5/4/3/2,https://www.amazon.com/dp/B0CFV7VRX4,5.0,0,35.99,0.0,73,False,0,electronics,Electronics,Portable Audio & Video,True,False,False,SRC-KAGGLE-002,amazon_products.csv
B0B1DJVN6H,6.5 ft Round Backdrop Cover Solid Color Round Backdrop Baby Shower Beige Color Background Birthday Party Decoration,https://www.amazon.com/dp/B0B1DJVN6H,4.6,0,28.99,0.0,79,False,0,electronics,Electronics,Camera & Photo,True,False,False,SRC-KAGGLE-002,amazon_products.csv
B0C9CWFNDM,"10.1"" Digital Picture Frame WiFi Digital Photo Frame 1280x800HD IPS Touch Screen, Built in 16GB Memory, Auto-Rotate, Share Photos and Videos via Frameo App, Gift for Friends and Family, Black",https://www.amazon.com/dp/B0C9CWFNDM,4.7,0,99.99,0.0,79,False,0,electronics,Electronics,Camera & Photo,True,False,False,SRC-KAGGLE-002,amazon_products.csv
B0C7QD6GDQ,"Srhythm S5 Wireless Earbuds, Hybrid Active Noise Cancelling Bluetooth 5.3 TWS Ear Buds Ambient Sound in-Ear Headphones, HiFi Stereo Deep Bass, AI-Enhanced Calls, 36H Playtime Comfort Earphones",https://www.amazon.com/dp/B0C7QD6GDQ,4.1,55,59.99,0.0,71,False,0,electronics,Electronics,Headphones & Earbuds,False,False,False,SRC-KAGGLE-002,amazon_products.csv
B09TXW15ST,MagMod Pro Creative Gels | Flash Modifier Light Gels | New and Improved Color Modifiers | Modular Magnetic Camera Accessories | Set of 6 Light Filters,https://www.amazon.com/dp/B09TXW15ST,4.7,0,49.94,0.0,79,False,0,electronics,Electronics,Camera & Photo,True,False,False,SRC-KAGGLE-002,amazon_products.csv
B0B6GXDMGZ,"Yamaha TW-ES5A True Wireless Sport Earbuds with Bluetooth 5.2, IPX7 Waterproof, Secure Fit, Premium Sound, Qualcomm CVC Clear Voice Capture, Listening Care and Ambient Sound (Black)",https://www.amazon.com/dp/B0B6GXDMGZ,3.8,41,0.0,0.0,71,False,0,electronics,Electronics,Headphones & Earbuds,False,True,False,SRC-KAGGLE-002,amazon_products.csv
B00C5H0Y1G,"Marshall Uxbridge Home Voice Speaker with Amazon Alexa Built-in, White",https://www.amazon.com/dp/B00C5H0Y1G,4.4,394,219.99,0.0,71,False,0,electronics,Electronics,Headphones & Earbuds,False,False,False,SRC-KAGGLE-002,amazon_products.csv
B0BZTYB1GS,"ioGiant AC1200Mbps Universal WiFi to Ethernet Adapter, 2.4G/5G Dual Band Wireless Bridge with RJ45 Port for Printer, Smart TV, Blu-Ray Player, Playstation, DVR, etc, Connect a Wired Device to Wi-Fi",https://www.amazon.com/dp/B0BZTYB1GS,5.0,1,46.99,0.0,69,False,0,electronics,Electronics,Televisions & Video Products,False,False,False,SRC-KAGGLE-002,amazon_products.csv
B0CC4968Z9,"3 in 1 Wireless Charger for iPhone, iAXBi Magnetic Foldable Cell Phone Charging Station, Detachable Travel Charger Pad for iPhone 14/13/12 Series AirPods 3/2/Pro iWatch(Adapter not Included)",https://www.amazon.com/dp/B0CC4968Z9,0.0,0,19.99,0.0,73,False,0,electronics,Electronics,Portable Audio & Video,True,False,True,SRC-KAGGLE-002,amazon_products.csv
B079JW16JC,"4 Pack 11 mm Pu Leather Foam Face Replacement Face Cover Pad Memory Foam Compatible with HTC Vive Headset, HTC Vive Accessories, Black",https://www.amazon.com/dp/B079JW16JC,4.4,0,14.99,15.99,68,False,0,electronics,Electronics,Wearable Technology,True,False,False,SRC-KAGGLE-002,amazon_products.csv
B0BXBXLVS2,"ESR 3 in 1 Charger for Magsafe, Travel Charger Stand for Magsafe, Made for Apple Watch Certified, Foldable Charging Station Compatible with Magsafe and iPhone 15/14/13/12, AirPods Pro, Black",https://www.amazon.com/dp/B0BXBXLVS2,4.7,0,69.99,89.99,73,False,0,electronics,Electronics,Portable Audio & Video,True,False,False,SRC-KAGGLE-002,amazon_products.csv
B01N9RM36I,"Multi Unit Rapid Charger for Motorola Radios XPR6350 XPR6550 XPR7350 XPR7550 XPR7350e XPR7380e XPR7550e XPR7580e XPR3300 XPR3500 XPR3300e XPR3500e APX4000 APX3000 etc, XPR APX Six Gang Charger",https://www.amazon.com/dp/B01N9RM36I,3.6,0,239.0,0.0,73,False,0,electronics,Electronics,Portable Audio & Video,True,False,False,SRC-KAGGLE-002,amazon_products.csv
B087GD9J42,"USB Wall Charger,Charging Block,5Pack 2.1A Wall Plug Power Cube Brick Charger Adapter Compatible with iPhone 15 14 13 12 11 Pro Max/Xs/XR/8/7/6S/6 Plus,Samsung Galaxy S23 S22 S21 S20 A10e A20 A50 A80",https://www.amazon.com/dp/B087GD9J42,4.7,0,12.99,14.29,73,False,0,electronics,Electronics,Portable Audio & Video,True,False,False,SRC-KAGGLE-002,amazon_products.csv
B0BBPY5P21,"PERLESMITH Full Motion TV Wall Mount for 37-75 inch TVs, TV Mount with Smooth Swivel, Tilt, Extension, Dual Articulating Arms, Holds up to 100 lbs, Max VESA 600x400mm, 16"" Wood Studs, PSLF10",https://www.amazon.com/dp/B0BBPY5P21,4.6,330,31.99,54.99,69,False,0,electronics,Electronics,Televisions & Video Products,False,False,False,SRC-KAGGLE-002,amazon_products.csv
B07TWDFKJR,GODOX V1 Battery VB26A Lithium Battery Pack V1S V1C V1N V1F V1O Round Head Flash V860III-S V860III-C V860III-N V860III-F V860III-O V850III AD100Pro MF-R76 Camera Flash Speedlite,https://www.amazon.com/dp/B07TWDFKJR,4.8,0,49.0,0.0,79,False,0,electronics,Electronics,Camera & Photo,True,False,False,SRC-KAGGLE-002,amazon_products.csv
B086WNZW7Q,Plantronics Calisto 5300 CL5300-M USB-C,https://www.amazon.com/dp/B086WNZW7Q,3.3,0,19.99,0.0,69,False,0,electronics,Electronics,Televisions & Video Products,True,False,False,SRC-KAGGLE-002,amazon_products.csv
B0BRSF6TNR,Vintage Pooh Bear Baby Shower Backdrop for Girl Retro Giant Book Spring Tree Classic Background Newborn Quote Pink Yellow Tinge Banner 7x5 ft 137,https://www.amazon.com/dp/B0BRSF6TNR,4.5,0,24.99,0.0,79,False,0,electronics,Electronics,Camera & Photo,True,False,False,SRC-KAGGLE-002,amazon_products.csv
B08SQB61BB,Canal Toys New So DIY TikTok Instagram YouTube Multicolored Ring Light with Green Screen and Phone Mount Tripod. Studio Creator 2 Influencer Video Creator Kit,https://www.amazon.com/dp/B08SQB61BB,4.4,0,24.99,34.99,79,False,0,electronics,Electronics,Camera & Photo,True,False,False,SRC-KAGGLE-002,amazon_products.csv
B07X31FG6Z,"Cable Matters USB C to USB C Monitor Cable 6 ft / 1.8m with 4K 60Hz Video Resolution, 100W Power Delivery, and 5Gbps USB-C 3.1 Gen 1 Data Transfer",https://www.amazon.com/dp/B07X31FG6Z,4.6,1051,17.99,19.59,69,False,0,electronics,Electronics,Televisions & Video Products,False,False,False,SRC-KAGGLE-002,amazon_products.csv
B099ZN3TCF,OBVIS IR Infrared Emitter Extender Cable Extension (10 Feet 3Meter) Single HeadEye 3.5mm,https://www.amazon.com/dp/B099ZN3TCF,4.0,0,4.8,5.5,69,False,0,electronics,Electronics,Televisions & Video Products,True,False,False,SRC-KAGGLE-002,amazon_products.csv
B0BXPDBRV9,"V-MORO Bling Band Compatible for Apple Watch Bands 40mm/38mm/41mm Series 8 7 SE Women Silver, Dressy Diamonds Jewelry Fidget Spinner Bracelet for iWatch Series 6/5/4/3/2/1",https://www.amazon.com/dp/B0BXPDBRV9,4.7,8,19.99,0.0,68,False,0,electronics,Electronics,Wearable Technology,False,False,False,SRC-KAGGLE-002,amazon_products.csv
B01GPMRXL0,"BENFEI DisplayPort to DVI 6 Feet Cable, DisplayPort to DVI Adapter Male to Male Gold-Plated Cord Cable for Lenovo, Dell, HP and Other Brand",https://www.amazon.com/dp/B01GPMRXL0,4.6,17663,8.99,19.99,69,False,0,electronics,Electronics,Televisions & Video Products,False,False,False,SRC-KAGGLE-002,amazon_products.csv
B07D7SHKGK,Aviation Plug Connector 10 Pairs Male Female Panel Metal Wire Connector 16mm Socket (4 Pins 10-Pack),https://www.amazon.com/dp/B07D7SHKGK,4.6,0,9.9,0.0,82,False,0,electronics,Electronics,Home Audio & Theater Products,True,False,False,SRC-KAGGLE-002,amazon_products.csv
B09V5FCD4N,WJSTN-061 Right Angle RCA to Right Angle RCA Cable Male-to-Male RCA Audio Cable 2Pack (2FT),https://www.amazon.com/dp/B09V5FCD4N,4.7,0,10.99,0.0,82,False,0,electronics,Electronics,Home Audio & Theater Products,True,False,False,SRC-KAGGLE-002,amazon_products.csv
B0CBQDB38N,"Shesyuki for Fitbit Versa Bands, Compatible with Fitbit Versa 3/Versa 4/Sense and Sense 2 Smart Watch, Bling Diamond Stainless Links Bracelet for Women",https://www.amazon.com/dp/B0CBQDB38N,5.0,1,20.99,0.0,68,False,0,electronics,Electronics,Wearable Technology,False,False,False,SRC-KAGGLE-002,amazon_products.csv
B08M3LNC6K,"iPhone 14 13 12 Fast Charger [Apple MFi Certified] 20W PD USB C Wall Charger with 6FT Fast Charging Cable Compatible iPhone 14/14 Pro/14 Pro Max/14 Plus/13/12/11/Pro/Pro Max/Mini/Xs Max/XR/X, iPad",https://www.amazon.com/dp/B08M3LNC6K,4.5,0,7.92,9.9,73,False,0,electronics,Electronics,Portable Audio & Video,True,False,False,SRC-KAGGLE-002,amazon_products.csv
B06XNTPN8C,"Canon EOS Rebel T6 Digital SLR Camera Kit with EF-S 18-55mm f/3.5-5.6 is II Lens, Built-in WiFi and NFC - Black (Renewed)",https://www.amazon.com/dp/B06XNTPN8C,4.7,0,394.0,0.0,79,False,0,electronics,Electronics,Camera & Photo,True,False,False,SRC-KAGGLE-002,amazon_products.csv
B08ZSLFJS1,"Aladrs Silicone Magnetic Sport Loop Straps Compatible with Apple Watch Bands, Wristbands for iWatch Ultra (49mm) Series 8 7 (45mm 41mm) Series 6 5 4, SE (44mm 40mm) Series 3 2 1 (42mm 38mm)",https://www.amazon.com/dp/B08ZSLFJS1,3.8,446,15.99,0.0,68,False,0,electronics,Electronics,Wearable Technology,False,False,False,SRC-KAGGLE-002,amazon_products.csv
B08JQ9XD75,"Unicorn Wireless Headphones for Kids,Cat Ear Bluetooth 5.0 Over Ear Headphones with Microphone for Cellphone/iPad/Laptop/PC/TV/PS4/Xbox One, Foldable Gaming Headset for Girls Teens Gift (pink)",https://www.amazon.com/dp/B08JQ9XD75,4.4,963,19.99,0.0,71,False,0,electronics,Electronics,Headphones & Earbuds,False,False,False,SRC-KAGGLE-002,amazon_products.csv
B0B8NHDS6W,"2023 [Metal Hook] Car Vent Phone Holder Mount, Ultra Stable Air Vent Clip Cell Phone Holder for Car, [Thick Cases Friendly] Automobile Car Cradle Fit for iPhone 15 14 13 12 Pro Max/Samsung/Google",https://www.amazon.com/dp/B0B8NHDS6W,4.3,0,15.99,0.0,73,False,0,electronics,Electronics,Portable Audio & Video,True,False,False,SRC-KAGGLE-002,amazon_products.csv
B07VJL9R4F,Funnytree 7x5FT Halloween Pumpkin Field Photography Backdrop for Kids Birthday Party Banner Starry Sky Night Moon Background Photo Booth,https://www.amazon.com/dp/B07VJL9R4F,4.7,0,16.99,0.0,79,False,0,electronics,Electronics,Camera & Photo,True,False,False,SRC-KAGGLE-002,amazon_products.csv
B091Q8VMTZ,UrbanX Street Buds Live True Wireless Earbud Headphones for Samsung Galaxy - Wireless Earbuds w/Active Noise Cancelling (US Version with Warranty - Frost White),https://www.amazon.com/dp/B091Q8VMTZ,3.6,70,43.06,0.0,71,False,0,electronics,Electronics,Headphones & Earbuds,False,False,False,SRC-KAGGLE-002,amazon_products.csv
B0CG3GM6XG,"Telescope,150EQ Professional Reflector Telescopes for Adults Astronomy,Manual Equatorial Telescope for Kids & Beginners,Comes with Stainless Tripod, Phone Adapter and Moon Filter & Solar Fliter",https://www.amazon.com/dp/B0CG3GM6XG,0.0,0,359.99,0.0,79,False,0,electronics,Electronics,Camera & Photo,True,False,True,SRC-KAGGLE-002,amazon_products.csv
B0C3CZ1RJ1,"PSIER Wireless Earbuds Active Noise Cancelling Bluetooth 5.3 Earbuds with 4 Mics Clear Calls, 30H Playtime Deep Bass True Wireless Earbuds with Transparency Mode Bluetooth Headphones for Working",https://www.amazon.com/dp/B0C3CZ1RJ1,3.8,75,35.99,0.0,71,False,0,electronics,Electronics,Headphones & Earbuds,False,False,False,SRC-KAGGLE-002,amazon_products.csv
B09M6X9T63,"FirstPower LP-E17 Battery 3-Pack and Triple Slot Charger for Canon EOS RP, Rebel T8i, T7i, T6i, T6s, SL2, SL3, M3, M5, M6, 77D, 200D, 750D, 760D, 800D, 8000D, DSLR Cameras",https://www.amazon.com/dp/B09M6X9T63,4.5,0,32.99,0.0,79,False,0,electronics,Electronics,Camera & Photo,True,False,False,SRC-KAGGLE-002,amazon_products.csv
B08YDWN22B,"Black Sequin Backdrop (6Ft x 6Ft),Thick Satin Black Sequin Photo Backdrop Curtain,Sparkly Opaque Photography Curtain, Non-Transparent Sequence Xmas Thanksgiving Backdrop for Wedding Party Decor",https://www.amazon.com/dp/B08YDWN22B,4.5,0,22.8,0.0,79,False,0,electronics,Electronics,Camera & Photo,True,False,False,SRC-KAGGLE-002,amazon_products.csv
B018KE5XUO,"EMART Umbrella Photography Lighting Kit with 700W CFL 5500K Bulbs,Soft Light Continuous Reflective Umbrella Lights Photography Kit for Portrait Studio Video Recording, Filming, Podcast",https://www.amazon.com/dp/B018KE5XUO,4.6,0,79.99,96.99,79,False,0,electronics,Electronics,Camera & Photo,True,False,False,SRC-KAGGLE-002,amazon_products.csv
B096LF1GFR,"Complogics TC51 USB and Charge Cable; Replaces CBL-TC51-USB1-01; TC52,TC56,TC57",https://www.amazon.com/dp/B096LF1GFR,4.6,52,33.0,0.0,69,False,0,electronics,Electronics,Televisions & Video Products,False,False,False,SRC-KAGGLE-002,amazon_products.csv
B0193RRK8A,"Mediabridge™ 12AWG 2-Conductor Speaker Wire (200 Feet, White) - 99.9% Oxygen Free Copper – ETL Listed & CL2 Rated for in-Wall Use (Part# SW-12X2-200-WH)",https://www.amazon.com/dp/B0193RRK8A,4.8,0,138.84,0.0,69,False,0,electronics,Electronics,Televisions & Video Products,True,False,False,SRC-KAGGLE-002,amazon_products.csv
B0108LRWCY,CorpCo USB 2.0 Printer Cable Cord A-B 10' 10 Ft for Canon Pixma Printers,https://www.amazon.com/dp/B0108LRWCY,4.7,2204,6.99,0.0,69,False,0,electronics,Electronics,Televisions & Video Products,False,False,False,SRC-KAGGLE-002,amazon_products.csv
B07TDLK8HM,"Retro Bluetooth Speaker, Vintage Radio-Greadio FM Radio with Old Fashioned Classic Style, Strong Bass Enhancement, Loud Volume, Bluetooth 5.0 Wireless Connection, TF Card and MP3 Player (Pink)",https://www.amazon.com/dp/B07TDLK8HM,4.6,0,30.9,42.9,73,False,0,electronics,Electronics,Portable Audio & Video,True,False,False,SRC-KAGGLE-002,amazon_products.csv
B0B9SQHMYK,Bluetooth Headphones Open Ear Earbuds Wireless Over Ear Workout Earbuds with Flash Light earhooks for Android iPhone 50-Hrs Usage for Running IPX5 Waterproof with Microphone (Black),https://www.amazon.com/dp/B0B9SQHMYK,0.0,0,186.68,0.0,71,False,0,electronics,Electronics,Headphones & Earbuds,True,False,True,SRC-KAGGLE-002,amazon_products.csv
B09ZH94PK9,WZWNEER Replacement Charger Smart Watch,https://www.amazon.com/dp/B09ZH94PK9,4.5,34,9.99,0.0,68,False,0,electronics,Electronics,Wearable Technology,False,False,False,SRC-KAGGLE-002,amazon_products.csv
B09KQ6CHPW,"Supershieldz (2 Pack) Anti Glare (Matte) Screen Protector Designed for iPhone 14 / iPhone 13 / iPhone 13 Pro (6.1 inch) [Tempered Glass] 0.33mm, Anti Fingerprint, Anti Scratch, Bubble Free",https://www.amazon.com/dp/B09KQ6CHPW,4.4,0,7.99,9.99,75,False,0,electronics,Electronics,Cell Phones & Accessories,True,False,False,SRC-KAGGLE-002,amazon_products.csv
B0BY97V98D,"Maxonar 8K DisplayPort 1.4 to HDMI 2.1 Cable, 6.6FT Unidirectional DP 1.4 to HDMI 2.1 Video Audio Cord Supports 8K@60Hz 4K@120Hz Dynamic HDR, HDCP 2.2 for RTX 3090, RX6900, PC, AMD NVIDIA Graphics",https://www.amazon.com/dp/B0BY97V98D,4.3,209,29.99,0.0,69,False,0,electronics,Electronics,Televisions & Video Products,False,False,False,SRC-KAGGLE-002,amazon_products.csv
B009PM9FXC,Encore ENC-06 50 Pack Budget Stereo Classroom Headphones Bulk Disposable,https://www.amazon.com/dp/B009PM9FXC,3.4,83,79.99,0.0,71,False,0,electronics,Electronics,Headphones & Earbuds,False,False,False,SRC-KAGGLE-002,amazon_products.csv
B07RFNTLB5,Jabra Evolve 65 MS Mono Wireless Headset/Music Headphones (Renewed),https://www.amazon.com/dp/B07RFNTLB5,4.6,8,0.0,0.0,71,False,0,electronics,Electronics,Headphones & Earbuds,False,True,False,SRC-KAGGLE-002,amazon_products.csv
B09N3TNSDC,"Portable Charger PD 20W Battery Pack USB C high-Speed Charging 26800mAh Power Bank LCD Display with Type C Out & in,External Battery Backup for MacBook,iPhone 12,13,14,Samsung,Heated Vest,etc",https://www.amazon.com/dp/B09N3TNSDC,4.6,0,53.99,0.0,73,False,0,electronics,Electronics,Portable Audio & Video,True,False,False,SRC-KAGGLE-002,amazon_products.csv
B07ZR4S1G4,New Universal Remote Control for All Sony TV Replacement for All LCD LED TV and Bravia TV Remote1,https://www.amazon.com/dp/B07ZR4S1G4,4.5,3442,11.99,0.0,69,False,0,electronics,Electronics,Televisions & Video Products,False,False,False,SRC-KAGGLE-002,amazon_products.csv
B09CLH3VQG,"Supershieldz (2 Pack) Designed for Samsung Galaxy Watch 4 Classic (46mm) Tempered Glass Screen Protector, Anti Scratch, Bubble Free",https://www.amazon.com/dp/B09CLH3VQG,4.6,204,6.99,0.0,68,False,0,electronics,Electronics,Wearable Technology,False,False,False,SRC-KAGGLE-002,amazon_products.csv
B0C4KXRVTX,"TRUMiRR Band for Fitbit Charge 5 Women, Stainless Steel & Diamond Watchband Feminine Jewelry Strap for Fitbit Charge 5",https://www.amazon.com/dp/B0C4KXRVTX,3.7,0,17.99,0.0,68,False,0,electronics,Electronics,Wearable Technology,True,False,False,SRC-KAGGLE-002,amazon_products.csv
B09KY678K6,"RS 175/HDR 175/TR 175 Replacement Ear Pads Upgrade Headphones Parts, Comfortable RS175 Earpads Cushions Compatible with Sennheiser RS175/RS185/RS195/RS165, HDR175/HDR185/HDR195/HDR165/TR175 Headphones",https://www.amazon.com/dp/B09KY678K6,4.8,0,15.97,0.0,75,False,0,electronics,Electronics,Cell Phones & Accessories,True,False,False,SRC-KAGGLE-002,amazon_products.csv
B0776L2HDX,"ienza USB Cable Photo Transfer Cord UC-E6, UC-E23, UC-E17 for Nikon Digital SLR DSLR D3300 D750 D5300 D7200 D3200, Coolpix L340 L32 A10 & More (See List of Compatible Models)",https://www.amazon.com/dp/B0776L2HDX,4.5,0,7.95,0.0,79,False,0,electronics,Electronics,Camera & Photo,True,False,False,SRC-KAGGLE-002,amazon_products.csv
B0C1N7MX39,"Wireless Earbuds Bluetooth 5.2 in Ear Headphones Built-in Microphone, IPX5 Waterproof, Immersive Premium Sound with Charging Case for Sports/Workout/Gym (Black)",https://www.amazon.com/dp/B0C1N7MX39,0.0,0,39.99,0.0,71,False,0,electronics,Electronics,Headphones & Earbuds,True,False,True,SRC-KAGGLE-002,amazon_products.csv
B07MM6PM9V,"PROMAXPOWER [10-Pack] 1-Wire C-Shape Swivel Earpiece Headset with PTT Button Mic for Motorola Two-Way Radio Walkie Talkies CP110, CP200D, CLS1110, CLS1410, EP450, RDM2070D",https://www.amazon.com/dp/B07MM6PM9V,3.8,0,109.0,0.0,73,False,0,electronics,Electronics,Portable Audio & Video,True,False,False,SRC-KAGGLE-002,amazon_products.csv
B07BRS24FV,Compatible Bling Band for Apple Watch Band 38mm 40mm 41mm Women Rhinestone Stainless Steel Link Band Iwatch Series 8/7/6/5/4/3/2/1/SE Bracelet Metal Strap,https://www.amazon.com/dp/B07BRS24FV,4.2,0,21.99,0.0,68,False,0,electronics,Electronics,Wearable Technology,True,False,False,SRC-KAGGLE-002,amazon_products.csv
B0B91YP783,24mm F1.4 Art DG DN for Sony E Mount,https://www.amazon.com/dp/B0B91YP783,4.6,0,799.0,0.0,79,False,0,electronics,Electronics,Camera & Photo,True,False,False,SRC-KAGGLE-002,amazon_products.csv
B077Z7XLJF,UGREEN USB C Cable 2 Pack USB C Fast Charging Cable 3A USB C Charger Cord Braid USB A to USB C Cable Compatible with iPhone 15/15 Plus/15 Pro/Galaxy A03s/A10e/A20/A50/A51/S20 etc. 3.3FT Black,https://www.amazon.com/dp/B077Z7XLJF,4.6,16548,6.99,0.0,69,False,0,electronics,Electronics,Televisions & Video Products,False,False,False,SRC-KAGGLE-002,amazon_products.csv
B06XX2TJSD,V-MODA Crossfade 2 Wireless Over-Ear Headphone - Matte Black,https://www.amazon.com/dp/B06XX2TJSD,4.3,361,149.99,330.0,71,False,50,electronics,Electronics,Headphones & Earbuds,False,False,False,SRC-KAGGLE-002,amazon_products.csv
B0BR8FJ1KC,"CHARMINGO Boho Leather Band Compatible with Apple Watch Band Beaded Bracelet for Women Men 38mm/40mm/41mm 42mm/44mm/45mm/49mm, Multilayer Wrap Apple Watch Strap for Iwatch Band Series 8 7 6 5 4 3 2 1 SE Ultra",https://www.amazon.com/dp/B0BR8FJ1KC,4.2,85,25.88,0.0,68,False,0,electronics,Electronics,Wearable Technology,False,False,False,SRC-KAGGLE-002,amazon_products.csv
B093BXZF5J,"Charging Cable Compatible for Garmin Venu 2/Venu 2 Plus/Venu 2S/Venu 3/Venu 3S/Venu Sq/Venu Sq 2/Venu Smartwatch, 2Pack Replacement USB Charging Charger Cord for Venu 2 Smart Watch",https://www.amazon.com/dp/B093BXZF5J,4.7,0,8.98,0.0,75,False,0,electronics,Electronics,Cell Phones & Accessories,True,False,False,SRC-KAGGLE-002,amazon_products.csv
B0788T6CZT,WC-S24SK 2-Wire Surveillance Kit for Motorola/Vertex EVX-S24 Radios,https://www.amazon.com/dp/B0788T6CZT,4.3,0,24.99,0.0,73,False,0,electronics,Electronics,Portable Audio & Video,True,False,False,SRC-KAGGLE-002,amazon_products.csv
B01KQOO8Z2,"Kastar Battery (X2) & Slim USB Charger for JVC BN-VF808, BN-VF808U, BNVF808 and JVC Everio GZ-MG130 148 150 155 175 255 275 575 GZ-HD7 GR-D745 746 750 760 770 771 775 790 796 JVC MiniDV + More",https://www.amazon.com/dp/B01KQOO8Z2,4.4,0,19.49,0.0,79,False,0,electronics,Electronics,Camera & Photo,True,False,False,SRC-KAGGLE-002,amazon_products.csv
B07KFFDPHW,"Micro USB Charger Cord Cable Fit for Samsung Galaxy Tab A E,S,S2,3,4, 10.1"" 7.0"" 8.0"" 8.4"" 9.6"" 9.7"",SM-T580/T280/P580/T387/T377/T800/T113/T520/T900/T320/T713 Tablet Power Supply Adapter 5 Ft",https://www.amazon.com/dp/B07KFFDPHW,4.3,0,8.99,0.0,69,False,0,electronics,Electronics,Televisions & Video Products,True,False,False,SRC-KAGGLE-002,amazon_products.csv
B09VLD3F3P,"Toilet Paper Holder Stand, Storage Cabinet Beside Toilet for Small Space Bathroom with Toilet Roll Holder, White by AOJEZOR",https://www.amazon.com/dp/B09VLD3F3P,4.1,0,23.48,0.0,215,True,6000,garden,"Patio, Lawn & Garden",Tools & Home Improvement,True,False,False,SRC-KAGGLE-002,amazon_products.csv
B0949C3ZNQ,"Extremus Trench Folding Camping Shovel, Military Emergency Shovel, Firefighting Shovel, Trenching Tool, Portable Shovel, Great for Backpacking, Carbon Steel Handle and Blade, Folds to 8”, Storage Bag",https://www.amazon.com/dp/B0949C3ZNQ,4.4,0,13.51,15.89,199,False,800,garden,"Patio, Lawn & Garden",Outdoor Recreation,True,False,False,SRC-KAGGLE-002,amazon_products.csv
B07VLXJ7C3,3 Pack Garden Pruning Shears Stainless Steel Blades Handheld Pruners Set with Gardening Gloves,https://www.amazon.com/dp/B07VLXJ7C3,4.5,0,16.99,21.56,215,False,4000,garden,"Patio, Lawn & Garden",Tools & Home Improvement,True,False,False,SRC-KAGGLE-002,amazon_products.csv
B002YC06T2,"Wooster Brush Q3211-2 Shortcut Angle Sash Paintbrush, 2-Inch, White",https://www.amazon.com/dp/B002YC06T2,4.8,0,6.47,7.94,215,False,0,garden,"Patio, Lawn & Garden",Tools & Home Improvement,True,False,False,SRC-KAGGLE-002,amazon_products.csv
B07WYD1Y81,"Baggallini womens Securtex® Anti-theft Vacation Backpack, Black, One Size US",https://www.amazon.com/dp/B07WYD1Y81,4.6,0,110.0,0.0,199,False,300,garden,"Patio, Lawn & Garden",Outdoor Recreation,True,False,False,SRC-KAGGLE-002,amazon_products.csv
B08L9VD6H8,Titan Deep Freeze 60 (50+10) Can Collapsible Rolling Cooler with Wheels and All-Terrain Cart,https://www.amazon.com/dp/B08L9VD6H8,4.3,0,69.99,0.0,199,False,500,garden,"Patio, Lawn & Garden",Outdoor Recreation,True,False,False,SRC-KAGGLE-002,amazon_products.csv
B08HCFK8L2,BALEAF Women's Cargo Joggers Hiking Pants Lightweight Quick Dry with Zipper Pockets High Waist Athletic Travel,https://www.amazon.com/dp/B08HCFK8L2,4.6,0,37.99,55.99,199,False,800,garden,"Patio, Lawn & Garden",Outdoor Recreation,True,False,False,SRC-KAGGLE-002,amazon_products.csv
B005I6R0WC,"Therm-a-Rest Z Lite Sol Camping and Backpacking Sleeping Pad, Limon/Silver, Regular - 20 x 72 Inches",https://www.amazon.com/dp/B005I6R0WC,4.6,0,57.8,0.0,199,False,200,garden,"Patio, Lawn & Garden",Outdoor Recreation,True,False,False,SRC-KAGGLE-002,amazon_products.csv
B08SK8ZZT9,"Camping Axe, Survival Throwing Hatchet with Sheath, Tactical Tomahawk with Spike, Nylon Fiber Handle for Outdoor Survival Hiking Camping",https://www.amazon.com/dp/B08SK8ZZT9,4.5,0,20.99,0.0,199,False,200,garden,"Patio, Lawn & Garden",Outdoor Recreation,True,False,False,SRC-KAGGLE-002,amazon_products.csv
B0BBZ9X9Q3,"Kono Carry on Backpack, 16"" Airplane Approved Under Seat Travel Backpack for Men and Women, Waterproof Lightweight Daypack for Flight 20L, Black",https://www.amazon.com/dp/B0BBZ9X9Q3,4.4,0,26.99,29.99,199,False,200,garden,"Patio, Lawn & Garden",Outdoor Recreation,True,False,False,SRC-KAGGLE-002,amazon_products.csv
B0C1V17V8W,Sand Free Microfiber Beach Towels Adult-Quick Fast Dry Beach Oversized Accessories Travel Swim Pool Camping Essentials Lightweight Compact Packable Sandless Resistant Must Haves Items Gifts Family,https://www.amazon.com/dp/B0C1V17V8W,4.2,0,5.99,14.99,199,False,200,garden,"Patio, Lawn & Garden",Outdoor Recreation,True,False,False,SRC-KAGGLE-002,amazon_products.csv
B07LBHZVN8,Sutekus Steel Rod Tent Pole Replacement Accessorie 2pc/Set Adjustable Bars,https://www.amazon.com/dp/B07LBHZVN8,4.3,0,17.99,0.0,199,False,300,garden,"Patio, Lawn & Garden",Outdoor Recreation,True,False,False,SRC-KAGGLE-002,amazon_products.csv
B07XWL4DRY,"Lichamp Wide Masking Tape 2 inches, 6-Pack White Masking Tape Bulk Multi Pack, General Purpose & High Performance, 1.95 inches x 55 Yards x 6 Rolls (330 Total Yards)",https://www.amazon.com/dp/B07XWL4DRY,4.4,0,24.99,33.99,215,False,0,garden,"Patio, Lawn & Garden",Tools & Home Improvement,True,False,False,SRC-KAGGLE-002,amazon_products.csv
B0758JX1L3,Gro 7 Zone Controller - Smart Sprinkler,https://www.amazon.com/dp/B0758JX1L3,3.2,191,79.24,106.49,195,False,0,garden,"Patio, Lawn & Garden",Smart Home: Lawn and Garden,False,False,False,SRC-KAGGLE-002,amazon_products.csv
B001E1Y5O6,"VELCRO Brand ONE-WRAP Cable Ties, 100Pk, 8 x 1/2"" Black Cord Organization Straps, Thin Pre-Cut Design, Wire Management for Organizing Home, Office and Data Centers",https://www.amazon.com/dp/B001E1Y5O6,4.7,0,9.25,11.59,215,False,5000,garden,"Patio, Lawn & Garden",Tools & Home Improvement,True,False,False,SRC-KAGGLE-002,amazon_products.csv
B07KXBX65F,"Ring Smart Lighting – Bridge, White",https://www.amazon.com/dp/B07KXBX65F,4.6,0,49.99,0.0,215,False,0,garden,"Patio, Lawn & Garden",Tools & Home Improvement,True,False,False,SRC-KAGGLE-002,amazon_products.csv
B08X9FK4RB,"Kelty Low-Love Seat Camping Chair - Portable, Folding Chair for Festivals, Camping and Beach Days",https://www.amazon.com/dp/B08X9FK4RB,4.8,0,139.95,0.0,199,False,200,garden,"Patio, Lawn & Garden",Outdoor Recreation,True,False,False,SRC-KAGGLE-002,amazon_products.csv
B01LA5FCJ2,"CamelBak Crux 3-Liter Water Reservoir - Hydration Bladder - Faster Water Flow Rate - Leak-Proof Water Bladder - Ergonomic Shape - Big Bite Valve - BPA-Free - 100oz, Blue",https://www.amazon.com/dp/B01LA5FCJ2,4.7,0,35.0,0.0,199,False,1000,garden,"Patio, Lawn & Garden",Outdoor Recreation,True,False,False,SRC-KAGGLE-002,amazon_products.csv
B0C6SXMMKM,"2pack Water Bottle Pouch for Stanley Accessories, Running Water Bottle Handheld Caddy Compatible with kinds of Tumbler, Gym Water Bottle (Green+Pink, 2Pack)",https://www.amazon.com/dp/B0C6SXMMKM,4.8,0,11.99,0.0,199,False,0,garden,"Patio, Lawn & Garden",Outdoor Recreation,True,False,False,SRC-KAGGLE-002,amazon_products.csv
B01MG7OGLW,"EZARC Oscillating Saw Blades, Carbide Multitool Blades Heary Duty for Hard Material, Metal, Nails. Bolts. Screws, 3-Pack",https://www.amazon.com/dp/B01MG7OGLW,4.4,0,24.97,29.97,215,False,900,garden,"Patio, Lawn & Garden",Tools & Home Improvement,True,False,False,SRC-KAGGLE-002,amazon_products.csv
B000OR12L0,Coghlan's ABS Plastic Tent Pegs,https://www.amazon.com/dp/B000OR12L0,4.2,0,2.85,0.0,199,False,100,garden,"Patio, Lawn & Garden",Outdoor Recreation,True,False,False,SRC-KAGGLE-002,amazon_products.csv
B0BVXL4TFX,Lightweight Portable Folding Camping Chair Compact Beach Camp Chairs for Adults Foldable Backpacking Chair Outdoor Chair for Camping Hiking Lawn Picnic Outside Travel (Green),https://www.amazon.com/dp/B0BVXL4TFX,4.4,0,24.95,27.95,199,False,200,garden,"Patio, Lawn & Garden",Outdoor Recreation,True,False,False,SRC-KAGGLE-002,amazon_products.csv
B09X71GWLF,"30PCS Aluminum Carabiner Clips, 2"" D Shape Spring Snap Hooks Carabiner with 30PCS Keyring Keychain Hook",https://www.amazon.com/dp/B09X71GWLF,4.3,0,9.99,10.99,199,False,500,garden,"Patio, Lawn & Garden",Outdoor Recreation,True,False,False,SRC-KAGGLE-002,amazon_products.csv
B07792Y1Q4,"Outdoor Waterproof Stadium Blanket - Thicker Weather Proof and Windproof Blankets for Camping, Sporting Events, Picnic and Car Use - 100% Waterproof Insulated Foldable Blanket and Throws",https://www.amazon.com/dp/B07792Y1Q4,4.6,0,44.99,49.99,199,False,300,garden,"Patio, Lawn & Garden",Outdoor Recreation,True,False,False,SRC-KAGGLE-002,amazon_products.csv
B07VWS2D1Z,"Soft Compressed Towels Dispenser/Water Case Carry Case,Portable for Home Beauty Backpacking Camping Outdoor Accessories(5 Count) (8.8”x9.5”)",https://www.amazon.com/dp/B07VWS2D1Z,4.3,0,8.99,0.0,199,False,500,garden,"Patio, Lawn & Garden",Outdoor Recreation,True,False,False,SRC-KAGGLE-002,amazon_products.csv
B09V1FKH6L,"9-in-1 Multi Tool, Pocket Knife, Multitool Folding Knife for Camping Hiking Survival Fishing, Stainless Steel Lockable Multitool Knife Saw Scissors Bottle Opener Wire Stripper Glass Breaker",https://www.amazon.com/dp/B09V1FKH6L,4.5,0,21.99,0.0,199,False,500,garden,"Patio, Lawn & Garden",Outdoor Recreation,True,False,False,SRC-KAGGLE-002,amazon_products.csv
B09JJY8YZ6,"Emergency Urinal, Portable Shrinkable Camping Urinal,Portable Mobile Toilet for Unisex Men Women for Travel Traffic Jam and Camping",https://www.amazon.com/dp/B09JJY8YZ6,4.4,0,8.98,11.98,199,False,500,garden,"Patio, Lawn & Garden",Outdoor Recreation,True,False,False,SRC-KAGGLE-002,amazon_products.csv
B08CXMNSYG,"LED Camping Lantern, CT CAPETRONIX Rechargeable Camping Lights with 400LM 5 Light Modes Water-Resistant, Portable Tent Lights for Camping Power Outage Emergency Hurricane Home (2 Pack, Black & Orange)",https://www.amazon.com/dp/B08CXMNSYG,4.4,0,22.98,0.0,199,False,0,garden,"Patio, Lawn & Garden",Outdoor Recreation,True,False,False,SRC-KAGGLE-002,amazon_products.csv
B09Y53DFHC,"Halloween Decorations 16.4Ft 30LED Pumpkin String Lights, Battery Operated 2 Modes Light Halloween Decor Clearance for Home Indoor Outdoor Halloween Thanksgiving Festival Costumes Party Decorations",https://www.amazon.com/dp/B09Y53DFHC,4.4,0,9.57,25.99,215,False,3000,garden,"Patio, Lawn & Garden",Tools & Home Improvement,True,False,False,SRC-KAGGLE-002,amazon_products.csv
B096KFLSQF,"DAZZLE BRIGHT Halloween 300 LED String Lights, 100FT String Lights with 8 Lighting Modes, Halloween Decorations for Party Carnival Supplies, Outdoor Yard Garden Decor (Purple & Orange)",https://www.amazon.com/dp/B096KFLSQF,4.6,0,19.99,0.0,215,False,0,garden,"Patio, Lawn & Garden",Tools & Home Improvement,True,False,False,SRC-KAGGLE-002,amazon_products.csv
B01N4O3HF3,"Hiking Trekking Poles, 2 Pack Collapsible,Lightweight, Anti Shock, Hiking or Walking Sticks,Adjustable Hiking Pole for Men and Women",https://www.amazon.com/dp/B01N4O3HF3,4.4,0,22.99,26.99,199,False,700,garden,"Patio, Lawn & Garden",Outdoor Recreation,True,False,False,SRC-KAGGLE-002,amazon_products.csv
B078L8JYXR,"Camelbak Replacement Bite Valve Mouthpiece & Hydrolink Conversion Kit, Foliage Green",https://www.amazon.com/dp/B078L8JYXR,4.7,0,10.89,0.0,199,False,300,garden,"Patio, Lawn & Garden",Outdoor Recreation,True,False,False,SRC-KAGGLE-002,amazon_products.csv
B07218B4DQ,"SereneLife Portable Toilet with Carry Bag – Indoor Outdoor Toilet with CHH Piston Pump & Level Indicator – 5.3 Gallon Large Waste Tank – 100-120 Flushes for RV, Camping, Hiking & Boating",https://www.amazon.com/dp/B07218B4DQ,4.6,0,99.99,0.0,199,False,0,garden,"Patio, Lawn & Garden",Outdoor Recreation,True,False,False,SRC-KAGGLE-002,amazon_products.csv
B0BB4TP3LM,"DEWALT ATOMIC 20V MAX* Cordless Ratchet, Brushless, 3/8 in., Tool Only (DCF513B)",https://www.amazon.com/dp/B0BB4TP3LM,4.6,0,177.99,199.0,215,False,1000,garden,"Patio, Lawn & Garden",Tools & Home Improvement,True,False,False,SRC-KAGGLE-002,amazon_products.csv
B098KK1RBZ,Merrell Women's Moab 3 Hiking Shoe,https://www.amazon.com/dp/B098KK1RBZ,4.7,0,58.0,120.0,199,False,200,garden,"Patio, Lawn & Garden",Outdoor Recreation,True,False,False,SRC-KAGGLE-002,amazon_products.csv
B01M594B5K,"DAITET Money Belt - Passport Holder Secure Hidden Travel Wallet with RFID Blocking, Undercover Fanny Pack (Black)",https://www.amazon.com/dp/B01M594B5K,4.5,0,13.95,19.99,199,False,2000,garden,"Patio, Lawn & Garden",Outdoor Recreation,True,False,False,SRC-KAGGLE-002,amazon_products.csv
B0842CDC64,YETI Roadie 24 Cooler,https://www.amazon.com/dp/B0842CDC64,4.8,0,250.0,0.0,199,False,500,garden,"Patio, Lawn & Garden",Outdoor Recreation,True,False,False,SRC-KAGGLE-002,amazon_products.csv
B07Q134MCH,"Bike Pedals with Toe Clip and Straps, for Exercise Bike, Spin Bike and Outdoor Bicycles, 9/16-Inch Spindle Resin/Alloy Bicycle Pedals, Half Year Warranty",https://www.amazon.com/dp/B07Q134MCH,4.2,0,19.99,0.0,199,False,200,garden,"Patio, Lawn & Garden",Outdoor Recreation,True,False,False,SRC-KAGGLE-002,amazon_products.csv
B0BG8CGKY9,"for Campfires, The Professional Survival Kits Including a 5"" Ferro Rod and Two 12"" Nature Dry Tinder Wax Impregnated Hemp Rope",https://www.amazon.com/dp/B0BG8CGKY9,4.7,0,9.99,0.0,199,False,400,garden,"Patio, Lawn & Garden",Outdoor Recreation,True,False,False,SRC-KAGGLE-002,amazon_products.csv
B08QTSY7QC,"iClimb Ultralight Compact Camping Alu. Folding Table with Carry Bag, Two Size (Nature - S)",https://www.amazon.com/dp/B08QTSY7QC,4.3,0,25.99,35.0,199,True,500,garden,"Patio, Lawn & Garden",Outdoor Recreation,True,False,False,SRC-KAGGLE-002,amazon_products.csv
B000B6Q6BA,Fiskars Digging Shovel - Heavy Duty Gardening Tool with Straight Handle - Lawn and Yard Tools - Black,https://www.amazon.com/dp/B000B6Q6BA,4.7,0,28.99,45.99,215,True,1000,garden,"Patio, Lawn & Garden",Tools & Home Improvement,True,False,False,SRC-KAGGLE-002,amazon_products.csv
B099ZRCGWW,"Star Projector, Galaxy Projector for Bedroom, Bluetooth Speaker and White Noise Aurora Projector, Night Light Projector for Kids Adults Gaming Room, Home Theater, Ceiling, Room Decor",https://www.amazon.com/dp/B099ZRCGWW,4.5,0,39.99,59.99,215,True,10000,garden,"Patio, Lawn & Garden",Tools & Home Improvement,True,False,False,SRC-KAGGLE-002,amazon_products.csv
B0BFVJ2421,"Command Medium Wire Toggle Hooks, Damage Free Hanging Wall Hooks with Adhesive Strips, No Tools Wall Hooks for Hanging Back to School Dorm Organizers, 10 Clear Hooks and 12 Command Strips",https://www.amazon.com/dp/B0BFVJ2421,4.6,0,13.64,18.59,215,False,0,garden,"Patio, Lawn & Garden",Tools & Home Improvement,True,False,False,SRC-KAGGLE-002,amazon_products.csv
B004KSL96C,"Lunatec Self-Cleaning Travel Washcloth. Odor-Free, Quick Drying & Light Exfoliation. Wash Cloth is Ideal for Camping, Backpacking, Bathrooms, Gym, RVs and Boating. Compliments Any Travel Towel.",https://www.amazon.com/dp/B004KSL96C,4.1,0,8.5,0.0,199,False,400,garden,"Patio, Lawn & Garden",Outdoor Recreation,True,False,False,SRC-KAGGLE-002,amazon_products.csv
B08VDQBHZF,"YETI Rambler 46 oz Bottle, Vacuum Insulated, Stainless Steel with Chug Cap",https://www.amazon.com/dp/B08VDQBHZF,4.8,0,55.0,0.0,199,False,200,garden,"Patio, Lawn & Garden",Outdoor Recreation,True,False,False,SRC-KAGGLE-002,amazon_products.csv
B09XZTHTX8,"Torx Screwdriver Set of T2-T15, TECKMAN 10-Piece Magnetic Small Torx Security Screwdrivers with T2 T3 T4 T5 T6 T7 T8 T9 T10 T15 Star Screwdriver Tool Kit for Xbox,PS3,PS4,Knife,Computer & Other Device",https://www.amazon.com/dp/B09XZTHTX8,4.6,0,13.99,0.0,215,False,1000,garden,"Patio, Lawn & Garden",Tools & Home Improvement,True,False,False,SRC-KAGGLE-002,amazon_products.csv
B0BFD51R6T,"400 Pcs Adhesive Spot Bandage 4 Sizes Flexible Fabric Adhesive Bandages Round Tan Non Latex Bandage for Wound Care and Hides Skin Spots Ideal for Small Incisions, 0.86 Inch 0.98 Inch 1.1 Inch 1.4 Inch",https://www.amazon.com/dp/B0BFD51R6T,4.1,0,22.99,25.99,199,False,100,garden,"Patio, Lawn & Garden",Outdoor Recreation,True,False,False,SRC-KAGGLE-002,amazon_products.csv
B001HCHWNI,"Rainbow Light - Food-Based Calcium - Supports Bone Density, Muscle Relaxation, & Calcium Absorption - 180 Tablets",https://www.amazon.com/dp/B001HCHWNI,4.7,0,19.59,21.99,215,False,1000,garden,"Patio, Lawn & Garden",Tools & Home Improvement,True,False,False,SRC-KAGGLE-002,amazon_products.csv
B01MSP50CY,"Filterbuy 16x25x1 Air Filter MERV 8 Dust Defense (4-Pack), Pleated HVAC AC Furnace Air Filters Replacement (Actual Size: 15.50 x 24.50 x 0.75 Inches)",https://www.amazon.com/dp/B01MSP50CY,4.7,0,31.04,0.0,215,False,5000,garden,"Patio, Lawn & Garden",Tools & Home Improvement,True,False,False,SRC-KAGGLE-002,amazon_products.csv
B00HN8Y37I,"SupportRest Double-High Air Mattress for Indoor or Outdoor Use, Easily Inflatable Airbed with Plush Top & Carry Bag, Queen & Twin Options Available",https://www.amazon.com/dp/B00HN8Y37I,4.5,0,99.99,0.0,199,False,600,garden,"Patio, Lawn & Garden",Outdoor Recreation,True,False,False,SRC-KAGGLE-002,amazon_products.csv
B0006FQJPY,Igloo Replacement Threaded Drain Plug,https://www.amazon.com/dp/B0006FQJPY,4.7,0,7.99,0.0,199,False,1000,garden,"Patio, Lawn & Garden",Outdoor Recreation,True,False,False,SRC-KAGGLE-002,amazon_products.csv
B01DOKFDWM,"Pure Garden 50-114 Leaf Hand Rake Lightweight, Durable Grabber Tool for Scooping and Picking Up Leaves, Spreading Mulch, Gardening, and Yard Work, Green",https://www.amazon.com/dp/B01DOKFDWM,4.4,0,15.8,19.95,215,False,800,garden,"Patio, Lawn & Garden",Tools & Home Improvement,True,False,False,SRC-KAGGLE-002,amazon_products.csv
B09ZKNB9F7,"Flip Lid for Hydro Flask Wide Mouth, Top Replacement Lid Compatible with Hydroflask 12 16 18 20 32 40 Ounce Wide Mouth, Coffee Lid for Hydro Flask Travel Mug Cap (Dark Flip)",https://www.amazon.com/dp/B09ZKNB9F7,4.3,0,7.78,14.99,199,False,300,garden,"Patio, Lawn & Garden",Outdoor Recreation,True,False,False,SRC-KAGGLE-002,amazon_products.csv
B07WF9TKNN,"Klein Tools 9225 Tape Measure, Heavy-Duty Measuring Tape with 25-Foot Double-Hook Double-Sided Nylon Reinforced Blade, with Metal Belt Clip",https://www.amazon.com/dp/B07WF9TKNN,4.6,0,24.97,37.02,215,False,1000,garden,"Patio, Lawn & Garden",Tools & Home Improvement,True,False,False,SRC-KAGGLE-002,amazon_products.csv
B0C36CZXG9,"Swim Goggle Case For Swimming Goggles, Protective Cases for Goggles with Clip",https://www.amazon.com/dp/B0C36CZXG9,4.3,0,12.99,0.0,199,False,200,garden,"Patio, Lawn & Garden",Outdoor Recreation,True,False,False,SRC-KAGGLE-002,amazon_products.csv
B07JK9DYNR,"GEAR AID HEROCLIP Carabiner Clip and Hook (Mini) for Travel, Luggage, Purse and Small Bags, Stealth Black",https://www.amazon.com/dp/B07JK9DYNR,4.7,0,17.95,0.0,199,False,500,garden,"Patio, Lawn & Garden",Outdoor Recreation,True,False,False,SRC-KAGGLE-002,amazon_products.csv
B07BSDF64G,"TAGVO Bike Mirror, Bicycle Cycling Rear View Safe Mirrors, Adjustable Rotatable Handlebars Mounted Plastic Convex Mirror for Mountain Road Bikes",https://www.amazon.com/dp/B07BSDF64G,4.0,0,11.99,12.99,199,False,300,garden,"Patio, Lawn & Garden",Outdoor Recreation,True,False,False,SRC-KAGGLE-002,amazon_products.csv
B073S36R77,Replacement Battery for Craftsman 19.2V Battery DieHard C3 Compatible with Craftsman 19.2 Volt Battery 315.115410 315.11485 130279005 1323903 120235021 11375 11376 Cordless Drills 2 Packs 3.6Ah,https://www.amazon.com/dp/B073S36R77,4.5,0,37.99,40.99,215,False,300,garden,"Patio, Lawn & Garden",Tools & Home Improvement,True,False,False,SRC-KAGGLE-002,amazon_products.csv
B0096HN3J8,Augason Farms Dehydrated Spinach Flakes 8 oz No. 10 Can,https://www.amazon.com/dp/B0096HN3J8,4.7,0,14.28,0.0,199,False,800,garden,"Patio, Lawn & Garden",Outdoor Recreation,True,False,False,SRC-KAGGLE-002,amazon_products.csv
B009QYLOD8,"BLACK+DECKER Screwdriver Bit Set / Drill Bit Set, 109-Piece (BDA91109)",https://www.amazon.com/dp/B009QYLOD8,4.7,0,22.4,0.0,215,False,1000,garden,"Patio, Lawn & Garden",Tools & Home Improvement,True,False,False,SRC-KAGGLE-002,amazon_products.csv
B0BXB6VHPB,20 x 4.0 Inner Tube Set with Schrader Valve - Ideal for Mountain Bikes & E-Bikes with 20-Inch Fat Tires - Durable & Reliable Performance- 2 Pack with Tire Levers,https://www.amazon.com/dp/B0BXB6VHPB,4.5,0,21.99,0.0,199,False,200,garden,"Patio, Lawn & Garden",Outdoor Recreation,True,False,False,SRC-KAGGLE-002,amazon_products.csv
B0C2HJZ5MW,2Pcs Protective Silicone Boot for Stanley Quencher Tumbler H2.0 30 oz 40 oz & IceFlow 20oz 30oz & Hydro Flask Water Bottle 12-24oz - Cup Bottom Sleeve Fits Stanley Cup Accessories,https://www.amazon.com/dp/B0C2HJZ5MW,4.7,0,6.99,9.98,199,False,300,garden,"Patio, Lawn & Garden",Outdoor Recreation,True,False,False,SRC-KAGGLE-002,amazon_products.csv
B0BZP4184N,"Go Ho 3PCS Eye Black,Eye Black Stick for Sports,Eye Black Baseball Face Paint,Football Accessories,Football Stick Eye Black,Black Body Paint,Football Stick Eye Strips Eye Black,Black Face Paint for Halloween Makeup",https://www.amazon.com/dp/B0BZP4184N,4.3,0,8.98,0.0,199,True,1000,garden,"Patio, Lawn & Garden",Outdoor Recreation,True,False,False,SRC-KAGGLE-002,amazon_products.csv
B085NX87K3,"Laser Measure Device, MiLESEEY 229ft Digital Laser Tape Measure with Upgrade Electronic Angle Sensor, ±2mm Accuracy, Area Measurement,Volume and Pythagoras, 2"" LCD Backlit,Mute, Battery Included",https://www.amazon.com/dp/B085NX87K3,4.5,0,36.99,0.0,215,False,1000,garden,"Patio, Lawn & Garden",Tools & Home Improvement,True,False,False,SRC-KAGGLE-002,amazon_products.csv
B0BJ6RWR6L,"Hydration Bladder, 1.5L-2L-3L Water Bladder for Hiking Backpack Leak Proof Water Reservoir Storage Bag, BPA-Free Water Pouch Hydration Pack for Camping Cycling Running, Military Green 1.5-2-3 Liter",https://www.amazon.com/dp/B0BJ6RWR6L,4.5,0,18.99,0.0,199,False,3000,garden,"Patio, Lawn & Garden",Outdoor Recreation,True,False,False,SRC-KAGGLE-002,amazon_products.csv
B07MY59FT6,Baby Girl Swim Vest Toddler Swim Vest for Age 18 Months - 2 Years Baby Toddler Fit 20-28 lbs,https://www.amazon.com/dp/B07MY59FT6,4.3,0,29.99,39.99,199,False,200,garden,"Patio, Lawn & Garden",Outdoor Recreation,True,False,False,SRC-KAGGLE-002,amazon_products.csv
B0748HGDVD,Amazon Basics Waterproof Camping Tarp,https://www.amazon.com/dp/B0748HGDVD,4.7,0,26.49,0.0,199,True,2000,garden,"Patio, Lawn & Garden",Outdoor Recreation,True,False,False,SRC-KAGGLE-002,amazon_products.csv
B0B9XL6BZV,TELALEO 1/2/3/4 Pack Boys' Youth Compression Leggings Pants Tights Athletic Base Layer for Running Hockey Basketball,https://www.amazon.com/dp/B0B9XL6BZV,4.7,0,24.87,0.0,199,False,200,garden,"Patio, Lawn & Garden",Outdoor Recreation,True,False,False,SRC-KAGGLE-002,amazon_products.csv
B073ZFRZXW,"Outdoor Blanket (71"" x 55"") -Compact, Lightweight, Sand Proof Pocket Blanket Best Mat for The Beach, Hiking, Travel, Camping, Festivals with Pockets, Loops, Stakes, Carabiner",https://www.amazon.com/dp/B073ZFRZXW,4.5,0,16.88,0.0,199,False,200,garden,"Patio, Lawn & Garden",Outdoor Recreation,True,False,False,SRC-KAGGLE-002,amazon_products.csv
B084P1MYGG,Mountain House Chicken Fried Rice | Freeze Dried Backpacking & Camping Food | 2 Servings | Gluten-Free,https://www.amazon.com/dp/B084P1MYGG,4.5,0,11.25,0.0,199,False,1000,garden,"Patio, Lawn & Garden",Outdoor Recreation,True,False,False,SRC-KAGGLE-002,amazon_products.csv
B079DJVVGH,"32 Ultra Bright 6 Inch Glow Sticks - Emergency Bright Chem Glow Sticks with 12 Hour Duration - Camping, Hiking Glow Stick Lights - for Parties and Kids Activities - Blackout Or Storm Ready Use",https://www.amazon.com/dp/B079DJVVGH,4.7,0,12.29,16.99,199,False,1000,garden,"Patio, Lawn & Garden",Outdoor Recreation,True,False,False,SRC-KAGGLE-002,amazon_products.csv
B09DWVC3CW,"CertiPUR-US Memory Foam Camping Mattress, Portable Roll Up Travel Car Camping Mattress Sleeping Pad & Floor Mattress, Cot Mattress Guest Bed for Sleepover with Waterproof Cover & Travel Bag",https://www.amazon.com/dp/B09DWVC3CW,4.4,0,109.49,0.0,199,False,200,garden,"Patio, Lawn & Garden",Outdoor Recreation,True,False,False,SRC-KAGGLE-002,amazon_products.csv
B09PR7G7SR,Lightweight Men and Women Half-Finger Slip Breathable Fingerless Work Gloves for Construction Nylon Fitness Cycling Motorcycle Gloves,https://www.amazon.com/dp/B09PR7G7SR,4.1,0,6.98,0.0,199,False,100,garden,"Patio, Lawn & Garden",Outdoor Recreation,True,False,False,SRC-KAGGLE-002,amazon_products.csv
B00F3H9GTG,Goo Gone Grout & Tile Cleaner - 28 Ounce - Removes Tough Stains Dirt Caused By Mold Mildew Soap Scum and Hard Water Staining - Safe on Tile Ceramic Porcelain,https://www.amazon.com/dp/B00F3H9GTG,4.1,0,7.08,0.0,215,False,5000,garden,"Patio, Lawn & Garden",Tools & Home Improvement,True,False,False,SRC-KAGGLE-002,amazon_products.csv
B000FPZSZW,"Airhead Big Mable Towable 1-2 Rider Tube for Boating and Water Sports, Heavy Duty Full Nylon Cover with Zipper, EVA Foam Pads, Patented Speed Safety Valve for Inflating & Deflating, Dual Tow Points",https://www.amazon.com/dp/B000FPZSZW,4.6,0,228.89,428.99,199,True,500,garden,"Patio, Lawn & Garden",Outdoor Recreation,True,False,False,SRC-KAGGLE-002,amazon_products.csv
B07WXBPSKV,"ADV. Eartune Aqua U Surfer/Swimmer Ear Plugs, Blocks Out Water Lets Sound in, Universal-fit with Lanyard, Perfect for Swimming, Surfing, Diving and Other Water Activities",https://www.amazon.com/dp/B07WXBPSKV,4.0,0,29.99,0.0,199,False,200,garden,"Patio, Lawn & Garden",Outdoor Recreation,True,False,False,SRC-KAGGLE-002,amazon_products.csv
B07W7YPXXJ,"LotFancy Transparent Film Dressing 6x8 inch, 18PCS, Sterile, Waterproof Adhesive Wound Cover Bandage Tape, Film Dressing for Post Surgical, Scar Therapy, Medical Supplies, Tattoo Dressings",https://www.amazon.com/dp/B07W7YPXXJ,4.4,0,17.99,0.0,199,False,200,garden,"Patio, Lawn & Garden",Outdoor Recreation,True,False,False,SRC-KAGGLE-002,amazon_products.csv
B0B3DC27Q3,"Cruise Essentials,6 Ft Power Strip with 3 Outlets and 4 USB Ports(1 USB C), Non Surge Protector for Cruise Ship, Travel, Home Office, ETL Listed, White",https://www.amazon.com/dp/B0B3DC27Q3,4.7,0,11.18,13.97,215,False,0,garden,"Patio, Lawn & Garden",Tools & Home Improvement,True,False,False,SRC-KAGGLE-002,amazon_products.csv
B01MSBCC0N,Nite Ize S-Biner Plastic No.4 Tactical Black Dual-Gated Carabiner (4-Pack),https://www.amazon.com/dp/B01MSBCC0N,4.7,0,12.63,13.59,199,False,200,garden,"Patio, Lawn & Garden",Outdoor Recreation,True,False,False,SRC-KAGGLE-002,amazon_products.csv
B0BF16W6SQ,"Granite Repair Kit & Quartz Countertop Chip Repair Kit(Color Match), Marble Repair Kit, Granite Epoxy, Corian Repair Kit for Marble Granite Porcelain Quartz Corian Tiles and Stones",https://www.amazon.com/dp/B0BF16W6SQ,4.1,0,19.98,22.99,215,False,700,garden,"Patio, Lawn & Garden",Tools & Home Improvement,True,False,False,SRC-KAGGLE-002,amazon_products.csv
B0B7NX3QLL,"YETI Rambler 24 oz Mug, Vacuum Insulated, Stainless Steel with MagSlider Lid, Alpine Yellow",https://www.amazon.com/dp/B0B7NX3QLL,4.8,0,0.0,0.0,199,False,200,garden,"Patio, Lawn & Garden",Outdoor Recreation,True,True,False,SRC-KAGGLE-002,amazon_products.csv
B001003P74,"Moen 1222 One-Handle Posi-Temp Faucet Cartridge Replacement for Moen Tub Shower and Shower Only Configurations, Brass and Plastic",https://www.amazon.com/dp/B001003P74,4.6,0,34.99,39.99,215,True,0,garden,"Patio, Lawn & Garden",Tools & Home Improvement,True,False,False,SRC-KAGGLE-002,amazon_products.csv
B09MGCQFCL,"PackIt Freezable Reusable Snack Box, Tie Dye Sorbet",https://www.amazon.com/dp/B09MGCQFCL,4.8,0,17.99,0.0,199,False,2000,garden,"Patio, Lawn & Garden",Outdoor Recreation,True,False,False,SRC-KAGGLE-002,amazon_products.csv
B07V7F2J6G,"WSTOO 𝗦𝗻𝗼𝗿𝗸𝗲𝗹𝗶𝗻𝗴 𝗚𝗲𝗮𝗿 𝗳𝗼𝗿 𝗞𝗶𝗱𝘀 with Latest Dry Top Breathing System,Fold 180° Panoramic View Kids Full Face Snorkel Mask Anti-Fog Anti-Leak with Camera Mount Kids Snorkel Mask",https://www.amazon.com/dp/B07V7F2J6G,4.5,0,25.99,0.0,199,False,200,garden,"Patio, Lawn & Garden",Outdoor Recreation,True,False,False,SRC-KAGGLE-002,amazon_products.csv
B07MDYPPS2,Cabinet Magnetic Catch Jiayi 4 Pack Ultra Thin Cabinet Door Magnetic Catch for Drawer Magnets Adhesive Cabinet Latch Magnetic Closures for Kitchen Closet Door Closing Magnetic Door Catch Closer,https://www.amazon.com/dp/B07MDYPPS2,4.3,0,5.99,6.99,215,True,0,garden,"Patio, Lawn & Garden",Tools & Home Improvement,True,False,False,SRC-KAGGLE-002,amazon_products.csv
B0B4S18BD5,"Beach Canopy Tent Sun Shade with UPF 50+ UV Protection, Beach Tent Sun Shelter with Sandbags, Poles and Ground Pegs and Anti-Wind Ropes for Outdoor, Camping, Backyard and Picnics",https://www.amazon.com/dp/B0B4S18BD5,4.2,0,39.0,79.0,199,False,700,garden,"Patio, Lawn & Garden",Outdoor Recreation,True,False,False,SRC-KAGGLE-002,amazon_products.csv
B0C28BR2W4,"SZHLUX Kids Hammock - Kids Camping Gear, Camping Accessories with 2 Tree Straps and Carabiners for Indoor/Outdoor Use, Sapphire Blue & Grass Green",https://www.amazon.com/dp/B0C28BR2W4,4.5,0,11.99,19.99,199,False,200,garden,"Patio, Lawn & Garden",Outdoor Recreation,True,False,False,SRC-KAGGLE-002,amazon_products.csv
B082WZCNSM,Mountain House Yellow Curry with Chicken & Rice | Freeze Dried Backpacking & Camping Food | 2 Servings | Gluten-Free,https://www.amazon.com/dp/B082WZCNSM,4.7,0,10.99,0.0,199,False,900,garden,"Patio, Lawn & Garden",Outdoor Recreation,True,False,False,SRC-KAGGLE-002,amazon_products.csv
B0B6CQTBY5,"Shibumi Shade Mini®, World's Best Beach Shade, The Original Wind-Powered® Beach Canopy, Provides 75 Sq. Ft. of Shade, Compact & Easy to Carry, Sets up in 2 Minutes, Designed & Sewn in America",https://www.amazon.com/dp/B0B6CQTBY5,4.5,0,190.0,210.0,199,False,600,garden,"Patio, Lawn & Garden",Outdoor Recreation,True,False,False,SRC-KAGGLE-002,amazon_products.csv
B083NQS6M9,"Reusable Rain Ponchos with Drawstring Hood for Adults, Waterproof Thicken Rain Coat, 2 Packs",https://www.amazon.com/dp/B083NQS6M9,4.4,0,9.99,0.0,199,False,900,garden,"Patio, Lawn & Garden",Outdoor Recreation,True,False,False,SRC-KAGGLE-002,amazon_products.csv
B09MR9CJ53,IMPRESA [3 Pack] Silicone Mouth Splash Guard fits Nalgene Wide Mouth Lid Water Bottles Accessory Intended for Nalgene Splashguard to be Spill-Free Guards for Nalgene Accessories,https://www.amazon.com/dp/B09MR9CJ53,4.5,0,12.99,0.0,199,False,300,garden,"Patio, Lawn & Garden",Outdoor Recreation,True,False,False,SRC-KAGGLE-002,amazon_products.csv
B081ZZVH3M,"Klymit Drift Camping Pillow, Shredded Memory Foam Travel Pillow with Reversible Cover for Outdoor Use, Green, Large",https://www.amazon.com/dp/B081ZZVH3M,4.7,0,39.95,49.99,199,False,200,garden,"Patio, Lawn & Garden",Outdoor Recreation,True,False,False,SRC-KAGGLE-002,amazon_products.csv
B08L3TJYS6,"Wise Owl Outfitters Large Camping Blanket - Waterproof, Packable Blanket, Black/Grey",https://www.amazon.com/dp/B08L3TJYS6,4.7,0,23.25,39.95,199,False,300,garden,"Patio, Lawn & Garden",Outdoor Recreation,True,False,False,SRC-KAGGLE-002,amazon_products.csv
B00363V3M2,"Big Basin Cold-Weather Sleeping Bag, 15°F Big & Tall Camping Sleeping Bag for Adults, Adjustable Hood and Fleece-Lined Footbox for Warmth and Ventilation, Fits Adults up to 6ft 6in Tall",https://www.amazon.com/dp/B00363V3M2,4.7,0,61.5,89.99,199,False,200,garden,"Patio, Lawn & Garden",Outdoor Recreation,True,False,False,SRC-KAGGLE-002,amazon_products.csv
B00HO02V1A,"Gerber Gear GDC Money Clip with Pocket Knife - Fixed Blade Knife and Case - EDC Gear and Equipment - Stainless Steel, Grey",https://www.amazon.com/dp/B00HO02V1A,4.5,0,28.44,36.0,215,False,700,garden,"Patio, Lawn & Garden",Tools & Home Improvement,True,False,False,SRC-KAGGLE-002,amazon_products.csv
B07JNS1ZF7,"9 Pieces Roll Pin Punch Set, HORUSDY Removing Repair Tool with Holder for Automotive, Watch Repair,Jewelry and Craft",https://www.amazon.com/dp/B07JNS1ZF7,4.6,0,9.99,12.99,215,False,1000,garden,"Patio, Lawn & Garden",Tools & Home Improvement,True,False,False,SRC-KAGGLE-002,amazon_products.csv
B0013AXUOY,Smith’s HON1 Honing Solution - 4oz Bottle - Lubricate Sharpening Stones - Built-In Stone Cleaning Agents & Rust Inhibitors - Oil for Tool & Knife Sharpening Stone - Prevents Clogged Pores,https://www.amazon.com/dp/B0013AXUOY,4.6,0,6.99,0.0,215,False,1000,garden,"Patio, Lawn & Garden",Tools & Home Improvement,True,False,False,SRC-KAGGLE-002,amazon_products.csv
B07KM9MD12,"NIKE Heritage Backpack 2.0, Black/Black/White, Misc",https://www.amazon.com/dp/B07KM9MD12,4.6,0,45.0,49.4,199,False,1000,garden,"Patio, Lawn & Garden",Outdoor Recreation,True,False,False,SRC-KAGGLE-002,amazon_products.csv
B09HK73PMZ,"Pocket Hole Jig System Kit, Pocket Screw Jig with 11 Inch Clamp, Square Driver Bit, Hex Wrench, Depth Stop Collar, Step Drill Bit, Coarse Square Driver Screws, All In One for Joinery Work",https://www.amazon.com/dp/B09HK73PMZ,4.3,0,28.99,40.99,215,False,900,garden,"Patio, Lawn & Garden",Tools & Home Improvement,True,False,False,SRC-KAGGLE-002,amazon_products.csv
B0742R14NQ,"Flow Swim Chamois - Quick Dry Towel for Swimming, Diving, Triathlons, and Other Water Sports (Blue)",https://www.amazon.com/dp/B0742R14NQ,4.5,0,12.95,15.95,199,False,500,garden,"Patio, Lawn & Garden",Outdoor Recreation,True,False,False,SRC-KAGGLE-002,amazon_products.csv
B08VD3N132,4 Bike Rack for Garage - Solid Steel Extra Heavy Duty BLAT Bike Rack - Garage Wall Mounted Bicycle Storage,https://www.amazon.com/dp/B08VD3N132,4.6,0,49.99,0.0,199,False,100,garden,"Patio, Lawn & Garden",Outdoor Recreation,True,False,False,SRC-KAGGLE-002,amazon_products.csv
B0CDWTSZ7F,"Komoko Blister Bandages for Feet (15 Count), Waterproof Hydrocolloid Blister Bandages, Ultra-Thin Adhesive Blister Pads, Blister Band Aid for Fingers, Toes, Forefoot, Heel Blister Prevention",https://www.amazon.com/dp/B0CDWTSZ7F,4.6,0,8.99,9.99,199,False,300,garden,"Patio, Lawn & Garden",Outdoor Recreation,True,False,False,SRC-KAGGLE-002,amazon_products.csv
B00002255O,"SWANSON Tool Co S0101 7 Inch Speed Square, Blue",https://www.amazon.com/dp/B00002255O,4.8,0,9.81,10.99,215,False,2000,garden,"Patio, Lawn & Garden",Tools & Home Improvement,True,False,False,SRC-KAGGLE-002,amazon_products.csv
B0B5XQFRWJ,"Stocking Stuffers for Men Adults, Gifts for Men, 9 in 1 Multitool Pen, Christmas Gifts for Men, Dad, Boyfriend, Cool Gadgets for Men Gifts, Gifts for Men Who Have Everything, Birthday Gifts for Men",https://www.amazon.com/dp/B0B5XQFRWJ,4.6,0,15.99,18.99,199,False,800,garden,"Patio, Lawn & Garden",Outdoor Recreation,True,False,False,SRC-KAGGLE-002,amazon_products.csv
B072B9KB4L,"Bodyprox Elbow Protection Pads 1 Pair (Large), Elbow Guard Sleeve",https://www.amazon.com/dp/B072B9KB4L,4.5,0,15.99,0.0,199,True,600,garden,"Patio, Lawn & Garden",Outdoor Recreation,True,False,False,SRC-KAGGLE-002,amazon_products.csv
B00OFOZQ7O,"Glisten Dishwasher Cleaner & Disinfectant, Removes Limescale, Rust, Grease and Buildup, All-Natural, Fresh Lemon, Pack of 6",https://www.amazon.com/dp/B00OFOZQ7O,4.7,0,29.88,0.0,215,False,800,garden,"Patio, Lawn & Garden",Tools & Home Improvement,True,False,False,SRC-KAGGLE-002,amazon_products.csv
B01BNMP6CU,"BLACK+DECKER 20V MAX Cordless Leaf Blower, Lawn Sweeper, 130 mph Air Speed, Lightweight Design, Battery and Charger Included (LSW221)",https://www.amazon.com/dp/B01BNMP6CU,4.2,0,79.0,99.0,215,False,1000,garden,"Patio, Lawn & Garden",Tools & Home Improvement,True,False,False,SRC-KAGGLE-002,amazon_products.csv
B08YYHFLGG,SAYGOGO Inflatable Car Air Mattress Travel Bed - Thickened Camping Bed Sleeping Pad with Car Air Pump 2 Pillows for Car Tent SUV Sedan Pickup Back Seat - Black,https://www.amazon.com/dp/B08YYHFLGG,4.0,0,48.98,0.0,199,False,300,garden,"Patio, Lawn & Garden",Outdoor Recreation,True,False,False,SRC-KAGGLE-002,amazon_products.csv
B08W46K3T5,Jetec 2 Pieces Survival Reflective Mirror 2 x 3 Inch Send Remotely PFD Mirrors Outdoor Survival Technologies Small Signal Mirror for Backpacking,https://www.amazon.com/dp/B08W46K3T5,4.4,0,11.99,0.0,199,False,200,garden,"Patio, Lawn & Garden",Outdoor Recreation,True,False,False,SRC-KAGGLE-002,amazon_products.csv
B07W53MJRM,"AOFAR AF-4074 Military Compass for Hiking,Lensatic Sighting Waterproof,Durable,Inclinometer for Camping,Boy Scount,Geology Activities Boating",https://www.amazon.com/dp/B07W53MJRM,4.5,0,18.99,27.99,199,False,600,garden,"Patio, Lawn & Garden",Outdoor Recreation,True,False,False,SRC-KAGGLE-002,amazon_products.csv
B0BRV4X1V7,"𝐋𝐚𝐧𝐞𝐝𝐨 𝐋𝐢𝐬𝐚 𝐋𝐮𝐧𝐜𝐡 𝐒𝐨𝐟𝐭 𝐂𝐨𝐨𝐥𝐞𝐫 𝟐𝟎 /𝟑𝟔 𝐂𝐚𝐧, Insulated Bag Portable Ice Chest Box for Lunch, Beach, Drink, Beverage, Travel, Camping, Picnic, Car, Trips, Cooler Leak-Proof",https://www.amazon.com/dp/B0BRV4X1V7,4.4,0,59.99,0.0,199,False,300,garden,"Patio, Lawn & Garden",Outdoor Recreation,True,False,False,SRC-KAGGLE-002,amazon_products.csv
B07X4YZQF4,"Shoulder Brace for Men and Women – Adjustable Shoulder Strap Compression Sleeves for Arms Women and Men – Comfortable Breathable Neoprene – Shoulder Injury, AC Joint Pain Relief, Dislocation (Small/Medium (Pack of 1))",https://www.amazon.com/dp/B07X4YZQF4,4.1,0,15.89,0.0,199,False,200,garden,"Patio, Lawn & Garden",Outdoor Recreation,True,False,False,SRC-KAGGLE-002,amazon_products.csv
B0BZPQ3VMP,"Car Air Mattress, Inflatable SUV Truck Air Mattress Back Seat Camping Bed Thickened Car Sleeping Pad for Travel, Car Bed SUV Mattress with Car Air Pump 2 Pillows",https://www.amazon.com/dp/B0BZPQ3VMP,4.0,0,52.66,0.0,199,False,100,garden,"Patio, Lawn & Garden",Outdoor Recreation,True,False,False,SRC-KAGGLE-002,amazon_products.csv
B07NQDH6TB,"6 Pcs Reflective Bands for Arm/Wrist/Leg, High Visibility Reflective Running Gear Reflectors Armband for Women Men,Safety Reflective Straps Bracelets for Running, Cycling, Walking",https://www.amazon.com/dp/B07NQDH6TB,4.5,0,12.99,15.99,199,False,400,garden,"Patio, Lawn & Garden",Outdoor Recreation,True,False,False,SRC-KAGGLE-002,amazon_products.csv
B079LDT7ML,"DEWALT 20V MAX Battery Pack with Charger, 3 Ah, Extra Long Run Time (DCB230C)",https://www.amazon.com/dp/B079LDT7ML,4.7,0,87.0,179.0,215,False,1000,garden,"Patio, Lawn & Garden",Tools & Home Improvement,True,False,False,SRC-KAGGLE-002,amazon_products.csv
B0C787SBK5,SKYSPER Packable Hiking Backpack - 20L Travel Backpacks for Women Men Foldable Daypack Lightweight Nylon Small Bag,https://www.amazon.com/dp/B0C787SBK5,4.6,0,29.36,0.0,199,False,50,garden,"Patio, Lawn & Garden",Outdoor Recreation,True,False,False,SRC-KAGGLE-002,amazon_products.csv
B094QQHZY9,"Cooler Replacement Parts Kit, Ice Chest Plastic Hinges, Latch Posts, Threaded, and Triple-Snap Drain Plug. Compatible With Igloo Cooler. Option for Repairing and Replacing Multiple Cooler Parts.",https://www.amazon.com/dp/B094QQHZY9,4.6,0,14.59,0.0,199,False,400,garden,"Patio, Lawn & Garden",Outdoor Recreation,True,False,False,SRC-KAGGLE-002,amazon_products.csv
B07Z91YKLC,"AVID POWER Cordless Impact Wrench, 1/2 Impact Gun w/Max Torque 330 ft lbs (450N.m), Power Impact Wrenches w/ 3.0A Li-ion Battery, 4 Pcs Impact Sockets and 1 Hour Fast Charger, 20V Impact Driver Kit",https://www.amazon.com/dp/B07Z91YKLC,4.5,0,99.99,139.99,215,False,900,garden,"Patio, Lawn & Garden",Tools & Home Improvement,True,False,False,SRC-KAGGLE-002,amazon_products.csv
B08F2BP4KP,"besky Womens Socks Winter Wool Socks Cozy Knit Warm Winter Socks for mountain climbing, Skiing and Christmas Gifts",https://www.amazon.com/dp/B08F2BP4KP,4.5,0,13.99,0.0,199,False,100,garden,"Patio, Lawn & Garden",Outdoor Recreation,True,False,False,SRC-KAGGLE-002,amazon_products.csv
B09Q34LFLD,"DURATECH 3/8"" Drive Crowfoot Wrench Set with 2 Extension Bars, SAE & Metric, 19-Piece, 10-22mm & 3/8""-7/8"", CR-V Steel, with EVA Foam Tool Organizer",https://www.amazon.com/dp/B09Q34LFLD,4.6,0,29.99,37.99,215,False,900,garden,"Patio, Lawn & Garden",Tools & Home Improvement,True,False,False,SRC-KAGGLE-002,amazon_products.csv
B01MRTEOHI,"Bates Paint Roller - Paint Brush, Paint Tray, Roller Paint Brush, 11 Piece Home Painting Supplies, Foam Brush, House Painting Tray, Painting Tools, Roller and Paint Brushes, Interior Paint Brushes",https://www.amazon.com/dp/B01MRTEOHI,4.6,0,15.75,0.0,215,True,0,garden,"Patio, Lawn & Garden",Tools & Home Improvement,True,False,False,SRC-KAGGLE-002,amazon_products.csv
B01ALB940Y,"Arctic Zone Titan Deep Freeze 16 Can Zipperless Cooler, Blue",https://www.amazon.com/dp/B01ALB940Y,4.6,0,42.99,0.0,199,False,1000,garden,"Patio, Lawn & Garden",Outdoor Recreation,True,False,False,SRC-KAGGLE-002,amazon_products.csv
B00QF5QRZG,"humangear GoBites Uno | Travel & Camping Utensils | Portable & Convertible Dining Ware | Multi-Functional Spork, Gray",https://www.amazon.com/dp/B00QF5QRZG,4.7,0,4.49,0.0,199,False,50,garden,"Patio, Lawn & Garden",Outdoor Recreation,True,False,False,SRC-KAGGLE-002,amazon_products.csv
B07TWTR3K8,"TOURIT Reusable Ice Packs for Coolers Long Lasting Cooler Ice Packs for Cooler Bag, Lunch Bags/Box, Cooler Backpacks, Knee Injuries, Back Pain Relief",https://www.amazon.com/dp/B07TWTR3K8,4.5,0,13.99,15.99,199,False,400,garden,"Patio, Lawn & Garden",Outdoor Recreation,True,False,False,SRC-KAGGLE-002,amazon_products.csv
B09R3CWH91,"Klein Tools 32767 Impact Driver, 3-in-1 Impact Flip Socket and Bit Holder, 1/4-Inch and 5/16-Inch Hex Drivers, 5-Inch Length",https://www.amazon.com/dp/B09R3CWH91,4.4,0,8.99,12.58,215,False,900,garden,"Patio, Lawn & Garden",Tools & Home Improvement,True,False,False,SRC-KAGGLE-002,amazon_products.csv
B01NBMEPF7,"Backpacker's Pantry Three Sisters Stew - Freeze Dried Backpacking & Camping Food - Emergency Food - 18 Grams of Protein, Vegan, Gluten-Free - 1 Count",https://www.amazon.com/dp/B01NBMEPF7,4.4,0,9.95,0.0,199,False,400,garden,"Patio, Lawn & Garden",Outdoor Recreation,True,False,False,SRC-KAGGLE-002,amazon_products.csv
B072KSZ1YX,Continental Tour 28 700x32-47 40mm Schrader (Auto) Valve - 4 Pack,https://www.amazon.com/dp/B072KSZ1YX,4.6,0,25.39,26.99,199,False,200,garden,"Patio, Lawn & Garden",Outdoor Recreation,True,False,False,SRC-KAGGLE-002,amazon_products.csv
B0B281SWJ4,"Toker Poker® - Bic Lighter Sleeve Multi Tool 2.0 - Black, All Inclusive Tool for Camping and Other",https://www.amazon.com/dp/B0B281SWJ4,4.8,0,11.89,0.0,199,False,400,garden,"Patio, Lawn & Garden",Outdoor Recreation,True,False,False,SRC-KAGGLE-002,amazon_products.csv
B08HPY7D97,"Protective Boot for Hydroflask Water Bottle 12oz - 40oz, BPA Free Bottom Silicone Sleeve Cover, Compatible with All Water Bottles with Bottom Width of 2.87-3.56in",https://www.amazon.com/dp/B08HPY7D97,4.6,0,8.99,0.0,199,False,300,garden,"Patio, Lawn & Garden",Outdoor Recreation,True,False,False,SRC-KAGGLE-002,amazon_products.csv
B08JWM3ZPN,"adidas Unisex Prime 6 Backpack, Black, One Size",https://www.amazon.com/dp/B08JWM3ZPN,4.8,0,52.5,70.0,199,False,2000,garden,"Patio, Lawn & Garden",Outdoor Recreation,True,False,False,SRC-KAGGLE-002,amazon_products.csv
B09LFLFHLC,"Collapsible Stool with Backpack and Cushion – Strong & Sturdy Retractable Stool for Camping, Hiking & Fishing – Perfect Lightweight and Handy Telescopic Stool for Adults – Black",https://www.amazon.com/dp/B09LFLFHLC,4.3,0,24.49,28.49,199,False,200,garden,"Patio, Lawn & Garden",Outdoor Recreation,True,False,False,SRC-KAGGLE-002,amazon_products.csv
B09STNQQKB,Bleed Kit for TEKTRO-TRP Hydraulic Disc Brakes I Bicycle Brakes Service Kit I Bleed Set with Hydraulic Mineral Oil for Disc Brake Perfect Bleeding of The Bicycle Brake,https://www.amazon.com/dp/B09STNQQKB,4.4,0,22.99,26.99,199,False,300,garden,"Patio, Lawn & Garden",Outdoor Recreation,True,False,False,SRC-KAGGLE-002,amazon_products.csv
B07RCKW5H6,"AcuRite 01210 Wi-Fi Indoor Outdoor Lightning Detection Weather Station for Home (01210M), Black",https://www.amazon.com/dp/B07RCKW5H6,4.3,0,179.99,0.0,195,False,0,garden,"Patio, Lawn & Garden",Smart Home: Lawn and Garden,True,False,False,SRC-KAGGLE-002,amazon_products.csv
B09VL22SJK,"30 Packs ECO-Friendly Poo Powder, Portable & Fast-Absorbing Camping Toilet Chemicals, Rapidly Biodegradable Eco Gel for Portable Toilet, for Outdoor Portable Bedpans & Emergencies",https://www.amazon.com/dp/B09VL22SJK,4.4,0,11.99,0.0,199,False,900,garden,"Patio, Lawn & Garden",Outdoor Recreation,True,False,False,SRC-KAGGLE-002,amazon_products.csv
B000H5T70C,"Roebic K-37-Q Septic Tank Treatment Removes Clogs, Environmentally Friendly Bacteria Enzymes Safe for Toilets, Works for 1 Year, 32 Fl Oz",https://www.amazon.com/dp/B000H5T70C,4.6,0,7.97,9.99,215,False,0,garden,"Patio, Lawn & Garden",Tools & Home Improvement,True,False,False,SRC-KAGGLE-002,amazon_products.csv
B09Y89G1SJ,Lawn Aerator Shoes for Grass - Pre-Assembled Grass Aerator Shoes for Lawn - Soil Yard Aerator Tool for Aerating Patio Garden,https://www.amazon.com/dp/B09Y89G1SJ,4.3,0,19.79,24.99,215,True,2000,garden,"Patio, Lawn & Garden",Tools & Home Improvement,True,False,False,SRC-KAGGLE-002,amazon_products.csv
B07SLBCVP6,HAIVIDO Women's One Piece Swimsuits XXL,https://www.amazon.com/dp/B07SLBCVP6,4.3,0,25.88,28.99,199,False,100,garden,"Patio, Lawn & Garden",Outdoor Recreation,True,False,False,SRC-KAGGLE-002,amazon_products.csv
B09776HSG6,"The Most Loaded 7-in-1 Tactical Pen: Solves Others Weaknesses, Self Defense Tip + Flashlight + Ballpoint + Stylus + Bottle Opener + Screw Driver + Hexagonal Wrench, 5 Inks + 9 Batteries + Gift Box",https://www.amazon.com/dp/B09776HSG6,4.3,0,11.98,0.0,199,False,200,garden,"Patio, Lawn & Garden",Outdoor Recreation,True,False,False,SRC-KAGGLE-002,amazon_products.csv
B01JR6NH3O,"10pcs Pack Black 5/8"" Compass Flint Scraper Fire Starter Whistle Buckle Plastic Paracord Bracelet Outdoor Camping Emergency Survival Travel Kits #FLC158-FWC(Black)",https://www.amazon.com/dp/B01JR6NH3O,4.4,0,9.9,0.0,199,False,200,garden,"Patio, Lawn & Garden",Outdoor Recreation,True,False,False,SRC-KAGGLE-002,amazon_products.csv
B00I3POGXQ,"Milwaukee 2656-20 M18 18V 1/4 Inch Lithium Ion Hex Impact Driver with 1,500 Inch Pounds of Torque and LED Lighting Array (Battery Not Included, Power Tool Only)",https://www.amazon.com/dp/B00I3POGXQ,4.8,0,49.16,52.3,215,False,800,garden,"Patio, Lawn & Garden",Tools & Home Improvement,True,False,False,SRC-KAGGLE-002,amazon_products.csv
B0BXB947JS,Mama Belly Tape for Pregnancy Support | Pelvic and Back Pain Relief | Extra Wide 4 inch Roll of Kinesiology Tape for Pregnant Women | Maternity Belly Support | Pregnancy Tape Gift for Expecting Mom,https://www.amazon.com/dp/B0BXB947JS,3.9,0,21.88,0.0,199,False,300,garden,"Patio, Lawn & Garden",Outdoor Recreation,True,False,False,SRC-KAGGLE-002,amazon_products.csv
B08R1JTG1K,"4/8/16pcs Tent Stakes and Hammer Set, 8/10/12/16in Heavy Duty Forged Steel Tent Stakes + Camping Hammer + Storage Pouch, Available in Rocky Place(8pcs 10in Stakes and Hammer)",https://www.amazon.com/dp/B08R1JTG1K,4.8,0,15.99,0.0,199,False,1000,garden,"Patio, Lawn & Garden",Outdoor Recreation,True,False,False,SRC-KAGGLE-002,amazon_products.csv
B01K7ZGDXA,"Intense Sport Sunglasses Men & Women - Ideal For Golf, Pickleball, Running & Tennis. Vented Lenses Prevent Fogging",https://www.amazon.com/dp/B01K7ZGDXA,4.4,0,25.0,0.0,199,False,200,garden,"Patio, Lawn & Garden",Outdoor Recreation,True,False,False,SRC-KAGGLE-002,amazon_products.csv
B0B9XPKQ27,"Dazzle Bright 2 Pack Battery Operated Christmas Lights, Each 50 LED 16FT Battery Operated String Lights with 8 Modes, Waterproof Christmas Decorations for Indoor Outdoor Party Decor (Multi-Colored)",https://www.amazon.com/dp/B0B9XPKQ27,4.7,0,4.99,9.99,215,False,0,garden,"Patio, Lawn & Garden",Tools & Home Improvement,True,False,False,SRC-KAGGLE-002,amazon_products.csv
B000BQL8UY,"Safer Brand 5110-6 Insect Killing Soap, 32 Oz.",https://www.amazon.com/dp/B000BQL8UY,4.2,0,11.83,0.0,215,False,900,garden,"Patio, Lawn & Garden",Tools & Home Improvement,True,False,False,SRC-KAGGLE-002,amazon_products.csv
B096CH8RK6,Topeak TSGD2X SmartGauge D2X Digital Tire Pressure Gauge Black ?11.8 x 4.2 x 1.9 cm / 4.6” x 1.7” x 0.7”,https://www.amazon.com/dp/B096CH8RK6,4.2,0,34.2,46.77,199,False,200,garden,"Patio, Lawn & Garden",Outdoor Recreation,True,False,False,SRC-KAGGLE-002,amazon_products.csv
B0052MIN3W,"DEWALT 20V MAX Battery, Compact 1.5Ah (DCB201)",https://www.amazon.com/dp/B0052MIN3W,4.6,0,34.99,99.0,215,False,1000,garden,"Patio, Lawn & Garden",Tools & Home Improvement,True,False,False,SRC-KAGGLE-002,amazon_products.csv
B07RFD9JWZ,"Amartisan 10-Piece Magnetic Screwdrivers Set, 5 Phillips and 5 Slotted Tips Professional Cushion Grip Screwdriver Set",https://www.amazon.com/dp/B07RFD9JWZ,4.6,0,10.99,16.99,215,False,5000,garden,"Patio, Lawn & Garden",Tools & Home Improvement,True,False,False,SRC-KAGGLE-002,amazon_products.csv
B00097D2K4,"Hyde Tools 09165 Drywall Hand 6-Foot Hose Dust-Free Vacuum Sander, 6'",https://www.amazon.com/dp/B00097D2K4,4.3,0,31.9,0.0,215,False,0,garden,"Patio, Lawn & Garden",Tools & Home Improvement,True,False,False,SRC-KAGGLE-002,amazon_products.csv
B09WH213N3,"Camping Chairs, 2 Pack Portable Folding Ultralight Camp Chair with Carry Bag, Camp Accessories, Outdoor Foldable Chair for Backpacking, Hiking, Beach, Travel & Picnic, Lawn Chairs, Low",https://www.amazon.com/dp/B09WH213N3,4.2,0,59.99,0.0,199,False,300,garden,"Patio, Lawn & Garden",Outdoor Recreation,True,False,False,SRC-KAGGLE-002,amazon_products.csv
B07P2JD28X,"3 Pack Red Light Flashlight,3 Modes Red Led Flashlight,Zoomable Long Range Red Hunting Light Red Flashlight Torch with Clip for Hunting,Detector,Night Observation, Night Detecting-Black House",https://www.amazon.com/dp/B07P2JD28X,4.3,0,16.99,0.0,199,False,200,garden,"Patio, Lawn & Garden",Outdoor Recreation,True,False,False,SRC-KAGGLE-002,amazon_products.csv
B0046D2BA4,"Duck Brand 282084 Self-Adhesive Drywall Repair Fabric, 6-Inch by 25 Feet, Single Roll , White",https://www.amazon.com/dp/B0046D2BA4,4.6,0,5.47,6.99,215,False,0,garden,"Patio, Lawn & Garden",Tools & Home Improvement,True,False,False,SRC-KAGGLE-002,amazon_products.csv
B00295QD96,"Chapin 20075 Disinfectant Bleach Sprayer, 1 Gallon, Made in the USA, Adjustable Cone Nozzle, Compatible with Bleach Solutions and Fungicides, Translucent White",https://www.amazon.com/dp/B00295QD96,4.4,0,15.98,27.19,215,False,0,garden,"Patio, Lawn & Garden",Tools & Home Improvement,True,False,False,SRC-KAGGLE-002,amazon_products.csv
B096Y14MMV,"Inflatable Air] [Mattres]s For Camping with Electric Pump and 2 Pillows - Flocking & PVC Surface, Car Sleeping [Bed] for SUV, Home, Outdoor and Travel(Black)",https://www.amazon.com/dp/B096Y14MMV,4.1,0,45.99,0.0,199,False,300,garden,"Patio, Lawn & Garden",Outdoor Recreation,True,False,False,SRC-KAGGLE-002,amazon_products.csv
B016R0M6D0,Care Bears Bandages - First Aid Supplies - 100 per Pack,https://www.amazon.com/dp/B016R0M6D0,4.4,0,7.68,0.0,199,False,200,garden,"Patio, Lawn & Garden",Outdoor Recreation,True,False,False,SRC-KAGGLE-002,amazon_products.csv
B0B6D4YSPJ,"October - BLK/Pink Lip Protector MOUTHGUARD 2-Pack, One Size Fits All, Works with or Without Braces, Includes Tethers, Football, All Sports",https://www.amazon.com/dp/B0B6D4YSPJ,4.3,0,15.99,0.0,199,False,50,garden,"Patio, Lawn & Garden",Outdoor Recreation,True,False,False,SRC-KAGGLE-002,amazon_products.csv
B0B73LY6DQ,"Bike Valve Core Repair Tool for Schrader Presta, Valve Core Remover Tool tubeless Bicycling Tires (Red)",https://www.amazon.com/dp/B0B73LY6DQ,4.7,0,3.99,0.0,199,False,500,garden,"Patio, Lawn & Garden",Outdoor Recreation,True,False,False,SRC-KAGGLE-002,amazon_products.csv
B07FY6M1JZ,"Pawfly 5 Inch/10 Inch Wire Keychain Cable Large Stainless Steel Key Ring Loop Holder, 20/50/100 Pack",https://www.amazon.com/dp/B07FY6M1JZ,4.5,0,5.99,0.0,199,False,700,garden,"Patio, Lawn & Garden",Outdoor Recreation,True,False,False,SRC-KAGGLE-002,amazon_products.csv
B00LILH3V4,"Amazon Basics 46,000 BTU Outdoor Propane Patio Heater with Wheels, Commercial & Residential, Havana Bronze, 32.1 in x 32.1 in x 91.3 in",https://www.amazon.com/dp/B00LILH3V4,4.5,0,181.91,0.0,215,True,700,garden,"Patio, Lawn & Garden",Tools & Home Improvement,True,False,False,SRC-KAGGLE-002,amazon_products.csv
B002U0KC2E,"BAGSTER 3CUYD Dumpster in a Bag holds up to 3,300 lb, Green",https://www.amazon.com/dp/B002U0KC2E,4.5,0,28.98,0.0,215,False,0,garden,"Patio, Lawn & Garden",Tools & Home Improvement,True,False,False,SRC-KAGGLE-002,amazon_products.csv
B0BWXTWW2D,"360°Rotatable Bike Phone Holder, 2023 Newest Bike Phone Mount Waterproof Bike Bag Bike Accessories Motorcycle Electric Bike Cell Phone Holder for Phones Under 7'' M3",https://www.amazon.com/dp/B0BWXTWW2D,4.3,0,25.99,29.99,199,False,100,garden,"Patio, Lawn & Garden",Outdoor Recreation,True,False,False,SRC-KAGGLE-002,amazon_products.csv
B0B56SDK26,"Kingfun Memory Foam Camping Mattress, 3 Inch Waterproof Floor Foldable Portable Roll up Mattress Bed, Comfortable Car Camping Sleeping Mat Pad, Truck Bed Tent with Removable Cover Travel Bag…",https://www.amazon.com/dp/B0B56SDK26,4.5,0,83.99,99.99,199,False,500,garden,"Patio, Lawn & Garden",Outdoor Recreation,True,False,False,SRC-KAGGLE-002,amazon_products.csv
B00IT1WJLU,Front Wheel Riser Block for Indoor Bicycle Trainers,https://www.amazon.com/dp/B00IT1WJLU,4.4,0,7.29,0.0,199,False,100,garden,"Patio, Lawn & Garden",Outdoor Recreation,True,False,False,SRC-KAGGLE-002,amazon_products.csv
B0017TYDU6,"Frost King P115R/3 Clear Polyethylene Drop Cloths (3 Pack), 9' x 12' x 1Mil",https://www.amazon.com/dp/B0017TYDU6,4.6,0,6.89,7.49,215,False,0,garden,"Patio, Lawn & Garden",Tools & Home Improvement,True,False,False,SRC-KAGGLE-002,amazon_products.csv
B00OHXFJ8E,"GOOD TO-GO Mushroom Risotto | Camping Food, Backpacking Food | Just Add Water Meals, Backpacking Meals | Dehydrated Meals Taste Better Than Freeze Dried Meals",https://www.amazon.com/dp/B00OHXFJ8E,4.4,0,15.5,0.0,199,False,200,garden,"Patio, Lawn & Garden",Outdoor Recreation,True,False,False,SRC-KAGGLE-002,amazon_products.csv
B0B2MGPB6W,"Nut Gatherer, Walnut Picker Upper Roller, Pinecone Picker Upper - Side Opening Dump | Apply to Walnut, Pecan, Hickory, Chestnuts, Buckeyes, Golf, Crab Apple Objects Size 1'' to 2.5''; 1.5 Gallon",https://www.amazon.com/dp/B0B2MGPB6W,4.3,0,37.99,0.0,215,False,1000,garden,"Patio, Lawn & Garden",Tools & Home Improvement,True,False,False,SRC-KAGGLE-002,amazon_products.csv
B09W3Z3TDF,"Camping Fan and LED Lantern, 10000mAh 8-Inch Rechargeable Battery Powered Tent Fan for Camping Trip, Portable Battery Operated Outdoor Fan for Patio Gazebo Camper RV Truck Travel Cruise Power Outages",https://www.amazon.com/dp/B09W3Z3TDF,4.6,0,35.99,37.99,199,False,500,garden,"Patio, Lawn & Garden",Outdoor Recreation,True,False,False,SRC-KAGGLE-002,amazon_products.csv
B0C8MG5XG7,Mini Sling Bag Men Small Crossbody Bag Women Fanny Packs Casual Personal Pocket Bag Backpack Phone Chest Bag,https://www.amazon.com/dp/B0C8MG5XG7,4.4,0,14.99,0.0,199,False,300,garden,"Patio, Lawn & Garden",Outdoor Recreation,True,False,False,SRC-KAGGLE-002,amazon_products.csv
B076MGPQZQ,"Klein Tools VDV226-110 Ratcheting Modular Data Cable Crimper / Wire Stripper / Wire Cutter for RJ11/RJ12 Standard, RJ45 Pass-Thru Connectors",https://www.amazon.com/dp/B076MGPQZQ,4.8,0,49.58,0.0,215,False,2000,garden,"Patio, Lawn & Garden",Tools & Home Improvement,True,False,False,SRC-KAGGLE-002,amazon_products.csv
B01N1GWMMI,Cat CATERPILLAR DIGGER Semi-Rimless Adjustable Wraparound Anti Fog Safety Glasses,https://www.amazon.com/dp/B01N1GWMMI,4.2,0,15.99,0.0,215,False,0,garden,"Patio, Lawn & Garden",Tools & Home Improvement,True,False,False,SRC-KAGGLE-002,amazon_products.csv
B08HRSLGYJ,"Razor Blade Scrape with 15pcs Extra Blades, Scraper Tool, Razor Blade Retractable, Paint Stripping Tool, Cleaning Tool for Removing Labels, Stickers, Decals, Paint from Glass and Stovetop-WEGAZ",https://www.amazon.com/dp/B08HRSLGYJ,4.5,0,5.99,8.99,215,False,4000,garden,"Patio, Lawn & Garden",Tools & Home Improvement,True,False,False,SRC-KAGGLE-002,amazon_products.csv
B08T9VBXHC,"Portable Fan Camping Fan for Tents, 25 Hours Work-time Camping Lantern Ceiling Tent Fan Desk Fan with 7800mAh Power Bank, Clip and Remote, USB Rechargeable Fan for Hiking, BBQ, Hunting, Hurricane(Clearance)",https://www.amazon.com/dp/B08T9VBXHC,4.4,0,21.99,23.99,199,False,300,garden,"Patio, Lawn & Garden",Outdoor Recreation,True,False,False,SRC-KAGGLE-002,amazon_products.csv
B06WD2XG9Z,"Folding Saw, 8 Inch Rugged Blade Hand Saw, Best for Camping, Gardening, Hunting | Cutting Wood, PVC, Bone, Pruning Saw with Ergonomic Non-Slip Handle Design",https://www.amazon.com/dp/B06WD2XG9Z,4.4,0,13.99,0.0,199,True,1000,garden,"Patio, Lawn & Garden",Outdoor Recreation,True,False,False,SRC-KAGGLE-002,amazon_products.csv
B07577JLZC,"RTIC Soft Cooler Insulated Bag Portable Ice Chest Box for Lunch, Beach, Drink, Beverage, Travel, Camping, Picnic, Car, Leak-Proof with Zipper",https://www.amazon.com/dp/B07577JLZC,4.5,0,110.39,129.99,199,False,300,garden,"Patio, Lawn & Garden",Outdoor Recreation,True,False,False,SRC-KAGGLE-002,amazon_products.csv
B005KDCLVI,"Rubbermaid Commercial FG9B5600BLA Tile and Grout Brush, Black, Cleaning Scrubbing Brush, Multi-Surface for Grout, Bathrooms, Kitchens, Countertops, 8.5&quot;",https://www.amazon.com/dp/B005KDCLVI,4.4,0,3.45,0.0,215,False,4000,garden,"Patio, Lawn & Garden",Tools & Home Improvement,True,False,False,SRC-KAGGLE-002,amazon_products.csv
B00BMPT7B0,HME Products Reflective Wing Tack (25 Pack)- White,https://www.amazon.com/dp/B00BMPT7B0,4.7,0,4.89,0.0,199,False,100,garden,"Patio, Lawn & Garden",Outdoor Recreation,True,False,False,SRC-KAGGLE-002,amazon_products.csv
B094R28HN4,Salomon Men's X Ultra Pioneer MID CLIMASALOMON Waterproof Hiking Boots Climbing Shoe,https://www.amazon.com/dp/B094R28HN4,4.3,0,97.5,150.0,199,False,200,garden,"Patio, Lawn & Garden",Outdoor Recreation,True,False,False,SRC-KAGGLE-002,amazon_products.csv
B09CPPHSVV,"Gifts for Men Unique, WESTLEY Multitool, 15 in 1 Survival Gear, Camping Accessories, 4 Screwdrivers heads with Magnetic, Christmas Gifts for Men, Lock Function, cool gadgets for men WT15H",https://www.amazon.com/dp/B09CPPHSVV,4.7,0,19.99,29.99,199,False,100,garden,"Patio, Lawn & Garden",Outdoor Recreation,True,False,False,SRC-KAGGLE-002,amazon_products.csv
B00HKCXVWU,GCI Outdoor Compact Camp Table 20 Outdoor Folding Table,https://www.amazon.com/dp/B00HKCXVWU,4.7,0,38.5,44.99,199,False,1000,garden,"Patio, Lawn & Garden",Outdoor Recreation,True,False,False,SRC-KAGGLE-002,amazon_products.csv
B08S3NHCQ4,42V 2A Charger 1 Prong Smart Universal for 36V Electric Scooter Bike Lithium Battery. Compatible with Gotrax Jetson and All Brands' 36 Volt Escooter Ebike,https://www.amazon.com/dp/B08S3NHCQ4,4.3,0,21.78,0.0,215,False,0,garden,"Patio, Lawn & Garden",Tools & Home Improvement,True,False,False,SRC-KAGGLE-002,amazon_products.csv
B09HN15V31,"Chiller Series Portable Water Carrier, 5 Gallon Water Jug, Multi-Use",https://www.amazon.com/dp/B09HN15V31,4.3,0,22.89,23.97,199,False,1000,garden,"Patio, Lawn & Garden",Outdoor Recreation,True,False,False,SRC-KAGGLE-002,amazon_products.csv
B08RYX1ZL7,4 Person Easy Pop Up Tent Waterproof Automatic Setup 2 Doors-Instant Family Tents for Camping Hiking & Traveling,https://www.amazon.com/dp/B08RYX1ZL7,4.3,0,89.99,112.99,199,False,400,garden,"Patio, Lawn & Garden",Outdoor Recreation,True,False,False,SRC-KAGGLE-002,amazon_products.csv
B0CF2NSVHD,"Lisle 35100 1/4"" Pry Bar with Strike Cap",https://www.amazon.com/dp/B0CF2NSVHD,5.0,0,9.85,0.0,215,True,1000,garden,"Patio, Lawn & Garden",Tools & Home Improvement,True,False,False,SRC-KAGGLE-002,amazon_products.csv
B08RQZ6996,"SOG PA2002-CP PowerAccess Deluxe Multi-Tool, Black",https://www.amazon.com/dp/B08RQZ6996,4.3,0,59.44,0.0,199,False,300,garden,"Patio, Lawn & Garden",Outdoor Recreation,True,False,False,SRC-KAGGLE-002,amazon_products.csv
B0C3WMS3VH,"Premium Silicone Under Sink Mat - Waterproof 36 Inch Cabinet Liner - Resilient and Pliable Under Sink Tray with Drain Hole - Safeguard Your Cabinets from Moisture, Scratches - Large 34 x 22 Inch Size",https://www.amazon.com/dp/B0C3WMS3VH,4.3,0,29.99,0.0,215,False,0,garden,"Patio, Lawn & Garden",Tools & Home Improvement,True,False,False,SRC-KAGGLE-002,amazon_products.csv
B002G55XXQ,Camp Chef Alpine Heavy Duty Cylinder Stove,https://www.amazon.com/dp/B002G55XXQ,4.7,0,211.24,284.99,199,False,400,garden,"Patio, Lawn & Garden",Outdoor Recreation,True,False,False,SRC-KAGGLE-002,amazon_products.csv
B09BVMBFCL,3 in 1 Inflatable Air Mattress for Car|Backseat SUV Mattress with Electric Air Pump-2 Support Fillers & 2 Pillows Fits SUV|MPV|Sedan|Minivan for Road Trip Camping Black,https://www.amazon.com/dp/B09BVMBFCL,3.9,0,58.97,0.0,199,False,600,garden,"Patio, Lawn & Garden",Outdoor Recreation,True,False,False,SRC-KAGGLE-002,amazon_products.csv
B000AR2N6W,Snow Peak Titanium Fork & Spoon Set - Ultralight & Portable Camping Utensil Set - Durable Titanium Cutlery with Canvas Travel Case,https://www.amazon.com/dp/B000AR2N6W,4.8,0,23.1,26.95,199,False,200,garden,"Patio, Lawn & Garden",Outdoor Recreation,True,False,False,SRC-KAGGLE-002,amazon_products.csv
B07QYH36TC,Ryobi 40V 4.0 Ah Lithium-Ion Battery OP4040,https://www.amazon.com/dp/B07QYH36TC,4.5,0,105.0,133.81,215,False,1000,garden,"Patio, Lawn & Garden",Tools & Home Improvement,True,False,False,SRC-KAGGLE-002,amazon_products.csv
B07RK557F8,Rain-Bird Controller Indoor Outdoor Lawn Irrigation Sprinkler Timer ESPME3 (+ WiFi + 1 Module),https://www.amazon.com/dp/B07RK557F8,4.7,0,305.98,0.0,195,False,0,garden,"Patio, Lawn & Garden",Smart Home: Lawn and Garden,True,False,False,SRC-KAGGLE-002,amazon_products.csv
B0C5CKSZXF,"Clear Backpack, Heavy Duty PVC Transparent Backpack with Reinforced Straps, See Through Multiple Pockets Large Capacity Bookbag for Concert Work Security Travel Festival (Black)",https://www.amazon.com/dp/B0C5CKSZXF,4.3,0,15.99,29.99,199,False,1000,garden,"Patio, Lawn & Garden",Outdoor Recreation,True,False,False,SRC-KAGGLE-002,amazon_products.csv
B0BRQD9TCK,"Elegear Self Inflating Sleeping Pad for Camping,3.1Inch Extra Thickness Memory Foam Insulated Camping Pad, Waterproof 4-Season Camping Air Mattress Mat with Pillow for Car Camping, Travel, Tent, Floor",https://www.amazon.com/dp/B0BRQD9TCK,4.6,0,75.89,79.89,199,False,400,garden,"Patio, Lawn & Garden",Outdoor Recreation,True,False,False,SRC-KAGGLE-002,amazon_products.csv
B084BTLMZ9,Mountain House Biscuits & Gravy | Freeze Dried Backpacking & Camping Food |6-Pack,https://www.amazon.com/dp/B084BTLMZ9,4.7,0,47.94,0.0,199,False,300,garden,"Patio, Lawn & Garden",Outdoor Recreation,True,False,False,SRC-KAGGLE-002,amazon_products.csv
B01LYA0T9B,"Fiskars 28"" Hookaroon - Non-Slip Grip Handle with Pointed, Angled Blade - Landscaping Tool for Rotating, Dragging, Stacking Logs - Black/Orange",https://www.amazon.com/dp/B01LYA0T9B,4.6,0,43.99,0.0,215,True,600,garden,"Patio, Lawn & Garden",Tools & Home Improvement,True,False,False,SRC-KAGGLE-002,amazon_products.csv
B0763KD8QP,"Black Unscented Camouflage Wet Wipes - Combat Wipes COMMANDO - Thick, Biodegradable, Heavy Duty Cleansing Cloths for Camping, Military, Hunting & Backpacking w/Aloe & Vitamin E (1 Pack, 25 wipes)",https://www.amazon.com/dp/B0763KD8QP,4.6,0,8.79,13.99,199,False,400,garden,"Patio, Lawn & Garden",Outdoor Recreation,True,False,False,SRC-KAGGLE-002,amazon_products.csv
B0B96FBHX4,"28PCS Oscillating Saw Blades, Professional Universal Titanium Multitool Blades for Wood Plastics Metal, Quick Release Multi Tool Blades Kits Fit Dewalt Ryobi Milwaukee Rockwell Fein Makita",https://www.amazon.com/dp/B0B96FBHX4,4.5,0,33.99,0.0,215,False,1000,garden,"Patio, Lawn & Garden",Tools & Home Improvement,True,False,False,SRC-KAGGLE-002,amazon_products.csv
B0CF22DWJC,"3D Pedometer for Walking, Simple Walking Step Counter with Removable Clip and Strap, USB Rechargeable Step Tracker with Backlight, Accurate Step Counter for Men Women Kids Seniors",https://www.amazon.com/dp/B0CF22DWJC,5.0,0,17.99,29.99,199,False,50,garden,"Patio, Lawn & Garden",Outdoor Recreation,True,False,False,SRC-KAGGLE-002,amazon_products.csv
B09QBZX3MT,"Arcturus Patterned Wool Blankets - 4.5lbs Warm, Heavy, Washable, Large | Great for Camping, Outdoors, Sporting Events, or Survival & Emergency Kits",https://www.amazon.com/dp/B09QBZX3MT,4.7,0,42.99,0.0,199,False,200,garden,"Patio, Lawn & Garden",Outdoor Recreation,True,False,False,SRC-KAGGLE-002,amazon_products.csv
B09PD3FHWR,"Compressed Washcloths Towels, Premium Disposable Wash Cloths for Travel Camping",https://www.amazon.com/dp/B09PD3FHWR,4.7,0,9.99,10.99,199,False,300,garden,"Patio, Lawn & Garden",Outdoor Recreation,True,False,False,SRC-KAGGLE-002,amazon_products.csv
B0C2HMBLFZ,"2 Pairs of Swimming Ear Plugs, Swim Ear Plugs Adults，Waterproof Silicone Ear Plugs, can Also be Used as Silent Ear Plugs, Unisex Swimmers, for Swimming Surfing Shower Bathing",https://www.amazon.com/dp/B0C2HMBLFZ,4.7,0,9.99,11.99,199,False,100,garden,"Patio, Lawn & Garden",Outdoor Recreation,True,False,False,SRC-KAGGLE-002,amazon_products.csv
B001DBFKZA,"Streamlight 69140 Vantage LED Helmet Mounted Flashlight, Black",https://www.amazon.com/dp/B001DBFKZA,4.8,0,122.99,241.88,199,False,0,garden,"Patio, Lawn & Garden",Outdoor Recreation,True,False,False,SRC-KAGGLE-002,amazon_products.csv
B08D77VQZ7,"Bicycle Brake Levers Shifter 3x7 21 Speed Shifter with Gear Indicator and V Brake Cable for Moutain Bike, Road Bike, MTB, BMX, Fixie Gear, Cycling",https://www.amazon.com/dp/B08D77VQZ7,4.4,0,19.99,29.99,199,False,0,garden,"Patio, Lawn & Garden",Outdoor Recreation,True,False,False,SRC-KAGGLE-002,amazon_products.csv
B0C49LMHJG,2 Pack Torch Lighter Triple 3 Jet Flame Butane Gas Lighter Refillable Jet Torch Lighters Adjustable Windproof Pocket Lighter for Grill Kitchen Fireplace Camping (No Gas) Black Nickel,https://www.amazon.com/dp/B0C49LMHJG,4.2,0,9.99,0.0,199,False,300,garden,"Patio, Lawn & Garden",Outdoor Recreation,True,False,False,SRC-KAGGLE-002,amazon_products.csv
B0751VFF2X,"Command Poster Strips, Damage Free Hanging Poster Hangers, Wall Hanging Strips for Back to School Posters, 64 White Command Adhesive Strips",https://www.amazon.com/dp/B0751VFF2X,4.6,0,10.66,0.0,215,False,0,garden,"Patio, Lawn & Garden",Tools & Home Improvement,True,False,False,SRC-KAGGLE-002,amazon_products.csv
B097KL17WT,"Caribeener Carabiner Clip, 860lbs, 3"" Iron Heavy Duty Carabiner, D Shape Buckle - Keychains, Camping, Hiking Accessories, Carabiners for Locking Dog Leash, Harness, Yoga Swing, Gym etc, Black, 2 PCS",https://www.amazon.com/dp/B097KL17WT,4.8,0,6.98,9.99,199,False,3000,garden,"Patio, Lawn & Garden",Outdoor Recreation,True,False,False,SRC-KAGGLE-002,amazon_products.csv
B00004Z4DU,"ScotchBlue Original Multi-Surface Painter's Tape, 1.88 Inches x 60 Yards, 1 Roll, Blue, Paint Tape Protects Surfaces and Removes Easily, Multi-Surface Painting Tape for Indoor and Outdoor Use",https://www.amazon.com/dp/B00004Z4DU,4.8,0,7.88,13.99,215,False,0,garden,"Patio, Lawn & Garden",Tools & Home Improvement,True,False,False,SRC-KAGGLE-002,amazon_products.csv
B07TMQJ8LC,"Disaster Deck - Kit Ready Emergency Survival Cards, Guide, Emergency Preparedness, Instructions for Disasters, Earthquake, Wildfire, Hurricane, Tornado, Flooding, Heatwave, Winter Storms and More.",https://www.amazon.com/dp/B07TMQJ8LC,4.5,0,14.99,0.0,199,False,200,garden,"Patio, Lawn & Garden",Outdoor Recreation,True,False,False,SRC-KAGGLE-002,amazon_products.csv
B08FKW7Y6R,G4Free Sling Bag RFID Blocking Sling Backpack Crossbody Chest Bag Daypack for Hiking Travel(Black),https://www.amazon.com/dp/B08FKW7Y6R,4.5,0,23.99,33.99,199,False,1000,garden,"Patio, Lawn & Garden",Outdoor Recreation,True,False,False,SRC-KAGGLE-002,amazon_products.csv
B095NW8KLQ,"DEERFAMY Folding Camping Tripod Stools, Portable 3 Legs Tall Slacker Chair Tripod Seat for Outdoor Hiking Hunting Fishing Picnic Travel Beach BBQ Garden Lawn with Storage Bag, Red",https://www.amazon.com/dp/B095NW8KLQ,4.4,0,39.99,0.0,199,False,200,garden,"Patio, Lawn & Garden",Outdoor Recreation,True,False,False,SRC-KAGGLE-002,amazon_products.csv
B07HP3GD4Z,"Dual Action Ball Pump with 5 Spare Needles and Plastic Adaptor for Your Football, Basketball, Soccerball, Pilates Ball, Volleyball, Handball, etc.",https://www.amazon.com/dp/B07HP3GD4Z,4.3,0,7.99,15.99,199,False,100,garden,"Patio, Lawn & Garden",Outdoor Recreation,True,False,False,SRC-KAGGLE-002,amazon_products.csv
B094QSGWQ3,"Cooler Hinge and Latch and Screws Kit, High Strength Cooler Latch Replacement Parts. Ice Chest Plastic Hinges, Latch Posts, and Screws, The Best Option for Repairing and Replacing Cooler Parts.",https://www.amazon.com/dp/B094QSGWQ3,4.6,0,13.95,15.99,199,False,0,garden,"Patio, Lawn & Garden",Outdoor Recreation,True,False,False,SRC-KAGGLE-002,amazon_products.csv
B09TPGR5WJ,"Portable Door Lock 2Pack Extra Lock for Additional Privacy and Safety in Home,Hotel and Apartment,Prevent Unauthorized Entry,Protect Family Security in Traveling,Home,Bedroom,Hotel,Apartment,AirBNB",https://www.amazon.com/dp/B09TPGR5WJ,4.3,0,14.99,0.0,215,False,0,garden,"Patio, Lawn & Garden",Tools & Home Improvement,True,False,False,SRC-KAGGLE-002,amazon_products.csv
B06XK6QKPB,"EVERSPROUT 12-Foot Fruit Picker (20+ Foot Reach) | Telescoping Fruit Picker Pole, Easy to Attach Twist-On Apple Basket | Lightweight, High-Grade Aluminum Extension Pole with Fruit Picker Basket",https://www.amazon.com/dp/B06XK6QKPB,4.7,0,43.19,47.99,215,False,1000,garden,"Patio, Lawn & Garden",Tools & Home Improvement,True,False,False,SRC-KAGGLE-002,amazon_products.csv
B01JR6NKRC,"12pcs Pack Mix Colors 5/8"" Compass Flint Scraper Fire Starter Whistle Buckle Plastic Paracord Bracelet Outdoor Camping Emergency Survival Travel Kits #FLC158-FWC(Mix-s)",https://www.amazon.com/dp/B01JR6NKRC,4.4,0,12.99,0.0,199,False,200,garden,"Patio, Lawn & Garden",Outdoor Recreation,True,False,False,SRC-KAGGLE-002,amazon_products.csv
B00F179AQW,Fjallraven Kanken,https://www.amazon.com/dp/B00F179AQW,4.7,0,52.0,0.0,199,False,200,garden,"Patio, Lawn & Garden",Outdoor Recreation,True,False,False,SRC-KAGGLE-002,amazon_products.csv
B00CTSY6G0,Honeywell Home RTH2300B 5-2 Day Programmable Thermostat,https://www.amazon.com/dp/B00CTSY6G0,4.4,0,24.98,31.99,215,False,0,garden,"Patio, Lawn & Garden",Tools & Home Improvement,True,False,False,SRC-KAGGLE-002,amazon_products.csv
B09ZQSVX8G,"Throwing Axes 3 Pack, 16.2-inch Throwing Tomahawks High Carbon Steel & Wooden Handle, for Axe Throwing Recreation and Competition",https://www.amazon.com/dp/B09ZQSVX8G,4.0,0,54.99,0.0,199,False,200,garden,"Patio, Lawn & Garden",Outdoor Recreation,True,False,False,SRC-KAGGLE-002,amazon_products.csv
B06WP6GJ4M,"DEWALT FLEXVOLT 20V/60V MAX* Batteries, 9.0-Ah, 2-Pack (DCB609-2)",https://www.amazon.com/dp/B06WP6GJ4M,4.8,0,268.0,299.0,215,True,3000,garden,"Patio, Lawn & Garden",Tools & Home Improvement,True,False,False,SRC-KAGGLE-002,amazon_products.csv
B07M68S376,"SECRUI Wireless Doorbell, Easy installation, Waterproof, Adjustable Volume, 58 Chimes, Colorful LED, 1000Ft Range, M520+F55, Black",https://www.amazon.com/dp/B07M68S376,4.7,0,17.99,23.99,215,True,0,garden,"Patio, Lawn & Garden",Tools & Home Improvement,True,False,False,SRC-KAGGLE-002,amazon_products.csv
B0C2T3XB2Q,"Nexcare™ Duo Bandages DSA-16-CA, Knee and Elbow, 16ct",https://www.amazon.com/dp/B0C2T3XB2Q,5.0,0,9.49,0.0,199,False,100,garden,"Patio, Lawn & Garden",Outdoor Recreation,True,False,False,SRC-KAGGLE-002,amazon_products.csv
B09GY73946,"ZMNT LED Camping Lantern Rechargeable 1000LM, Up to 300H Running Time Camping Tent Light, 6700mAh Emergency Light for Hurricane, Power Outages, Home, Hiking, Water-Resistant, Black",https://www.amazon.com/dp/B09GY73946,4.7,0,26.99,32.99,199,False,0,garden,"Patio, Lawn & Garden",Outdoor Recreation,True,False,False,SRC-KAGGLE-002,amazon_products.csv
B0BFHFZZK3,"Stingmon 20 Pack Mosquito Repellent Bracelets with Colorful Woven Style for Kids Adult, Natural Citronella Mosquito Wrist Band for Travel Camping, One Size Fits All",https://www.amazon.com/dp/B0BFHFZZK3,4.3,0,11.99,12.99,199,False,400,garden,"Patio, Lawn & Garden",Outdoor Recreation,True,False,False,SRC-KAGGLE-002,amazon_products.csv
B0CC1YRN6R,"2Sets Stanley Straw Cover, 1.0 Stanley Cup Accessories Compatible 40oz/30oz, Stanley Spill Stopper, Wine Stoppers, Stanley Leak Stopper, Include 2 Straw Lids and 2 Square/2 Round Tumbler Leak Stopper",https://www.amazon.com/dp/B0CC1YRN6R,4.8,0,6.98,0.0,199,False,800,garden,"Patio, Lawn & Garden",Outdoor Recreation,True,False,False,SRC-KAGGLE-002,amazon_products.csv
B09BVNCMPS,"12 Pack Mosquito Repellent Bracelets, Solid Color Individually Wrapped Leather Insect & Bug Repellent Wrist Bands for Kids & Adults Outdoor Camping Fishing Traveling",https://www.amazon.com/dp/B09BVNCMPS,3.9,0,15.99,0.0,199,False,300,garden,"Patio, Lawn & Garden",Outdoor Recreation,True,False,False,SRC-KAGGLE-002,amazon_products.csv
B09WCYZJL2,"Under Armour Womens Mini Athletic Headbands, 6-Pack",https://www.amazon.com/dp/B09WCYZJL2,4.3,0,4.77,9.99,199,False,200,garden,"Patio, Lawn & Garden",Outdoor Recreation,True,False,False,SRC-KAGGLE-002,amazon_products.csv
B097TQLR7V,6 Pieces Cooling Helmet Liner Sweat Wicking Bonnet Cycling Skull Cap Running Beanie for Man and Women,https://www.amazon.com/dp/B097TQLR7V,4.2,0,12.99,0.0,199,False,300,garden,"Patio, Lawn & Garden",Outdoor Recreation,True,False,False,SRC-KAGGLE-002,amazon_products.csv
B07CNKJ98K,"7"" Camping Tent Stakes Aluminum Lightweight Garden Canopy Stakes Pegs Bags 10pcs",https://www.amazon.com/dp/B07CNKJ98K,4.5,0,5.99,0.0,199,False,100,garden,"Patio, Lawn & Garden",Outdoor Recreation,True,False,False,SRC-KAGGLE-002,amazon_products.csv
B09VL1JT7X,"Beach Blanket Sandproof, Oversized Beach Mat 10' X 9' Suitable for 8-10 Adults, Waterproof Lightweight Picnic Mat for Travel, Camping, Hiking",https://www.amazon.com/dp/B09VL1JT7X,4.4,0,9.99,0.0,199,False,200,garden,"Patio, Lawn & Garden",Outdoor Recreation,True,False,False,SRC-KAGGLE-002,amazon_products.csv
B0BKFPKQG1,"YSSOA Folding Camping Cot with Storage Bag for Adults, Portable and Lightweight Sleeping Bed for Outdoor Traveling, Hiking, Easy to Set up (Color: Black)",https://www.amazon.com/dp/B0BKFPKQG1,4.3,0,43.71,0.0,199,False,100,garden,"Patio, Lawn & Garden",Outdoor Recreation,True,False,False,SRC-KAGGLE-002,amazon_products.csv
B09YY27YVL,"Flip lid for Hydro Flask Wide Mouth 32 40 oz with Flexible Handle, Replacement Coffee Lid Compatible with Hydroflask, Nalgene, and More Top Water Bottle Brands Wide Mouth 32 oz 40 oz",https://www.amazon.com/dp/B09YY27YVL,4.3,0,9.99,0.0,199,False,700,garden,"Patio, Lawn & Garden",Outdoor Recreation,True,False,False,SRC-KAGGLE-002,amazon_products.csv
B074143PY5,"Bike Stem Riser Bike Fork Stem Extender Bicycle Handlebar Raiser Head Up Adapter Suitable for Mountain Bike, Road Bike, MTB, BMX, Fixie (Aluminium Alloy, Adjustable)",https://www.amazon.com/dp/B074143PY5,4.6,0,14.99,19.99,199,False,300,garden,"Patio, Lawn & Garden",Outdoor Recreation,True,False,False,SRC-KAGGLE-002,amazon_products.csv
B0C78195X4,"2 Pack EVA Rain Ponchos Waterproof Reusable Raincoat for Kids, One Size Rain Jacket for Children, Boys and Girls",https://www.amazon.com/dp/B0C78195X4,4.7,0,9.99,0.0,199,False,300,garden,"Patio, Lawn & Garden",Outdoor Recreation,True,False,False,SRC-KAGGLE-002,amazon_products.csv
B07547TJPD,"Bow Drill Kit Fire Starter, Primitive Wood, Survival Practice Friction Fire Tool for Scout Outdoor Activity Teaching, Outward Bound Training, Wildness Survival Beginner",https://www.amazon.com/dp/B07547TJPD,4.3,0,13.9,0.0,199,False,200,garden,"Patio, Lawn & Garden",Outdoor Recreation,True,False,False,SRC-KAGGLE-002,amazon_products.csv
B00NOEC53O,"Nathan Replacement Bladder - 2 Liter (2.0L) / For Hydration Vests, Hydration Pack. Leak Proof. BPA Free!",https://www.amazon.com/dp/B00NOEC53O,4.6,0,33.21,36.95,199,False,400,garden,"Patio, Lawn & Garden",Outdoor Recreation,True,False,False,SRC-KAGGLE-002,amazon_products.csv
B004DZOMKC,"Lutron Diva LED+ Dimmer Switch for Dimmable LED, Halogen and Incandescent Bulbs, 150W/Single-Pole or 3-Way, DVCL-153P-WH, White",https://www.amazon.com/dp/B004DZOMKC,4.6,0,28.99,37.0,215,False,0,garden,"Patio, Lawn & Garden",Tools & Home Improvement,True,False,False,SRC-KAGGLE-002,amazon_products.csv
B0C1ZLBY2K,150Pack Mosquito Stickers Citronella Bug Patches for Kids Adult with 2Pack Mosquito Bracelets Insect Wristbands,https://www.amazon.com/dp/B0C1ZLBY2K,4.1,0,11.99,0.0,199,False,500,garden,"Patio, Lawn & Garden",Outdoor Recreation,True,False,False,SRC-KAGGLE-002,amazon_products.csv
B00FO9HQLS,"Energizer CR2032 3 Volt Lithium Coin Battery, 10 Count (Pack of 1)",https://www.amazon.com/dp/B00FO9HQLS,4.7,0,9.86,10.4,215,True,0,garden,"Patio, Lawn & Garden",Tools & Home Improvement,True,False,False,SRC-KAGGLE-002,amazon_products.csv
B0BGVMM3CX,Spigen Carabiner Lanyard Keychain Strap for Keys ID Badge Wallet Holder and Everyday Carry Items Wrist Keychain Ring Carabiner - Black,https://www.amazon.com/dp/B0BGVMM3CX,4.7,0,17.99,0.0,199,False,200,garden,"Patio, Lawn & Garden",Outdoor Recreation,True,False,False,SRC-KAGGLE-002,amazon_products.csv
B09BF97KFW,Century Star Women's Knee High Socks Athletic Thin Stripes Tube Socks High Stockings Outdoor Sport Socks,https://www.amazon.com/dp/B09BF97KFW,4.5,0,7.98,0.0,199,False,400,garden,"Patio, Lawn & Garden",Outdoor Recreation,True,False,False,SRC-KAGGLE-002,amazon_products.csv
B08Y953WT8,"Emergency Blankets for Survival, 4 Pack of Gigantic Space Blanket. Comes with Four Extra-Large Mylar Blankets, Compass, and Zipper Bag. The Best Thermal Space Blankets (4, Orange, Extra Large)",https://www.amazon.com/dp/B08Y953WT8,4.7,0,24.0,0.0,199,False,300,garden,"Patio, Lawn & Garden",Outdoor Recreation,True,False,False,SRC-KAGGLE-002,amazon_products.csv
B0BXDFLHNN,"Large Soft Cooler Bag Travel Beach Insulated Cooler for Men 48 Can Dual Compartments Collapsible Waterproof Leak-Proof for Camping Picnic, Black",https://www.amazon.com/dp/B0BXDFLHNN,4.6,0,29.99,49.99,199,False,300,garden,"Patio, Lawn & Garden",Outdoor Recreation,True,False,False,SRC-KAGGLE-002,amazon_products.csv
B000MLU5MU,Victorinox 0.2300.26 Bantam Silver Alox 84mm Small Officer's Knife That's Practical in a Big Way in Silver 3.3 inches,https://www.amazon.com/dp/B000MLU5MU,4.8,0,23.8,29.99,199,False,500,garden,"Patio, Lawn & Garden",Outdoor Recreation,True,False,False,SRC-KAGGLE-002,amazon_products.csv
B0BVW2R15L,"Camping Fan Rechargeable, Battery Powered Fan with LED Lantern, 270° Rotation, USB Battery Operated Tent Fan for Camping with Hook, Portable Personal Fan for Travel Picnic Fishing",https://www.amazon.com/dp/B0BVW2R15L,4.5,0,35.99,39.99,199,False,2000,garden,"Patio, Lawn & Garden",Outdoor Recreation,True,False,False,SRC-KAGGLE-002,amazon_products.csv
B096RRNYRZ,Bike Seat Cover-3pcs Waterproof Bicycle Seat Rain Cover Bike Saddle Cushion Protector with Drawstring for Rainproof and Dust Resistant,https://www.amazon.com/dp/B096RRNYRZ,4.4,0,9.99,0.0,199,False,100,garden,"Patio, Lawn & Garden",Outdoor Recreation,True,False,False,SRC-KAGGLE-002,amazon_products.csv
B0006VORDY,EX60LW Explorer 2 Burner Outdoor Camping Modular Cooking Stove,https://www.amazon.com/dp/B0006VORDY,4.7,0,129.98,0.0,199,False,1000,garden,"Patio, Lawn & Garden",Outdoor Recreation,True,False,False,SRC-KAGGLE-002,amazon_products.csv
B09BV9945K,"Self Inflating Camping Sleeping Pad with Pillow, Thick 6 Inch Ultralight Sleeping Pad with Built-in Pump, Lightweight Sleeping Mat for Camping, Backpacking, Hiking, Tent (Grey)",https://www.amazon.com/dp/B09BV9945K,4.4,0,39.99,45.99,199,False,900,garden,"Patio, Lawn & Garden",Outdoor Recreation,True,False,False,SRC-KAGGLE-002,amazon_products.csv
B09G33Q8XC,Women's Hiking Pants Water Resistant Lightweight Quick Dry Cargo Joggers with Pockets for Travel Alaska Cruise,https://www.amazon.com/dp/B09G33Q8XC,4.5,0,32.99,45.99,199,False,400,garden,"Patio, Lawn & Garden",Outdoor Recreation,True,False,False,SRC-KAGGLE-002,amazon_products.csv
B09N8XKR56,Camping Fan with Led Lantern - 10000mAh 8inch Rechargeable Battery Operated Tent Fan with Light and Hanging Hook for Outdoor Camping Tent RV Travel Fishing Hurricane Emergency Power Outage,https://www.amazon.com/dp/B09N8XKR56,4.5,0,39.99,49.99,199,False,900,garden,"Patio, Lawn & Garden",Outdoor Recreation,True,False,False,SRC-KAGGLE-002,amazon_products.csv
B08G8GP4TP,Zonon 9 Pieces Replacement Gasket Compatible with Hydro Flask Wide Mouth Bottle Flip Lid Cap Silicone Replacement Gasket Seals 2inch Inner Diameter,https://www.amazon.com/dp/B08G8GP4TP,4.0,0,6.99,0.0,199,False,300,garden,"Patio, Lawn & Garden",Outdoor Recreation,True,False,False,SRC-KAGGLE-002,amazon_products.csv
B07YTLR553,Travel Female Urination Device - 2 Pack Reusable Silicone Portable Lady Urinal Pee Funnel Pee Urine Cups Standing Up Camping Outdoor Drawstring Discreet Carry Bag,https://www.amazon.com/dp/B07YTLR553,4.1,0,6.99,0.0,199,False,200,garden,"Patio, Lawn & Garden",Outdoor Recreation,True,False,False,SRC-KAGGLE-002,amazon_products.csv
B082YJ7XZX,"Edward Tools Harden Camping Axe 15” with Sheath - Forged Carbon Steel Head with Fiberglass Handle - Survival/Wood Splitting Hatchet for Hunting, Backpacking, Chopping Wood",https://www.amazon.com/dp/B082YJ7XZX,4.4,0,13.95,0.0,199,False,200,garden,"Patio, Lawn & Garden",Outdoor Recreation,True,False,False,SRC-KAGGLE-002,amazon_products.csv
B0895MZFXL,"NEU MASTER 3 in 1 Staple Gun, Manual, Heavy Duty with Stapler Remover and 2000Pcs Staples for Upholstery, Fixing Material, Decoration, Carpentry, Furniture",https://www.amazon.com/dp/B0895MZFXL,4.5,0,17.99,23.99,215,False,1000,garden,"Patio, Lawn & Garden",Tools & Home Improvement,True,False,False,SRC-KAGGLE-002,amazon_products.csv
B074W4CPVV,"Sleeping Bags 20℉ for Adults Teens Kids with Compression Sack Portable and Lightweight for 3-4 Season Camping, Hiking,Waterproof, Backpacking and Outdoors",https://www.amazon.com/dp/B074W4CPVV,4.4,0,39.99,49.99,199,False,1000,garden,"Patio, Lawn & Garden",Outdoor Recreation,True,False,False,SRC-KAGGLE-002,amazon_products.csv
B0030RSARU,"Youth Blackcomb Tattoo Hardshell Bike Helmet, Girls and Boys, Dial Fit Adjust, Fits 53-58cm Circumference, 21 Air Vents, CPSC Safety Certified",https://www.amazon.com/dp/B0030RSARU,4.7,0,18.2,25.81,199,False,200,garden,"Patio, Lawn & Garden",Outdoor Recreation,True,False,False,SRC-KAGGLE-002,amazon_products.csv
B0BR5G8GC8,"Mouse Reading Book, Wall Decor Sticker Decal, Kids Room, Classroom, Home, Bedroom, Bookcase, Book Lover, of Mice and Men, Children, Adorable, (Mouse Reading Book)",https://www.amazon.com/dp/B0BR5G8GC8,4.7,0,6.99,7.49,215,False,1000,garden,"Patio, Lawn & Garden",Tools & Home Improvement,True,False,False,SRC-KAGGLE-002,amazon_products.csv
B0BP6LKNB9,Overmont Carbon Fiber Trekking Poles - Lightweight Folding Hiking Poles Shock Absorbent Walking Sticks Set of 2 All Terrain Accessories and Carry Bag,https://www.amazon.com/dp/B0BP6LKNB9,4.4,0,49.99,59.99,199,False,300,garden,"Patio, Lawn & Garden",Outdoor Recreation,True,False,False,SRC-KAGGLE-002,amazon_products.csv
B0C1KD62NS,"Fire Blanket for Kitchen Home Emergency - Fiberglass Blankets Fire Survival Suspension Flames Retardant Extinguisher Great for Stove Car Garage Office Camping Caravan BBQ Safety (4, 3.3ft x 3.3ft)",https://www.amazon.com/dp/B0C1KD62NS,4.7,0,28.99,0.0,199,False,700,garden,"Patio, Lawn & Garden",Outdoor Recreation,True,False,False,SRC-KAGGLE-002,amazon_products.csv
B0CCB2DNB7,"Heated Socks for Men Women, 4500 mAh Electric Rechargeable Heated Socks, Warm Winter Battery Heated Socks Women Outdoor Riding Camping Hiking Motorcycle Heated Ski Sock",https://www.amazon.com/dp/B0CCB2DNB7,4.5,0,39.99,0.0,199,False,100,garden,"Patio, Lawn & Garden",Outdoor Recreation,True,False,False,SRC-KAGGLE-002,amazon_products.csv
B00004Z4BR,"Scotch Removable Poster Tape, 3/4"" x 150"", Clear",https://www.amazon.com/dp/B00004Z4BR,4.2,0,6.42,8.09,215,False,0,garden,"Patio, Lawn & Garden",Tools & Home Improvement,True,False,False,SRC-KAGGLE-002,amazon_products.csv
B001B16Z7E,"Zep ZU104632 32OZ Grout Cleaner, 32 Fl Oz (Pack of 1), ESSU104632",https://www.amazon.com/dp/B001B16Z7E,4.3,0,0.0,0.0,215,False,0,garden,"Patio, Lawn & Garden",Tools & Home Improvement,True,True,False,SRC-KAGGLE-002,amazon_products.csv
B09W9B7X83,"ECO-Friendly Poo Powder with Spoon, Fast-Absorbing Camping Toilet Chemicals, Rapidly Biodegradable Eco Gel for Portable Toilet, for Outdoor Portable Bedpans & Emergencies",https://www.amazon.com/dp/B09W9B7X83,4.7,0,32.99,0.0,199,False,200,garden,"Patio, Lawn & Garden",Outdoor Recreation,True,False,False,SRC-KAGGLE-002,amazon_products.csv
B0BF52VGCN,"Compression Sleeve Puller Tool Remove Nut & Ferrule Of Pipe 03943, Sleeve Remover For 1/2” Compression Fittings Only, Corroded & Frozen Supply Stops, Plumbing Tools Compression Ring Removal Tool",https://www.amazon.com/dp/B0BF52VGCN,4.6,0,13.99,0.0,215,False,900,garden,"Patio, Lawn & Garden",Tools & Home Improvement,True,False,False,SRC-KAGGLE-002,amazon_products.csv
B015ZFKLNK,"Lighting EVER 1000LM LED Camping Lantern Rechargeable, 4400mAh Power Bank, Camping Essential with 4 Light Modes, IP44 Waterproof Lantern Flashlight for Hurricane Emergency, Hiking, USB Cable Included",https://www.amazon.com/dp/B015ZFKLNK,4.6,0,29.99,0.0,199,False,0,garden,"Patio, Lawn & Garden",Outdoor Recreation,True,False,False,SRC-KAGGLE-002,amazon_products.csv
B0BHZ5N7JQ,"2 Sets Dual Multi-Surface Rubber Brushes, Replacement Parts for IRobot Roomba S9 (9150) S9+ S9 Plus (9550), Vacuum Cleaner Roller Brush",https://www.amazon.com/dp/B0BHZ5N7JQ,4.1,0,21.99,0.0,215,False,0,garden,"Patio, Lawn & Garden",Tools & Home Improvement,True,False,False,SRC-KAGGLE-002,amazon_products.csv
B078JSPTX3,"Fire Jet Cigar Torch Lighter Butane Fuel Refillable for Smoking with Unique Sexy Woman Body and Blue LED Light Design, Creative Gift Ideas for Man",https://www.amazon.com/dp/B078JSPTX3,3.9,0,11.99,0.0,199,False,100,garden,"Patio, Lawn & Garden",Outdoor Recreation,True,False,False,SRC-KAGGLE-002,amazon_products.csv
B00000JHQE,"Duracell Coppertop D Batteries, 4 Count Pack, D Battery with Long-lasting Power, All-Purpose Alkaline D Battery for Household and Office Devices",https://www.amazon.com/dp/B00000JHQE,4.8,0,8.97,10.99,215,False,10000,garden,"Patio, Lawn & Garden",Tools & Home Improvement,True,False,False,SRC-KAGGLE-002,amazon_products.csv
B00NVF51ZK,"Filterbuy 20x25x5 Air Filter MERV 8 Dust Defense (2-Pack), Pleated HVAC AC Furnace Air Filters Replacement for Honeywell FC100A1037, Lennox X6673, Carrier EXPXXFIL0020, Bryant, Day & Night, and Payne (Actual Size: 19.88 x 24.75 x 4.38 Inches)",https://www.amazon.com/dp/B00NVF51ZK,4.6,0,49.74,0.0,215,False,0,garden,"Patio, Lawn & Garden",Tools & Home Improvement,True,False,False,SRC-KAGGLE-002,amazon_products.csv
B07HFGJV8P,SPW Hunter Hydrawise HPC-400 4-16 Station Wi-Fi Controller Web-Based i-Phone Android App 4 Zones Expandable to 16 Zones with Optional Expansion Modules HPC400,https://www.amazon.com/dp/B07HFGJV8P,4.7,0,219.49,0.0,195,False,0,garden,"Patio, Lawn & Garden",Smart Home: Lawn and Garden,True,False,False,SRC-KAGGLE-002,amazon_products.csv
B01AEQ9X9I,SensorPush HT1 Wireless Digital Thermometer/Hygrometer for iPhone/Android. USA Developed and Supported Humidity/Temperature/Dewpoint/VPD Monitor/Logger. Indoor/Outdoor Smart Sensor with Alerts,https://www.amazon.com/dp/B01AEQ9X9I,4.4,0,49.99,0.0,195,False,900,garden,"Patio, Lawn & Garden",Smart Home: Lawn and Garden,True,False,False,SRC-KAGGLE-002,amazon_products.csv
B0C4SLLYJ5,"TREKOLOGY Inflatable Pillow, Camping Pillows Backpacking Pillow Ultralight Hiking Pillow Inflatable Camping Pillow Sleeping Blow Up Pillow Camping Camp Pillow Backpacking Air Pillow Camping-ALUFT PLUS",https://www.amazon.com/dp/B0C4SLLYJ5,4.7,0,18.99,0.0,199,False,400,garden,"Patio, Lawn & Garden",Outdoor Recreation,True,False,False,SRC-KAGGLE-002,amazon_products.csv
B08QJCBG4C,"Sleeping Bag 4 Seasons Adults & Kids for Camping Hiking Trips Warm Cool Weather,Lightweight and Waterproof with Compression Bag,Indoors Outdoors Activities",https://www.amazon.com/dp/B08QJCBG4C,4.5,0,19.99,22.99,199,False,500,garden,"Patio, Lawn & Garden",Outdoor Recreation,True,False,False,SRC-KAGGLE-002,amazon_products.csv
B0C53X5SY8,Nike Hoops Elite Backpack,https://www.amazon.com/dp/B0C53X5SY8,4.7,0,83.35,0.0,199,False,600,garden,"Patio, Lawn & Garden",Outdoor Recreation,True,False,False,SRC-KAGGLE-002,amazon_products.csv
B075BB1XW8,TCG12 Series Arc Flash Face Shield with A1 Adapters,https://www.amazon.com/dp/B075BB1XW8,1.0,0,147.99,0.0,215,False,0,garden,"Patio, Lawn & Garden",Tools & Home Improvement,True,False,False,SRC-KAGGLE-002,amazon_products.csv
B07GNJ2C1T,"Locking Carabiner Clip, Vonpri Caribeaner Clips Black D Ring Spring Snap Key Chain Hook 3"" Screw Gate Hook Travel Aluminum Carabiners",https://www.amazon.com/dp/B07GNJ2C1T,4.6,0,9.99,0.0,199,False,700,garden,"Patio, Lawn & Garden",Outdoor Recreation,True,False,False,SRC-KAGGLE-002,amazon_products.csv
B082X2GTJH,Compressed Towel Tablets Disposable Portable Towel for Outdoor Travel Camping Hiking Sport Hotel Beauty Salon Soft Durable Reusable Thicker Style,https://www.amazon.com/dp/B082X2GTJH,4.7,0,10.88,0.0,199,False,100,garden,"Patio, Lawn & Garden",Outdoor Recreation,True,False,False,SRC-KAGGLE-002,amazon_products.csv
B00932EPYI,"Victorinox Swiss Army Jetsetter Pocket Knife, Red, 58mm",https://www.amazon.com/dp/B00932EPYI,4.7,0,23.49,27.0,199,False,200,garden,"Patio, Lawn & Garden",Outdoor Recreation,True,False,False,SRC-KAGGLE-002,amazon_products.csv
B09S9SW2VJ,"TRIPTIPS Upgrade Retractable Portable Toilet Travel Toilet Adjustable Height Camping Toilet Portable Potty for Adults Kids, Foldable Portable Toilet for Camping/Car, XL Size",https://www.amazon.com/dp/B09S9SW2VJ,4.5,0,37.99,39.99,199,False,1000,garden,"Patio, Lawn & Garden",Outdoor Recreation,True,False,False,SRC-KAGGLE-002,amazon_products.csv
B0842C36QS,YETI Tundra 65 Cooler,https://www.amazon.com/dp/B0842C36QS,4.8,0,375.0,0.0,199,False,200,garden,"Patio, Lawn & Garden",Outdoor Recreation,True,False,False,SRC-KAGGLE-002,amazon_products.csv
B00DL7QDS2,"DEWALT 8V MAX Cordless Screwdriver Kit, Gyroscopic, 2 Batteries, Electric (DCF680N2)",https://www.amazon.com/dp/B00DL7QDS2,4.6,0,107.04,139.0,215,False,2000,garden,"Patio, Lawn & Garden",Tools & Home Improvement,True,False,False,SRC-KAGGLE-002,amazon_products.csv
B0BYVLBK3C,"Camping Chairs Outdoor Folding Chair Portable Backpacking Low Small Compact Collapsible Camping Chairs Cationic Fabric for Beach, Picnic, Travel, Fishing, BBQ - Purple",https://www.amazon.com/dp/B0BYVLBK3C,3.8,0,24.49,41.99,199,False,100,garden,"Patio, Lawn & Garden",Outdoor Recreation,True,False,False,SRC-KAGGLE-002,amazon_products.csv
B09LDFR8HX,"5 High Capacity Emergency Survival Water Straws - Personal Water Filter for Camping, Hiking, Travel, Biking, Survival, Emergency preparedness, Lightweight, Reusable and with no Expiration Date. (5)",https://www.amazon.com/dp/B09LDFR8HX,4.8,0,19.98,0.0,199,False,2000,garden,"Patio, Lawn & Garden",Outdoor Recreation,True,False,False,SRC-KAGGLE-002,amazon_products.csv
B01HGV8R50,"Emergency Survival Sleeping Bag | Portable Emergency Blanket Survival Gear Emergency Bivvy Sack Thermal Sleeping Bag Camping, 2 Pack",https://www.amazon.com/dp/B01HGV8R50,4.6,0,13.99,0.0,199,True,1000,garden,"Patio, Lawn & Garden",Outdoor Recreation,True,False,False,SRC-KAGGLE-002,amazon_products.csv
B07GFLWKTT,Wirefy Crimping Tool For Insulated Electrical Connectors - Ratcheting Wire Crimper - Crimping Pliers - Ratchet Terminal Crimper - Wire Crimp Tool 22-10 AWG,https://www.amazon.com/dp/B07GFLWKTT,4.7,0,24.99,29.99,215,True,2000,garden,"Patio, Lawn & Garden",Tools & Home Improvement,True,False,False,SRC-KAGGLE-002,amazon_products.csv
B09JC6Q14S,"Razor Blade Scraper Tool with 15pcs Extra Blades, Cleaning Razor Scraper for Glass, Glass Top Stove Scraper for Oven Door, Cooktop Scraper, Glass Scraper Cleaning Paint from Glass",https://www.amazon.com/dp/B09JC6Q14S,4.6,0,9.99,0.0,215,True,4000,garden,"Patio, Lawn & Garden",Tools & Home Improvement,True,False,False,SRC-KAGGLE-002,amazon_products.csv
B09NCTZHC3,"addlon 50FT LED Outdoor String Lights with Edison Shatterproof Bulbs, Weatherproof Strand, Commercial Grade Patio Lights, Decorative for Garden or Patio, Black",https://www.amazon.com/dp/B09NCTZHC3,4.6,0,26.99,0.0,215,False,0,garden,"Patio, Lawn & Garden",Tools & Home Improvement,True,False,False,SRC-KAGGLE-002,amazon_products.csv
B0779L4LYF,"LuminAID PackLite Max 2-in-1 Camping Lantern and Phone Charger | For Backpacking, Emergency Kits and Travel | As Seen on Shark Tank",https://www.amazon.com/dp/B0779L4LYF,4.6,0,49.84,0.0,199,False,300,garden,"Patio, Lawn & Garden",Outdoor Recreation,True,False,False,SRC-KAGGLE-002,amazon_products.csv
B08LC3D4Q9,10 Pack Aluminum D Ring Key Rings Hiking Clips Locking Carabiner for Hiking Camping Fishing and Outdoor Use，Clips with Screw Gate Multicolored,https://www.amazon.com/dp/B08LC3D4Q9,4.6,0,9.59,12.99,199,False,500,garden,"Patio, Lawn & Garden",Outdoor Recreation,True,False,False,SRC-KAGGLE-002,amazon_products.csv
B097P2XB6S,"Portable Camping Table Folding Picnic Tables Lightweight Folding Table Waterproof Canvas Beach Table for Outside with 4 Cup Holders & Carry Bags for Camping, Beach, Campfires and Tailgating",https://www.amazon.com/dp/B097P2XB6S,4.8,0,33.59,37.98,199,False,500,garden,"Patio, Lawn & Garden",Outdoor Recreation,True,False,False,SRC-KAGGLE-002,amazon_products.csv
B09TQFQHT8,"LED Headlamp, 1000lumens 230° Widebeam Headlight, USB Rechargeable HeadLamp with Red Taillight, Lightweight Waterproof Headband Light for Camping Running Hiking, Hard Hat Headlamp",https://www.amazon.com/dp/B09TQFQHT8,4.0,0,29.99,0.0,199,False,100,garden,"Patio, Lawn & Garden",Outdoor Recreation,True,False,False,SRC-KAGGLE-002,amazon_products.csv
B073PVYF7C,"WEKAPO Inflatable Lounger Air Sofa Chair–Camping & Beach Accessories–Portable Water Proof Couch for Hiking, Picnics, Outdoor, Music Festivals & Backyard–Lightweight and Easy to Set Up Air Hammock",https://www.amazon.com/dp/B073PVYF7C,4.3,0,39.98,0.0,199,True,500,garden,"Patio, Lawn & Garden",Outdoor Recreation,True,False,False,SRC-KAGGLE-002,amazon_products.csv
B07V673J3D,"Locking Razor Blade Scraper with Safety Cap, Glass Cooktop Scraper with 10PCS Stainless Steel Blades for Glass Clean, Paint and Old Label,Decal Sticker Remover, Stove Top Scraper Tool",https://www.amazon.com/dp/B07V673J3D,4.5,0,8.99,11.99,215,True,3000,garden,"Patio, Lawn & Garden",Tools & Home Improvement,True,False,False,SRC-KAGGLE-002,amazon_products.csv
B07DLQ99FC,Presta Valve Adapter - Convert Presta to Schrader - French/UK to US - Inflate Tire Using Standard Pump or Air Compressor,https://www.amazon.com/dp/B07DLQ99FC,4.4,0,5.97,0.0,199,False,200,garden,"Patio, Lawn & Garden",Outdoor Recreation,True,False,False,SRC-KAGGLE-002,amazon_products.csv
B0013OUPSE,"NOW Supplements, L-Tyrosine 500 mg, Supports Mental Alertness*, Neurotransmitter Support*, 120 Capsules",https://www.amazon.com/dp/B0013OUPSE,4.3,0,9.2,15.99,215,False,6000,garden,"Patio, Lawn & Garden",Tools & Home Improvement,True,False,False,SRC-KAGGLE-002,amazon_products.csv
B01LRMN9ZM,Harris Diatomaceous Earth Powder Duster with 6 Inch Extension Nozzle,https://www.amazon.com/dp/B01LRMN9ZM,4.4,0,7.98,0.0,215,False,7000,garden,"Patio, Lawn & Garden",Tools & Home Improvement,True,False,False,SRC-KAGGLE-002,amazon_products.csv
B09NQK87MN,Black Diamond Equipment Spot 400-R Headlamp,https://www.amazon.com/dp/B09NQK87MN,4.6,0,64.95,0.0,199,False,300,garden,"Patio, Lawn & Garden",Outdoor Recreation,True,False,False,SRC-KAGGLE-002,amazon_products.csv
B07YB2DWJ7,"Auto flip lid for Hydro Flask Wide Mouth Replacement Flip Lid for Hydro Flask 12, 16. 18, 32, 40, 64oz Replacement Lids for Water Bottles BPA-Free and Leak Proof Chug Cap",https://www.amazon.com/dp/B07YB2DWJ7,4.0,0,8.99,0.0,199,False,700,garden,"Patio, Lawn & Garden",Outdoor Recreation,True,False,False,SRC-KAGGLE-002,amazon_products.csv
B086C7QPP4,"Doo Rags for Men, Head Wraps Dew Rags Bandana Beanie for Cycling Motorcycle",https://www.amazon.com/dp/B086C7QPP4,4.4,0,14.87,0.0,199,False,200,garden,"Patio, Lawn & Garden",Outdoor Recreation,True,False,False,SRC-KAGGLE-002,amazon_products.csv
B00002246J,DEWALT DW4524 4-1/2-Inch by 1/4-Inch by 7/8-Inch Concrete/Masonry Grinding Wheel,https://www.amazon.com/dp/B00002246J,4.7,0,2.4,0.0,199,False,400,garden,"Patio, Lawn & Garden",Outdoor Recreation,True,False,False,SRC-KAGGLE-002,amazon_products.csv
B07QCV858T,"Auto Locking Carabiner Clips, 4 Pack, 12KN (2697 lbs) Heavy Duty Caribeaners for Camping, Hiking, Outdoor & Gym etc, Twistlock Carabiners for Dog Leash & Harness, Black",https://www.amazon.com/dp/B07QCV858T,4.7,0,19.99,0.0,199,False,500,garden,"Patio, Lawn & Garden",Outdoor Recreation,True,False,False,SRC-KAGGLE-002,amazon_products.csv
B09WNDV4SM,"3 Way Flat Wall Outlet Extender,2 Prong180 Degree Portable Swivel Wall Tap Plug,Ultra Thin Folding Electrical Outlet Splitter (Easy Install),Type A,White,Pack of 2",https://www.amazon.com/dp/B09WNDV4SM,4.6,0,5.69,0.0,215,False,0,garden,"Patio, Lawn & Garden",Tools & Home Improvement,True,False,False,SRC-KAGGLE-002,amazon_products.csv
B0C65R2BLL,"480 Pack Mosquito Patches Stickers for Kids Adult Outdoor Indoor Travel, Natural Plant Based Ingredients Mosquito Stickers with 4 Pack Mosquito Repellent Bracelets",https://www.amazon.com/dp/B0C65R2BLL,4.3,0,16.99,0.0,199,False,300,garden,"Patio, Lawn & Garden",Outdoor Recreation,True,False,False,SRC-KAGGLE-002,amazon_products.csv
B08RQFKJS6,"Babymoov Anti-UV Marine Tent UPF 50+ Sun Protection with Pop Up System for Easy Use & Transport (Summer 2023 Edition), Navy",https://www.amazon.com/dp/B08RQFKJS6,4.5,0,47.69,59.99,199,False,300,garden,"Patio, Lawn & Garden",Outdoor Recreation,True,False,False,SRC-KAGGLE-002,amazon_products.csv
B0BX3RGRCT,RAINSMORE Hiking Backpack 40L Waterproof Camping Backpack Lightweight Packable Backpack for Women Men Outdoor Travel Daypack,https://www.amazon.com/dp/B0BX3RGRCT,4.4,0,22.99,0.0,199,False,300,garden,"Patio, Lawn & Garden",Outdoor Recreation,True,False,False,SRC-KAGGLE-002,amazon_products.csv
B0B7R76M8P,"Survival Kits, Gift for Men Dad Husband, Emergency Survival Gear and Equipment 19 in 1, Fishing Hunting Birthday for Men, Camping Accessories, Cool Gadget, Includes Parachute Cord",https://www.amazon.com/dp/B0B7R76M8P,4.7,0,23.99,0.0,199,False,500,garden,"Patio, Lawn & Garden",Outdoor Recreation,True,False,False,SRC-KAGGLE-002,amazon_products.csv
B09MTJM8LM,KingCamp Hammock Camping Chair Swinging Rocking Chair for Adults Lawn Beach Camp Outside Portable Folding Chair Hold Up to 264lbs with Adjustable Back Support Carrying Bag Cup Holder,https://www.amazon.com/dp/B09MTJM8LM,4.5,0,119.99,0.0,199,False,200,garden,"Patio, Lawn & Garden",Outdoor Recreation,True,False,False,SRC-KAGGLE-002,amazon_products.csv
B09T3W8VSY,Amazon Basics 4-Gallon 3 HP Stainless Steel Wet/Dry Vacuum,https://www.amazon.com/dp/B09T3W8VSY,4.5,0,63.0,0.0,215,False,600,garden,"Patio, Lawn & Garden",Tools & Home Improvement,True,False,False,SRC-KAGGLE-002,amazon_products.csv
B002TFEKDM,"25-Piece Electric Screwdriver Set - Cordless Drill with LED Work Light, Automatic Spindle Lock, Carrying Case, and Screw Driver Bits by Stalwart (Red)",https://www.amazon.com/dp/B002TFEKDM,4.2,0,14.99,0.0,215,False,1000,garden,"Patio, Lawn & Garden",Tools & Home Improvement,True,False,False,SRC-KAGGLE-002,amazon_products.csv
B092V5ZT9B,"Beach Blanket 78''×81'' 4-7 Adults Oversized Lightweight Waterproof Sandproof Large Picnic Mat for Travel Camping Hiking Picnic(78"" X 81"", Blue-Mixed)",https://www.amazon.com/dp/B092V5ZT9B,4.2,0,9.99,10.98,199,False,2000,garden,"Patio, Lawn & Garden",Outdoor Recreation,True,False,False,SRC-KAGGLE-002,amazon_products.csv
B00W1W2DFA,"ICEPURE UKF8001 Compatible with Whirlpool EDR4RXD1, 4396395, Maytag UKF8001, UKF8001AXX, EveryDrop Refrigerator Water Filter 4, RFC0900A, UKF8001AXX-200, UKF8001P, 469006, PUR, Puriclean II, Pack of 3",https://www.amazon.com/dp/B00W1W2DFA,4.7,0,26.99,29.73,215,False,7000,garden,"Patio, Lawn & Garden",Tools & Home Improvement,True,False,False,SRC-KAGGLE-002,amazon_products.csv
B016K1UD0E,"DEWALT Battery Adapter 18V to 20V, For Drills, Sanders and More, Charger Not Included, Bare Tool Only (DCA1820)",https://www.amazon.com/dp/B016K1UD0E,4.6,0,34.97,42.99,215,False,2000,garden,"Patio, Lawn & Garden",Tools & Home Improvement,True,False,False,SRC-KAGGLE-002,amazon_products.csv
B0007ZHTTS,"Bondo All-Purpose Putty, Designed for Interior and Exterior Home Use, Paintable, Permanent, Non-Shrinking, 1.9 lb., 1-Quart",https://www.amazon.com/dp/B0007ZHTTS,4.6,0,20.29,24.99,215,False,3000,garden,"Patio, Lawn & Garden",Tools & Home Improvement,True,False,False,SRC-KAGGLE-002,amazon_products.csv
B07K6PPNVP,"United Ortho 10002 Soft Neck Brace Cervical Collar, 2"" Universal, White",https://www.amazon.com/dp/B07K6PPNVP,4.3,0,10.99,0.0,199,False,200,garden,"Patio, Lawn & Garden",Outdoor Recreation,True,False,False,SRC-KAGGLE-002,amazon_products.csv
B09THCW7CB,"2 Pack 16"" Road Bike Tires 16"" X 1.75""/47-305 and 2 Pack 16"" Bike Tubes 16 X 1.5/1.75 AV 33mm Schrader Valve Compatible with 16 x 1.75 Bike Tires and Tubes Black",https://www.amazon.com/dp/B09THCW7CB,4.4,0,38.5,0.0,199,False,200,garden,"Patio, Lawn & Garden",Outdoor Recreation,True,False,False,SRC-KAGGLE-002,amazon_products.csv
B0C3PC7N4D,B Gone White Line Treatment Dozen Applications per Tube 60cc Tube,https://www.amazon.com/dp/B0C3PC7N4D,3.8,0,26.0,0.0,199,False,100,garden,"Patio, Lawn & Garden",Outdoor Recreation,True,False,False,SRC-KAGGLE-002,amazon_products.csv
B0BQ3F16KY,Moon Lence Cooler Backpack Leakproof and Waterproof Insulated Backpack Cooler Bag Lightweight for Camping Beach Hiking Travel Lunch Backpack Cooler for Men and Women Large 35 Cans,https://www.amazon.com/dp/B0BQ3F16KY,4.4,0,22.99,0.0,199,False,300,garden,"Patio, Lawn & Garden",Outdoor Recreation,True,False,False,SRC-KAGGLE-002,amazon_products.csv
B011WRUODC,"DEWALT 8V MAX Cordless Screwdriver, Gyroscopic, Rechargeable, Battery Included (DCF682N1),Black",https://www.amazon.com/dp/B011WRUODC,4.5,0,81.99,94.0,215,False,1000,garden,"Patio, Lawn & Garden",Tools & Home Improvement,True,False,False,SRC-KAGGLE-002,amazon_products.csv
B0041CZK0S,"Biofreeze Roll-On Pain-Relieving Gel 3 FL OZ, Green (Pack Of 3) Topical Pain Reliever For Muscles And Joints From Arthritis, Backache, Strains, Bruises, & Sprains (Package May Vary)",https://www.amazon.com/dp/B0041CZK0S,4.7,0,11.1,0.0,215,False,0,garden,"Patio, Lawn & Garden",Tools & Home Improvement,True,False,False,SRC-KAGGLE-002,amazon_products.csv
B09C4L5B39,"Camping Bowl, 3 PCS Food Grade Silicone Collapsible Bowl Lunch Box Salad Bowl with Lid, Expandable Food Storage Containers Set with Free folding tableware and storage bag (Blue)",https://www.amazon.com/dp/B09C4L5B39,4.4,0,16.99,0.0,199,False,200,garden,"Patio, Lawn & Garden",Outdoor Recreation,True,False,False,SRC-KAGGLE-002,amazon_products.csv
B09LQWJ2BD,"CaseBot Water Bottle Carrier Bag Sling Case, Sports Water Bottle Pouch Holder Sleeve with Adjustable Shoulder Hand Strap and 2 Pockets for Men Women Hiking Camping Travelling",https://www.amazon.com/dp/B09LQWJ2BD,4.7,0,17.99,20.99,199,False,300,garden,"Patio, Lawn & Garden",Outdoor Recreation,True,False,False,SRC-KAGGLE-002,amazon_products.csv
B07G9P1Y19,"US Coast Guard Approved, Infant-Child-Youth Life Jacket Vest – Sizes for 8-90 lbs. – Type III Vest, PFD, Personal Flotation Device",https://www.amazon.com/dp/B07G9P1Y19,4.7,0,26.63,0.0,199,False,700,garden,"Patio, Lawn & Garden",Outdoor Recreation,True,False,False,SRC-KAGGLE-002,amazon_products.csv
B01JO80F5I,Shower Hose 96 inches Extra Long Shower Hose Extension Klabb Stainless Steel Shower Head Hose Extra Long Flexible and Durable with Brass Insert and Nut,https://www.amazon.com/dp/B01JO80F5I,4.6,0,14.99,0.0,215,False,0,garden,"Patio, Lawn & Garden",Tools & Home Improvement,True,False,False,SRC-KAGGLE-002,amazon_products.csv
B07HT2VDCM,"Climbing Harness Professional Mountaineering Rock Climbing Harness,Rappelling Safety Harness - Work Safety Belt",https://www.amazon.com/dp/B07HT2VDCM,4.5,0,39.99,50.99,199,False,300,garden,"Patio, Lawn & Garden",Outdoor Recreation,True,False,False,SRC-KAGGLE-002,amazon_products.csv
B0BML7V9CX,"6-in-1 Detachable Camping Utensils Flatware Set - Multi-Function Travel Pocket Cutlery Folding Spoon, Fork, Knife, Wine Bottle Opener Can Opener Portable Combo Set (Stainless Steel)",https://www.amazon.com/dp/B0BML7V9CX,4.6,0,12.99,0.0,199,False,300,garden,"Patio, Lawn & Garden",Outdoor Recreation,True,False,False,SRC-KAGGLE-002,amazon_products.csv
B09CDCRKNZ,"Survival Kit and First Aid Kit, 142Pcs Professional Survival Gear and Equipment with Molle Pouch, for Men Dad Husband Who Likes Camping Outdoor Adventure",https://www.amazon.com/dp/B09CDCRKNZ,4.5,0,45.99,79.99,199,False,1000,garden,"Patio, Lawn & Garden",Outdoor Recreation,True,False,False,SRC-KAGGLE-002,amazon_products.csv
B0B4NT4J28,"Brightever LED Outdoor String Lights 100FT Patio Lights with 52 Shatterproof ST38 Vintage Edison Bulbs, Outside Hanging Lights Waterproof for Porch, Deck, Garden, Backyard, Balcony, 2700K Dimmable",https://www.amazon.com/dp/B0B4NT4J28,4.7,0,44.99,59.99,215,False,0,garden,"Patio, Lawn & Garden",Tools & Home Improvement,True,False,False,SRC-KAGGLE-002,amazon_products.csv
B0BHYB7R7Y,"3D Pedometer for Walking, Simple Step Counter for Walking with Large Digital Display, Step Tracker with Removable Clip Lanyard, Accurately Track Steps for Men Women Kids Adults Seniors`",https://www.amazon.com/dp/B0BHYB7R7Y,4.3,0,17.99,19.99,199,True,900,garden,"Patio, Lawn & Garden",Outdoor Recreation,True,False,False,SRC-KAGGLE-002,amazon_products.csv
B07DTHCDVR,"Gerber Gear Camping and Survival Hatchet - 2.5"" Steel Blade with Full Tang - Camping Hatchet with Included Mountable Nylon Sheath - Coyote Brown",https://www.amazon.com/dp/B07DTHCDVR,4.7,0,35.28,45.0,199,False,500,garden,"Patio, Lawn & Garden",Outdoor Recreation,True,False,False,SRC-KAGGLE-002,amazon_products.csv
B07F96D28H,"Collapsible Camping Kettle for Hiking, Travel & Outdoors 42 Ounce Capacity",https://www.amazon.com/dp/B07F96D28H,4.4,0,17.99,20.99,199,False,300,garden,"Patio, Lawn & Garden",Outdoor Recreation,True,False,False,SRC-KAGGLE-002,amazon_products.csv
B076ZJMHB1,"Car Foam Drill Polishing Pad Kit 22 PCS, 3 Inch Buffing Pads",https://www.amazon.com/dp/B076ZJMHB1,4.4,0,12.99,0.0,215,False,1000,garden,"Patio, Lawn & Garden",Tools & Home Improvement,True,False,False,SRC-KAGGLE-002,amazon_products.csv
B00BKVPU08,"Nite Ize S-Biner MicroLock, Locking Key Holder, Stainless-Steel, Black, 2 Count (Pack of 1)",https://www.amazon.com/dp/B00BKVPU08,4.6,0,5.39,0.0,199,False,2000,garden,"Patio, Lawn & Garden",Outdoor Recreation,True,False,False,SRC-KAGGLE-002,amazon_products.csv
B07SD8NNG4,YETI Hopper Flip 8 Portable Soft Cooler,https://www.amazon.com/dp/B07SD8NNG4,4.7,0,200.0,0.0,199,False,600,garden,"Patio, Lawn & Garden",Outdoor Recreation,True,False,False,SRC-KAGGLE-002,amazon_products.csv
B018RGDB90,"Coverlet Strips 3/4 x 3, 100/box",https://www.amazon.com/dp/B018RGDB90,5.0,0,8.99,0.0,199,False,300,garden,"Patio, Lawn & Garden",Outdoor Recreation,True,False,False,SRC-KAGGLE-002,amazon_products.csv
B09P4SJV1D,"anngrowy Shower Tent Pop-Up Privacy Tent Camping Portable Toilet Tent Outdoor Camp Bathroom Changing Dressing Room Instant Privacy Shelters for Hiking Beach Picnic Fishing Potty, Extra-Tall, UPF 50+",https://www.amazon.com/dp/B09P4SJV1D,4.4,0,48.99,59.99,199,False,200,garden,"Patio, Lawn & Garden",Outdoor Recreation,True,False,False,SRC-KAGGLE-002,amazon_products.csv
B08BNCY15Z,"Putty Knife Scrapers, Spackle Knife, Metal Scraper Tool for Drywall Finishing, Plaster Scraping, Decals, and Wallpaper (4 Pack, 5”, 4”, 3”, 1.5” Wide)",https://www.amazon.com/dp/B08BNCY15Z,4.7,0,9.99,0.0,215,False,900,garden,"Patio, Lawn & Garden",Tools & Home Improvement,True,False,False,SRC-KAGGLE-002,amazon_products.csv
B003PGQI3Y,"Wagner Spraytech 0282014 915e On-Demand Steam Cleaner & Wallpaper Removal, Multipurpose Power Steamer, 18 Attachments Included (Some Pieces Included in Storage Compartment)",https://www.amazon.com/dp/B003PGQI3Y,4.3,0,145.0,159.99,215,False,0,garden,"Patio, Lawn & Garden",Tools & Home Improvement,True,False,False,SRC-KAGGLE-002,amazon_products.csv
B07MDXZGMB,Alloy Quick Release Fork Mount Bike Block (9x100mm) Truck Bed/Rack/Storage,https://www.amazon.com/dp/B07MDXZGMB,4.5,0,17.95,19.95,199,False,200,garden,"Patio, Lawn & Garden",Outdoor Recreation,True,False,False,SRC-KAGGLE-002,amazon_products.csv
B01M1BBIS2,"Open Toe Compression Socks Women - Toeless 15-20 mmHg Medical Compression Socks for Men, Sturdy Zippered Stocking to Improves Blood Circulation, Relieves Pain & Swelling - XL, Beige [1 Pair]",https://www.amazon.com/dp/B01M1BBIS2,4.1,0,14.98,16.99,199,False,100,garden,"Patio, Lawn & Garden",Outdoor Recreation,True,False,False,SRC-KAGGLE-002,amazon_products.csv
B00363PRK6,"Biscayne Big & Tall Warm-Weather Sleeping Bag, 40°F Camping Sleeping Bag for Adults, No-Snag 2-Way Zipper for Ventilation with Stuff Sack Included, Fits Adults up to 6ft 4in Tall",https://www.amazon.com/dp/B00363PRK6,4.7,0,49.99,0.0,199,False,100,garden,"Patio, Lawn & Garden",Outdoor Recreation,True,False,False,SRC-KAGGLE-002,amazon_products.csv
B073PJKNVW,"GEAR AID HEROCLIP Carabiner Clip and Hook (Medium) for Camping, Backpack, and Garage, Stealth Black",https://www.amazon.com/dp/B073PJKNVW,4.8,0,19.95,22.95,199,False,600,garden,"Patio, Lawn & Garden",Outdoor Recreation,True,False,False,SRC-KAGGLE-002,amazon_products.csv
B0C1YVDLQ1,"TOURIT Reusable Ice Bag 2.5lb Ice Pack for Cooler, Bag of Ice Collapsible Water Container with Spigot for Camping, Hiking, Drinking",https://www.amazon.com/dp/B0C1YVDLQ1,4.2,0,12.99,14.99,199,False,400,garden,"Patio, Lawn & Garden",Outdoor Recreation,True,False,False,SRC-KAGGLE-002,amazon_products.csv
B0BTRSJHGS,"Swim Goggles, G1 Polarized Swimming Goggles Anti-Fog for Adult Men Women, Goggles Case",https://www.amazon.com/dp/B0BTRSJHGS,4.8,0,15.99,19.99,199,False,200,garden,"Patio, Lawn & Garden",Outdoor Recreation,True,False,False,SRC-KAGGLE-002,amazon_products.csv
B0816Q5D5Z,"15.7"" x 118"" Matte White Wallpaper White Contact Paper White Peel and Stick Wallpaper Self-Adhesive Removable Wallpaper Thicken Waterproof Wallpaper for Kitchen Countertop Cabinet Wardrobe",https://www.amazon.com/dp/B0816Q5D5Z,4.0,0,6.91,0.0,215,False,0,garden,"Patio, Lawn & Garden",Tools & Home Improvement,True,False,False,SRC-KAGGLE-002,amazon_products.csv
B00BIZDI0A,"Lg LT120F - 6 Month Replacement Refrigerator Air Filter, White",https://www.amazon.com/dp/B00BIZDI0A,4.8,0,10.5,28.55,215,False,0,garden,"Patio, Lawn & Garden",Tools & Home Improvement,True,False,False,SRC-KAGGLE-002,amazon_products.csv
B01M19SKOP,"DEWALT 20V MAX Battery Charging Kit, Includes 2 Batteries, 5Ah, Includes Small Storage Bag (DCB205-2CK),Black",https://www.amazon.com/dp/B01M19SKOP,4.8,0,149.89,339.0,215,False,3000,garden,"Patio, Lawn & Garden",Tools & Home Improvement,True,False,False,SRC-KAGGLE-002,amazon_products.csv
B082NP467X,"Frelaxy Compression Sack, 40% More Storage! 11L/18L/30L/45L/52L Compression Stuff Sack, Water-Resistant & Ultralight Sleeping Bag Stuff Sack - Space Saving Gear for Camping, Hiking, Backpacking",https://www.amazon.com/dp/B082NP467X,4.5,0,14.99,16.99,199,True,400,garden,"Patio, Lawn & Garden",Outdoor Recreation,True,False,False,SRC-KAGGLE-002,amazon_products.csv
B09VYQ67NH,"Straw lid for Hydroflask Wide Mouth, Straw Lid Flexible Handle Fits Hydro Flask 32 40 oz, Lids with Straw for Hydroflask Wide Mouth 32 oz 40 oz, Replacement Sports Cap Top Wide Mouth",https://www.amazon.com/dp/B09VYQ67NH,4.5,0,9.86,0.0,199,False,1000,garden,"Patio, Lawn & Garden",Outdoor Recreation,True,False,False,SRC-KAGGLE-002,amazon_products.csv
B0C4T1BNGC,"MELASA Cooling Do Rags Skull Cap Helmet Liner, Sweat Head Wraps Bandanas for Men Running Cycling Motorcycle",https://www.amazon.com/dp/B0C4T1BNGC,4.3,0,8.99,0.0,199,False,200,garden,"Patio, Lawn & Garden",Outdoor Recreation,True,False,False,SRC-KAGGLE-002,amazon_products.csv
B00QUX70Y0,"Chamberlain KLIK5U-BK2 Clicker 2-Button Garage Door Opener Remote with Visor Clip, Black",https://www.amazon.com/dp/B00QUX70Y0,4.5,0,24.99,37.99,215,False,0,garden,"Patio, Lawn & Garden",Tools & Home Improvement,True,False,False,SRC-KAGGLE-002,amazon_products.csv
B0BS4DZXYN,"Clean-EEZ - Grout-EEZ Super Heavy-Duty Grout Cleaner Easy, Safe, and Effective. Destroys Dirt and Grime with Ease. Safe for Colored Grout. Single Bottle and Handheld Options Available. 32 Ounce",https://www.amazon.com/dp/B0BS4DZXYN,4.0,0,19.95,0.0,215,True,4000,garden,"Patio, Lawn & Garden",Tools & Home Improvement,True,False,False,SRC-KAGGLE-002,amazon_products.csv
B09N9ZNJHD,Unisex 4 Pack Black-White Striped Sports Socks Perfumed Cotton,https://www.amazon.com/dp/B09N9ZNJHD,4.1,0,6.4,12.0,199,False,100,garden,"Patio, Lawn & Garden",Outdoor Recreation,True,False,False,SRC-KAGGLE-002,amazon_products.csv
B09D9RZ71H,"Ultralight Backpacking Trowel Aluminum Shovel Small Potty Multitool with Longer Handle Design Essential for Hiking, Camping and Survival Bags(Black 1 Pack)",https://www.amazon.com/dp/B09D9RZ71H,4.6,0,16.99,20.0,199,False,600,garden,"Patio, Lawn & Garden",Outdoor Recreation,True,False,False,SRC-KAGGLE-002,amazon_products.csv
B08P4LC5Y1,Large Nut Gatherer Rolling Nut Harvester Ball Picker Adjustable Lightweight Outdoor Manual Tools Picker Collector Walnuts Pecans Golf Nerf Darts and Ball 1'' to 3'' in Size (7.48 * 12.6in),https://www.amazon.com/dp/B08P4LC5Y1,4.3,0,35.99,0.0,215,False,700,garden,"Patio, Lawn & Garden",Tools & Home Improvement,True,False,False,SRC-KAGGLE-002,amazon_products.csv
B09SQG6RQ7,Kona Black/Ice 2 Pound Ice Packs for Coolers - Long Lasting Design - Refreezable Reusable Cooler Ice Pack (2),https://www.amazon.com/dp/B09SQG6RQ7,4.3,0,17.99,0.0,199,False,400,garden,"Patio, Lawn & Garden",Outdoor Recreation,True,False,False,SRC-KAGGLE-002,amazon_products.csv
B07F1TQRYK,"Mr. Pen- House Plan, Interior Design and Furniture Templates, Drafting Tools and Ruler Shapes for Architecture - Set of 3",https://www.amazon.com/dp/B07F1TQRYK,4.6,0,9.99,12.99,215,True,1000,garden,"Patio, Lawn & Garden",Tools & Home Improvement,True,False,False,SRC-KAGGLE-002,amazon_products.csv
B07G8XVQP8,"SAPLIZE Bike Handlebar Grips, for Kids Girls Boys Bikes, Balance Bikes, Road Bikes and Scooters, Length 4.9"", Soft and Comfortable",https://www.amazon.com/dp/B07G8XVQP8,4.5,0,7.49,7.99,199,False,100,garden,"Patio, Lawn & Garden",Outdoor Recreation,True,False,False,SRC-KAGGLE-002,amazon_products.csv
B09NWBP6VB,"Camping Survival Shovel with Axe, Multifunctional Tactical Folding Shovel Hatchet Flashlight Combo with Extension Handles, 19.3-40.9Inch Survival Gear and Equipment for Camping Cycling Hiking",https://www.amazon.com/dp/B09NWBP6VB,4.7,0,71.99,89.99,199,False,300,garden,"Patio, Lawn & Garden",Outdoor Recreation,True,False,False,SRC-KAGGLE-002,amazon_products.csv
B09FCF5SNR,"Google Nest Cam Outdoor or Indoor, Battery - 2nd Generation - 2 Count (Pack of 1)",https://www.amazon.com/dp/B09FCF5SNR,4.3,0,302.82,329.99,215,False,0,garden,"Patio, Lawn & Garden",Tools & Home Improvement,True,False,False,SRC-KAGGLE-002,amazon_products.csv
B01H2EIKVW,"Rio Brands Deluxe Wonder Wheeler Wide, Blue Print",https://www.amazon.com/dp/B01H2EIKVW,4.5,0,87.47,115.99,199,False,300,garden,"Patio, Lawn & Garden",Outdoor Recreation,True,False,False,SRC-KAGGLE-002,amazon_products.csv
B09PDL8RPZ,"SUV Air Mattress Car Air Mattress 2023 Upgraded Flocking and Extra Thick Oxford Surface Car Sleeping Bed for SUV Back Seat with Electric Air Pump,8M Charging Cable",https://www.amazon.com/dp/B09PDL8RPZ,4.1,0,69.99,0.0,199,False,300,garden,"Patio, Lawn & Garden",Outdoor Recreation,True,False,False,SRC-KAGGLE-002,amazon_products.csv
B08R1GRM2S,BANGE Crossbody,https://www.amazon.com/dp/B08R1GRM2S,4.6,0,25.99,36.99,199,False,200,garden,"Patio, Lawn & Garden",Outdoor Recreation,True,False,False,SRC-KAGGLE-002,amazon_products.csv
B0B6N1YJ3W,"2 Rolls 32.2ft Straps 1 Inch Wide with 40 Metal Buckles, Adjustable Fastening Hook and Loop Straps, Reusable Cable Ties Cut-to-Length Nylon Cinch Straps for Organizer or Storage, Black",https://www.amazon.com/dp/B0B6N1YJ3W,4.7,0,9.98,10.87,215,False,0,garden,"Patio, Lawn & Garden",Tools & Home Improvement,True,False,False,SRC-KAGGLE-002,amazon_products.csv
B000WC8UF8,American Line Heavy Duty Window Scraper with 5 Blades - Full Metal Body for Longevity and High Carbon Steel Blades for Optimized Sharpness and Durability - 66-0445,https://www.amazon.com/dp/B000WC8UF8,4.4,0,6.79,0.0,215,False,1000,garden,"Patio, Lawn & Garden",Tools & Home Improvement,True,False,False,SRC-KAGGLE-002,amazon_products.csv
B07S8RWJ71,LED Tap Push Touch Lights STAR-SPANGLED Mini Night Puck Light Portable Under Cabinet Lighting Battery Operated Powered DIY Stick On Lights Wireless Closet Counter Kitchen Cool White 5Pack,https://www.amazon.com/dp/B07S8RWJ71,4.2,0,9.99,13.99,215,True,0,garden,"Patio, Lawn & Garden",Tools & Home Improvement,True,False,False,SRC-KAGGLE-002,amazon_products.csv
B006OH5EHW,"Engel UC13 13qt Leak-Proof, Air Tight, Drybox Cooler and Small Hard Shell Lunchbox for Men and Women",https://www.amazon.com/dp/B006OH5EHW,4.7,0,79.99,0.0,199,False,50,garden,"Patio, Lawn & Garden",Outdoor Recreation,True,False,False,SRC-KAGGLE-002,amazon_products.csv
B092YT27BM,"ALPHA CAMP Oversized Camping Folding Chair Heavy Duty with Cooler Bag Support 450 LBS Steel Frame Collapsible Padded Arm Quad Lumbar Back Chair Portable for Lawn Outdoor,Blue",https://www.amazon.com/dp/B092YT27BM,4.4,0,69.99,0.0,199,False,700,garden,"Patio, Lawn & Garden",Outdoor Recreation,True,False,False,SRC-KAGGLE-002,amazon_products.csv
B0195K8OT4,"Franklin Sensors FS710PRO ProSensor 710+ Professional Stud Finder with 13-Sensors for the Highest Accuracy Detects Wood & Metal Studs with High Speed, Yellow",https://www.amazon.com/dp/B0195K8OT4,4.6,0,54.95,0.0,215,False,800,garden,"Patio, Lawn & Garden",Tools & Home Improvement,True,False,False,SRC-KAGGLE-002,amazon_products.csv
B089M1LWFG,"371LM 373LM 971LM 973LM, for Chamberlain, LiftMaster Garage Door Opener Remote",https://www.amazon.com/dp/B089M1LWFG,4.5,0,17.99,29.99,215,False,0,garden,"Patio, Lawn & Garden",Tools & Home Improvement,True,False,False,SRC-KAGGLE-002,amazon_products.csv
B085FZ5R87,"Titan Attachments 3 Point 4 FT Pine Straw Needle Rake, Category 0 Tractors, Coil Spring Tines, Drag-Behind Landscape Rake",https://www.amazon.com/dp/B085FZ5R87,3.8,0,409.99,0.0,215,False,0,garden,"Patio, Lawn & Garden",Tools & Home Improvement,True,False,False,SRC-KAGGLE-002,amazon_products.csv
B0BCDSNWKS,Battery Cable Lug Crimping Tool Kit for AWG 8-1/0 Electrical Lug Crimper with 60pcs Wire Lugs and Heat Shrink Tubing,https://www.amazon.com/dp/B0BCDSNWKS,4.6,0,29.79,0.0,215,False,700,garden,"Patio, Lawn & Garden",Tools & Home Improvement,True,False,False,SRC-KAGGLE-002,amazon_products.csv
B09SG2Q23M,"Surge Protector Power Strip (2100J), Anker 12 Outlets with 1 USB C and 2 USB Ports foriPhone 15/15 Plus/15 Pro/15 Pro Max, 5ft Extension Cord, Flat Plug, 20W USB C Charging for Home, Office,TUV Listed",https://www.amazon.com/dp/B09SG2Q23M,4.8,0,32.99,35.99,215,False,0,garden,"Patio, Lawn & Garden",Tools & Home Improvement,True,False,False,SRC-KAGGLE-002,amazon_products.csv
B07DGT7ZK1,"Sprite Smart Sprinkler Controller, WiFi, Weather Aware, Remote Access, Power Adapter NOT Included, Compatible with Alexa (12 Zone)",https://www.amazon.com/dp/B07DGT7ZK1,4.2,0,99.99,0.0,195,False,0,garden,"Patio, Lawn & Garden",Smart Home: Lawn and Garden,True,False,False,SRC-KAGGLE-002,amazon_products.csv
B09XMJK64J,Womens Cargo Joggers Hiking Pants Lightweight Quick Dry Water Resistant Womens Pants with Zipper Pockets,https://www.amazon.com/dp/B09XMJK64J,4.3,0,33.99,0.0,199,False,100,garden,"Patio, Lawn & Garden",Outdoor Recreation,True,False,False,SRC-KAGGLE-002,amazon_products.csv
B000BWZ89K,"Monterey - Sluggo - Wildlife and Pet Friendly Insects, Snail & Slug Killer, OMRI Listed for Organic Gardening - 2.5-Pounds",https://www.amazon.com/dp/B000BWZ89K,4.6,0,17.97,21.42,215,False,1000,garden,"Patio, Lawn & Garden",Tools & Home Improvement,True,False,False,SRC-KAGGLE-002,amazon_products.csv
B07VTNXD26,"Straw Lids for HydroFlask Wide Mouth(2.28 in) 12 16 18 20 32 40 64 Ounce, Flex Straw Lid Fits Hydro Flask, Wide Mouth Water Bottle Accessories with Straw and Brush",https://www.amazon.com/dp/B07VTNXD26,4.2,0,8.97,10.99,199,False,600,garden,"Patio, Lawn & Garden",Outdoor Recreation,True,False,False,SRC-KAGGLE-002,amazon_products.csv
B09KGTH76D,Sling Bag for Men Women Shoulder Bag Backpack Strap Pockets Chest Bag for Running Hiking Camping Exercise Outdoor,https://www.amazon.com/dp/B09KGTH76D,4.6,0,18.99,0.0,199,False,200,garden,"Patio, Lawn & Garden",Outdoor Recreation,True,False,False,SRC-KAGGLE-002,amazon_products.csv
B078Y44HST,"Eveready LED Camping Lantern, Bright Battery Powered Lantern, Water Resistant Hurricane Supplies, 100 Hour Run-time, Pack of 1",https://www.amazon.com/dp/B078Y44HST,4.6,0,10.69,0.0,199,False,1000,garden,"Patio, Lawn & Garden",Outdoor Recreation,True,False,False,SRC-KAGGLE-002,amazon_products.csv
B00KVLH93O,"Trimaco 03307 SuperTuff Plastic Drop Cloth, 9-feet x 12-feet, 108 Sq Ft",https://www.amazon.com/dp/B00KVLH93O,4.4,0,1.97,0.0,215,False,0,garden,"Patio, Lawn & Garden",Tools & Home Improvement,True,False,False,SRC-KAGGLE-002,amazon_products.csv
B0019M3FK0,SeaSense Safety Whistle,https://www.amazon.com/dp/B0019M3FK0,4.8,0,2.49,6.11,199,False,100,garden,"Patio, Lawn & Garden",Outdoor Recreation,True,False,False,SRC-KAGGLE-002,amazon_products.csv
B084SV4CXF,"Coleman Stratus Fleece Sleeping Bag Liner, 50°F Sleeping Bag for Adults, Adds 12°F More Warmth When Used to Line Another Sleeping Bag, Stuff Sack Included",https://www.amazon.com/dp/B084SV4CXF,4.6,0,29.99,0.0,199,False,200,garden,"Patio, Lawn & Garden",Outdoor Recreation,True,False,False,SRC-KAGGLE-002,amazon_products.csv
B000Q2FOYE,2-Pack Standard String Tie Mantle Model #21,https://www.amazon.com/dp/B000Q2FOYE,4.6,0,3.99,0.0,199,False,400,garden,"Patio, Lawn & Garden",Outdoor Recreation,True,False,False,SRC-KAGGLE-002,amazon_products.csv
B0CGDNJ2G8,Sling-Bag Crossbody-Bag Women-Men Backpack-Daypack - Hiking Chest Travel with Water Bottle Pocket Portable Hiking Daypacks for Women Black,https://www.amazon.com/dp/B0CGDNJ2G8,4.6,0,24.99,0.0,199,True,100,garden,"Patio, Lawn & Garden",Outdoor Recreation,True,False,False,SRC-KAGGLE-002,amazon_products.csv
B07LDCB1YQ,"Canned 100 PCS Compressed Towels Portable Mini Compressed Coin Tissue for Travel Sports, Beauty Salon or Home Hand Wipes",https://www.amazon.com/dp/B07LDCB1YQ,4.7,0,11.99,0.0,199,False,500,garden,"Patio, Lawn & Garden",Outdoor Recreation,True,False,False,SRC-KAGGLE-002,amazon_products.csv
B09YQ15LL3,"10-in 1 Multi-Tool Pen Set (2 Pack) Birthday Gifts for Men - LED Light, Stylus, Ruler, Level, Bottle Opener, Screwdriver, Ballpoint, Sim Card Remover - Stocking Stuffers Mens Gifts",https://www.amazon.com/dp/B09YQ15LL3,4.7,0,15.99,0.0,199,False,400,garden,"Patio, Lawn & Garden",Outdoor Recreation,True,False,False,SRC-KAGGLE-002,amazon_products.csv
B07GZVRBZT,"Outdoor Climbing Rope Rock Climbing Rope, Escape Rope Climbing Equipment Fire Rescue Parachute Rope (32 Foot) - Black",https://www.amazon.com/dp/B07GZVRBZT,4.7,0,17.99,25.99,199,False,200,garden,"Patio, Lawn & Garden",Outdoor Recreation,True,False,False,SRC-KAGGLE-002,amazon_products.csv
B01NBWWXT3,Augason Farms Fettuccine Alfredo Super CAN No. 10 Can with 4 Pouches Emergency Food Storage Everyday Meal Prep,https://www.amazon.com/dp/B01NBWWXT3,4.7,0,17.15,32.99,199,False,300,garden,"Patio, Lawn & Garden",Outdoor Recreation,True,False,False,SRC-KAGGLE-002,amazon_products.csv
B0BD3SPP64,"Nuanchu 12 Rolls Silicone Tape Bulk, Reusable Adhesive Silicone Tape for Sleeping, Skin, Lash, Easy to Remove (Blue, 1 Inch x 3.9 Yards)",https://www.amazon.com/dp/B0BD3SPP64,4.0,0,36.99,0.0,199,False,100,garden,"Patio, Lawn & Garden",Outdoor Recreation,True,False,False,SRC-KAGGLE-002,amazon_products.csv
B07X4TK29P,EVA Raincoat Waterproof Rain Poncho Reusable Unisex Men Women Long Clear Rain Wear,https://www.amazon.com/dp/B07X4TK29P,4.2,0,17.49,20.99,199,False,200,garden,"Patio, Lawn & Garden",Outdoor Recreation,True,False,False,SRC-KAGGLE-002,amazon_products.csv
B000BUCWB4,Drywall Repair Putty: A Quick & Easy Solution to Fill The Holes in Your Walls-Also Works on Wood & Plaster (1),https://www.amazon.com/dp/B000BUCWB4,4.5,0,11.89,0.0,215,False,5000,garden,"Patio, Lawn & Garden",Tools & Home Improvement,True,False,False,SRC-KAGGLE-002,amazon_products.csv
B00466PAGS,5 Maxell SR626SW 377 Silver Oxide Watch Batteries,https://www.amazon.com/dp/B00466PAGS,4.7,0,2.35,4.49,215,False,0,garden,"Patio, Lawn & Garden",Tools & Home Improvement,True,False,False,SRC-KAGGLE-002,amazon_products.csv
B00P2BB2PE,"Topeak TT2524 Ratchet Rocket Lite DX Tool , Black, 12",https://www.amazon.com/dp/B00P2BB2PE,4.8,0,38.3,0.0,199,False,200,garden,"Patio, Lawn & Garden",Outdoor Recreation,True,False,False,SRC-KAGGLE-002,amazon_products.csv
B07MMCZ2YS,TBMPOY Men's Lightweight Hiking Travel Pants Breathable Athletic Fishing Active Joggers Zipper Pockets,https://www.amazon.com/dp/B07MMCZ2YS,4.3,0,24.99,31.99,199,False,400,garden,"Patio, Lawn & Garden",Outdoor Recreation,True,False,False,SRC-KAGGLE-002,amazon_products.csv
B089ST2XV2,Vorspack Backpack Lightweight Backpack for College Travel Work for Men and Women,https://www.amazon.com/dp/B089ST2XV2,4.4,0,19.99,0.0,199,False,400,garden,"Patio, Lawn & Garden",Outdoor Recreation,True,False,False,SRC-KAGGLE-002,amazon_products.csv
B09792DMQB,"Camping Lantern Battery Powered LED Camping Light Dimmable Water-Resistant Lantern, COB High Brightness for Survival Hiking Fishing Hurricane Snow Emergency Lighting",https://www.amazon.com/dp/B09792DMQB,4.2,0,12.96,19.87,199,False,0,garden,"Patio, Lawn & Garden",Outdoor Recreation,True,False,False,SRC-KAGGLE-002,amazon_products.csv
B0015OYXY4,GCI Outdoor PackSeat Camping Stool Portable Folding Stool,https://www.amazon.com/dp/B0015OYXY4,4.5,0,24.99,0.0,199,False,300,garden,"Patio, Lawn & Garden",Outdoor Recreation,True,False,False,SRC-KAGGLE-002,amazon_products.csv
B000BZX3H6,"Krylon K01000A07 Premium Metallic Spray Paint Resembles Actual Plating, 18K Gold, 8 oz",https://www.amazon.com/dp/B000BZX3H6,4.5,0,10.48,0.0,215,False,0,garden,"Patio, Lawn & Garden",Tools & Home Improvement,True,False,False,SRC-KAGGLE-002,amazon_products.csv
B002BWORRW,"Rust-Oleum 249058 Painter's Touch 2X Ultra Cover, 12 Fl Oz (Pack of 1), Flat White Primer, 12 Ounce",https://www.amazon.com/dp/B002BWORRW,4.7,0,6.19,6.99,215,False,0,garden,"Patio, Lawn & Garden",Tools & Home Improvement,True,False,False,SRC-KAGGLE-002,amazon_products.csv
B07P8BHL8H,"Miracle-Gro Twelve Indoor Growing System, Side Table with LED Grow Light for Year Round Gardening, Planter For Leafy Greens, Herbs & Flowers",https://www.amazon.com/dp/B07P8BHL8H,4.1,313,331.19,0.0,195,False,0,garden,"Patio, Lawn & Garden",Smart Home: Lawn and Garden,False,False,False,SRC-KAGGLE-002,amazon_products.csv
B00QFXGSIY,"Survivor Filter Pro Water Purification System for Survival - 99.999% Removal of Tested Virus Bacteria Parasites - Lightweight Portable Water Filter for Backpacking, Camping - Water Purifier Survival",https://www.amazon.com/dp/B00QFXGSIY,4.6,0,55.96,69.95,199,False,1000,garden,"Patio, Lawn & Garden",Outdoor Recreation,True,False,False,SRC-KAGGLE-002,amazon_products.csv
B07PB6CWVT,"TubShroom Tub Drain Hair Catcher, 2 Pack, Chrome – Drain Protector and Hair Catcher for Bathroom Drains, Fits 1.5” – 1.75” Bathtub and Shower Drains",https://www.amazon.com/dp/B07PB6CWVT,4.5,0,18.99,0.0,215,False,3000,garden,"Patio, Lawn & Garden",Tools & Home Improvement,True,False,False,SRC-KAGGLE-002,amazon_products.csv
B005FOHXGU,"ANCFR10-ORG-A Folding Ring Spiral Ground Anchor, Orange, 10-Inch, Single",https://www.amazon.com/dp/B005FOHXGU,4.7,0,10.98,11.58,199,False,0,garden,"Patio, Lawn & Garden",Outdoor Recreation,True,False,False,SRC-KAGGLE-002,amazon_products.csv
B0BRBD3X57,"Lid Compatible with Hydro Flask 12 16 18 20 32 40 OZ Wide Mouth, Lid with Handle, Replacement Wide Mouth Lid for HydroFlask, Top Sport Cap Water Bottle Lids Accessories, Leak-proof",https://www.amazon.com/dp/B0BRBD3X57,4.4,0,9.96,0.0,199,False,200,garden,"Patio, Lawn & Garden",Outdoor Recreation,True,False,False,SRC-KAGGLE-002,amazon_products.csv
B06Y22PSSJ,Augason Farms 72-Hour 1-Person Emergency Food Supply Kit 4 lbs 1 oz,https://www.amazon.com/dp/B06Y22PSSJ,4.6,0,24.97,39.99,199,False,500,garden,"Patio, Lawn & Garden",Outdoor Recreation,True,False,False,SRC-KAGGLE-002,amazon_products.csv
B06XT31PCZ,Men's Superlite 2 Cap,https://www.amazon.com/dp/B06XT31PCZ,4.6,0,26.0,0.0,199,False,100,garden,"Patio, Lawn & Garden",Outdoor Recreation,True,False,False,SRC-KAGGLE-002,amazon_products.csv
B0B5ZVNK2M,150 Pairs Nipple Cover for Men Anti Chafing Protector Running Nipple Tape Nipple Stickers Nipple Patch Adhesive Nipple Guard Nipple Band for Runners,https://www.amazon.com/dp/B0B5ZVNK2M,3.9,0,13.99,0.0,199,False,200,garden,"Patio, Lawn & Garden",Outdoor Recreation,True,False,False,SRC-KAGGLE-002,amazon_products.csv
B001001LMU,"Rust-Oleum KRUD KUTTER GO32 Mineral Gloss-Off Prepaint Surface Preparation, 32-Ounce",https://www.amazon.com/dp/B001001LMU,4.3,0,8.9,9.99,215,False,0,garden,"Patio, Lawn & Garden",Tools & Home Improvement,True,False,False,SRC-KAGGLE-002,amazon_products.csv
B0002YXG78,"Loctite Super Glue Liquid Longneck Bottle, Clear Superglue for Plastic, Wood, Metal, Crafts, & Repair, Cyanoacrylate Adhesive Instant Glue, Quick Dry - 0.35 fl oz Bottle,Pack of 1 (Packaging May Vary)",https://www.amazon.com/dp/B0002YXG78,4.7,0,4.53,0.0,215,False,0,garden,"Patio, Lawn & Garden",Tools & Home Improvement,True,False,False,SRC-KAGGLE-002,amazon_products.csv
B00CBOFS8M,"POWERLIX Ultralight Sleeping Pad for Camping with Inflating Bag, Carry Bag, Repair Kit – Compact Lightweight Camping Mat, Outdoor Backpacking Hiking Traveling Camping Air Mattress Airpad",https://www.amazon.com/dp/B00CBOFS8M,4.1,0,39.49,59.99,199,True,3000,garden,"Patio, Lawn & Garden",Outdoor Recreation,True,False,False,SRC-KAGGLE-002,amazon_products.csv
B004LY59V6,"BLACK+DECKER 20V MAX Battery, 1.5Ah Lithium Ion Battery, Extended Runtime, Compatible with Tools, Outdoor Equipment and 20V Vacuums(LBXR20)",https://www.amazon.com/dp/B004LY59V6,4.7,0,45.15,49.99,215,False,2000,garden,"Patio, Lawn & Garden",Tools & Home Improvement,True,False,False,SRC-KAGGLE-002,amazon_products.csv
B07K7HGFWY,"Booms Fishing CC1 Multi-Use Carabiner Clip, 6 Pack Small Caribeener Clips, Mini Keychain Caribeaner Clip 2 inch, Aluminum D Ring Carabiners, Multi-colored",https://www.amazon.com/dp/B07K7HGFWY,4.6,0,6.99,0.0,199,False,400,garden,"Patio, Lawn & Garden",Outdoor Recreation,True,False,False,SRC-KAGGLE-002,amazon_products.csv
B0BQ6XN55N,"HEYTRIP Folding Camping Table with Storage Bag Roll-Up Aluminum Portable Beach Table Adjustable Height Picnic Table, Grey",https://www.amazon.com/dp/B0BQ6XN55N,4.5,0,76.99,0.0,199,False,300,garden,"Patio, Lawn & Garden",Outdoor Recreation,True,False,False,SRC-KAGGLE-002,amazon_products.csv
B017D677C2,Marshmallow Sticks for Fire Pit - Set of 6 Rotating Smores Sticks - Extra Long Telescoping Marshmallow Roasting Sticks for Campfire & Bonfires - Camping Accessories & Kids Gifts,https://www.amazon.com/dp/B017D677C2,4.7,0,11.59,19.8,199,False,400,garden,"Patio, Lawn & Garden",Outdoor Recreation,True,False,False,SRC-KAGGLE-002,amazon_products.csv
B086DB49SJ,Classic White Wall Tires for Your Cruiser Wheels and Beach Cruiser Bike Accessories. 26 x 2.125 White Wall Bicycle Tires. with or Without Tubes. 1 or 2 Pack.,https://www.amazon.com/dp/B086DB49SJ,4.6,0,44.53,0.0,199,False,400,garden,"Patio, Lawn & Garden",Outdoor Recreation,True,False,False,SRC-KAGGLE-002,amazon_products.csv
B000690JTC,"GSI Outdoors Percolator Coffee Pot | Enamelware Campfire Coffee Boiler Kettle for Outdoor Camping Cookware, Cabin, RV, Kitchen, Hunting & Backpacking",https://www.amazon.com/dp/B000690JTC,4.4,0,32.45,0.0,199,False,400,garden,"Patio, Lawn & Garden",Outdoor Recreation,True,False,False,SRC-KAGGLE-002,amazon_products.csv
B01HHRDXWK,"Extendable Magnetic Flashlight with Telescoping Magnet Pickup Tool-Cool Gadgets Gifts Idea & Birthday Gifts for Men, Husband, Dad, Mechanic, Tech, Him",https://www.amazon.com/dp/B01HHRDXWK,4.6,0,14.43,16.99,215,False,600,garden,"Patio, Lawn & Garden",Tools & Home Improvement,True,False,False,SRC-KAGGLE-002,amazon_products.csv
B071KJ7XHK,"Classic Roller Frame, 9-Inch",https://www.amazon.com/dp/B071KJ7XHK,4.3,0,2.15,0.0,215,True,0,garden,"Patio, Lawn & Garden",Tools & Home Improvement,True,False,False,SRC-KAGGLE-002,amazon_products.csv
B0BWN2NWJC,"Solar Portable Shower Bag, 5 Gal/20L Solar Heating Camping Shower Bag with Removable Hose&On-Off Switchable Shower Head, Compact Camping Shower for Camping, Hiking, Traveling, Beach Swimming",https://www.amazon.com/dp/B0BWN2NWJC,4.1,0,17.98,29.98,199,True,1000,garden,"Patio, Lawn & Garden",Outdoor Recreation,True,False,False,SRC-KAGGLE-002,amazon_products.csv
B084RPJJQD,"Warm Weather Sleeping Bag - Portable, Waterproof, Compact Lightweight, Comfort with Compression Sack - Great for Outdoor Camping, Backpacking & Hiking-83 L x 30"" W Fits Adults",https://www.amazon.com/dp/B084RPJJQD,4.4,0,29.99,39.99,199,False,600,garden,"Patio, Lawn & Garden",Outdoor Recreation,True,False,False,SRC-KAGGLE-002,amazon_products.csv
B087RKHMLQ,Amazon Basics Quick Connect Brass Air Coupler and Plug Kit - 1/4-Inch NPT Fittings - 14-Piece,https://www.amazon.com/dp/B087RKHMLQ,4.5,0,15.02,16.48,215,True,1000,garden,"Patio, Lawn & Garden",Tools & Home Improvement,True,False,False,SRC-KAGGLE-002,amazon_products.csv
B0BF495T5N,ODODOS Long Sleeve Tee for Women with Thumb Hole Athletic Gym Workout Crop Tops Yoga Shirts,https://www.amazon.com/dp/B0BF495T5N,4.4,0,23.98,45.98,199,False,100,garden,"Patio, Lawn & Garden",Outdoor Recreation,True,False,False,SRC-KAGGLE-002,amazon_products.csv
B004DH0YEI,"EP3 Sonic Defenders Filtered Earplugs, Double Flanged Design, Reusable",https://www.amazon.com/dp/B004DH0YEI,4.3,0,13.95,16.6,199,False,100,garden,"Patio, Lawn & Garden",Outdoor Recreation,True,False,False,SRC-KAGGLE-002,amazon_products.csv
B0C38MP9CP,"Camping Rechargeable Fan With Light, 14000mAH USB Portable Battery Operated Fan for Outdoor Tent Table Desk Fan with 3 Speeds, 150 Degrees Rotation and Hanging Hook",https://www.amazon.com/dp/B0C38MP9CP,4.4,0,35.99,45.99,199,False,300,garden,"Patio, Lawn & Garden",Outdoor Recreation,True,False,False,SRC-KAGGLE-002,amazon_products.csv
B0BZ4D72QF,Rocket Stove Rocket Stove for Cooking Portable Wood Burning Stove Mini Wood Stove Wood Fire Camping Stove for Cooking backyard cooking Camping grill outdoor events BBQ Comes with storage bag,https://www.amazon.com/dp/B0BZ4D72QF,4.6,0,39.9,52.99,199,False,300,garden,"Patio, Lawn & Garden",Outdoor Recreation,True,False,False,SRC-KAGGLE-002,amazon_products.csv
B0C5YSDYN1,"Klein Tools 50900R Conduit Lockout Wrench Set, Tighten and Loosen Locknuts in Tight Spaces, 1/2, 3/4 and 1-Inch, Offset Bends, 3-Piece",https://www.amazon.com/dp/B0C5YSDYN1,4.5,0,14.97,0.0,215,False,2000,garden,"Patio, Lawn & Garden",Tools & Home Improvement,True,False,False,SRC-KAGGLE-002,amazon_products.csv
B0BKV6TSPH,FULLSOFT 3 Pack Leggings for Women Non See Through-Workout High Waisted Tummy Control Running Yoga Pants,https://www.amazon.com/dp/B0BKV6TSPH,4.3,0,20.39,23.99,199,True,100,garden,"Patio, Lawn & Garden",Outdoor Recreation,True,False,False,SRC-KAGGLE-002,amazon_products.csv
B08BB9X9VR,"EKTOS Military Wool Blanket, 90"" x 66"", 100 Percent Wool Blanket, Army Surplus Wool Blanket (Olive Green, Twin Size)",https://www.amazon.com/dp/B08BB9X9VR,4.7,0,49.99,0.0,199,False,200,garden,"Patio, Lawn & Garden",Outdoor Recreation,True,False,False,SRC-KAGGLE-002,amazon_products.csv
B0BZBFB7D8,"XIFEI Cigar Lighter, Triple Jet Flame Torch Lighter with Cigar Cutter V Cut, Cigar Accessories Cigar Holder, Windproof Refillable Butane Lighters for Smoking with Gift Box",https://www.amazon.com/dp/B0BZBFB7D8,4.5,0,38.99,0.0,199,False,100,garden,"Patio, Lawn & Garden",Outdoor Recreation,True,False,False,SRC-KAGGLE-002,amazon_products.csv
B0C2ZSCLL6,"Emergency Fire Blanket - Fire Suppression Blanket, Fiberglass. Fire Blanket - Emergency Flame Retardant Blanket for Kitchen, Home, and Office. (40 x 40)",https://www.amazon.com/dp/B0C2ZSCLL6,4.8,0,19.99,0.0,199,False,300,garden,"Patio, Lawn & Garden",Outdoor Recreation,True,False,False,SRC-KAGGLE-002,amazon_products.csv
B0BRWFC2JF,"Camping Stool 2 Pack,13.5 Inch Portable Folding Stool for Outdoor Gardening and Beach Hiking Fishing,Foot Stool with Carry Bag (Black)",https://www.amazon.com/dp/B0BRWFC2JF,4.4,0,29.98,0.0,199,False,500,garden,"Patio, Lawn & Garden",Outdoor Recreation,True,False,False,SRC-KAGGLE-002,amazon_products.csv
B082X4CM8X,"Goldblatt Folding Drywall / Sheetrock Saw, Jab / Hand Saw with Soft Grip Handle, for Wallboard, Plywood and PVC",https://www.amazon.com/dp/B082X4CM8X,4.7,0,12.79,15.99,215,False,1000,garden,"Patio, Lawn & Garden",Tools & Home Improvement,True,False,False,SRC-KAGGLE-002,amazon_products.csv
B07XF334ZR,BIKE Seat Clamp For Standard Rail Saddles,https://www.amazon.com/dp/B07XF334ZR,4.6,0,8.99,0.0,199,False,300,garden,"Patio, Lawn & Garden",Outdoor Recreation,True,False,False,SRC-KAGGLE-002,amazon_products.csv
B0B6VQVNQ8,"WONHOX Large Travel Backpack Women, Carry On Backpack,Hiking Backpack Waterproof Outdoor Sports Rucksack Casual Daypack, Blue",https://www.amazon.com/dp/B0B6VQVNQ8,4.6,0,29.99,49.99,199,True,800,garden,"Patio, Lawn & Garden",Outdoor Recreation,True,False,False,SRC-KAGGLE-002,amazon_products.csv
B0BLTVB2TS,"Beach Blanket Oversized Extra Large 79"" X 83""',Waterproof Sandproof Beach Blanket 1-7 Adults Lightweight Durable for Travel Camping Hiking Picnic",https://www.amazon.com/dp/B0BLTVB2TS,4.2,0,12.99,0.0,199,False,1000,garden,"Patio, Lawn & Garden",Outdoor Recreation,True,False,False,SRC-KAGGLE-002,amazon_products.csv
B00004SD7D,Fiskars Kangaroo Collapsible Garden Bag - 30 Gallon Lawn and Leaf Bag - Container for Lawn Care and Gardening - Green,https://www.amazon.com/dp/B00004SD7D,4.6,0,22.99,30.99,215,False,1000,garden,"Patio, Lawn & Garden",Tools & Home Improvement,True,False,False,SRC-KAGGLE-002,amazon_products.csv
B01E7EIXLC,"ustPackWare Dish Set with Mesh Bag, BPA Free Construction and Eating Utensils for Hiking, Camping, Backpacking, Travel and Outdoor Survival",https://www.amazon.com/dp/B01E7EIXLC,4.6,0,10.99,12.81,199,False,100,garden,"Patio, Lawn & Garden",Outdoor Recreation,True,False,False,SRC-KAGGLE-002,amazon_products.csv
B07R45W4JY,"Plantar Fasciitis Socks(1/2/6 Pairs) for Achilles Tendonitis Relief, Best Compression Foot Sleeves with Arch Support for Plantar Fasciitis, Heel Pain, Foot & Ankle Support",https://www.amazon.com/dp/B07R45W4JY,4.1,0,8.99,0.0,199,False,200,garden,"Patio, Lawn & Garden",Outdoor Recreation,True,False,False,SRC-KAGGLE-002,amazon_products.csv
B09934SH76,"Hydration Bladder Water Reservoir 2 Liters Leak Proof, Durable Water Storage Bladder Bag Reusable BPA Free for Bicycling Hiking Climbing Camping Hunting Running",https://www.amazon.com/dp/B09934SH76,4.4,0,6.99,11.99,199,False,100,garden,"Patio, Lawn & Garden",Outdoor Recreation,True,False,False,SRC-KAGGLE-002,amazon_products.csv
B01MU00T0C,"Sea to Summit Ultra-Mesh Mosquito Head Net for Midges, No See-ums and Small Insects",https://www.amazon.com/dp/B01MU00T0C,4.5,0,14.95,0.0,199,False,400,garden,"Patio, Lawn & Garden",Outdoor Recreation,True,False,False,SRC-KAGGLE-002,amazon_products.csv
B0C7PYCKDK,"Spackle Wall Repair Kit, Drywall Repair Filler with Scraper, Wall Mending Agent, Wall Putty for Filling Holes, Quick and Easy Patch Paste Solution to Fill Home Wall Holes, Plaster Dent and Scratch",https://www.amazon.com/dp/B0C7PYCKDK,4.5,0,8.99,0.0,215,False,1000,garden,"Patio, Lawn & Garden",Tools & Home Improvement,True,False,False,SRC-KAGGLE-002,amazon_products.csv
B01N7CSP0S,"2 Magnetic Shark Repellent Band for Swimming, Surfing, Diving, Snorkeling and All Ocean Sports",https://www.amazon.com/dp/B01N7CSP0S,4.6,0,128.0,0.0,199,False,200,garden,"Patio, Lawn & Garden",Outdoor Recreation,True,False,False,SRC-KAGGLE-002,amazon_products.csv
B09LHCX7NF,25 or 50 Packets 2.2lb Poo Urine Powder for Camping Outdoor Recreation Portable Toilet Absorbent Gel,https://www.amazon.com/dp/B09LHCX7NF,4.4,0,11.99,19.99,199,False,1000,garden,"Patio, Lawn & Garden",Outdoor Recreation,True,False,False,SRC-KAGGLE-002,amazon_products.csv
B017S0CGHY,"Hypafix Dressing Retention Tape - 4"" x 10 Yards - 3 Boxes",https://www.amazon.com/dp/B017S0CGHY,4.9,0,24.17,0.0,199,False,300,garden,"Patio, Lawn & Garden",Outdoor Recreation,True,False,False,SRC-KAGGLE-002,amazon_products.csv
B09PFCX8Q1,Amazon Brand - Denali by SKIL 4V Cordless Stick Screwdriver with 10-Piece Bit Set and USB Cable,https://www.amazon.com/dp/B09PFCX8Q1,4.6,0,23.31,0.0,215,False,900,garden,"Patio, Lawn & Garden",Tools & Home Improvement,True,False,False,SRC-KAGGLE-002,amazon_products.csv
B09YR9ZP7L,"Auto Locking Carabiner Clips, 12KN /2697lbs Lightweight (1.0oz), Carabiner Heavy Duty for Camping, Hiking, Hammocks, Dog Leash, D Shaped Small Caribiniers for Keychains",https://www.amazon.com/dp/B09YR9ZP7L,4.6,0,9.99,0.0,199,False,100,garden,"Patio, Lawn & Garden",Outdoor Recreation,True,False,False,SRC-KAGGLE-002,amazon_products.csv
B0B4V3JGJW,Mens Hiking Cargo Shorts Quick-Dry Outdoor Athletic Short Travel Fishing Golf Tactical Short for Men with Multipocket,https://www.amazon.com/dp/B0B4V3JGJW,4.1,0,24.99,0.0,199,False,200,garden,"Patio, Lawn & Garden",Outdoor Recreation,True,False,False,SRC-KAGGLE-002,amazon_products.csv
B01DM7AEKI,"Motorola T107 Talkabout Radio, 2 Pack",https://www.amazon.com/dp/B01DM7AEKI,4.5,0,37.99,44.99,199,False,0,garden,"Patio, Lawn & Garden",Outdoor Recreation,True,False,False,SRC-KAGGLE-002,amazon_products.csv
B07ZRC3P9T,9 Pieces Orienteering Compass Hiking Backpacking Camping Compass Map Reading Outdoor Waterproof Compass for Scout Kids Women (Semiellipse Compass),https://www.amazon.com/dp/B07ZRC3P9T,3.8,0,13.98,14.98,199,False,200,garden,"Patio, Lawn & Garden",Outdoor Recreation,True,False,False,SRC-KAGGLE-002,amazon_products.csv
B085NZGBPS,"Straw Lid for Hydro Flask Wide Mouth, Lid with Straws Fit HydroFlask Wide Mouth 12 16 18 20 32 40 64 oz, Sport Cap Water Bottle Accessories Top Replacement Straw Lid",https://www.amazon.com/dp/B085NZGBPS,4.5,0,9.79,0.0,199,False,300,garden,"Patio, Lawn & Garden",Outdoor Recreation,True,False,False,SRC-KAGGLE-002,amazon_products.csv
B0BR3FY296,"Zip Ties 18 inch (100 Pack), Black, 60lb Tensile Strength, UV Resistant Cable Ties for indoor and outdoor use, by Tantti Supply",https://www.amazon.com/dp/B0BR3FY296,4.7,0,9.99,0.0,215,False,0,garden,"Patio, Lawn & Garden",Tools & Home Improvement,True,False,False,SRC-KAGGLE-002,amazon_products.csv
B01MUX5JF7,"GCI Outdoor Big Comfort Wide Stadium Chair with Adjustable Backrest, Black",https://www.amazon.com/dp/B01MUX5JF7,4.5,0,30.0,45.0,199,False,200,garden,"Patio, Lawn & Garden",Outdoor Recreation,True,False,False,SRC-KAGGLE-002,amazon_products.csv
B07M94MP9V,"Utility Spork 3-in-1 Combo Spoon-Fork-Knife Camping Utensil, 4-Pack",https://www.amazon.com/dp/B07M94MP9V,4.8,0,10.65,0.0,199,False,400,garden,"Patio, Lawn & Garden",Outdoor Recreation,True,False,False,SRC-KAGGLE-002,amazon_products.csv
B08PFSYZ5F,"Bike Bicycle Tire Patches, Not Self-Adhesive Rubber Patch Outdoor Cycling Bicycle Tire Tool for All Inflatable Inner Tubes in Road Emergency",https://www.amazon.com/dp/B08PFSYZ5F,4.3,0,7.99,0.0,199,False,200,garden,"Patio, Lawn & Garden",Outdoor Recreation,True,False,False,SRC-KAGGLE-002,amazon_products.csv
B000KESFZ8,"Frost King P1025/3B Polyethylene Sheeting, 10' x 25' x 3 mil., Black",https://www.amazon.com/dp/B000KESFZ8,4.7,0,9.48,0.0,215,False,0,garden,"Patio, Lawn & Garden",Tools & Home Improvement,True,False,False,SRC-KAGGLE-002,amazon_products.csv
B0BY5P557G,"Improved Jug Lid for RTIC Half Gallon and One Gallon Jugs | Replacement Lid with Upgraded Features, Better Cap, Rubber Grip, Thicker Steel, and Better Gasket | Made of BPA Free Plastic",https://www.amazon.com/dp/B0BY5P557G,4.7,0,24.99,30.0,199,False,300,garden,"Patio, Lawn & Garden",Outdoor Recreation,True,False,False,SRC-KAGGLE-002,amazon_products.csv
B01826Q368,SLEEFS Solid Spats/Cleat Covers,https://www.amazon.com/dp/B01826Q368,4.5,0,14.99,0.0,199,True,100,garden,"Patio, Lawn & Garden",Outdoor Recreation,True,False,False,SRC-KAGGLE-002,amazon_products.csv
B09MZGNTJM,BMX 52 Quart Cooler with Cool Riser Technology,https://www.amazon.com/dp/B09MZGNTJM,4.6,0,121.45,129.99,199,False,300,garden,"Patio, Lawn & Garden",Outdoor Recreation,True,False,False,SRC-KAGGLE-002,amazon_products.csv
B0C1692TBF,"【UPDATED VERSION】 Sports shoes and Croc Headlights Lights, 2 Pack Headlights for Any Shoes with laces, Light up shoes Accessories Waterproof Headlights Flashlight Sports shoes headlights for Camping",https://www.amazon.com/dp/B0C1692TBF,4.6,0,5.34,14.99,199,False,200,garden,"Patio, Lawn & Garden",Outdoor Recreation,True,False,False,SRC-KAGGLE-002,amazon_products.csv
B00L3WPBJ4,"Amerimax Home Products 8300 Getter Gutter Scoop, Red",https://www.amazon.com/dp/B00L3WPBJ4,4.3,0,3.35,0.0,215,True,2000,garden,"Patio, Lawn & Garden",Tools & Home Improvement,True,False,False,SRC-KAGGLE-002,amazon_products.csv
B0BWCSDW7V,"Stansport Collapsible Silicon Travel Bowls - 2 Pack, Grey and Blue, Large",https://www.amazon.com/dp/B0BWCSDW7V,5.0,0,12.11,12.99,199,False,100,garden,"Patio, Lawn & Garden",Outdoor Recreation,True,False,False,SRC-KAGGLE-002,amazon_products.csv
B07TV36FL2,BALEAF Women's Hiking Pants Joggers Workout Athletic Lightweight Quick Dry Zipper Pockets,https://www.amazon.com/dp/B07TV36FL2,4.5,0,31.99,35.99,199,False,300,garden,"Patio, Lawn & Garden",Outdoor Recreation,True,False,False,SRC-KAGGLE-002,amazon_products.csv
B08YJ5VB91,"Camping Stove Portable Portable Butane Stove Camp Kitchen Equipment Single Burner Outdoor Cooking Grill for Camping, Picnics, Hiking, Fishing, BBQ (Black)",https://www.amazon.com/dp/B08YJ5VB91,4.2,0,21.59,0.0,199,False,200,garden,"Patio, Lawn & Garden",Outdoor Recreation,True,False,False,SRC-KAGGLE-002,amazon_products.csv
B08RW4MCCB,"Camping Folding Aluminum Table with Adjustable Legs for Outdoor Travel Beach, Backyards, BBQ, Party and Picnic Foldable Table",https://www.amazon.com/dp/B08RW4MCCB,4.3,0,58.99,0.0,199,False,200,garden,"Patio, Lawn & Garden",Outdoor Recreation,True,False,False,SRC-KAGGLE-002,amazon_products.csv
B002C1AVV8,"Fluidmaster 5403 Water-Saving Long Life Toilet Flapper for 3-Inch Flush Valves, Adjustable Solid Frame Design, Easy Install (Red)",https://www.amazon.com/dp/B002C1AVV8,4.5,0,8.79,16.0,215,False,0,garden,"Patio, Lawn & Garden",Tools & Home Improvement,True,False,False,SRC-KAGGLE-002,amazon_products.csv
B082G2ZZKH,"DEWALT 20V MAX* Battery, Compact, 4.0-Ah (DCB240)",https://www.amazon.com/dp/B082G2ZZKH,4.6,0,50.0,169.0,215,False,600,garden,"Patio, Lawn & Garden",Tools & Home Improvement,True,False,False,SRC-KAGGLE-002,amazon_products.csv
B001DYFISG,"Kreg K4 Pocket Hole Jig - Adjustable, Versatile Jig for Strong Joints - Create Perfect, Rock-Solid Joints - Easily Adjustable Drill Guides - For Materials 1/2"" to 1 1/2"" Thick",https://www.amazon.com/dp/B001DYFISG,4.8,0,99.99,0.0,215,False,900,garden,"Patio, Lawn & Garden",Tools & Home Improvement,True,False,False,SRC-KAGGLE-002,amazon_products.csv
B077JFYG9B,adidas Boys' Short Sleeve Aeroready Performance Logo Tee T-Shirt,https://www.amazon.com/dp/B077JFYG9B,4.6,0,12.0,23.0,199,False,1000,garden,"Patio, Lawn & Garden",Outdoor Recreation,True,False,False,SRC-KAGGLE-002,amazon_products.csv
B0BW16HM5V,"Classic Camping Coffee Percolator - 12 Cup Enamelware Pot for Campsite, Cabin, Hunting, Fishing, Backpacking, & RV (Blue)",https://www.amazon.com/dp/B0BW16HM5V,4.3,0,38.99,49.99,199,False,500,garden,"Patio, Lawn & Garden",Outdoor Recreation,True,False,False,SRC-KAGGLE-002,amazon_products.csv
B09WNJ85MY,"Luminous Orienteering Compass With Survival Whistle - Multifunction Baseplate Sighting Compass - Hiking Compass With LED Light, Adjustable Declination, Clinometer For Hiking, Backpacking, Orienteering",https://www.amazon.com/dp/B09WNJ85MY,4.3,0,14.99,19.99,199,False,100,garden,"Patio, Lawn & Garden",Outdoor Recreation,True,False,False,SRC-KAGGLE-002,amazon_products.csv
B0BBFBPYGM,Emergency Toilet Shrinkable Urinal Urine Bottle Portable Potty Pee Bottles for Male Female Kids Outdoor Camping Travel Traffic Jam 750ml 1PCS,https://www.amazon.com/dp/B0BBFBPYGM,4.3,0,8.95,9.99,199,False,200,garden,"Patio, Lawn & Garden",Outdoor Recreation,True,False,False,SRC-KAGGLE-002,amazon_products.csv
B07C24HVXM,"Affresh Ice Machine Cleaner, Helps Remove Hard Water and Mineral Buildup for Great-Tasting Ice",https://www.amazon.com/dp/B07C24HVXM,4.6,0,13.95,0.0,215,False,5000,garden,"Patio, Lawn & Garden",Tools & Home Improvement,True,False,False,SRC-KAGGLE-002,amazon_products.csv
B000BQS4AG,Magic Tub and Wall Peel and Caulk Strip - Create a Tight Seal Between the Bathtub and Wall to Keep Moisture Out - 1-5/8 Inch by 11 Feet - White,https://www.amazon.com/dp/B000BQS4AG,3.6,0,8.97,13.3,215,False,0,garden,"Patio, Lawn & Garden",Tools & Home Improvement,True,False,False,SRC-KAGGLE-002,amazon_products.csv
B0012VPGTG,"HANDy Paint Pail Liner, Holds 32-fl oz of Paint or Stain, Efficient for Clean-ups and Quick Color Changes with Integrated Magnetic Brush Holder",https://www.amazon.com/dp/B0012VPGTG,4.6,0,4.78,5.39,215,False,0,garden,"Patio, Lawn & Garden",Tools & Home Improvement,True,False,False,SRC-KAGGLE-002,amazon_products.csv
B07S7V9KNP,BIKEHAND Bicycle Bike Compatible with Shimano Cassette Turner Install Rotor Lockring Removal Chain Whip Tool Kit,https://www.amazon.com/dp/B07S7V9KNP,4.6,0,27.98,0.0,199,False,100,garden,"Patio, Lawn & Garden",Outdoor Recreation,True,False,False,SRC-KAGGLE-002,amazon_products.csv
B0BB862QZ5,"Folding Bike Lock - Hardened Steel 8mm Fold-Up Heavy Duty Bike Lock with Easy Mounting, Secure Lock and Anti-Scratch Coating - Easily Keep Bike Secure and Paintwork Undamaged - Bicycle Lock",https://www.amazon.com/dp/B0BB862QZ5,4.3,0,29.99,0.0,199,False,300,garden,"Patio, Lawn & Garden",Outdoor Recreation,True,False,False,SRC-KAGGLE-002,amazon_products.csv
B0BPLTKG4K,Men's Casual Cargo Pants Hiking Pants Workout Joggers Sweatpants for Men,https://www.amazon.com/dp/B0BPLTKG4K,3.8,0,25.99,0.0,199,False,300,garden,"Patio, Lawn & Garden",Outdoor Recreation,True,False,False,SRC-KAGGLE-002,amazon_products.csv
B07QGRJKPV,BEACOOL Polarized Sports Sunglasses for Men Women Youth Baseball Fishing Cycling Running Golf Motorcycle Tac Glasses UV400,https://www.amazon.com/dp/B07QGRJKPV,4.4,0,21.99,23.99,199,False,300,garden,"Patio, Lawn & Garden",Outdoor Recreation,True,False,False,SRC-KAGGLE-002,amazon_products.csv
B09PHDDMC3,"Cooler Backpack Insulated Leakproof 30 Cans, Cooler Bag with 2 Insulated Compartments Waterproof, Lightweight Hiking Beach Lunch Travel Camping Cooler for Men and Women",https://www.amazon.com/dp/B09PHDDMC3,4.5,0,19.99,39.99,199,False,400,garden,"Patio, Lawn & Garden",Outdoor Recreation,True,False,False,SRC-KAGGLE-002,amazon_products.csv
B087CDBKCH,"Yarra-Decor Bedside Lamp with USB Port - Touch Control Table Lamp for Bedroom Wood 3 Way Dimmable Nightstand Lamp with Round Flaxen Fabric Shade for Living Room, Dorm, Home Office (LED Bulb Included)",https://www.amazon.com/dp/B087CDBKCH,4.6,0,24.99,0.0,215,True,0,garden,"Patio, Lawn & Garden",Tools & Home Improvement,True,False,False,SRC-KAGGLE-002,amazon_products.csv
B089G64X83,"Amartisan 14-Piece Retractable Box Cutter, Utility Knifes for Boxes, Cartons, Cardboard Cutting, 18mm & 9mm Wide Blade Cutter, Very Suitable for Office and Home Use.",https://www.amazon.com/dp/B089G64X83,4.5,0,7.99,12.99,215,False,1000,garden,"Patio, Lawn & Garden",Tools & Home Improvement,True,False,False,SRC-KAGGLE-002,amazon_products.csv
B00DBO4RCY,26144 Seal,https://www.amazon.com/dp/B00DBO4RCY,0.0,0,69.0,0.0,215,False,0,garden,"Patio, Lawn & Garden",Tools & Home Improvement,True,False,True,SRC-KAGGLE-002,amazon_products.csv
B016UCITJU,"Nexcare Opticlude Eyepatch, Regular Size, Contoured for Fit, Brown, 20 Count (Pack of 3)",https://www.amazon.com/dp/B016UCITJU,4.5,0,18.05,26.99,199,False,100,garden,"Patio, Lawn & Garden",Outdoor Recreation,True,False,False,SRC-KAGGLE-002,amazon_products.csv
B0823RXNXR,Hi-Spec 35pc Pink tool kit with 3.6V USB Electric Screwdriver and drill set. Complete women tool set,https://www.amazon.com/dp/B0823RXNXR,4.6,0,39.99,0.0,215,False,800,garden,"Patio, Lawn & Garden",Tools & Home Improvement,True,False,False,SRC-KAGGLE-002,amazon_products.csv
B08LZP77LT,"Bates- Paint Tray Liner, 9 Inch, 10 Pack, Paint Roller Tray, Disposable Plastic Paint Trays, Paint Pans Trays, Paint Supplies for House Painting, Roller Tray",https://www.amazon.com/dp/B08LZP77LT,4.5,0,11.99,15.45,215,True,1000,garden,"Patio, Lawn & Garden",Tools & Home Improvement,True,False,False,SRC-KAGGLE-002,amazon_products.csv
B0CCVNGJP2,"Crossbody Small Sling Backpack Sling Bag, Chest Bag Daypack Fanny Pack Crossbody Bags for Travel Sports Running",https://www.amazon.com/dp/B0CCVNGJP2,4.4,0,9.82,11.88,199,False,500,garden,"Patio, Lawn & Garden",Outdoor Recreation,True,False,False,SRC-KAGGLE-002,amazon_products.csv
B0B79P7XBJ,Stud Finder Wall Scanner Detector - Upgrade 5 in 1 Electronic Stud Sensor Wall Wood Metal Stud Sensor Pipe Joist Beam Finders Accurate Edge Center Finder for Wood Beams AC Wires Metal Detection,https://www.amazon.com/dp/B0B79P7XBJ,4.2,0,16.99,19.99,215,False,1000,garden,"Patio, Lawn & Garden",Tools & Home Improvement,True,False,False,SRC-KAGGLE-002,amazon_products.csv
B0009XCKBA,"Rust-Oleum 1903830 Frosted Glass Spray Paint, 11 oz, Frosted Glass",https://www.amazon.com/dp/B0009XCKBA,4.5,0,6.98,0.0,215,False,0,garden,"Patio, Lawn & Garden",Tools & Home Improvement,True,False,False,SRC-KAGGLE-002,amazon_products.csv
B002M0ME6Y,"Goof Off FG658 Professional Strength Remover, Aerosol 12-Ounce",https://www.amazon.com/dp/B002M0ME6Y,4.5,0,5.28,7.99,215,False,0,garden,"Patio, Lawn & Garden",Tools & Home Improvement,True,False,False,SRC-KAGGLE-002,amazon_products.csv
B00AU6AVLW,"Coleman Camping Cot, Air Mattress & Pump Combo | Folding Cot with Side Tables, Air Bed & Battery Pump, Queen",https://www.amazon.com/dp/B00AU6AVLW,4.4,0,186.74,199.99,199,False,700,garden,"Patio, Lawn & Garden",Outdoor Recreation,True,False,False,SRC-KAGGLE-002,amazon_products.csv
B092HNJ64V,"Mini Screwdriver Set with 42 Bits, VCELINK 45 in 1 Small Precision Magnetic Tiny Screwdriver Bit Kit with Tweezers & Extension Shaft for Laptop, PC, Phone, Computer, Game Console",https://www.amazon.com/dp/B092HNJ64V,4.5,0,12.99,0.0,215,False,2000,garden,"Patio, Lawn & Garden",Tools & Home Improvement,True,False,False,SRC-KAGGLE-002,amazon_products.csv
B09X7FCBC5,"All-in-One Torch Cigar Lighter with Adjustable Jet Dual-Flame, Built-in Cigar Punch/Holder, Honorable Gift for Men, Birthday, Windproof Refillable Butane Cool Lighters for Smoking, Candles",https://www.amazon.com/dp/B09X7FCBC5,4.5,0,23.88,0.0,199,False,300,garden,"Patio, Lawn & Garden",Outdoor Recreation,True,False,False,SRC-KAGGLE-002,amazon_products.csv
B091TPHSTG,"Carbon Fiber Plastic Scraper Multi-Purpose Scraper Non-Scratch Cleaning Tool Easy to Clean Small and Narrow Spaces and Gaps, Perfect to Remove Stickers, Labels, Oil Stains, Food, Dirt, Etc 3-Pcs",https://www.amazon.com/dp/B091TPHSTG,4.4,0,5.99,0.0,215,False,1000,garden,"Patio, Lawn & Garden",Tools & Home Improvement,True,False,False,SRC-KAGGLE-002,amazon_products.csv
B07LBW2D2V,"Nike Y NK ELMNTL BKPK-GFX FA19, Black/Black/(White), 20L",https://www.amazon.com/dp/B07LBW2D2V,4.2,0,39.0,59.95,199,False,300,garden,"Patio, Lawn & Garden",Outdoor Recreation,True,False,False,SRC-KAGGLE-002,amazon_products.csv
B00CXS27BC,"KOHLER GENUINE PART 1188999 2"" Toilet Canister Flush Valve Kit",https://www.amazon.com/dp/B00CXS27BC,4.7,0,17.89,28.5,215,False,0,garden,"Patio, Lawn & Garden",Tools & Home Improvement,True,False,False,SRC-KAGGLE-002,amazon_products.csv
B0B695ZM5N,"Bike Pump, 25” Height Full Size Bicycle Pump with 160 PSI High Pressure, Bike tire Pump with Presta and Schrader Valve, Bike Air Pump for Bike Tires, Balls and Swimming Ring,Bike Pumps with Psi Gauge…",https://www.amazon.com/dp/B0B695ZM5N,4.5,0,26.99,0.0,199,False,200,garden,"Patio, Lawn & Garden",Outdoor Recreation,True,False,False,SRC-KAGGLE-002,amazon_products.csv
B002E1AUEY,"Streamlight 66122 Stylus Pro 100-Lumen Penlight With White LED, 2 AAA Alkaline Batteries and Removable Pocket Clip, Blue",https://www.amazon.com/dp/B002E1AUEY,4.7,0,19.99,34.34,199,False,800,garden,"Patio, Lawn & Garden",Outdoor Recreation,True,False,False,SRC-KAGGLE-002,amazon_products.csv
B0009PUR5E,"Bottletop Propane Camping Stove, Portable 1-Burner Adjustable Stove with Wind Baffles, Pressure Regulator, and 10,000 BTUs of Power; Great for Camping, Hiking, Backpacking, & More",https://www.amazon.com/dp/B0009PUR5E,4.7,0,47.98,0.0,199,False,900,garden,"Patio, Lawn & Garden",Outdoor Recreation,True,False,False,SRC-KAGGLE-002,amazon_products.csv
B000MLQNZI,Victorinox Rambler Red - Swiss Army Pocket Knife 58 mm - 10 Tools,https://www.amazon.com/dp/B000MLQNZI,4.8,0,19.99,26.3,199,False,300,garden,"Patio, Lawn & Garden",Outdoor Recreation,True,False,False,SRC-KAGGLE-002,amazon_products.csv
B09LXRHVHL,2 in 1 Lighetr Permanent Match Antique Style Lift Arm Kerosene Lighter with Permanent Match (Bronze),https://www.amazon.com/dp/B09LXRHVHL,4.0,0,22.89,24.89,199,False,200,garden,"Patio, Lawn & Garden",Outdoor Recreation,True,False,False,SRC-KAGGLE-002,amazon_products.csv
B09NXXZ23F,"4 Pack Carabiner Clip, 3 inch Aluminum D-Ring Shape Locking Carabiners, Snap Hook Sport Accessories for Outdoor Camping Hiking",https://www.amazon.com/dp/B09NXXZ23F,4.6,0,6.99,8.99,199,False,700,garden,"Patio, Lawn & Garden",Outdoor Recreation,True,False,False,SRC-KAGGLE-002,amazon_products.csv
B08Z67FFMB,"Gym Water Bottle Pouch, Compatible with 18-40 oz Water Bottles including Stanley & Hydro Flask, Water Bottle Holder for Running, Gym Accessories, Workout Cell Phone Holder Caddy with Accessory Pockets",https://www.amazon.com/dp/B08Z67FFMB,4.4,0,24.95,0.0,199,False,300,garden,"Patio, Lawn & Garden",Outdoor Recreation,True,False,False,SRC-KAGGLE-002,amazon_products.csv
B000EDOSKG,Camco Water Bandit | Features a Highly Flexible Silicone-Polymer Sleeve & ABS Male Water Hose Connection | Works with Damaged or Stripped Faucet Threads or Faucets without Threads (22484),https://www.amazon.com/dp/B000EDOSKG,3.8,0,9.2,0.0,215,False,1000,garden,"Patio, Lawn & Garden",Tools & Home Improvement,True,False,False,SRC-KAGGLE-002,amazon_products.csv
B0009F3O18,"Neutrogena Makeup Remover Facial Cleansing Towelettes, Daily Face Wipes Remove Dirt, Oil, Sweat, Makeup & Waterproof Mascara, Gentle, Soap- & Alcohol-Free, 100% Plant-Based Cloth, 25 ct",https://www.amazon.com/dp/B0009F3O18,4.7,0,6.49,9.99,49,False,4000,health,Health & Personal Care,Skin Care Products,True,False,False,SRC-KAGGLE-002,amazon_products.csv
B09GTX742X,"Aussie Kids Moist Detangler for Kids, Sulfate Free and Paraben Free, 8 fl oz, Triple Pack",https://www.amazon.com/dp/B09GTX742X,4.6,0,14.99,0.0,47,False,2000,health,Health & Personal Care,Hair Care Products,True,False,False,SRC-KAGGLE-002,amazon_products.csv
B07QLNFQX9,"Pure Original Ingredients Taurine, (100 Capsules) 100% Pure, No Additives Or Fillers, Lab Verified",https://www.amazon.com/dp/B07QLNFQX9,4.5,0,9.99,0.0,136,False,0,health,Health & Personal Care,Sports Nutrition Products,True,False,False,SRC-KAGGLE-002,amazon_products.csv
B09JFRLMNK,"Wella Professionals Color Fresh Masks, Natural Shades, Temporary Color, Damage Free, Color-Depositing Hair Mask With Avocado Oil",https://www.amazon.com/dp/B09JFRLMNK,4.1,0,26.5,0.0,47,False,400,health,Health & Personal Care,Hair Care Products,True,False,False,SRC-KAGGLE-002,amazon_products.csv
B0CFJ4DPWT,"PurelyWHITE DELUXE Purple Brightening Toothpaste for Teeth Whitening (1 Fl Oz), Purple Toothpaste, Purple Teeth Whitening, Color Corrector Purple Toothpaste",https://www.amazon.com/dp/B0CFJ4DPWT,0.0,0,23.99,0.0,45,False,0,health,Health & Personal Care,Beauty & Personal Care,True,False,True,SRC-KAGGLE-002,amazon_products.csv
B00J2L5TOK,"Gold Bond Healing Skin Therapy Lotion with aloe 5.5 oz., Non-Greasy & Hypoallergenic",https://www.amazon.com/dp/B00J2L5TOK,4.8,0,5.98,7.99,52,False,3000,health,Health & Personal Care,Personal Care Products,True,False,False,SRC-KAGGLE-002,amazon_products.csv
B09MW5GPTP,"Didder Pink Crystal Tiaras for Women, Princess Crown with Comb Wedding Tiaras and Crowns for Women Tiaras for Girls Birthday Party Hair Accessories Bride Headband Bride for Prom Christmas",https://www.amazon.com/dp/B09MW5GPTP,4.5,0,13.99,18.99,47,False,200,health,Health & Personal Care,Hair Care Products,True,False,False,SRC-KAGGLE-002,amazon_products.csv
B07KFLL4X7,CHANEL LA Mousse Anti-Pollution Cleansing Cream-to-Foam 150ML,https://www.amazon.com/dp/B07KFLL4X7,4.6,0,52.99,0.0,49,False,200,health,Health & Personal Care,Skin Care Products,True,False,False,SRC-KAGGLE-002,amazon_products.csv
B0BMKZVV66,"Hemorrhoid Treatment 40oz Sitz Bath Salts Postpartum Soaking Blend Epsom Salt Soak with All Natural Oils for Self Care Bartholin Cyst Treatment, Large Value Pack",https://www.amazon.com/dp/B0BMKZVV66,4.6,0,15.45,0.0,52,False,600,health,Health & Personal Care,Personal Care Products,True,False,False,SRC-KAGGLE-002,amazon_products.csv
B07Z6QY528,"NEW AGE Apple Cider Vinegar Gummies 2-Pack - 120 Count - Immunity & Detox - with The Mother, Gluten-Free, Vegan, Vitamin B9, B12, Pomegrantate, Beetroot (2 Pack 120 Count)",https://www.amazon.com/dp/B07Z6QY528,4.3,8891,27.95,0.0,132,False,300,health,Health & Personal Care,Diet & Sports Nutrition,False,False,False,SRC-KAGGLE-002,amazon_products.csv
B01KQVKNAY,Gold Ceramic Curling Iron 1/4'' Barrel Size …,https://www.amazon.com/dp/B01KQVKNAY,4.2,0,14.99,16.99,47,False,300,health,Health & Personal Care,Hair Care Products,True,False,False,SRC-KAGGLE-002,amazon_products.csv
B003TY8VPA,"Revision Skincare Hydrating Serum, with hyaluronic acid and fruit extracts, provides short and long term moisturization, reduce fine lines and wrinkles, keeps skin hydrated, oil free moisture, 1 Fl oz",https://www.amazon.com/dp/B003TY8VPA,4.6,0,100.0,0.0,49,False,300,health,Health & Personal Care,Skin Care Products,True,False,False,SRC-KAGGLE-002,amazon_products.csv
B0BSXR71QC,"Creatine Monohydrate Powder | 2.2lbs (35.2 oz) | HPLC Purity Tested | Vegetarian, Non-GMO, & Gluten Free Supplement | by Horbaach",https://www.amazon.com/dp/B0BSXR71QC,4.4,0,21.99,0.0,136,False,2000,health,Health & Personal Care,Sports Nutrition Products,True,False,False,SRC-KAGGLE-002,amazon_products.csv
B07K7H5GT3,"Stainless Steel Photography Mirrors, Double-Side Intra-Oral Orthodontic Implant Reflector, Double-Side",https://www.amazon.com/dp/B07K7H5GT3,4.1,0,12.85,14.47,45,False,0,health,Health & Personal Care,Beauty & Personal Care,True,False,False,SRC-KAGGLE-002,amazon_products.csv
B0BL3XSNTR,StyleCraft Replacement Fixed Black Diamond Carbon DLC Faper Hair Clipper Blade with Moving Black Diamond Carbon Slim Deep Tooth Cutter set,https://www.amazon.com/dp/B0BL3XSNTR,4.7,0,34.95,39.95,47,False,200,health,Health & Personal Care,Hair Care Products,True,False,False,SRC-KAGGLE-002,amazon_products.csv
B083FSFR37,Upgraded Version: 800 mAh 3.7v Li-ion Electric Toothbrush Replacement Battery Compatible with Philips HX9340 HX6930 HX6750 HX6530 HX6320 HX6950 HX9350 HX6920 HX6910 HX6710 with pins for Circuit Board,https://www.amazon.com/dp/B083FSFR37,3.7,0,18.99,0.0,45,False,0,health,Health & Personal Care,Beauty & Personal Care,True,False,False,SRC-KAGGLE-002,amazon_products.csv
B078ZJWW64,"Pink Stork Morning Sickness Sweets, Organic Raspberry Ginger Candy with Vitamin B6 for Support and Occasional Motion Sickness, Pregnancy Must Haves - 30 Wrapped Drops",https://www.amazon.com/dp/B078ZJWW64,4.0,0,12.99,16.99,131,False,0,health,Health & Personal Care,Health Care Products,True,False,False,SRC-KAGGLE-002,amazon_products.csv
B0BYGV8G4Z,"Wella Professionals ULTIMATE REPAIR Miracle Hair Rescue, Luxury Leave-In Hair Repair Treatment for Damaged Hair, 1 oz",https://www.amazon.com/dp/B0BYGV8G4Z,4.3,0,35.0,0.0,47,False,1000,health,Health & Personal Care,Hair Care Products,True,False,False,SRC-KAGGLE-002,amazon_products.csv
B0892JTF3G,High-end Professional Extremely Very Sharp Barber Hair Cutting Scissors Hairdresser Shears For Hair 6.5 Inch Haircut Scissor Made Of Stainless Steel Alloy For Hairdressing Salon and Home Use,https://www.amazon.com/dp/B0892JTF3G,4.5,0,36.87,49.87,47,False,300,health,Health & Personal Care,Hair Care Products,True,False,False,SRC-KAGGLE-002,amazon_products.csv
B004ILTKSK,Stencil Stuff 8 oz,https://www.amazon.com/dp/B004ILTKSK,4.8,0,15.99,0.0,52,False,900,health,Health & Personal Care,Personal Care Products,True,False,False,SRC-KAGGLE-002,amazon_products.csv
B0BFV8CYS8,Stylia Under Eye Patches For Puffy Eyes - 24k Gold Eye Mask - Puffiness and Dark Circles Under Eye Treatment Collagen Eye Gel Pads Moisturizing & Reducing Wrinkles Anti-Aging Hyaluronic Acid - 20 Pair,https://www.amazon.com/dp/B0BFV8CYS8,4.1,0,11.99,24.99,49,False,500,health,Health & Personal Care,Skin Care Products,True,False,False,SRC-KAGGLE-002,amazon_products.csv
B01M01LTIY,"L’Oréal Paris Colorista Semi-Permanent Hair Color for Light Bleached or Blondes, Purple",https://www.amazon.com/dp/B01M01LTIY,4.1,0,9.94,11.99,47,False,300,health,Health & Personal Care,Hair Care Products,True,False,False,SRC-KAGGLE-002,amazon_products.csv
B000KOKGWI,"Plackers Micro Mint Dental Flossers, 90 Count (Pack of 6)",https://www.amazon.com/dp/B000KOKGWI,4.3,0,19.74,0.0,45,False,0,health,Health & Personal Care,Beauty & Personal Care,True,False,False,SRC-KAGGLE-002,amazon_products.csv
B07G4C85XX,"Pink Stork Total Prenatal Vitamins with DHA, Choline, Folate, Iron, and Vitamin B12, Prenatals for Women to Support Fetal Development, Pregnancy Must Haves - 60 Capsules, 1 Month Supply",https://www.amazon.com/dp/B07G4C85XX,4.5,0,32.99,34.99,131,False,10000,health,Health & Personal Care,Health Care Products,True,False,False,SRC-KAGGLE-002,amazon_products.csv
B091X1LWFL,"VERB Moringa + Jojoba Treatment Oil, 1 fl oz",https://www.amazon.com/dp/B091X1LWFL,4.5,0,20.0,0.0,47,False,200,health,Health & Personal Care,Hair Care Products,True,False,False,SRC-KAGGLE-002,amazon_products.csv
B081F9VFF5,"FREATECH Hair Scalp Massager Shampoo Brush with Soft Silicone Bristles for Scalp Care and Hair Growth, Shower Head Scalp Scrubber Exfoliator for Dandruff, Wet & Dry for Men, Women and Kids, Black",https://www.amazon.com/dp/B081F9VFF5,4.6,0,6.95,9.99,47,False,4000,health,Health & Personal Care,Hair Care Products,True,False,False,SRC-KAGGLE-002,amazon_products.csv
B09MDMVV3B,"500mg L-Carnitine Gummies | L Carnitine Tartrate Pre Workout Supplement for Women and Men | Non-GMO, Vegan, Gluten-Free | Natural Blueberry Flavored Gummies… (60 Count)",https://www.amazon.com/dp/B09MDMVV3B,4.3,0,21.99,0.0,136,False,50,health,Health & Personal Care,Sports Nutrition Products,True,False,False,SRC-KAGGLE-002,amazon_products.csv
B0C4Y66L7G,"Floss Sticks,Flossers,Floss & Toothpick,Five Colors,Y-Shaped Design,Provides Easy Access for Back Teeth,Clean molars Easily,High-end Box, Suitable for Home and Travel,(16 Count,Pack of 1)",https://www.amazon.com/dp/B0C4Y66L7G,4.6,0,6.68,7.88,45,False,0,health,Health & Personal Care,Beauty & Personal Care,True,False,False,SRC-KAGGLE-002,amazon_products.csv
B07G9T92TB,"Skin Grip CGM Patches for Medtronic Guardian Sensor (20-Pack), Waterproof & Sweatproof for 10-14 Days, Pre-Cut Adhesive Tape, Continuous Glucose Monitor Protection(Tan)",https://www.amazon.com/dp/B07G9T92TB,4.5,0,24.99,0.0,131,False,700,health,Health & Personal Care,Health Care Products,True,False,False,SRC-KAGGLE-002,amazon_products.csv
B09LQ26BJK,"Hot Pink Scrunchies, Premium Velvet Soft Hair Scrunchy, Solid Colors Thick Elastic Bands, Hair Accessories for Women and Girls, 12 Pack",https://www.amazon.com/dp/B09LQ26BJK,4.8,0,8.99,9.99,47,False,400,health,Health & Personal Care,Hair Care Products,True,False,False,SRC-KAGGLE-002,amazon_products.csv
B01MTLG2HR,"Pure L Serine Powder, 500 Grams (250 Day Supply), Filler Free, Supports Production of L-Cystine & L-Tryptophan for Brain Health, Water Soluble, No GMOs, No Gluten",https://www.amazon.com/dp/B01MTLG2HR,4.4,447,36.95,38.95,132,False,100,health,Health & Personal Care,Diet & Sports Nutrition,False,False,False,SRC-KAGGLE-002,amazon_products.csv
B0108V6XOM,Malibu C Curl Partner Wellness Remedy (1 Packet) - Removes Mineral Build up for Healthier + Bouncier Curly Hair - Contains Gentle Antioxidants for Curly Hair Care,https://www.amazon.com/dp/B0108V6XOM,4.3,0,3.9,0.0,47,False,700,health,Health & Personal Care,Hair Care Products,True,False,False,SRC-KAGGLE-002,amazon_products.csv
B07YRY7P81,"Medik8 Liquid Peptides - Advanced Regenerating Multi Peptide Serum - Firming, Smoothing Formula for Reducing Wrinkles and Fine Lines - Skin Hydrating, Brightening, and Plumping Treatment - 1.0 oz",https://www.amazon.com/dp/B07YRY7P81,4.3,0,62.0,71.15,49,False,500,health,Health & Personal Care,Skin Care Products,True,False,False,SRC-KAGGLE-002,amazon_products.csv
B00120S8H4,RED by Kiss Quick Cover Root Touch Up Mascara Water-Resistant Temporary Gray Concealer Cover Up Brush for Hair and Beards (Dark Brown),https://www.amazon.com/dp/B00120S8H4,4.2,0,6.19,0.0,47,False,700,health,Health & Personal Care,Hair Care Products,True,False,False,SRC-KAGGLE-002,amazon_products.csv
B07BSTN2LH,Glycerin Vegetable Oil USP Grade by H&B Oils Center Natural Fresh 100% Pure 5 oz,https://www.amazon.com/dp/B07BSTN2LH,4.5,0,7.99,0.0,49,False,400,health,Health & Personal Care,Skin Care Products,True,False,False,SRC-KAGGLE-002,amazon_products.csv
B0948GJRTT,NICKS Protein Bars Chocolate Peanut | 15g protein | 190 calories | Low Carb Keto Friendly Snacks No Added Sugar (Multipack 12 bars x 50g),https://www.amazon.com/dp/B0948GJRTT,4.2,3730,26.59,0.0,132,False,2000,health,Health & Personal Care,Diet & Sports Nutrition,False,False,False,SRC-KAGGLE-002,amazon_products.csv
B0BJ144JHC,"Codeage Leaky Gut, L-Glutamine for Gut Health Support, N-Acetylglucosamine Supplement, Probiotic, Butyric Acid, Polyphenols, Quercetin, DGL, Berberine, BioPerine, Cinnamon, Vegan, Non-GMO, 60 Capsules",https://www.amazon.com/dp/B0BJ144JHC,4.1,0,29.99,0.0,136,False,100,health,Health & Personal Care,Sports Nutrition Products,True,False,False,SRC-KAGGLE-002,amazon_products.csv
B01C4PX52S,Lipozene Weight Loss Pills Double Pack and MetaboUp Plus Thermogenic Supplement - Appetite Suppressant,https://www.amazon.com/dp/B01C4PX52S,3.9,2307,31.95,0.0,132,False,500,health,Health & Personal Care,Diet & Sports Nutrition,False,False,False,SRC-KAGGLE-002,amazon_products.csv
B07B2WNTT4,"Depend Night Defense Incontinence Underwear for Women, Disposable, Overnight, Small, Blush, 16 Count",https://www.amazon.com/dp/B07B2WNTT4,4.4,0,13.74,16.99,131,False,300,health,Health & Personal Care,Health Care Products,True,False,False,SRC-KAGGLE-002,amazon_products.csv
B00DTC2MMK,"Simply Ivory Aloe Bath Bar by Ivory, 3 Count",https://www.amazon.com/dp/B00DTC2MMK,4.5,0,6.91,0.0,49,False,200,health,Health & Personal Care,Skin Care Products,True,False,False,SRC-KAGGLE-002,amazon_products.csv
B0CD2RCZZP,"Slim Plus Keto ACV Gummies, Slim Plus Keto for Weight Loss - SlimPlus Keto Gummies Oprah Keto + ACV Winfrey Shark Slim Gummy Plus Apple Cider Vinegar Tank Gunmies Reviews Gomitas (60 Gummies)",https://www.amazon.com/dp/B0CD2RCZZP,3.5,10,29.95,0.0,132,False,300,health,Health & Personal Care,Diet & Sports Nutrition,False,False,False,SRC-KAGGLE-002,amazon_products.csv
B00ENP2146,"BULKSUPPLEMENTS.COM L-Lysine Powder - L-Lysine HCl - Lysine Supplement - Lysine Powder - L-Lysine 1000mg - Immune Support - 1000mg per Serving, 1000 Servings (1 Kilogram - 2.2 lbs)",https://www.amazon.com/dp/B00ENP2146,4.5,0,23.96,0.0,136,False,200,health,Health & Personal Care,Sports Nutrition Products,True,False,False,SRC-KAGGLE-002,amazon_products.csv
B08R9TYLPR,"Hair Fibers for Thinning Hair,Undetectable Natural Formula,Instantly Conceal & Thicken Thinning or Balding Hair Areas, For Men&Women,0.97Oz(Dark Brown)",https://www.amazon.com/dp/B08R9TYLPR,4.5,0,11.99,0.0,47,False,300,health,Health & Personal Care,Hair Care Products,True,False,False,SRC-KAGGLE-002,amazon_products.csv
B0B5DPJ8NM,MEACOLIA 2 Pack 8 Compartments Travel Pill Organizer Box Moisture Proof Small Pill Case for Pocket Purse Daily Pill Holder Container for Medicine Vitamin (Cyan & Khaki),https://www.amazon.com/dp/B0B5DPJ8NM,4.5,0,5.97,6.97,131,False,0,health,Health & Personal Care,Health Care Products,True,False,False,SRC-KAGGLE-002,amazon_products.csv
B001IHYAI2,"Paul Mitchell Tea Tree Firm Hold Gel, Hair Gel, Maximum Hold, High-Shine Finish, For All Hair Types",https://www.amazon.com/dp/B001IHYAI2,4.6,0,16.5,0.0,47,False,2000,health,Health & Personal Care,Hair Care Products,True,False,False,SRC-KAGGLE-002,amazon_products.csv
B002N5MI2S,"TIGI Bed Head for Men Matte Separation Workable Wax, 3 Ounce",https://www.amazon.com/dp/B002N5MI2S,4.4,0,9.99,16.96,47,False,1000,health,Health & Personal Care,Hair Care Products,True,False,False,SRC-KAGGLE-002,amazon_products.csv
B0BZ5VJBGQ,"Every Man Jack Body Wash Variety Box - Includes Four Body Washes with Clean Ingredients & Incredible Scents - Round Out His Routine with Sandalwood, Cedarwood, Juniper Sage, & Sea Salt Body Washes",https://www.amazon.com/dp/B0BZ5VJBGQ,4.1,11,39.99,0.0,49,False,100,health,Health & Personal Care,Skin Care Products,False,False,False,SRC-KAGGLE-002,amazon_products.csv
B09171YGN2,"Rat Tail Combs and Hair Clips: 3Pcs Rat Tail Combs，Parting Comb for Braids, Metal Long Steel Pin Rat Tail Teasing Combs and 7Pcs Alligator Styling Sectioning Clips of Professional Hair Salon Quality",https://www.amazon.com/dp/B09171YGN2,4.7,0,7.99,8.99,47,False,600,health,Health & Personal Care,Hair Care Products,True,False,False,SRC-KAGGLE-002,amazon_products.csv
B08RR4K26J,"Dental-Defense Professional Dental Guard, Anti Grinding Dental Night Guard, TMJ Relief, Bruxing, Reduces Teeth Clenching, Nightguard, Anti Grinding Teeth Protector, 2 Pack, Made in The USA",https://www.amazon.com/dp/B08RR4K26J,3.9,0,14.95,0.0,45,False,0,health,Health & Personal Care,Beauty & Personal Care,True,False,False,SRC-KAGGLE-002,amazon_products.csv
B000Z945WA,"NaturesPlus SPIRU-TEIN Shake - Cappuccino Flavor - 2.25 lbs, Spirulina Protein Powder - Plant Based Meal Replacement, Vitamins & Minerals for Energy - Vegetarian - 32 Servings",https://www.amazon.com/dp/B000Z945WA,4.4,0,46.95,0.0,136,False,0,health,Health & Personal Care,Sports Nutrition Products,True,False,False,SRC-KAGGLE-002,amazon_products.csv
B06VWRPFXX,"Premium Elastic Bandage Wrap (3” Wide, 2 Pack) - Nexskin Latex Free Athletic/Medical Compression Bandages Hook & Loop Fasteners at Both Ends - Lifetime Washable & Reusable USA Organic Cotton Bandage",https://www.amazon.com/dp/B06VWRPFXX,4.5,0,10.99,0.0,131,False,500,health,Health & Personal Care,Health Care Products,True,False,False,SRC-KAGGLE-002,amazon_products.csv
B07F3T1C9H,"TAN-LUXE The Body - Illuminating Self-Tan Drops, 50ml - Cruelty & Toxin Free - Medium/Dark",https://www.amazon.com/dp/B07F3T1C9H,4.4,0,60.0,0.0,49,False,200,health,Health & Personal Care,Skin Care Products,True,False,False,SRC-KAGGLE-002,amazon_products.csv
B0BWMYKJZ5,"AAKG Arginine Powder 250 Gram, (l-arginine and Alpha Ketoglutarate) 2000 mg Per Serving, Helps to Build Lean Muscle Mass and Improve Sports Performance",https://www.amazon.com/dp/B0BWMYKJZ5,4.5,0,29.99,0.0,136,False,0,health,Health & Personal Care,Sports Nutrition Products,True,False,False,SRC-KAGGLE-002,amazon_products.csv
B0823YBVS6,"Yes To Cucumber Cooling Jelly Mask, Hydrating Bouncy Lightweight Gel Mask That Leaves Skin Feeling Cool, Soothed & Refreshed, With Cucumber Extract & Antioxidants Natural Vegan & Cruelty Free, 3 Fl Oz",https://www.amazon.com/dp/B0823YBVS6,4.2,0,3.41,3.9,49,False,300,health,Health & Personal Care,Skin Care Products,True,False,False,SRC-KAGGLE-002,amazon_products.csv
B0BRV39RP6,"YINKE Nose Hair Trimmer Replacement Heads for One-Blade QP2520 QP2515 QP2724 QP2834 QP2630 One-Blade 360 & One-Blade Pro QP6530 20 10 QP6531 Shaver, Waterproof Dual Edge Blades for Easy Clean (1PC)",https://www.amazon.com/dp/B0BRV39RP6,4.0,0,6.99,7.99,47,False,600,health,Health & Personal Care,Hair Care Products,True,False,False,SRC-KAGGLE-002,amazon_products.csv
B00K8RQSNS,"BPI Sports A-HD Elite – Men’s Powerful Testosterone Booster – Natural Stamina, Strength, Sexual Support – Increases Metabolism – Fat Burning – Strength – Muscle – 30 Servings – 500mg",https://www.amazon.com/dp/B00K8RQSNS,4.4,0,17.95,0.0,136,False,100,health,Health & Personal Care,Sports Nutrition Products,True,False,False,SRC-KAGGLE-002,amazon_products.csv
B01BLRXC78,"REACH Advanced Design Toothbrushes, Soft, 2-Count (Pack of 6)",https://www.amazon.com/dp/B01BLRXC78,4.5,0,18.0,19.99,45,False,0,health,Health & Personal Care,Beauty & Personal Care,True,False,False,SRC-KAGGLE-002,amazon_products.csv
B01IA9DYQE,Efferdent Plus Mint Denture Cleanser Tablets 90 Ct (Pack of 3),https://www.amazon.com/dp/B01IA9DYQE,5.0,0,24.79,0.0,45,False,0,health,Health & Personal Care,Beauty & Personal Care,True,False,False,SRC-KAGGLE-002,amazon_products.csv
B0017U9VO8,"GoMacro MacroBar Organic Vegan Protein Bars, Peanut Butter, 2.3 Ounce Bars (Pack of 12)",https://www.amazon.com/dp/B0017U9VO8,4.6,233,36.38,0.0,132,False,100,health,Health & Personal Care,Diet & Sports Nutrition,False,False,False,SRC-KAGGLE-002,amazon_products.csv
B01AJ06CR0,"Vegan and Cruelty-Free Sugar Lip Scrub Exfoliator by Hanalei – Made with Hawaiian Cane Sugar, Kukui Oil, and Shea Butter to Exfoliate, Smooth, and Brighten Lips Made in the USA (22 g)",https://www.amazon.com/dp/B01AJ06CR0,4.6,0,16.99,25.0,49,False,500,health,Health & Personal Care,Skin Care Products,True,False,False,SRC-KAGGLE-002,amazon_products.csv
B000ORSY3Y,"Weleda Hydrating Sea Buckthorn Body Wash, 6.8 Fluid Ounce, Gentle Plant Rich Cleanser with Sea Buckthorn and Sesame Oils",https://www.amazon.com/dp/B000ORSY3Y,4.5,0,10.22,17.18,49,False,300,health,Health & Personal Care,Skin Care Products,True,False,False,SRC-KAGGLE-002,amazon_products.csv
B07SDQDMZ4,"Cetaphil Clay Mask Pro, Dermacontrol Purifying Clay Face Mask with Bentonite Clay for Blackheads and Pores, Designed for Oily, Sensitive Skin, 3 Oz",https://www.amazon.com/dp/B07SDQDMZ4,4.4,0,12.89,15.99,49,False,1000,health,Health & Personal Care,Skin Care Products,True,False,False,SRC-KAGGLE-002,amazon_products.csv
B06X6NLTJX,Clinique Take the Day Off Cleansing Balm .5 oz Makeup Remover,https://www.amazon.com/dp/B06X6NLTJX,4.5,0,6.9,0.0,49,False,200,health,Health & Personal Care,Skin Care Products,True,False,False,SRC-KAGGLE-002,amazon_products.csv
B0C89D87WJ,"200% Density 13x6 Lace Front Wigs Human Hair Pre Plucked Highlight 13x6 HD Lace Front Wigs Ginger Orange Colored Human Hair for Women Glueless Body Wave Ombre Wig Brazilian Hair (13x6 Lace Front Wigs Human Hair,22inch)",https://www.amazon.com/dp/B0C89D87WJ,4.5,0,129.77,0.0,47,False,200,health,Health & Personal Care,Hair Care Products,True,False,False,SRC-KAGGLE-002,amazon_products.csv
B09VF64NDX,"INCELLDERM Vieton Oil Mist, 50ml/1.69 fl.oz, K-beauty Cosmetics for Brightening & Wrinkle Improvement",https://www.amazon.com/dp/B09VF64NDX,4.5,0,22.9,23.98,49,False,200,health,Health & Personal Care,Skin Care Products,True,False,False,SRC-KAGGLE-002,amazon_products.csv
B0BHSMHK5V,"Hair Tinsel Kit with 47INCH 1200 Strands Heat Resistant Glitter Tinsel Hair Extension, Sparkling Shinny Fairy Hair Accessories for Women Girls Kids Festival Party Dazzle (Royal Blue)",https://www.amazon.com/dp/B0BHSMHK5V,4.3,0,5.99,0.0,47,False,100,health,Health & Personal Care,Hair Care Products,True,False,False,SRC-KAGGLE-002,amazon_products.csv
B00QT7AZIK,"Garden of Life Raw Organic Fit Vegan Protein Powder Vanilla, 28g Plant Based Protein for Weight Loss, Pea Protein, Fiber, Probiotics, Dairy Free Nutritional Shake for Women and Men, 10 Servings",https://www.amazon.com/dp/B00QT7AZIK,4.2,0,45.38,0.0,136,False,1000,health,Health & Personal Care,Sports Nutrition Products,True,False,False,SRC-KAGGLE-002,amazon_products.csv
B0963P6PJ8,"EdenBoost AlphaCleanse | Liver Health and Detox Blend Made with 12 Organic Superfoods. Milk Thistle, Dandelion Root, Burdock Root. Formulated for Detox Support, Liver, Digestive Health.",https://www.amazon.com/dp/B0963P6PJ8,4.2,76,49.0,0.0,132,False,500,health,Health & Personal Care,Diet & Sports Nutrition,False,False,False,SRC-KAGGLE-002,amazon_products.csv
B00CCPEEKI,"BAND-AID® Brand Flexible Fabric Bandages Knuckle & Fingertip, 20 Count",https://www.amazon.com/dp/B00CCPEEKI,4.8,0,9.99,0.0,131,False,1000,health,Health & Personal Care,Health Care Products,True,False,False,SRC-KAGGLE-002,amazon_products.csv
B09PJRXTM9,"Every Man Jack Daily Energizing Face Wash for Men - Deeply Cleanse, Moisturize, and Revive Dry, Tired Skin with Hyaluronic Acid Caffeine 5 oz Men's Twin Pack",https://www.amazon.com/dp/B09PJRXTM9,4.3,0,14.94,0.0,49,False,900,health,Health & Personal Care,Skin Care Products,True,False,False,SRC-KAGGLE-002,amazon_products.csv
B000G6ZFEO,"Muscle Milk Genuine Protein Powder, Vanilla Crème, 2.47 Pound, 16 Servings, 32g Protein, 2g Sugar, Calcium, Vitamins A, C & D, NSF Certified for Sport, Energizing Snack, Packaging May Vary",https://www.amazon.com/dp/B000G6ZFEO,4.6,0,28.88,45.75,136,False,50,health,Health & Personal Care,Sports Nutrition Products,True,False,False,SRC-KAGGLE-002,amazon_products.csv
B0BW96BB54,"AUVON Large Insulin Cooler Travel Case, Longer Cooling Effect with 4 * 160g Ice Packs, Compact Medication Cooler Bag for 8 Insulin Pens and Diabetic Supplies, Ideal Travel Partner with Handle Design",https://www.amazon.com/dp/B0BW96BB54,4.6,0,25.99,0.0,131,False,600,health,Health & Personal Care,Health Care Products,True,False,False,SRC-KAGGLE-002,amazon_products.csv
B005H7I5E4,"Dabur Amla Gold Hair Oil - Hair Serum with Amla Oil, Almond and Henna - Moisturizing Hair and Scalp Oil for All Types of Hair - Natural Hair Oil Treatment Products for Women - 10.14 Fl Oz (Pack of 1)",https://www.amazon.com/dp/B005H7I5E4,4.4,0,9.99,13.99,47,False,700,health,Health & Personal Care,Hair Care Products,True,False,False,SRC-KAGGLE-002,amazon_products.csv
B013W6CBUA,"Dr. Brown’s Fluoride-Free Baby Toothpaste, Infant & Toddler Oral Care, Apple Pear, 1-Pack, 1.4oz/40g, 0-3 years",https://www.amazon.com/dp/B013W6CBUA,4.7,0,9.49,0.0,45,False,7000,health,Health & Personal Care,Beauty & Personal Care,True,False,False,SRC-KAGGLE-002,amazon_products.csv
B00FRR5WWC,Secret Deodorant Spring Breeze Solid 2.6 Ounce (Pack of 3),https://www.amazon.com/dp/B00FRR5WWC,4.7,0,16.95,29.99,52,False,800,health,Health & Personal Care,Personal Care Products,True,False,False,SRC-KAGGLE-002,amazon_products.csv
B0C4XBLRDJ,"LivaClean 16 CT Steam Eye Mask for Dry Eyes - Mix Scented Masks - Eye Steam Mask Self-Heating Eye Mask for Sleeping - Heat Eye Mask for Dry Eye - Disposable Eye Mask Warm, Eye Warmer, Heated Eye Mask",https://www.amazon.com/dp/B0C4XBLRDJ,4.7,0,12.99,0.0,49,False,300,health,Health & Personal Care,Skin Care Products,True,False,False,SRC-KAGGLE-002,amazon_products.csv
B07D426F92,"Shilajit Supplement Powder, 100g, Shilajit Pure Himalayan Mineral with Fulvic Acid Powder, 12:1 Pure Shilajit Powder, Fulvic Minerals Compound for Energy Supplement, 400 Servings",https://www.amazon.com/dp/B07D426F92,4.3,0,29.95,0.0,136,False,300,health,Health & Personal Care,Sports Nutrition Products,True,False,False,SRC-KAGGLE-002,amazon_products.csv
B00Q5KAT6O,"Moroccanoil Styling Gel, Strong, 6 Fl Oz",https://www.amazon.com/dp/B00Q5KAT6O,4.5,0,26.0,0.0,47,False,1000,health,Health & Personal Care,Hair Care Products,True,False,False,SRC-KAGGLE-002,amazon_products.csv
B07TYQKJFL,"Summer's Eve Fragrance Free Gentle Daily Feminine Wipes, Removes Odor, pH balanced, 32 Count, 4 Pack",https://www.amazon.com/dp/B07TYQKJFL,4.7,0,15.12,16.99,131,False,3000,health,Health & Personal Care,Health Care Products,True,False,False,SRC-KAGGLE-002,amazon_products.csv
B07KRSGDD8,"BlenderBottle Just for Fun Classic 28-Ounce Shaker Bottle, Avo Cardio,Green",https://www.amazon.com/dp/B07KRSGDD8,4.8,0,12.99,0.0,136,False,50,health,Health & Personal Care,Sports Nutrition Products,True,False,False,SRC-KAGGLE-002,amazon_products.csv
B002WIZFB2,"Host Defense, MyCommunity Capsules, Advanced Immune Support, Mushroom Supplement with Lion’s Mane and Reishi, Unflavored, 60",https://www.amazon.com/dp/B002WIZFB2,4.7,6448,29.96,39.95,132,False,1000,health,Health & Personal Care,Diet & Sports Nutrition,False,False,False,SRC-KAGGLE-002,amazon_products.csv
B0C3MNC9T7,"D-Mannose Capsules with Cranberry & Hibiscus Flower - 2000mg, 3-in-1 Urinary Tract Health Supplement - Made in USA - for Women & Men - Bladder, Liver, Digestive Support - Vegan, Natural, 120 Pills",https://www.amazon.com/dp/B0C3MNC9T7,4.8,0,20.89,0.0,131,False,0,health,Health & Personal Care,Health Care Products,True,False,False,SRC-KAGGLE-002,amazon_products.csv
B0C78LXQRT,"VINATURA Caralluma Fimbriata, EGCG 45% Extract 1250mg + Fucoxanthin 3mg *USA Made & Tested* for Immune Support, Energy and Mental Focus - 60 Capsules",https://www.amazon.com/dp/B0C78LXQRT,4.4,36,25.89,0.0,132,False,300,health,Health & Personal Care,Diet & Sports Nutrition,False,False,False,SRC-KAGGLE-002,amazon_products.csv
B08KWRFP8G,"Pantene Hair Spray Miracle Rescue Leave In Conditioner Spray & Mix-In Treatment, Boost of Hydration for Damaged Hair, 5.7 Fl Oz and 3 Fl Oz Each",https://www.amazon.com/dp/B08KWRFP8G,4.5,0,21.5,0.0,47,False,300,health,Health & Personal Care,Hair Care Products,True,False,False,SRC-KAGGLE-002,amazon_products.csv
B073ZKVBWR,Nuun Vitamins: Grapefruit Orange Daily Hydration Supplement (3 Tubes of 12 Tabs)3,https://www.amazon.com/dp/B073ZKVBWR,4.2,0,17.51,20.95,136,False,0,health,Health & Personal Care,Sports Nutrition Products,True,False,False,SRC-KAGGLE-002,amazon_products.csv
B00BZ1QN2C,"Freeman Polishing Charcoal & Black Sugar Facial Gel Mask, Purifies Skin, Not Over-Drying, Polishing Face Mask, Exfoliating, Removes Dead Skin, 6 fl.oz./ 175 mL Tube",https://www.amazon.com/dp/B00BZ1QN2C,4.5,0,3.81,4.79,49,False,1000,health,Health & Personal Care,Skin Care Products,True,False,False,SRC-KAGGLE-002,amazon_products.csv
B00KCTETGK,"MMUSA ATP+: Men's Creatine Serum. Maximize Workouts with Enhanced Energy. Boost Muscle, Strength & Recovery. Rich in Amino Acids & Vitamins. With Joint Support. Top Pre-Workout Solution. 5.1 Fl Oz",https://www.amazon.com/dp/B00KCTETGK,4.3,0,47.21,63.0,136,False,100,health,Health & Personal Care,Sports Nutrition Products,True,False,False,SRC-KAGGLE-002,amazon_products.csv
B07N1DMVHG,"Stamped Glorious Long Corn Wave Ponytail Extension Magic Paste Heat Resistant Wavy Synthetic Wrap Around Ponytail Black Hairpiece for Women (22 Inch, 22 Inch-Black)",https://www.amazon.com/dp/B07N1DMVHG,3.6,0,15.99,0.0,47,False,700,health,Health & Personal Care,Hair Care Products,True,False,False,SRC-KAGGLE-002,amazon_products.csv
B0CGWDYRYB,"Compatible with Oral-B iO 3/4/5/6/7/8/9/10 Series Ultimate Clean Electric Toothbrush Replacement Brush Heads,12 Pack,Black",https://www.amazon.com/dp/B0CGWDYRYB,0.0,0,32.99,0.0,45,False,50,health,Health & Personal Care,Beauty & Personal Care,True,False,True,SRC-KAGGLE-002,amazon_products.csv
B0822PHZPF,Timeless Skin Care Vitamin B5 Hydration Serum Unisex 1 oz,https://www.amazon.com/dp/B0822PHZPF,4.5,45,12.99,22.95,49,False,200,health,Health & Personal Care,Skin Care Products,False,False,False,SRC-KAGGLE-002,amazon_products.csv
B08V5JQV3J,"Black 400PCS Hair Bobby Pins for Women, Bun Pins for Thick and Thin hair and All Hair Types with Case, 1.97 inch",https://www.amazon.com/dp/B08V5JQV3J,4.8,0,12.99,15.99,47,False,1000,health,Health & Personal Care,Hair Care Products,True,False,False,SRC-KAGGLE-002,amazon_products.csv
B0934Y4F6H,"BCAA Powder, 5 Grams of BCAAs Amino Acids, Post Workout Recovery Drink for Muscle Building, Recovery, and Endurance, 30 Servings (Gummy Candy)",https://www.amazon.com/dp/B0934Y4F6H,4.3,0,13.98,0.0,136,False,0,health,Health & Personal Care,Sports Nutrition Products,True,False,False,SRC-KAGGLE-002,amazon_products.csv
B08128SXCQ,"The Honest Company Truly Calming Shampoo & Body Wash (2 X 17 Fl Oz)total Net Wt (34 Fl Oz),, (), 1count",https://www.amazon.com/dp/B08128SXCQ,4.7,0,29.33,0.0,49,False,4000,health,Health & Personal Care,Skin Care Products,True,False,False,SRC-KAGGLE-002,amazon_products.csv
B09YYW58T3,Toothbrush and Toothpaste Pearl Earrings for Women Girls Cute Small Silver Plated Dental Teeth Tools Dangle Drop Tooth Earrings Jewelry Dental Assistant Student Gift,https://www.amazon.com/dp/B09YYW58T3,4.6,0,7.99,0.0,45,False,0,health,Health & Personal Care,Beauty & Personal Care,True,False,False,SRC-KAGGLE-002,amazon_products.csv
B00P9WE8IE,Turpentine Soap,https://www.amazon.com/dp/B00P9WE8IE,4.5,0,9.09,0.0,49,False,400,health,Health & Personal Care,Skin Care Products,True,False,False,SRC-KAGGLE-002,amazon_products.csv
B09ZXDW1RD,"FORTIVO 3 Pairs Extra Wide Socks for Swollen Feet, Diabetic Socks for Men, Non Slip Socks, Diabetic Socks, Hospital Socks",https://www.amazon.com/dp/B09ZXDW1RD,4.5,0,24.99,0.0,131,False,600,health,Health & Personal Care,Health Care Products,True,False,False,SRC-KAGGLE-002,amazon_products.csv
B00YSNB2FW,"Raw African Shea Butter 16 oz. - 100% Pure Natural Unrefined IVORY - Ideal Moisturizer For Dry Skin, Body, Face And Hair Growth. Great For DIY Soap and Lip balm Making.",https://www.amazon.com/dp/B00YSNB2FW,4.6,0,10.95,0.0,49,False,400,health,Health & Personal Care,Skin Care Products,True,False,False,SRC-KAGGLE-002,amazon_products.csv
B081N6R4WS,3D Teeth Whitening Shade Guide Porcelain - 16 Colors/Set Tooth Bleaching Shade Chart Mold - Tracking & Comparing - Dental Material Equipment - Oral Care,https://www.amazon.com/dp/B081N6R4WS,4.3,0,16.99,0.0,45,False,50,health,Health & Personal Care,Beauty & Personal Care,True,False,False,SRC-KAGGLE-002,amazon_products.csv
B07N1MPVKT,"Pure 5-HTP (5-Hydroxytryptophan) Plus GABA Supplement - for Sleep, Mood & Stress Management - 60 Veggie Caps",https://www.amazon.com/dp/B07N1MPVKT,4.2,0,28.97,37.66,136,False,200,health,Health & Personal Care,Sports Nutrition Products,True,False,False,SRC-KAGGLE-002,amazon_products.csv
B00COYFJ3S,"BPI Sports Nite burn – Nighttime Fat Burner & Sleep Support – Keto-Friendly – Weight Loss, Burn Fat, Relaxation, Boost Metabolism – 30 servings – 640mg, Capsule",https://www.amazon.com/dp/B00COYFJ3S,4.1,0,16.47,0.0,136,False,700,health,Health & Personal Care,Sports Nutrition Products,True,False,False,SRC-KAGGLE-002,amazon_products.csv
B0C5W283BY,"GLUCO TO GO 15 - Oral Glucose Gel Lemon Flavored, 37.5g, 3 one use Squeeze Tubes per Package/Twist Cap",https://www.amazon.com/dp/B0C5W283BY,3.7,25,14.99,0.0,132,False,100,health,Health & Personal Care,Diet & Sports Nutrition,False,False,False,SRC-KAGGLE-002,amazon_products.csv
B0828ZJDQ9,"Microwavable Heating Mittens for Hand and Fingers to Relieve Arthritis Pain Heated Hands Mitts Warmers 1 Pair, Unscented Hand Muff",https://www.amazon.com/dp/B0828ZJDQ9,4.4,0,29.99,0.0,131,True,0,health,Health & Personal Care,Health Care Products,True,False,False,SRC-KAGGLE-002,amazon_products.csv
B0B194KBTX,Beyond Raw Concept X - Gummy Worm - 20.76 oz.,https://www.amazon.com/dp/B0B194KBTX,3.5,0,64.99,0.0,136,False,50,health,Health & Personal Care,Sports Nutrition Products,True,False,False,SRC-KAGGLE-002,amazon_products.csv
B00006WNQS,Interplak by Conair Opti-Clean Cordless Rechargeable Power Plaque Remover,https://www.amazon.com/dp/B00006WNQS,4.4,0,22.75,26.99,45,False,0,health,Health & Personal Care,Beauty & Personal Care,True,False,False,SRC-KAGGLE-002,amazon_products.csv
B008MCUOH2,"3M Ear Plugs, 200 Pairs/Box, E-A-Rsoft Yellow Neons 312-1250, Uncorded, Disposable, Foam, NRR 33, Drilling, Grinding, Machining, Sawing, Sanding, Welding, 1 Pair/Poly Bag",https://www.amazon.com/dp/B008MCUOH2,4.6,0,23.29,37.18,131,False,1000,health,Health & Personal Care,Health Care Products,True,False,False,SRC-KAGGLE-002,amazon_products.csv
B07P1CY4YF,"Paula's Choice The UnScrub Cleansing Gentle Face Scrub, 4oz Bottle, with Jojoba Beads, Vitamin E, & Green Tea",https://www.amazon.com/dp/B07P1CY4YF,4.4,0,35.0,0.0,49,False,200,health,Health & Personal Care,Skin Care Products,True,False,False,SRC-KAGGLE-002,amazon_products.csv
B084C5BXXX,"Dove Nourishing Body Care Face, Hand and Body Rich Nourishment Cream for Extra Dry Skin with 48 Hour Moisturization, 2.53 FL OZ (Pack of 6)",https://www.amazon.com/dp/B084C5BXXX,4.6,0,7.5,8.86,49,False,300,health,Health & Personal Care,Skin Care Products,True,False,False,SRC-KAGGLE-002,amazon_products.csv
B09ZYVG7SV,Dermaharmony 2% Pyrithione Zinc (ZnP) Liquid Cleanser (non-soap) Wash (4 Fl Oz Bottle),https://www.amazon.com/dp/B09ZYVG7SV,3.8,55,8.79,0.0,49,False,200,health,Health & Personal Care,Skin Care Products,False,False,False,SRC-KAGGLE-002,amazon_products.csv
B0091OCBJ4,"Andalou Naturals Hyaluronic Dmae Lift Firm Skin Cream, Face Moisturizer with Anti Aging Antioxidants, Hydrating, Helps Reduce Fine Lines and Wrinkles, 1.7 Ounce",https://www.amazon.com/dp/B0091OCBJ4,4.3,0,13.29,26.99,49,False,2000,health,Health & Personal Care,Skin Care Products,True,False,False,SRC-KAGGLE-002,amazon_products.csv
B0CG2Y8DW1,"Portable Pill Taker Remover,2PCS Tablets Pills Blister Pack Opener Assistance Tool, Pill Dispenser No Contact Easy to Take Out Pills Tool,Medication Dispenser for The Elderly, Disabled, Individuals",https://www.amazon.com/dp/B0CG2Y8DW1,1.0,0,8.99,0.0,131,False,0,health,Health & Personal Care,Health Care Products,True,False,False,SRC-KAGGLE-002,amazon_products.csv
B09YTB7VVY,8Pcs Big Satin Layered Hair Bows for Women Girls 8 Inch Barrette Hair Clip Long Black Ribbon Bows French Style Hair Accessories (Big bow style),https://www.amazon.com/dp/B09YTB7VVY,4.5,0,9.99,0.0,47,False,800,health,Health & Personal Care,Hair Care Products,True,False,False,SRC-KAGGLE-002,amazon_products.csv
B013BOUT3Y,"Blistex Soft & Lush Lip Protectant, 0.13 Ounce Tube – Softens & Conditions, Creamy Smooth Texture, Hydrating Lip Balm, Daily Lip Hydration,",https://www.amazon.com/dp/B013BOUT3Y,4.7,0,2.99,0.0,49,False,900,health,Health & Personal Care,Skin Care Products,True,False,False,SRC-KAGGLE-002,amazon_products.csv
B08YYLYLFZ,"U-Shaped Electric Toothbrush Brush Replacement Heads, Kids Automatic Toothbrush Head Accessories, Replaceable Toothbrush Head, Silicone Toothbrush Head, Suitable for 7-12 Years Old, Pack of 4",https://www.amazon.com/dp/B08YYLYLFZ,4.1,0,13.99,0.0,45,False,0,health,Health & Personal Care,Beauty & Personal Care,True,False,False,SRC-KAGGLE-002,amazon_products.csv
B09NPPMG9G,"Old Spice Aluminum Free Deodorant for Men, Bearglove Scent, 48 Hr. Protection, 3.0 oz, Pack of 3 with Travel-Sized Swagger Body Wash",https://www.amazon.com/dp/B09NPPMG9G,4.7,0,20.91,21.99,49,False,2000,health,Health & Personal Care,Skin Care Products,True,False,False,SRC-KAGGLE-002,amazon_products.csv
B0BLGGQ48P,"U by Kotex Balance Ultra Thin Overnight Pads with Wings, Extra Heavy Absorbency, 90 Count (Packaging May Vary)",https://www.amazon.com/dp/B0BLGGQ48P,4.8,0,29.99,31.99,131,False,900,health,Health & Personal Care,Health Care Products,True,False,False,SRC-KAGGLE-002,amazon_products.csv
B07XH1S874,ALURAM Coconut Water Based Moisturizing Conditioner for Men & Women - Clean Beauty - Sulfate & Paraben Free,https://www.amazon.com/dp/B07XH1S874,4.7,0,20.0,0.0,47,False,700,health,Health & Personal Care,Hair Care Products,True,False,False,SRC-KAGGLE-002,amazon_products.csv
B0C28W55B7,mirrorball high shine + protect antioxidant conditioner,https://www.amazon.com/dp/B0C28W55B7,4.5,0,26.0,0.0,47,False,2000,health,Health & Personal Care,Hair Care Products,True,False,False,SRC-KAGGLE-002,amazon_products.csv
B098QF5MF8,"Dr Teal's Body Wash with Pure Epsom Salt, Cannabis Sativa Hemp Seed Oil, 24 fl oz (Pack of 4) (Packaging May Vary)",https://www.amazon.com/dp/B098QF5MF8,4.8,0,23.48,0.0,49,False,400,health,Health & Personal Care,Skin Care Products,True,False,False,SRC-KAGGLE-002,amazon_products.csv
B079YF2L2X,4x4 esthetic wipe nonwoven White 200/Pk 4ply lint free,https://www.amazon.com/dp/B079YF2L2X,4.6,0,11.75,0.0,49,False,200,health,Health & Personal Care,Skin Care Products,True,False,False,SRC-KAGGLE-002,amazon_products.csv
B08DLJT64F,"Johnson's Strengthening Tear-Free Kids' Conditioner with Vitamin E Strengthens & Helps Prevent Breakage, Paraben-, Sulfate- & Dye-Free, Hypoallergenic & Gentle on Toddler Hair, 13.6 fl. oz",https://www.amazon.com/dp/B08DLJT64F,4.7,0,7.32,0.0,47,False,3000,health,Health & Personal Care,Hair Care Products,True,False,False,SRC-KAGGLE-002,amazon_products.csv
B079KVCC42,Avon Black Suede Deodorant 2.6 oz lot of 10,https://www.amazon.com/dp/B079KVCC42,4.8,0,18.75,19.64,52,False,600,health,Health & Personal Care,Personal Care Products,True,False,False,SRC-KAGGLE-002,amazon_products.csv
B071QX2PJ2,Norwex Toothbrush Refills Medium,https://www.amazon.com/dp/B071QX2PJ2,4.9,0,27.95,35.92,45,False,0,health,Health & Personal Care,Beauty & Personal Care,True,False,False,SRC-KAGGLE-002,amazon_products.csv
B07TRT1DPT,"Hair Bun Shaper Set, include 3 Pieces Bun Donut, 2 Pieces Bun Marker, 4 Pieces Ponytail Tool, 10 Pieces Bobby Pins and 2 Pieces Elastic Bands for Women Kids Hair Bun Maker Kit",https://www.amazon.com/dp/B07TRT1DPT,3.9,0,6.99,0.0,47,False,700,health,Health & Personal Care,Hair Care Products,True,False,False,SRC-KAGGLE-002,amazon_products.csv
B00DOTJO7O,"HQRP 3.7V Li-Ion Battery Compatible with Philips Sonicare HX6150 HX6902 HX6910 HX6911 HX6912 HX6932 HX6933 HX6952 HX6982 HX6311, FlexCare Platinum HX9170 HX9170/10 HX9110 HX8911 Toothbrush 49x14mm",https://www.amazon.com/dp/B00DOTJO7O,4.1,0,6.91,11.85,45,False,0,health,Health & Personal Care,Beauty & Personal Care,True,False,False,SRC-KAGGLE-002,amazon_products.csv
B08MS59H7Q,"Hair Therapy Kevin Murphy Plumping Wash and Rinse for Thinning Densifying Duo Set, 8.4 Fl Oz 2 Count (Pack of 1)",https://www.amazon.com/dp/B08MS59H7Q,4.6,0,69.58,80.0,47,False,600,health,Health & Personal Care,Hair Care Products,True,False,False,SRC-KAGGLE-002,amazon_products.csv
B08QF8T4RF,"Bath Bombs for Girls - 6 Aromatherapy Bathbombs with Natural and Organic Ingredients, Skin Moisturizing Bubble Bath Fizzy, Bath Bombs for Kids, Women, Teenage Girls Birthdays, Halloween Party Favors",https://www.amazon.com/dp/B08QF8T4RF,4.7,0,15.95,24.99,52,False,600,health,Health & Personal Care,Personal Care Products,True,False,False,SRC-KAGGLE-002,amazon_products.csv
B077XQG1B5,"Natural Testosterone Booster Force X7 KSM-66 Ashwagandha, Longjack, Maca Root, Shilajit - 30 Day Supply",https://www.amazon.com/dp/B077XQG1B5,3.9,0,34.95,49.95,136,False,0,health,Health & Personal Care,Sports Nutrition Products,True,False,False,SRC-KAGGLE-002,amazon_products.csv
B09BZGZNSQ,2 Pcs Electric Toothbrush Heads for BTFO 1741-02 (White),https://www.amazon.com/dp/B09BZGZNSQ,4.8,0,8.19,0.0,45,False,0,health,Health & Personal Care,Beauty & Personal Care,True,False,False,SRC-KAGGLE-002,amazon_products.csv
B08XV28K16,"COSRX Master Patch Intensive 90 Patches | Oval-Shaped Hydrocolloid Pimple Patch with Tea Tree Oil | Quick & Easy Blemish, Zit, Spot Treatment | Salicylic Acid & Tea Tree Oil | Korean Skincare",https://www.amazon.com/dp/B08XV28K16,4.5,0,25.0,0.0,49,False,1000,health,Health & Personal Care,Skin Care Products,True,False,False,SRC-KAGGLE-002,amazon_products.csv
B094SM4H3L,"Nutrafol Women's Hair Serum, Supports Visibly Thicker and Stronger Hair, Vegan, Lightweight and Fast-Absorbing - 1.7 Fl Oz, 1 Bottle - 1.7 Fl Oz, 1 Bottle",https://www.amazon.com/dp/B094SM4H3L,4.1,0,69.0,0.0,47,False,4000,health,Health & Personal Care,Hair Care Products,True,False,False,SRC-KAGGLE-002,amazon_products.csv
B082DMK8D1,"SkinnyFit Jump Start and Repair & Recover Powder, Pre & Post Workout Supplements, Natural Energy, Boost Focus & Endurance, Muscle Recovery & Growth, 30 Servings of Each",https://www.amazon.com/dp/B082DMK8D1,4.2,0,98.01,0.0,136,False,0,health,Health & Personal Care,Sports Nutrition Products,True,False,False,SRC-KAGGLE-002,amazon_products.csv
B00172BJ1O,"Mario Badescu Super Rich Olive Body Lotion for Dry Skin, Non-Greasy and Creamy Skin Care Moisturizer Infused with Olive Oil, Ideal for All Skin Types",https://www.amazon.com/dp/B00172BJ1O,4.5,0,22.0,0.0,49,False,700,health,Health & Personal Care,Skin Care Products,True,False,False,SRC-KAGGLE-002,amazon_products.csv
B08HJM5ZN4,"Cetaphil Sheer Mineral Sunscreen Stick for Face & Body, 0.5oz, 100% Mineral Sunscreen: Zinc Oxide & Titanium Dioxide, Broad Spectrum SPF 50, For Sensitive Skin",https://www.amazon.com/dp/B08HJM5ZN4,4.4,0,7.97,0.0,49,False,3000,health,Health & Personal Care,Skin Care Products,True,False,False,SRC-KAGGLE-002,amazon_products.csv
B0C1PB1K3V,BioGaia Prodentis | Clinically Proven Dental Probiotics for Teeth and Gums | Promotes Good Oral Health & Gut Health Too | Oral Probiotics | 30 Apple-Flavored Lozenges | 1-Pack,https://www.amazon.com/dp/B0C1PB1K3V,4.4,0,23.0,0.0,45,False,500,health,Health & Personal Care,Beauty & Personal Care,True,False,False,SRC-KAGGLE-002,amazon_products.csv
B0CB4K1BPY,"Silicone Retainer Case, Portable Braces Case with Vent Holes, Slim Portable Orthodontic Dental Retainer Box for Women Men Kids Travel, Suitable for Aligner, Denture, Mouth Guard, Pink",https://www.amazon.com/dp/B0CB4K1BPY,5.0,0,6.99,0.0,45,False,0,health,Health & Personal Care,Beauty & Personal Care,True,False,False,SRC-KAGGLE-002,amazon_products.csv
B09F2GT7R3,Halloween and Fall Knotted Bandana Headbands and Scrunchies for Women and Girls (Orange Knotted Bandana),https://www.amazon.com/dp/B09F2GT7R3,4.5,0,12.99,14.99,47,False,300,health,Health & Personal Care,Hair Care Products,True,False,False,SRC-KAGGLE-002,amazon_products.csv
B098TQZXPF,"Reusable Ice Pack for Injuries - Gel Pack for Icing Injuries (11x14.5"") - Large Ice Pack for Back, Knee, Shoulder, Hip",https://www.amazon.com/dp/B098TQZXPF,4.7,0,29.99,39.99,131,False,0,health,Health & Personal Care,Health Care Products,True,False,False,SRC-KAGGLE-002,amazon_products.csv
B07DKWCKVV,"Provence Beauty Rose Multi-Use Oil for Face, Body and Hair - Organic Blend of Apricot, Vitamin E and Sweet Almond Oil Moisturizer for Dry Skin, Scalp & Nails - Rose Petals & Bergamot Essential Oil - 4 Fl Oz",https://www.amazon.com/dp/B07DKWCKVV,4.5,0,13.95,20.0,47,False,3000,health,Health & Personal Care,Hair Care Products,True,False,False,SRC-KAGGLE-002,amazon_products.csv
B09NPC6XGY,"10002, Steel Wool Soap Pads, 10 Ct (1-Pack)",https://www.amazon.com/dp/B09NPC6XGY,4.6,0,6.06,7.62,52,False,1000,health,Health & Personal Care,Personal Care Products,True,False,False,SRC-KAGGLE-002,amazon_products.csv
B07XW2ZBZ3,Oribe Bright Blonde Conditioner for Beautiful Color,https://www.amazon.com/dp/B07XW2ZBZ3,4.6,0,52.0,0.0,47,False,1000,health,Health & Personal Care,Hair Care Products,True,False,False,SRC-KAGGLE-002,amazon_products.csv
B09YMPDH88,"Gold Bond Body Bright Daily Body & Face Lotion with Vitamin C, 8 oz.",https://www.amazon.com/dp/B09YMPDH88,4.6,0,11.97,14.99,49,False,1000,health,Health & Personal Care,Skin Care Products,True,False,False,SRC-KAGGLE-002,amazon_products.csv
B019FCUXVO,"Vaseline Lip Therapy Lip Balm Tin, Rosy Lips, 0.6 oz",https://www.amazon.com/dp/B019FCUXVO,4.5,0,3.47,4.39,49,False,400,health,Health & Personal Care,Skin Care Products,True,False,False,SRC-KAGGLE-002,amazon_products.csv
B00RYWJ404,"Enjoy Dry Wax, Long-Lasting Matte Finish Hair Styling Wax for All Hair Types - Easy to Apply and Infused with Nourishing Ingredients for Healthier Hair, 2oz",https://www.amazon.com/dp/B00RYWJ404,4.2,0,23.95,0.0,47,False,1000,health,Health & Personal Care,Hair Care Products,True,False,False,SRC-KAGGLE-002,amazon_products.csv
B082PTP8YB,"Ultrasonic Denture Cleaner, BlumWay Profession Retainer/Aligner/Mouth Guard Cleaner Machine, SUS304 Material 5 Minute Quick Cleaning",https://www.amazon.com/dp/B082PTP8YB,4.0,0,54.99,0.0,45,False,0,health,Health & Personal Care,Beauty & Personal Care,True,False,False,SRC-KAGGLE-002,amazon_products.csv
B000FAE2GI,"Kneipp Arnica Joint & Muscle Intensive Cream, 3.52 fl. oz.",https://www.amazon.com/dp/B000FAE2GI,4.5,596,22.0,0.0,49,False,200,health,Health & Personal Care,Skin Care Products,False,False,False,SRC-KAGGLE-002,amazon_products.csv
B08D8FSVZ2,"ELEMIS Pro-Collagen Energising Marine Cleanser, 5 fl. oz.",https://www.amazon.com/dp/B08D8FSVZ2,4.7,463,56.1,66.0,49,False,200,health,Health & Personal Care,Skin Care Products,False,False,False,SRC-KAGGLE-002,amazon_products.csv
B097G8MJJ8,"Duke Cannon Supply Co. Big Brick of Bay Rum Soap, 10 oz - Superior Grade Men's Soap with Aromatic Summer Scent of Citrus Musk, Cedarwood and Island Spice",https://www.amazon.com/dp/B097G8MJJ8,4.5,0,7.99,10.99,49,False,200,health,Health & Personal Care,Skin Care Products,True,False,False,SRC-KAGGLE-002,amazon_products.csv
B08BLVNJH4,Supersmart - 7-Keto™ DHEA 25 mg (7-OXO-DHEA) - Anti Aging Nutritional Supplement - Natural DHEA Metabolite | Clean Label Non-GMO & Gluten Free - 60 Vegetarian Capsules,https://www.amazon.com/dp/B08BLVNJH4,4.2,0,19.0,0.0,136,False,50,health,Health & Personal Care,Sports Nutrition Products,True,False,False,SRC-KAGGLE-002,amazon_products.csv
B0CCMTDJFM,"Extra Large Heating Pad for Back Pain Relief, 17""x33"" Electric Heating Pads with 9 Heat Settings, Auto Shut Off, XL Heating Pad for Neck Shoulder Full Body Cramps, Machine Washable-Grey",https://www.amazon.com/dp/B0CCMTDJFM,4.7,0,32.99,34.99,131,False,0,health,Health & Personal Care,Health Care Products,True,False,False,SRC-KAGGLE-002,amazon_products.csv
B010RAWY9W,"Simple Micellar Cleansing Water, 6.7 Ounce (2 Pack)",https://www.amazon.com/dp/B010RAWY9W,4.7,0,8.1,8.49,49,False,1000,health,Health & Personal Care,Skin Care Products,True,False,False,SRC-KAGGLE-002,amazon_products.csv
B0BZHGMRF5,"Aligner Chewies with Grip Stick 12Pcs, Assist the Setting of Clear/Metal Braces, Retainer Tray in Place, Food-grade material Silicone, BPA FREE, Individually Packaged(Purple)",https://www.amazon.com/dp/B0BZHGMRF5,4.0,0,9.99,10.99,45,False,0,health,Health & Personal Care,Beauty & Personal Care,True,False,False,SRC-KAGGLE-002,amazon_products.csv
B001J6O3NO,"Speed Stick Power Antiperspirant Deodorant for Men, Ultimate Sport -3 Ounce (Pack of 6)",https://www.amazon.com/dp/B001J6O3NO,4.6,0,22.0,0.0,52,False,400,health,Health & Personal Care,Personal Care Products,True,False,False,SRC-KAGGLE-002,amazon_products.csv
B08SGK7P2F,"U by Kotex Clean & Secure Overnight Maxi Pads with Wings, Extra Heavy Absorbency, 48 Count (2 Packs of 24) (Packaging May Vary)",https://www.amazon.com/dp/B08SGK7P2F,4.6,0,16.98,0.0,131,False,1000,health,Health & Personal Care,Health Care Products,True,False,False,SRC-KAGGLE-002,amazon_products.csv
B001BEKWSY,"Fair and White Exclusive Exfoliating Soap - 7 oz / 200 g - Skin Brightening Bar, Fade Dark Spots, Hyperpigmentation Soap, Uneven Skin Tone, with Vitamin C and Shea Butter",https://www.amazon.com/dp/B001BEKWSY,4.2,0,19.99,0.0,49,False,300,health,Health & Personal Care,Skin Care Products,True,False,False,SRC-KAGGLE-002,amazon_products.csv
B0C7TG8HK5,Black Beans Protein Shake Powder 0.44lb(200g) Black Sesame 21g of Plant Based Protein (Shake Pouch (5pcs)),https://www.amazon.com/dp/B0C7TG8HK5,4.5,0,15.0,0.0,136,False,0,health,Health & Personal Care,Sports Nutrition Products,True,False,False,SRC-KAGGLE-002,amazon_products.csv
B092LCTGJF,"Chargenyang 15 unidades Alineador Chewing para bandejas Invisalign, asientos de bandeja para ortodoncia (5 cajas)",https://www.amazon.com/dp/B092LCTGJF,4.4,0,8.38,0.0,45,False,0,health,Health & Personal Care,Beauty & Personal Care,True,False,False,SRC-KAGGLE-002,amazon_products.csv
B000GFYSIO,MRM - 5-HTP 100mg (Griffonia Bean Extract) Purity Assured by HPLC 60 Vcaps,https://www.amazon.com/dp/B000GFYSIO,4.5,0,18.9,19.97,136,False,50,health,Health & Personal Care,Sports Nutrition Products,True,False,False,SRC-KAGGLE-002,amazon_products.csv
B00ONLRRJE,"Degree Shower Clean Dry Protection Antiperspirant Deodorant Stick, 0.5 ounce (Pack of 18) (18 Pack)",https://www.amazon.com/dp/B00ONLRRJE,4.6,0,31.99,0.0,52,False,1000,health,Health & Personal Care,Personal Care Products,True,False,False,SRC-KAGGLE-002,amazon_products.csv
B07VFYM5B5,Metal Hair Band for Men Headband Women Hair Bands Men Unisex Black Wavy Spring Outdoor Sports Headbands for Men's Hair Band Hoop Clips Women Accessories Simple Elastic Non Slip Head Band Headwear,https://www.amazon.com/dp/B07VFYM5B5,4.3,0,6.98,9.99,47,False,7000,health,Health & Personal Care,Hair Care Products,True,False,False,SRC-KAGGLE-002,amazon_products.csv
B0B9XVCP15,"Dentures Case, Denture Bath Case Cup Box Double Layer Dry and Wet Separation Portable False Teeth Container, Denture Cup with Lid for Cleaning Household Office Travel(Blue)",https://www.amazon.com/dp/B0B9XVCP15,4.1,0,12.99,0.0,45,False,50,health,Health & Personal Care,Beauty & Personal Care,True,False,False,SRC-KAGGLE-002,amazon_products.csv
B08R9MV1FV,4x4 Deep Wave Lace Closure Wigs Deep Curly Lace Front Wigs Human Hair Wigs for Black Women Glueless Wigs Human Hair Pre Plucked Deep Wave Peruvian Virgin Wet and Wavy Human Hair Wigs with150% Density,https://www.amazon.com/dp/B08R9MV1FV,4.2,0,52.99,55.99,47,False,600,health,Health & Personal Care,Hair Care Products,True,False,False,SRC-KAGGLE-002,amazon_products.csv
B0C7SFLV46,"eos 24H Moisture Super Balm- Honey Apple, Lip Mask, Day or Night Lip Treatment, Made for Sensitive Skin, 0.35 fl oz",https://www.amazon.com/dp/B0C7SFLV46,4.7,0,4.97,5.99,49,False,500,health,Health & Personal Care,Skin Care Products,True,False,False,SRC-KAGGLE-002,amazon_products.csv
B09Y4HHY1P,"Cetaphil Face Wash, Daily Facial Cleanser for Sensitive, Combination to Oily Skin, NEW 16 oz, Fragrance Free,Gentle Foaming, Soap Free, Hypoallergenic",https://www.amazon.com/dp/B09Y4HHY1P,4.7,0,11.97,16.99,52,False,20000,health,Health & Personal Care,Personal Care Products,True,False,False,SRC-KAGGLE-002,amazon_products.csv
B075W5XFZ8,Ombre Braiding Hair (Pink/Light Pink)3pcs Jumbo Braiding Hair Extension For Box Braids Twist 24 Inch Hot Water Seal Real Soft,https://www.amazon.com/dp/B075W5XFZ8,4.2,0,13.99,0.0,47,False,300,health,Health & Personal Care,Hair Care Products,True,False,False,SRC-KAGGLE-002,amazon_products.csv
B074PWBRF9,"INNERSENSE Organic Beauty - Natural Hydrating Cream Conditioner | Non-Toxic, Cruelty-Free, Clean Haircare (10oz)",https://www.amazon.com/dp/B074PWBRF9,4.6,0,30.0,0.0,47,False,2000,health,Health & Personal Care,Hair Care Products,True,False,False,SRC-KAGGLE-002,amazon_products.csv
B09X4S7J1F,PATTERN by Tracee Ellis Ross Mini Wide Tooth Comb,https://www.amazon.com/dp/B09X4S7J1F,4.6,0,8.0,0.0,47,False,800,health,Health & Personal Care,Hair Care Products,True,False,False,SRC-KAGGLE-002,amazon_products.csv
B08YWBLM99,"Underarm Sweat Pads,Aoeoun Armpit Sweat Pads for Women and Men [100 Packs],Disposable Underarm Pads for Sweating Women,Comfortable Unflavored, Non Visible",https://www.amazon.com/dp/B08YWBLM99,3.8,0,15.97,20.97,52,False,600,health,Health & Personal Care,Personal Care Products,True,False,False,SRC-KAGGLE-002,amazon_products.csv
B07N7R7425,"5HTP 200mg Capsules | 180 Capsules | Griffonia Simplicifolia | 5HTP Extra Strength Supplement | Non-GMO, Gluten Free | 5 Hydroxytryptophan | by Horbaach",https://www.amazon.com/dp/B07N7R7425,4.5,0,16.89,0.0,136,False,900,health,Health & Personal Care,Sports Nutrition Products,True,False,False,SRC-KAGGLE-002,amazon_products.csv
B076B38WPS,VH Nutrition VITEX+ | Vitex Chasteberry Supplement for Women | Hormonal Balance* and Fertility Support* | 650mg Per Serving of Vitex Berry Extract Powder | 60 Capsules,https://www.amazon.com/dp/B076B38WPS,4.4,0,11.95,12.95,131,False,1000,health,Health & Personal Care,Health Care Products,True,False,False,SRC-KAGGLE-002,amazon_products.csv
B0785HRF6Y,"Spongellé Wild Flower Body Wash Infused Buffer, Coconut Verbena",https://www.amazon.com/dp/B0785HRF6Y,4.6,0,13.0,0.0,49,False,1000,health,Health & Personal Care,Skin Care Products,True,False,False,SRC-KAGGLE-002,amazon_products.csv
B09MHQY4D9,"Bonnet Hooded Hair Dryer Attachment, Segbeauty Extra Large Adjustable Deep Conditioning Cap, Upgraded Drying Heat Cap with Elastic Strap for Natural Curly Textured Hair Care, Fast Drying, Styling",https://www.amazon.com/dp/B09MHQY4D9,4.4,0,18.99,0.0,47,False,400,health,Health & Personal Care,Hair Care Products,True,False,False,SRC-KAGGLE-002,amazon_products.csv
B07XQCTKKJ,"Body Wash with Pure Epsom Salt, Glow & Radiance, Vitamin C & Citrus Essential Oils Teal's, 24 fl oz",https://www.amazon.com/dp/B07XQCTKKJ,4.8,0,13.25,0.0,49,False,300,health,Health & Personal Care,Skin Care Products,True,False,False,SRC-KAGGLE-002,amazon_products.csv
B00UMPBD2C,"NatureWise Raspberry Ketones Plus - Advanced Antioxidant Blend Boosts Energy, Supports Weight Targets Vegan & Gluten-Free (2 Month Supply - 120 Veggie Capsules)",https://www.amazon.com/dp/B00UMPBD2C,4.0,5613,18.99,0.0,132,False,300,health,Health & Personal Care,Diet & Sports Nutrition,False,False,False,SRC-KAGGLE-002,amazon_products.csv
B0BNYQVKQJ,Sonic Bamboo Toothbrush - Biodegradeable Bamboo Heads with Castor Oil bristles - Includes 2 Brush Heads - Replacement Heads Available Separately,https://www.amazon.com/dp/B0BNYQVKQJ,4.2,0,79.0,0.0,45,False,0,health,Health & Personal Care,Beauty & Personal Care,True,False,False,SRC-KAGGLE-002,amazon_products.csv
B0BTCWWDNR,"Dog Ears Headband Adult, 2 Pcs Cute Lovely Hairband Plush Cat Ears Headband Dress Accessory (Dog001, One Size)",https://www.amazon.com/dp/B0BTCWWDNR,4.8,0,9.58,0.0,47,False,2000,health,Health & Personal Care,Hair Care Products,True,False,False,SRC-KAGGLE-002,amazon_products.csv
B08NXWLSKG,SEBAMED Clear Face Care Gel (50mL) with Aloe Vera and Hyaluronic Acid for Impure and Acne Prone Skin - Made in Germany,https://www.amazon.com/dp/B08NXWLSKG,4.4,241,14.85,0.0,49,False,200,health,Health & Personal Care,Skin Care Products,False,False,False,SRC-KAGGLE-002,amazon_products.csv
B0199TEKPS,ARM & HAMMER ULTRAMAX Anti-Perspirant Deodorant Invisible Solid Unscented 2.60 oz (6-Pack),https://www.amazon.com/dp/B0199TEKPS,4.7,0,0.0,0.0,52,False,700,health,Health & Personal Care,Personal Care Products,True,True,False,SRC-KAGGLE-002,amazon_products.csv
B0BQKZN7ZJ,"Band-Aid Brand Adhesive Bandages for Minor Cuts & Scrapes, Wound Care Featuring Disney Princess Characters, Fun Bandages for Kids and Toddlers, Assorted Sizes, 20 Count",https://www.amazon.com/dp/B0BQKZN7ZJ,4.8,0,3.79,5.08,131,False,5000,health,Health & Personal Care,Health Care Products,True,False,False,SRC-KAGGLE-002,amazon_products.csv
B0CJ533QHK,"Skin Care Removal Kit Tools Accessory for Home Use, Safe and Effective",https://www.amazon.com/dp/B0CJ533QHK,4.8,0,19.99,0.0,49,False,100,health,Health & Personal Care,Skin Care Products,True,False,False,SRC-KAGGLE-002,amazon_products.csv
B07CYJJ18N,"Bucked Up - Woke - HIGH STIM Pre Workout - Best Tasting - Focus Nootropic, Pump, Strength and Growth, 30 Servings (Blood Raz)",https://www.amazon.com/dp/B07CYJJ18N,4.6,0,54.77,0.0,136,False,900,health,Health & Personal Care,Sports Nutrition Products,True,False,False,SRC-KAGGLE-002,amazon_products.csv
B01MQ0ZHOL,"Brilliant Sensitive Toothbrush – 360 Round Head Soft Bristle Toothbrush, Oral Hygiene Products That Are Great for Diabetics, Seniors, and those with Dry Mouth and Sensitive Teeth, White, 1 Count",https://www.amazon.com/dp/B01MQ0ZHOL,4.2,0,10.69,12.99,45,False,0,health,Health & Personal Care,Beauty & Personal Care,True,False,False,SRC-KAGGLE-002,amazon_products.csv
B008MJW18K,Respironics Premium Chin Strap by P.R.,https://www.amazon.com/dp/B008MJW18K,3.7,0,11.63,13.42,131,False,800,health,Health & Personal Care,Health Care Products,True,False,False,SRC-KAGGLE-002,amazon_products.csv
B001QX11TE,"Scunci Effortless Beauty - Open Center Metal Barrettes, Assorted Colors (6 Count)",https://www.amazon.com/dp/B001QX11TE,4.4,0,4.16,4.69,47,False,800,health,Health & Personal Care,Hair Care Products,True,False,False,SRC-KAGGLE-002,amazon_products.csv
B0C9KQR3FS,"Accelerator Starberry, 12-Fluid Ounce Can, Performance Energy, Sugar Free, Natural Ingredients, Pack of 12",https://www.amazon.com/dp/B0C9KQR3FS,4.6,255,33.48,0.0,132,False,100,health,Health & Personal Care,Diet & Sports Nutrition,False,False,False,SRC-KAGGLE-002,amazon_products.csv
B00B58EKSO,"Pacific Foods Organic Almond Vanilla Plant-Based Beverage, 32oz",https://www.amazon.com/dp/B00B58EKSO,4.4,0,3.48,0.0,136,False,600,health,Health & Personal Care,Sports Nutrition Products,True,False,False,SRC-KAGGLE-002,amazon_products.csv
B096ZQZD8J,"Denture Bath Case Cup with Denture Cleaner Brush & Retainer Holder Box, Complete Clean Care for Dentures, Clear Braces, Mouth Guard, Night Guard & Retainers,Traveling (Pink)",https://www.amazon.com/dp/B096ZQZD8J,4.7,0,6.99,7.99,45,False,200,health,Health & Personal Care,Beauty & Personal Care,True,False,False,SRC-KAGGLE-002,amazon_products.csv
B0BKH3L85X,Super Vitamin Body Wash 16 oz - pH-Balanced Moisturizing Body Wash for Men and Women - For All Skin Types,https://www.amazon.com/dp/B0BKH3L85X,4.3,0,29.99,0.0,49,False,300,health,Health & Personal Care,Skin Care Products,True,False,False,SRC-KAGGLE-002,amazon_products.csv
B084LHZLR9,"Herbal Essences Body envy shampoo , 29.2 fl oz (Packaging May Vary)",https://www.amazon.com/dp/B084LHZLR9,4.6,0,7.97,0.0,49,False,1000,health,Health & Personal Care,Skin Care Products,True,False,False,SRC-KAGGLE-002,amazon_products.csv
B001RYNKYQ,Clean & Clear Oil Free Dual Action Moisturiser,https://www.amazon.com/dp/B001RYNKYQ,4.5,2411,8.32,0.0,49,False,100,health,Health & Personal Care,Skin Care Products,False,False,False,SRC-KAGGLE-002,amazon_products.csv
B09WH3N17M,"Water Flosser Cordless-YUNERFEEL Portable Retractable Dental Flosser with 3-in-1 Rapid Charge Cable,5 Modes Travel Water Flosser,IPX7 Waterproof & 5 Jet Tips Oral Irrigator for Teeth,White",https://www.amazon.com/dp/B09WH3N17M,4.0,0,29.99,0.0,45,False,0,health,Health & Personal Care,Beauty & Personal Care,True,False,False,SRC-KAGGLE-002,amazon_products.csv
B09SVLBXR7,"Nexxus Shape and Define Multi-Styler For a Light Hold Weightless Styling Cream Shape, Define and Texture Hair Styling Cream 3.4 oz",https://www.amazon.com/dp/B09SVLBXR7,4.2,0,11.99,10.99,47,False,700,health,Health & Personal Care,Hair Care Products,True,False,False,SRC-KAGGLE-002,amazon_products.csv
B002SKZS4S,"MAC Prep + Prime Lip, 0.05 Ounce",https://www.amazon.com/dp/B002SKZS4S,4.5,0,16.8,22.5,49,False,700,health,Health & Personal Care,Skin Care Products,True,False,False,SRC-KAGGLE-002,amazon_products.csv
B07ZYXXGRC,"48 Pieces Colorful hair combs Set, for Women and Men, Colorful Coarse, Fine Dressing Comb (48 Pieces)",https://www.amazon.com/dp/B07ZYXXGRC,4.6,0,10.99,0.0,47,False,400,health,Health & Personal Care,Hair Care Products,True,False,False,SRC-KAGGLE-002,amazon_products.csv
B07CXMP59M,"The Ordinary Organic Cold-pressed Borage Seed Oil, 30 ml - 1-Pack",https://www.amazon.com/dp/B07CXMP59M,4.1,0,10.9,0.0,49,False,500,health,Health & Personal Care,Skin Care Products,True,False,False,SRC-KAGGLE-002,amazon_products.csv
B00GGPPFZ8,Dove Men+Care Body and Face Wash Clean Comfort 13.5 oz,https://www.amazon.com/dp/B00GGPPFZ8,4.7,0,5.47,0.0,49,False,50,health,Health & Personal Care,Skin Care Products,True,False,False,SRC-KAGGLE-002,amazon_products.csv
B09CDBQ33L,6 inch Short Curly Lace Front Wigs Human Hair 13X1 Pixie Cut Short Curly Human Hair Wigs Pixie Cut HD Lace Front Wigs Human Hair Plucked Bleached Knots Pixie Cut Wigs for Black Women,https://www.amazon.com/dp/B09CDBQ33L,3.5,0,22.99,24.99,47,False,300,health,Health & Personal Care,Hair Care Products,True,False,False,SRC-KAGGLE-002,amazon_products.csv
B00OCEPXMK,"L'Occitane Shea Hands & Body Lavender Liquid Soap: Cleanse, Soothing Lavendar Scent, Infused With Shea Extract to Soften, Artisinal Soap",https://www.amazon.com/dp/B00OCEPXMK,4.6,562,30.0,0.0,49,False,100,health,Health & Personal Care,Skin Care Products,False,False,False,SRC-KAGGLE-002,amazon_products.csv
B08ZYDQ2SV,60 Pcs Scrunchies Soft Velvet Scrunchies and Satin Hair Scrunchies for Girls Silk Elastic Hair Ties Scrunchies for Women Hair Accessories with Gift Bag,https://www.amazon.com/dp/B08ZYDQ2SV,4.7,0,9.99,0.0,47,False,1000,health,Health & Personal Care,Hair Care Products,True,False,False,SRC-KAGGLE-002,amazon_products.csv
B00H34644M,"Conair miniPRO Tourmaline Ceramic Travel Hair Dryer with Folding Handle, Red",https://www.amazon.com/dp/B00H34644M,4.6,0,22.99,0.0,47,False,1000,health,Health & Personal Care,Hair Care Products,True,False,False,SRC-KAGGLE-002,amazon_products.csv
B08KV3WWCN,"Manzanilla Grisi, Cleansing Shampoo with Chamomile Extract, 2 Pack, 13.5 FL Oz, Bottles",https://www.amazon.com/dp/B08KV3WWCN,4.6,0,8.19,0.0,47,False,300,health,Health & Personal Care,Hair Care Products,True,False,False,SRC-KAGGLE-002,amazon_products.csv
B08VZP5DSP,"PURIS® Organic Pea Protein Isolate Powder - 100% Grown, Processed and Packed in USA - 2 LB Unflavored - Certified Organic, Vegan, Gluten Free, Dairy Free, Non GMO - Plant Protein Powder - Keto, BCAA",https://www.amazon.com/dp/B08VZP5DSP,4.5,0,54.99,0.0,136,False,50,health,Health & Personal Care,Sports Nutrition Products,True,False,False,SRC-KAGGLE-002,amazon_products.csv
B00MWE8WAM,Nutricost Beta Alanine Powder 300 Grams (10.6oz) - 3 Grams Per Serving,https://www.amazon.com/dp/B00MWE8WAM,4.7,0,14.95,19.95,136,False,3000,health,Health & Personal Care,Sports Nutrition Products,True,False,False,SRC-KAGGLE-002,amazon_products.csv
B0118IQCRM,"VERB Curl Cream – Vegan Curl Styling Cream – Lightweight Leave In Curl Defining Cream – Anti-Frizz Curl Cream Provides Shape, Softness and Hold – Curl Styler without Paraben and Harmful Sulfate",https://www.amazon.com/dp/B0118IQCRM,4.4,0,20.0,0.0,47,False,1000,health,Health & Personal Care,Hair Care Products,True,False,False,SRC-KAGGLE-002,amazon_products.csv
B09SCZHBP9,"Oaoleer 12PCS 7"" Large Glitter Cheer Hair Bows Ponytail Holder Elastic Band Handmade for Cheerleading Teen Girls College Sports (Sequin Hot Pink 12PCS)",https://www.amazon.com/dp/B09SCZHBP9,4.7,0,19.99,0.0,47,False,300,health,Health & Personal Care,Hair Care Products,True,False,False,SRC-KAGGLE-002,amazon_products.csv
B08T64M9H2,12pc Activated Charcoal Teeth Whitening Strips Dental Whitener White White Strip,https://www.amazon.com/dp/B08T64M9H2,3.9,0,9.68,11.88,45,False,0,health,Health & Personal Care,Beauty & Personal Care,True,False,False,SRC-KAGGLE-002,amazon_products.csv
B09G7PVXKB,"THriV Nutrition - Organic Plant Based Protein Powder, Chocolate or Vanilla, Vegan, Gluten-Free, Non-GMO, Dairy Free, (2.5lb/1,140g) Powder (Chocolate)",https://www.amazon.com/dp/B09G7PVXKB,4.2,0,24.95,0.0,136,False,0,health,Health & Personal Care,Sports Nutrition Products,True,False,False,SRC-KAGGLE-002,amazon_products.csv
B007XTP1ZA,"ALLMAX CAFFEINE - 100 Tablets - Increases Mental Alertness, Focus & Energy - Vegan - 100 Servings",https://www.amazon.com/dp/B007XTP1ZA,4.5,2643,0.0,0.0,132,False,100,health,Health & Personal Care,Diet & Sports Nutrition,False,True,False,SRC-KAGGLE-002,amazon_products.csv
B01DVO77WA,"MG217 Psoriasis Dead Sea Exfoliating Bar Soap - Dead Sea Salt, Mud, Aloe Vera, Vitamin E & Rose Geranium Oil for Psoriasis Skincare, 3.2oz",https://www.amazon.com/dp/B01DVO77WA,4.3,0,7.25,0.0,131,False,0,health,Health & Personal Care,Health Care Products,True,False,False,SRC-KAGGLE-002,amazon_products.csv
B01E9LP8T8,"Ever Ready First Aid Triangular Bandage, 40"" x 40"" x 56"", 12 Count- 100% Cotton",https://www.amazon.com/dp/B01E9LP8T8,4.6,0,9.31,10.95,131,False,500,health,Health & Personal Care,Health Care Products,True,False,False,SRC-KAGGLE-002,amazon_products.csv
B000CQRYUG,"Woody's Men's Daily Shampoo- For All Hair Types With Vitamin B5, E, Aloe Vera, Ginger, 32 Fluid Ounce - 1 Pack",https://www.amazon.com/dp/B000CQRYUG,4.5,0,15.27,22.99,47,False,200,health,Health & Personal Care,Hair Care Products,True,False,False,SRC-KAGGLE-002,amazon_products.csv
B0BVDR7HXV,The Honey Pot Company - Sensitive Feminine Wash - Herbal Infused Natural Hygiene Wash for Sensitive Skin Types - PH Balanced Plant Based Wash Free from Parabens and Sulfates - 5.51 Fluid Oz.,https://www.amazon.com/dp/B0BVDR7HXV,4.6,0,0.0,0.0,131,False,1000,health,Health & Personal Care,Health Care Products,True,True,False,SRC-KAGGLE-002,amazon_products.csv
B09218ZYDJ,HUM Core Strength Vanilla Protein Powder - Organic Vegan Plant Protein for Shakes & Smoothies for Lean Muscle Mass (15 Servings),https://www.amazon.com/dp/B09218ZYDJ,4.2,0,26.0,0.0,136,False,200,health,Health & Personal Care,Sports Nutrition Products,True,False,False,SRC-KAGGLE-002,amazon_products.csv
B07KF626LC,"AROMATICA Rosemary Scalp Scrub 5.82oz / 165g, Sulfate-Free, Silicone-Free, Vegan, Cleansing with Salt Granules, Invigorates and Exfoliates Scalp, Micro-Exfoliate",https://www.amazon.com/dp/B07KF626LC,4.2,0,19.0,0.0,47,False,900,health,Health & Personal Care,Hair Care Products,True,False,False,SRC-KAGGLE-002,amazon_products.csv
B0BZR9X6Y9,Replacement Toothbrush Head for Philips Sonicare (with Protective Cover)： Electric Replacement Brush Head Compatible with Phillips Sonicare Snap-on (Click-on),https://www.amazon.com/dp/B0BZR9X6Y9,4.8,0,15.99,0.0,45,False,50,health,Health & Personal Care,Beauty & Personal Care,True,False,False,SRC-KAGGLE-002,amazon_products.csv
B09HHGVGQB,"Amazon Basics Soft & Sleek Conditioner for Dry or Damaged Hair, 28 Fluid Ounce",https://www.amazon.com/dp/B09HHGVGQB,4.3,0,4.96,0.0,47,False,1000,health,Health & Personal Care,Hair Care Products,True,False,False,SRC-KAGGLE-002,amazon_products.csv
B08H87874V,"2 Pieces Parting Comb and 6 Pieces Hair Clip, Women Rat Tail Comb Cutting Comb with Wide and Fine Teeth Salon Hairdressing Hair Care Tools",https://www.amazon.com/dp/B08H87874V,4.7,0,6.99,0.0,47,False,200,health,Health & Personal Care,Hair Care Products,True,False,False,SRC-KAGGLE-002,amazon_products.csv
B079NH4LKB,"Yes To Face Wipes for Women and Men, Restoring Facial Cleansing Wipes for use as a Make Up Remover, Cleaning, Soothing, Coconut (Pack of 2)",https://www.amazon.com/dp/B079NH4LKB,4.4,0,12.58,0.0,49,False,300,health,Health & Personal Care,Skin Care Products,True,False,False,SRC-KAGGLE-002,amazon_products.csv
B07658LDTL,"BIOSSANCE Squalane and Vitamin C Rose Oil. Facial Oil to Visibly Brighten, Hydrate, Firm and Reveal Radiant Skin 1.0 ounces",https://www.amazon.com/dp/B07658LDTL,4.5,0,56.39,74.0,49,False,1000,health,Health & Personal Care,Skin Care Products,True,False,False,SRC-KAGGLE-002,amazon_products.csv
B07P4NJPZ2,"Oribe Curl Gelèe for Shine & Definition,8.45 Fl Oz (Pack of 1)",https://www.amazon.com/dp/B07P4NJPZ2,4.3,0,44.0,0.0,47,False,200,health,Health & Personal Care,Hair Care Products,True,False,False,SRC-KAGGLE-002,amazon_products.csv
B00W61NZVW,"Conair BC84WCSR Instant Heat 3/4"" Hot Brush",https://www.amazon.com/dp/B00W61NZVW,4.5,0,21.25,26.4,47,False,200,health,Health & Personal Care,Hair Care Products,True,False,False,SRC-KAGGLE-002,amazon_products.csv
B0C385TTXR,"CONTROL-Appetite Suppressant for Weight Loss | Hunger Suppression, Fat & Carb Blocker, Reduce Cravings & Snacking | Fast Weight Loss For Women & Men-Sugar/Stimulant Free 180 Capsules 30-Day Supply",https://www.amazon.com/dp/B0C385TTXR,3.9,98,34.99,0.0,132,False,300,health,Health & Personal Care,Diet & Sports Nutrition,False,False,False,SRC-KAGGLE-002,amazon_products.csv
B0CC5LMY5C,24 Pieces Hair Clips Snap Hair Clips for Women Double Grip Hair Clips for Thick Hair Metal Hair Barrettes Hair Accessories for Girls Hair Making Salon,https://www.amazon.com/dp/B0CC5LMY5C,4.5,0,6.99,9.99,47,False,400,health,Health & Personal Care,Hair Care Products,True,False,False,SRC-KAGGLE-002,amazon_products.csv
B06XSD99V3,"Garden of Life Prenatal Gummies Multivitamin with Vitamin D3, B6, B12, C & Folate for Healthy Fetal Development mykind Organics – Organic, Non-GMO, Gluten-Free, Vegan, Berry Flavor, 30 Day Supply",https://www.amazon.com/dp/B06XSD99V3,4.4,0,26.59,34.99,131,False,9000,health,Health & Personal Care,Health Care Products,True,False,False,SRC-KAGGLE-002,amazon_products.csv
B0BJS382RM,"Mrs. Meyer's Holiday Liquid Dish Soap Variety Pack, 16 OZ 3 CT",https://www.amazon.com/dp/B0BJS382RM,4.8,0,22.16,29.95,49,False,100,health,Health & Personal Care,Skin Care Products,True,False,False,SRC-KAGGLE-002,amazon_products.csv
B0833T9S4K,10 Pack Headbands for Women Fashion Knotted Headband Wide Womens Cheetah Turban Velvet Non Slip Leopard Print Head Band Bands Hair Accessories Girls,https://www.amazon.com/dp/B0833T9S4K,4.5,0,9.99,0.0,47,False,300,health,Health & Personal Care,Hair Care Products,True,False,False,SRC-KAGGLE-002,amazon_products.csv
B004WPJBF4,"Playtex Sport Tampons, Super Plus Absorbency, Fragrance-Free - 36ct",https://www.amazon.com/dp/B004WPJBF4,4.7,0,7.96,11.99,131,False,5000,health,Health & Personal Care,Health Care Products,True,False,False,SRC-KAGGLE-002,amazon_products.csv
B07QHCLW8G,"Wagner & Stern. Deep Toothbrush Sanitizer/UV-C Sterilizer. for Home and Travel, USB Li-Ion Rechargeable Battery. 3D Design. Compatible with All Brush Heads. Automatic.",https://www.amazon.com/dp/B07QHCLW8G,4.4,0,24.97,0.0,45,False,50,health,Health & Personal Care,Beauty & Personal Care,True,False,False,SRC-KAGGLE-002,amazon_products.csv
B075TWC1XB,"Quinn's Pure Castile Organic Liquid Soap, 32 ounce (Unscented)",https://www.amazon.com/dp/B075TWC1XB,4.7,0,16.49,0.0,49,False,1000,health,Health & Personal Care,Skin Care Products,True,False,False,SRC-KAGGLE-002,amazon_products.csv
B00LLJVQOI,The Tongue Cleaner (Two),https://www.amazon.com/dp/B00LLJVQOI,4.7,0,9.89,0.0,45,False,50,health,Health & Personal Care,Beauty & Personal Care,True,False,False,SRC-KAGGLE-002,amazon_products.csv
B0BMPDMMJS,Korean Bakuchiol Concentrate Mix 2 Drops In Any Step of Your Skin Care Routine Retinol Alternative Non GMO Vegan Certificate Safe Natural Botanical Antioxidant Cold Pressed 10000ppm 30ml,https://www.amazon.com/dp/B0BMPDMMJS,4.5,0,15.92,0.0,49,False,300,health,Health & Personal Care,Skin Care Products,True,False,False,SRC-KAGGLE-002,amazon_products.csv
B00K4OPD6I,ENHANCE - Rapid-Action Breast Enlargement Cream for Quick Growth - Lifting and Firming Breast Enhancement Cream with Voluplus - Generous 2 Month Supply,https://www.amazon.com/dp/B00K4OPD6I,4.0,0,39.95,49.99,49,False,200,health,Health & Personal Care,Skin Care Products,True,False,False,SRC-KAGGLE-002,amazon_products.csv
B07MVYQ4WW,"SOME BY MI AHA BHA PHA 30 Days Miracle Serum - 1.69Oz, 50ml - Made from Tea tree Leaf Water for Sensitive Skin - Sebum, Blemish Care and Remove Dead Cells - Facial Skin Care",https://www.amazon.com/dp/B07MVYQ4WW,4.5,0,15.61,0.0,49,False,400,health,Health & Personal Care,Skin Care Products,True,False,False,SRC-KAGGLE-002,amazon_products.csv
B0BZ67MYNM,Rosewater Face Mist - Hydrating Rose Toner Face Spray Mist with Witch Hazel - Rosewater Toner Face Rosewater Spray Face Mist Hydrating Spray - Agua de Rosa para la Cara Hidratante - Rosewater Spray,https://www.amazon.com/dp/B0BZ67MYNM,4.7,269,20.99,24.99,49,False,200,health,Health & Personal Care,Skin Care Products,False,False,False,SRC-KAGGLE-002,amazon_products.csv
B07GRDV811,"Rizos Curls Hydrating Shampoo, Deep Conditioner & Curl Defining Cream for Hair Products - Intense Treatment & Nourishment for Wavy and Curly Hair (Hair Care Set)",https://www.amazon.com/dp/B07GRDV811,4.5,0,58.0,0.0,47,False,600,health,Health & Personal Care,Hair Care Products,True,False,False,SRC-KAGGLE-002,amazon_products.csv
B08ZJ7QK3Y,"Combo p10 Tube Frame, Medium, Large, Small Pillows and Strap by Med-Line RMH",https://www.amazon.com/dp/B08ZJ7QK3Y,4.3,0,80.0,104.9,131,False,0,health,Health & Personal Care,Health Care Products,True,False,False,SRC-KAGGLE-002,amazon_products.csv
B0C93RN2XP,"Compatible with Burst Kids Electric Toothbrush Replacement Heads with Dust Cover Caps, Perfect for Burst Kids Toothbrush,6 Pack, Pink",https://www.amazon.com/dp/B0C93RN2XP,4.2,0,15.99,0.0,45,False,100,health,Health & Personal Care,Beauty & Personal Care,True,False,False,SRC-KAGGLE-002,amazon_products.csv
B08BTR895R,"misoli Hyaluronic acid & Caffeine Hydrogel Eye Patches -Under Eye Patch for Puffy Eyes & Bags, Dark Circles and Puffiness, Cooling Patches for Skincare, Puffy Eyes & Bags for Beauty & Personal Care",https://www.amazon.com/dp/B08BTR895R,4.3,659,22.99,0.0,49,False,50,health,Health & Personal Care,Skin Care Products,False,False,False,SRC-KAGGLE-002,amazon_products.csv
B004X2LH9Y,"Rise Whey Protein Bars - Almond Honey | Healthy Breakfast Bar & Protein Snacks, 20g Protein, 4g Fiber, Just 3 Whole Food Ingredients, Non-GMO Healthy Snacks, Gluten-Free, Soy Free Bar, 12 Pack",https://www.amazon.com/dp/B004X2LH9Y,4.2,3500,28.49,0.0,132,False,4000,health,Health & Personal Care,Diet & Sports Nutrition,False,False,False,SRC-KAGGLE-002,amazon_products.csv
B01LDELBTU,"Sky Organics Tinted Lip Balms for Lips to Moisturize, Soften & Add A Wash of Color, Four Assorted Shades, 4pk.",https://www.amazon.com/dp/B01LDELBTU,4.3,0,6.88,0.0,49,False,1000,health,Health & Personal Care,Skin Care Products,True,False,False,SRC-KAGGLE-002,amazon_products.csv
B0773PWXJ7,"Sara Happ The Lip Slip One Luxe Balm, 2nd Gen",https://www.amazon.com/dp/B0773PWXJ7,4.5,0,0.0,0.0,49,False,400,health,Health & Personal Care,Skin Care Products,True,True,False,SRC-KAGGLE-002,amazon_products.csv
B0C5H93VG3,Red-Light-Therapy，Led Facial Light Therapy 7 Colors Eye Beauty Wand Face Massager Red Light Therapy for Face Skincare Wand Red & Blue Rejuvenation Tool,https://www.amazon.com/dp/B0C5H93VG3,4.5,0,59.99,69.99,49,True,900,health,Health & Personal Care,Skin Care Products,True,False,False,SRC-KAGGLE-002,amazon_products.csv
B004TJD6NG,"Amazing Grass Greens Trio: Greens Powder with Wheatgrass, Alfalfa, & Barley Grass, Rich Source of Chlorophyll, 30 Servings",https://www.amazon.com/dp/B004TJD6NG,4.6,0,24.2,34.99,136,False,200,health,Health & Personal Care,Sports Nutrition Products,True,False,False,SRC-KAGGLE-002,amazon_products.csv
B07QWPYH88,"+WIS+ Intensive Hydrating Facial Mask Smoothing Face Sheet Mask 24 Pack, Deep Moisturizing with Hyaluronic Acid, Oil Control, Shrink Pores Firming Anti-aging with Collagen, Gifts for Women and Men",https://www.amazon.com/dp/B07QWPYH88,4.5,0,28.99,30.99,49,False,200,health,Health & Personal Care,Skin Care Products,True,False,False,SRC-KAGGLE-002,amazon_products.csv
B08K2YLMY3,"Self Adhesive Bandage Wrap 12 Pack, Athletic Tape 2 Inches X 5 Yards, Sports Tape, Breathable, Waterproof, Elastic Bandage for Sports, Wrist and Ankle Wrap Tape, Non-Woven Bandage (brown)",https://www.amazon.com/dp/B08K2YLMY3,4.7,0,12.99,14.99,131,False,1000,health,Health & Personal Care,Health Care Products,True,False,False,SRC-KAGGLE-002,amazon_products.csv
B082BFJZRK,"PURE BRAZILIAN - Silk Smoothing Balm With Keratin, Hydrolyzed Silk & Coconut Oil (6.78oz)",https://www.amazon.com/dp/B082BFJZRK,4.7,0,18.94,25.29,47,False,400,health,Health & Personal Care,Hair Care Products,True,False,False,SRC-KAGGLE-002,amazon_products.csv
B07NQNM8WJ,"FITCRUNCH Snack Size Protein Bars, Designed by Robert Irvine, World’s Only 6-Layer Baked Bar, Just 3g of Sugar & Soft Cake Core (Chocolate Peanut Butter)",https://www.amazon.com/dp/B07NQNM8WJ,4.5,273,14.99,0.0,132,False,300,health,Health & Personal Care,Diet & Sports Nutrition,False,False,False,SRC-KAGGLE-002,amazon_products.csv
B07BGJTPFZ,"Retinol Anti-Aging Starter Kit – The Original Retinol For a Younger Look – [4] Conveniently Sized Products Perfect For Travel or First Time Try – Cleanse, Treat, Repair & Hydrate On-The-Go",https://www.amazon.com/dp/B07BGJTPFZ,4.3,635,36.99,0.0,49,False,100,health,Health & Personal Care,Skin Care Products,False,False,False,SRC-KAGGLE-002,amazon_products.csv
B07RMSV16K,"COSRX Hyaluronic Acid Moisturizer for Day & Night with Pro Vitamin B5 (D Panthenol) 50ml/1.69 fl.oz | Propolis Extract, Ceramide, Long Lasting Hydration for Dry, Sensitive Skin, Korean Skin Care",https://www.amazon.com/dp/B07RMSV16K,4.5,0,12.53,25.0,49,False,1000,health,Health & Personal Care,Skin Care Products,True,False,False,SRC-KAGGLE-002,amazon_products.csv
B0BZ48Z31S,"Replacement Toothbrush Heads 10 Pack for AquaSonic Black Series for Vibe Series Black Series pro, and for Duo Series pro Electric Toothbrush,Balck",https://www.amazon.com/dp/B0BZ48Z31S,4.8,0,15.99,0.0,45,False,50,health,Health & Personal Care,Beauty & Personal Care,True,False,False,SRC-KAGGLE-002,amazon_products.csv
B07PXTNQDZ,Liquid Carnitine 5000 with CLA Bundle,https://www.amazon.com/dp/B07PXTNQDZ,4.3,0,34.99,0.0,136,False,50,health,Health & Personal Care,Sports Nutrition Products,True,False,False,SRC-KAGGLE-002,amazon_products.csv
B07SPNLM4K,"Watercolors Intense Color Depositing Sulfate & Paraben Free Shampoo, Maintains & Enhances Haircolor - Pink 8.5 oz",https://www.amazon.com/dp/B07SPNLM4K,4.6,0,11.0,0.0,47,False,600,health,Health & Personal Care,Hair Care Products,True,False,False,SRC-KAGGLE-002,amazon_products.csv
B083F987MS,Pore Blackhead One Shot | Sebum and Blackhead Remover Mask | Clay Mask for Blackheads and Pores | Korean Skincare Pore Minimizer & Nose Blackhead Remover | Whitehead Remover (3.53 Fl Oz),https://www.amazon.com/dp/B083F987MS,3.9,0,15.99,24.99,49,False,200,health,Health & Personal Care,Skin Care Products,True,False,False,SRC-KAGGLE-002,amazon_products.csv
B09M96RYKX,"Extra Strength Nitric Oxide Supplement L Arginine 3X Strength - Citrulline Malate, AAKG, Beta Alanine - Premium Muscle Supporting Nitric Booster for Energy & Strength to Train Harder - 180 Capsules",https://www.amazon.com/dp/B09M96RYKX,4.3,0,20.72,0.0,136,False,400,health,Health & Personal Care,Sports Nutrition Products,True,False,False,SRC-KAGGLE-002,amazon_products.csv
B075GN1X83,4 Pcs Varied Small Hair Twist Sponge Brush For Dreads Locking Twist Afro Curl Coil Wave Hair Care Tool (Blend),https://www.amazon.com/dp/B075GN1X83,4.4,0,12.99,0.0,47,False,500,health,Health & Personal Care,Hair Care Products,True,False,False,SRC-KAGGLE-002,amazon_products.csv
B000JQY6DM,"Conair Volumizing Hair Diffuser, Adjustable Hair Dryer Attachment for Frizz-Free Curls to Fit Hair Dryer Nozzles from 1.75” to 2.3”",https://www.amazon.com/dp/B000JQY6DM,4.2,0,11.99,12.99,47,False,800,health,Health & Personal Care,Hair Care Products,True,False,False,SRC-KAGGLE-002,amazon_products.csv
B00KSPUN04,Arvazallia Ultra Curl Defining Cream with Argan Oil for Wavy and Curly Hair,https://www.amazon.com/dp/B00KSPUN04,4.3,0,13.99,0.0,47,False,200,health,Health & Personal Care,Hair Care Products,True,False,False,SRC-KAGGLE-002,amazon_products.csv
B0BRNZ3C6C,"HealthSmart High Protein Barbecue Crisps, 18g Protein, Low Calorie, Low Carb, Low Fat, No Gluten Ingredients, Vegetarian, KETO Diet Friendly, Ideal Protein Compatible, 7 Single Serving Bags",https://www.amazon.com/dp/B0BRNZ3C6C,3.7,0,19.95,0.0,136,False,0,health,Health & Personal Care,Sports Nutrition Products,True,False,False,SRC-KAGGLE-002,amazon_products.csv
B0BPTH8RC3,"philosophy microdelivery face wash, 16 Oz",https://www.amazon.com/dp/B0BPTH8RC3,4.7,0,46.0,0.0,49,False,400,health,Health & Personal Care,Skin Care Products,True,False,False,SRC-KAGGLE-002,amazon_products.csv
B01CMX9F08,Cafe Mam (.5 LBS) Organic Therapy Enema Coffee. THE ONLY ENEMA COFFEE recommended by Gerson Institute.,https://www.amazon.com/dp/B01CMX9F08,4.2,179,17.9,0.0,132,False,100,health,Health & Personal Care,Diet & Sports Nutrition,False,False,False,SRC-KAGGLE-002,amazon_products.csv
B096ZKNQ19,"Waterproof Bed Pad Washable 34"" x 52""(Pack of 1), Incontinence Bed Pad with 8 Cups Absorbency, for Elder, Children and Pets[Oeko-Tex Certified]",https://www.amazon.com/dp/B096ZKNQ19,4.8,0,19.99,0.0,131,False,2000,health,Health & Personal Care,Health Care Products,True,False,False,SRC-KAGGLE-002,amazon_products.csv
B0011Z64D0,Citrucel Fiber Supplement Caplets-100 ct.,https://www.amazon.com/dp/B0011Z64D0,4.5,164,23.85,25.59,132,False,200,health,Health & Personal Care,Diet & Sports Nutrition,False,False,False,SRC-KAGGLE-002,amazon_products.csv
B08P9XVR79,Konsyl Daily Fiber Gummies - Helps Support Digestive Health+ - Vegan Fiber Supplement Gummies for Adults - All-Natural Fruit Flavor (60 Count),https://www.amazon.com/dp/B08P9XVR79,4.5,290,14.4,15.99,132,False,600,health,Health & Personal Care,Diet & Sports Nutrition,False,False,False,SRC-KAGGLE-002,amazon_products.csv
B076S89NSV,Metatarsal Pads Women | Heel Inserts for Women | Ball of Foot Cushions (2 Pairs Foot Pads) All Day Pain Relief and Comfort One Size Fits Shoe Inserts for Women,https://www.amazon.com/dp/B076S89NSV,4.2,0,13.97,16.99,131,True,10000,health,Health & Personal Care,Health Care Products,True,False,False,SRC-KAGGLE-002,amazon_products.csv
B0CCS9MC9X,"Dr Teal's Kids 3-in-1 Bubble Bath, Body Wash & Shampoo, Sleep Bath with Melatonin, 20 fl oz (Pack of 3)",https://www.amazon.com/dp/B0CCS9MC9X,5.0,0,17.61,18.49,49,False,800,health,Health & Personal Care,Skin Care Products,True,False,False,SRC-KAGGLE-002,amazon_products.csv
B0B79QQZMC,IUNIK Centella Calming Vegan Moisture SPF 50+ PA++++ Non-Sticky No White Cast Light-Weight Daily Sunscreen Reef-Safe UVA UVB Matte-Finish No-Scent 2 Oz Beta-Glucan Dry Oily Sensitive Acne-Prone Skin Korean Skincare,https://www.amazon.com/dp/B0B79QQZMC,4.5,216,14.2,19.99,49,False,1000,health,Health & Personal Care,Skin Care Products,False,False,False,SRC-KAGGLE-002,amazon_products.csv
B07TP6LWK6,"Travel Curling Iron Dual Voltage for Europe, Flat Iron for European Travel, Travel Curling Wand, Travel Hair Curler, Dual Voltage(100-240V) with Lightweight, Straightening & Curling",https://www.amazon.com/dp/B07TP6LWK6,4.3,0,59.99,89.99,47,False,1000,health,Health & Personal Care,Hair Care Products,True,False,False,SRC-KAGGLE-002,amazon_products.csv
B00EKWVLC0,"Seeking Health Optimal Prenatal, Women’s Vitamin with B12, Methylfolate, Choline, Methylation Support, Nutrients to Support Fertility, Pregnancy & Breastfeeding, Vegetarian Capsules (240 Capsules)",https://www.amazon.com/dp/B00EKWVLC0,4.4,0,59.95,0.0,131,False,700,health,Health & Personal Care,Health Care Products,True,False,False,SRC-KAGGLE-002,amazon_products.csv
B0B641HBKN,"Maree Eye Gel Pads - Reduce Wrinkles, Puffy Eyes, Dark Circles, Eye Bags - Natural Marine Collagen Eye Gels with Hyaluronic HA - Anti Aging Eye Mask Patches & Face Moisturizer",https://www.amazon.com/dp/B0B641HBKN,4.3,0,24.95,29.99,52,True,20000,health,Health & Personal Care,Personal Care Products,True,False,False,SRC-KAGGLE-002,amazon_products.csv
B0B9ZXZ8TS,"Livingood Daily GI Support - Leaky Gut Repair Supplements - 1000mg L Glutamine with MSM, Probiotics, Digestive Enzymes, Ox Bile, and Slippery Elm - Gut Health Supplements for Women & Men, 120 Capsules",https://www.amazon.com/dp/B0B9ZXZ8TS,4.6,0,52.95,0.0,136,False,100,health,Health & Personal Care,Sports Nutrition Products,True,False,False,SRC-KAGGLE-002,amazon_products.csv
B0BTTG1FDQ,TRESemmé One Step 5-in-1 Leave -In Hair Styling Mist Wave Defining Mist 2 Count For Wavy Hair Hair Care Product to Enhance Natural Waves 8 oz,https://www.amazon.com/dp/B0BTTG1FDQ,3.9,0,13.92,0.0,47,False,400,health,Health & Personal Care,Hair Care Products,True,False,False,SRC-KAGGLE-002,amazon_products.csv
B0821V4NMX,Style Factor Edge Booster Extra Strength Moisture Rich Pomade | Thick Coarse Hair (Emerald),https://www.amazon.com/dp/B0821V4NMX,4.5,0,11.97,0.0,47,False,300,health,Health & Personal Care,Hair Care Products,True,False,False,SRC-KAGGLE-002,amazon_products.csv
B09BZX26PK,"Aroamas Scar Professional Soft Silicone Scar Sheets Strips, Soften and Flattens Scars Resulting from Surgery, Injury, Burns, C-Section and More [3""x1.57"", 8 Sheets for 4 Month Supply]",https://www.amazon.com/dp/B09BZX26PK,4.5,0,19.99,0.0,131,False,1000,health,Health & Personal Care,Health Care Products,True,False,False,SRC-KAGGLE-002,amazon_products.csv
B0C2PQWLSN,"Water Flosser Cordless for Teeth Portable Mini Cordless Oral Irrigator,Water Teeth Cleaner Pick for Travel and Home, Gums,Dental Care,Telescopic Water Tank,3 Modes,IPX5 Waterproof-Blue",https://www.amazon.com/dp/B0C2PQWLSN,4.0,0,29.99,0.0,45,False,0,health,Health & Personal Care,Beauty & Personal Care,True,False,False,SRC-KAGGLE-002,amazon_products.csv
B099KTRW57,"Viori Shampoo Bar, Citrus Yao - Handcrafted with Longsheng Rice Water & Natural Ingredients - Sulfate/Paraben/Cruelty/Phthalate-free, pH balanced 100% Vegan, Zero-Waste",https://www.amazon.com/dp/B099KTRW57,4.4,0,18.0,0.0,47,False,4000,health,Health & Personal Care,Hair Care Products,True,False,False,SRC-KAGGLE-002,amazon_products.csv
B0BP6XF4Z8,"Tween Pads | Small 100% Cotton First Period Pads for Tweens and Teens | Ultra Thin Pads with Wings | Zero Chlorine, Bleach, Dyes and Fragrance | Teen Pads, 20 Count",https://www.amazon.com/dp/B0BP6XF4Z8,4.6,0,9.99,0.0,131,False,700,health,Health & Personal Care,Health Care Products,True,False,False,SRC-KAGGLE-002,amazon_products.csv
B0BPC18KXP,Motion Sickness Wristbands | 2 Anti Nausea Travel Wrist Bands for Your Cruise Essentials | Natural Nausea Relief and Sea Sickness Bracelets For Children and Adults | Helpful E-Book Included,https://www.amazon.com/dp/B0BPC18KXP,4.4,0,7.99,0.0,131,False,0,health,Health & Personal Care,Health Care Products,True,False,False,SRC-KAGGLE-002,amazon_products.csv
B076ZRR1G8,"24 Rolls Colorful Self Adhesive Bandage Wrap 3 Inch x 5 Yards, Cohesive Vet Tape for First Aid, Sports, Animals (12 Colors)",https://www.amazon.com/dp/B076ZRR1G8,4.8,0,20.99,22.99,131,False,1000,health,Health & Personal Care,Health Care Products,True,False,False,SRC-KAGGLE-002,amazon_products.csv
B071SGHHD7,"Travelwell Travel Size Bar Soap - 100 PACK, 1oz Mini Soap Bars, Hotel Soap Bars, Travel Size Toiletries - Individually Wrapped Bulk Soap Bar, Small Hotel Soaps for AirBNBs, VRBO, Inns and Hotels",https://www.amazon.com/dp/B071SGHHD7,4.6,656,32.95,0.0,49,False,100,health,Health & Personal Care,Skin Care Products,False,False,False,SRC-KAGGLE-002,amazon_products.csv
B07QJ839WH,Glow Prenatal Vitamins for Women – 25-in-1 Vital Nutrients for Healthy Pregnancy and Fetal Development – Folic Acid & Vegan DHA For Baby's Growth & A Comfortable Pregnancy – 60 Nourishing Capsules,https://www.amazon.com/dp/B07QJ839WH,4.4,0,28.99,34.99,131,False,1000,health,Health & Personal Care,Health Care Products,True,False,False,SRC-KAGGLE-002,amazon_products.csv
B09CLLQCZK,"Mrs. Meyer's Hand Soap, Made with Essential Oils, Biodegradable Formula, Limited Edition Iowa Pine, 12.5 fl. oz - Pack of 3",https://www.amazon.com/dp/B09CLLQCZK,4.8,0,14.48,0.0,49,False,300,health,Health & Personal Care,Skin Care Products,True,False,False,SRC-KAGGLE-002,amazon_products.csv
B000FGWBME,"Designs for Health Neurolink - L-Tyrosine, GABA, 5-HTP, Inositol + Taurine Supplement - Designed to Support Mood, Neurological + Cognitive Health - Non-GMO (180 Capsules)",https://www.amazon.com/dp/B000FGWBME,4.2,235,64.49,0.0,132,False,200,health,Health & Personal Care,Diet & Sports Nutrition,False,False,False,SRC-KAGGLE-002,amazon_products.csv
B076G2LGJR,"NIVEA Cocoa Butter In Shower Lotion, Body Lotion for Dry Skin, 13.5 Fl Oz (Pack of 3)",https://www.amazon.com/dp/B076G2LGJR,4.7,0,21.26,0.0,49,False,500,health,Health & Personal Care,Skin Care Products,True,False,False,SRC-KAGGLE-002,amazon_products.csv
B0BP1D4GG8,"HALLY Shade Stix | Blue | Temporary Hair Color for Kids & Adults | Ditch Messy Hair Spray Paint, Chalk, Wax & Gel | One-Day, Wash-Out Hair Dye | Washable & Safe | Blue Hair Makeup for Boys & Girls",https://www.amazon.com/dp/B0BP1D4GG8,3.9,0,9.0,0.0,47,False,500,health,Health & Personal Care,Hair Care Products,True,False,False,SRC-KAGGLE-002,amazon_products.csv
B0013OSQBW,"NOW Supplements, Red Yeast Rice (Monascus purpureus) 1,200 mg, Nutritional Support, 120 Tablets",https://www.amazon.com/dp/B0013OSQBW,4.6,1340,24.0,0.0,132,False,1000,health,Health & Personal Care,Diet & Sports Nutrition,False,False,False,SRC-KAGGLE-002,amazon_products.csv
B09GV23RB2,"Weighted Eye Mask, Umisleep Pain Relief Cold Therapy Eye Pillow for Migraine Headache Sinus, Cooling Eye Masks Relieves Dry Eyes Dark Circles Pink Eyes, Glass Bead and Blocking Light",https://www.amazon.com/dp/B09GV23RB2,4.2,0,14.99,19.99,131,False,300,health,Health & Personal Care,Health Care Products,True,False,False,SRC-KAGGLE-002,amazon_products.csv
B087JM6TBT,"Hair Finishing Stick 2 Pack, Flyaway Feel Stick Hair, Small Broken Hairs Finishing Cream, Non-Greasy and Non-Sticky",https://www.amazon.com/dp/B087JM6TBT,4.4,0,5.99,0.0,47,False,700,health,Health & Personal Care,Hair Care Products,True,False,False,SRC-KAGGLE-002,amazon_products.csv
B00LD6QYC8,"Roux 07 Anti-Aging Extra Volume with Thickening Collagen, Leave-In Treatment, Instantly Increases Volume, 0.5 Fl Oz, 3 Applications",https://www.amazon.com/dp/B00LD6QYC8,4.6,0,8.53,10.99,47,False,400,health,Health & Personal Care,Hair Care Products,True,False,False,SRC-KAGGLE-002,amazon_products.csv
B09YRPBF8W,61 Pcs Tooth Gem Kit DIY Teeth Jewelry Dental Teeth Gems Reflective Teeth Diamonds Kit Artificial Crystal Tooth Ornaments Jewel with Applicator Sticks Dot Drill Pen Cotton Sticks for Teeth Decor,https://www.amazon.com/dp/B09YRPBF8W,2.7,0,10.99,0.0,45,False,0,health,Health & Personal Care,Beauty & Personal Care,True,False,False,SRC-KAGGLE-002,amazon_products.csv
B0BLS46MQL,"Neutrogena Invisible Daily Defense Fragrance-Free Sunscreen Lotion, Broad Spectrum SPF 60+, Oxybenzone-Free & Water-Resistant, Sun & Environmental Aggressor Protection, 3.0 fl. Oz",https://www.amazon.com/dp/B0BLS46MQL,4.6,0,14.89,0.0,49,False,1000,health,Health & Personal Care,Skin Care Products,True,False,False,SRC-KAGGLE-002,amazon_products.csv
B0B52ZY5Q4,"Non Latex 300 pcs 1/4inch Light Intraoral Elastic Bands Unimedic Orthodontic Elastics non- Latex Dental Rubber Bands Made in USA(1/4inch 6.4mm, Light 2.5oz)",https://www.amazon.com/dp/B0B52ZY5Q4,4.0,0,7.99,0.0,45,False,0,health,Health & Personal Care,Beauty & Personal Care,True,False,False,SRC-KAGGLE-002,amazon_products.csv
B002D4KAHE,INFUSIUM 23 Orginal Formula Pro-Vitamin Leave-In Hair Treatment 33.8 oz,https://www.amazon.com/dp/B002D4KAHE,4.7,0,14.44,0.0,47,False,3000,health,Health & Personal Care,Hair Care Products,True,False,False,SRC-KAGGLE-002,amazon_products.csv
B07L9HZZMP,"Signature 100% Whey Protein Powder | 25g of Protein per Serving (Vanilla, 5 Lbs)",https://www.amazon.com/dp/B07L9HZZMP,4.5,0,87.99,0.0,136,False,0,health,Health & Personal Care,Sports Nutrition Products,True,False,False,SRC-KAGGLE-002,amazon_products.csv
B09TK2YHRT,"6 Pcs Silky Durag Headwraps Dorag for Men Women Waves, Durags Pack with Long Tail and Wide Straps, 6 Colors",https://www.amazon.com/dp/B09TK2YHRT,4.4,0,9.99,12.99,47,False,800,health,Health & Personal Care,Hair Care Products,True,False,False,SRC-KAGGLE-002,amazon_products.csv
B0CC6RJF7D,VERB Bonding Mask,https://www.amazon.com/dp/B0CC6RJF7D,4.7,0,20.0,0.0,47,False,200,health,Health & Personal Care,Hair Care Products,True,False,False,SRC-KAGGLE-002,amazon_products.csv
B0CBXT7M7P,Ace Extreme Keto ACV Gummies - Official - Keto Ace ACV Advanced Formula Plus Apple Cider Vinegar Dietary Supplement B12 Beet Root Juice Men Women (60 Gummies),https://www.amazon.com/dp/B0CBXT7M7P,3.8,6,29.95,0.0,132,False,200,health,Health & Personal Care,Diet & Sports Nutrition,False,False,False,SRC-KAGGLE-002,amazon_products.csv
B00M9BC1M8,"Nidra Sleep Mask Light Blocking, Deep Rest Blackout Eye Mask for Sleeping, 3D Comfort Contoured for Side Sleepers, Travel, Yoga, Lightweight and Soft - Black",https://www.amazon.com/dp/B00M9BC1M8,4.2,0,19.99,24.99,131,False,3000,health,Health & Personal Care,Health Care Products,True,False,False,SRC-KAGGLE-002,amazon_products.csv
B08L47ZHQQ,"TULA Skin Care Brightening Treatment Drops - Vitamin C Serum, Brightens the Look of Dull Skin & Dark Spots, 1fl oz",https://www.amazon.com/dp/B08L47ZHQQ,4.6,0,38.99,56.0,49,False,500,health,Health & Personal Care,Skin Care Products,True,False,False,SRC-KAGGLE-002,amazon_products.csv
B0BQNYFJKW,Spenser & Jensen Hydrating Lavender & Chamomile Body Butter - Gentle On All Skin Types - Moisturizing Body Lotion for Women & Men - Paraben Free - 8 Oz (Pack of 1),https://www.amazon.com/dp/B0BQNYFJKW,4.6,0,9.99,0.0,49,False,100,health,Health & Personal Care,Skin Care Products,True,False,False,SRC-KAGGLE-002,amazon_products.csv
B07PMRFN3B,Metatarsal Pads for Women and Men Ball of Foot Cushion - Gel Sleeves Cushions Pad - Fabric Soft Socks for Supports Feet Pain Relief (Beige) Medium,https://www.amazon.com/dp/B07PMRFN3B,3.6,0,14.99,0.0,131,False,800,health,Health & Personal Care,Health Care Products,True,False,False,SRC-KAGGLE-002,amazon_products.csv
B0BSWKBH59,"Pure ATP Capsules, Adenosine Triphosphate - Increase Energy, Endurance, Strength, Recovery & Muscle Pump, Faster Than Creatine HMB & Nitric Oxide, Natural Pre Workout Supplement - 90 Count",https://www.amazon.com/dp/B0BSWKBH59,4.3,0,39.99,0.0,136,False,50,health,Health & Personal Care,Sports Nutrition Products,True,False,False,SRC-KAGGLE-002,amazon_products.csv
B00BBFR3RQ,Pacifica Alight Multi-Mineral BB Cream - 6 Medium Women 1 oz,https://www.amazon.com/dp/B00BBFR3RQ,4.2,0,11.2,16.0,49,False,700,health,Health & Personal Care,Skin Care Products,True,False,False,SRC-KAGGLE-002,amazon_products.csv
B01BTN5XEO,Shiseido Senka Perfect Whip Cleansing Foam 120g (Japan Import),https://www.amazon.com/dp/B01BTN5XEO,4.6,0,10.99,0.0,49,False,900,health,Health & Personal Care,Skin Care Products,True,False,False,SRC-KAGGLE-002,amazon_products.csv
B0BYQ8WQH7,Suave Hydrating 3 In 1 Hair Body And Face Wash Citrus And Musk 6 Count Body Soap For Hydrated Skin And Hair With An All Day Fresh Scent 18 Oz,https://www.amazon.com/dp/B0BYQ8WQH7,4.7,0,17.82,0.0,49,False,2000,health,Health & Personal Care,Skin Care Products,True,False,False,SRC-KAGGLE-002,amazon_products.csv
B07DLDPN3C,"iSatori Liquid L-Carnitine LS3 - Stimulant Free Energy Booster & Workout Drink for Men & Women, Health & Fitness - Keto Friendly- Bombsicle 3000mg (32 Servings)",https://www.amazon.com/dp/B07DLDPN3C,4.5,0,29.99,0.0,136,False,200,health,Health & Personal Care,Sports Nutrition Products,True,False,False,SRC-KAGGLE-002,amazon_products.csv
B007P8CZS0,"Mack's Soft Moldable Silicone Putty Ear Plugs - Kids Size, 6 Pair - Comfortable Small Earplugs for Swimming, Bathing, Travel, Loud Events and Flying | Made in USA",https://www.amazon.com/dp/B007P8CZS0,4.4,0,2.46,4.69,131,False,5000,health,Health & Personal Care,Health Care Products,True,False,False,SRC-KAGGLE-002,amazon_products.csv
B07B94NN28,"Nutiva Organic Plant Protein Smoothie, Chocolate, 1.4 Pound, USDA Organic, Non-GMO, Non-BPA, Vegan, Gluten-Free, Keto & Paleo, 22g Protein Shake & Meal Replacement",https://www.amazon.com/dp/B07B94NN28,4.1,0,0.0,0.0,136,False,100,health,Health & Personal Care,Sports Nutrition Products,True,True,False,SRC-KAGGLE-002,amazon_products.csv
B0B4S9P3B3,45Pack Libre 3 Sensor Covers Waterproof Freestyle Adhesive Patches Libre 3 Hypoallergenic Clear Tape Latex-Free Overpatch 2.55'' CGM Patches for Libre 3 Protection Sweatproof Breathable for Hot Season,https://www.amazon.com/dp/B0B4S9P3B3,3.8,0,8.99,0.0,131,False,500,health,Health & Personal Care,Health Care Products,True,False,False,SRC-KAGGLE-002,amazon_products.csv
B07GL7XD64,"The INKEY List Hyaluronic Acid Serum, Hydrate Multiple Layers of Dry Skin, Plump and Smooth Fine Lines and Wrinkles, 1.0 fl oz",https://www.amazon.com/dp/B07GL7XD64,4.4,0,9.99,0.0,49,False,3000,health,Health & Personal Care,Skin Care Products,True,False,False,SRC-KAGGLE-002,amazon_products.csv
B07CHWPV3G,Suavecito Oil Based Pomade 3 oz,https://www.amazon.com/dp/B07CHWPV3G,4.5,0,10.99,0.0,47,False,700,health,Health & Personal Care,Hair Care Products,True,False,False,SRC-KAGGLE-002,amazon_products.csv
B07H792PNJ,"Bath Bombs for Kids with Toys Inside for Girls Boys - 30 Pack Bath Bombs Gift Set with Surprise, Kids Safe Bubble Bath Fizzy Balls Halloween Christmas Birthday Gift Kit",https://www.amazon.com/dp/B07H792PNJ,4.6,0,21.99,0.0,52,False,200,health,Health & Personal Care,Personal Care Products,True,False,False,SRC-KAGGLE-002,amazon_products.csv
B09RM3R17F,"amika bust your brass cool blonde repair conditioner, 60ml",https://www.amazon.com/dp/B09RM3R17F,4.3,0,13.0,0.0,47,False,400,health,Health & Personal Care,Hair Care Products,True,False,False,SRC-KAGGLE-002,amazon_products.csv
B07K8QSFBN,"The Coldest Knee Ice Pack Wrap, Hot and Cold Therapy - Reusable Compression Best for Meniscus Tear, Injury Recovery, Bursitis Pain Recovery, Sprains, Swelling and Rheumatoid Arthritis (Knee Ice Pack)",https://www.amazon.com/dp/B07K8QSFBN,4.2,0,33.99,0.0,131,False,0,health,Health & Personal Care,Health Care Products,True,False,False,SRC-KAGGLE-002,amazon_products.csv
B091J1C7ZP,Quest Nutrition Candy Bars Gooey Caramel with Peanuts (12 Bars),https://www.amazon.com/dp/B091J1C7ZP,4.6,684,30.38,0.0,132,False,700,health,Health & Personal Care,Diet & Sports Nutrition,False,False,False,SRC-KAGGLE-002,amazon_products.csv
B0049JQ26Y,"Goody Styling Essentials Detangling Hair Comb - Suitable For All Hair Types - Fine Tooth Comb Detangles Wet or Dry Hair - Hair Accessories for Men, Women, Boys and Girls",https://www.amazon.com/dp/B0049JQ26Y,4.6,0,3.19,8.49,47,False,2000,health,Health & Personal Care,Hair Care Products,True,False,False,SRC-KAGGLE-002,amazon_products.csv
B0C4KPY4G1,"AUVON Weekly Pill Organizer with Upgraded Open Design, Portable Pill Box 7 Day BPA-Free, Cute Pill Case for Vitamins, Supplements and Medications",https://www.amazon.com/dp/B0C4KPY4G1,4.8,0,5.99,0.0,131,False,0,health,Health & Personal Care,Health Care Products,True,False,False,SRC-KAGGLE-002,amazon_products.csv
B084G2D2DX,Greek Yoghurt Foaming Cleanser Fl Oz,https://www.amazon.com/dp/B084G2D2DX,4.7,0,28.0,0.0,49,False,600,health,Health & Personal Care,Skin Care Products,True,False,False,SRC-KAGGLE-002,amazon_products.csv
B0014GXK7O,Source Naturals Melatonin 1 mg - 300 Orange Flavored Lozenges,https://www.amazon.com/dp/B0014GXK7O,4.7,0,17.84,0.0,131,False,500,health,Health & Personal Care,Health Care Products,True,False,False,SRC-KAGGLE-002,amazon_products.csv
B01M1V84CY,"Vaseline Unscented Petroleum Jelly Balm 50ml - Pack of 2, Hypoallergenic, for All Skin Types",https://www.amazon.com/dp/B01M1V84CY,4.6,0,5.25,0.0,49,False,700,health,Health & Personal Care,Skin Care Products,True,False,False,SRC-KAGGLE-002,amazon_products.csv
B00HA697TM,Polident Overnight Whitening Dent Cl Tab 10X4,https://www.amazon.com/dp/B00HA697TM,4.6,0,9.99,11.99,45,False,0,health,Health & Personal Care,Beauty & Personal Care,True,False,False,SRC-KAGGLE-002,amazon_products.csv
B01CQ3E4AK,"MegaFood Baby & Me 2 Prenatal Vitamin and Minerals - Vitamins for Women - with Folate (Folic Acid Natural Form), Choline, Iron, Iodine, and Vitamin C, Vitamin D and more - 60 Tabs (30 Servings)",https://www.amazon.com/dp/B01CQ3E4AK,4.6,0,29.99,38.96,131,False,5000,health,Health & Personal Care,Health Care Products,True,False,False,SRC-KAGGLE-002,amazon_products.csv
B07R5W4J8K,"Dr.Foot Adjustable Orthopedic Heel Lift Inserts, Height Increase Insole for Leg Length Discrepancies, Heel Spurs, Heel Pain, Sports Injuries, and Achilles tendonitis (Beige, 3 Layers)",https://www.amazon.com/dp/B07R5W4J8K,4.2,0,9.99,19.99,131,False,1000,health,Health & Personal Care,Health Care Products,True,False,False,SRC-KAGGLE-002,amazon_products.csv
B00J6J8O7W,"Pert Plus 2-in-1 Shampoo & Conditioner, Classic Clean 1.70 oz (Pack of 6)",https://www.amazon.com/dp/B00J6J8O7W,4.7,0,6.97,8.21,47,False,200,health,Health & Personal Care,Hair Care Products,True,False,False,SRC-KAGGLE-002,amazon_products.csv
B00V6GPXZO,"SheaMoisture Conditioner 100% Pure Jamaican Black Castor Oil to Intensely Smooth and Nourish Hair with Shea Butter, Peppermint and Apple Cider Vinegar 13 oz",https://www.amazon.com/dp/B00V6GPXZO,4.5,0,8.99,10.99,47,False,2000,health,Health & Personal Care,Hair Care Products,True,False,False,SRC-KAGGLE-002,amazon_products.csv
B011IVFVTO,"KERAGEN - Brazilian Keratin Smoothing Treatment, Blowout Straightening System for Dry and Damaged Hair - Forte, Sulfate Free - Eliminates Curls and Frizz, Medium to Coarse Hair (16 Oz)",https://www.amazon.com/dp/B011IVFVTO,4.3,0,35.84,0.0,47,False,900,health,Health & Personal Care,Hair Care Products,True,False,False,SRC-KAGGLE-002,amazon_products.csv
B000GG140S,"Sundown L-Arginine Capsules, 500mg, Supports Heart Health And Effects of Exercise, 90 Capsules",https://www.amazon.com/dp/B000GG140S,4.5,0,12.46,0.0,136,False,100,health,Health & Personal Care,Sports Nutrition Products,True,False,False,SRC-KAGGLE-002,amazon_products.csv
B00NPOBQLA,"Dove Nutritive Solutions Shampoo, Color Care 12 oz",https://www.amazon.com/dp/B00NPOBQLA,4.3,0,6.98,0.0,47,False,300,health,Health & Personal Care,Hair Care Products,True,False,False,SRC-KAGGLE-002,amazon_products.csv
B08NZDJLZZ,"20 Sheets Cooling Patches for Fever Discomfort & Pain Relief, Cooling Relief Fever Reducer, Soothe Headache Pain, Pack of 20",https://www.amazon.com/dp/B08NZDJLZZ,4.2,0,13.99,18.99,131,False,0,health,Health & Personal Care,Health Care Products,True,False,False,SRC-KAGGLE-002,amazon_products.csv
B07XWQF6TH,Agmatine Powder Sulfate 100 Grams (Multiple Sizes) Strength and Pump (Nitric Oxide) Pre Workout Supplement,https://www.amazon.com/dp/B07XWQF6TH,4.3,0,7.97,0.0,136,False,50,health,Health & Personal Care,Sports Nutrition Products,True,False,False,SRC-KAGGLE-002,amazon_products.csv
B0015WJQ7A,"Etymotic Research ER20 High-Fidelity Earplugs (Concerts, Musicians, Airplanes, Motorcycles, Sensitivity and Universal Hearing Protection) - Standard, Clear Stem w/ Frost Tip",https://www.amazon.com/dp/B0015WJQ7A,4.3,0,17.8,0.0,131,False,500,health,Health & Personal Care,Health Care Products,True,False,False,SRC-KAGGLE-002,amazon_products.csv
B015VBRIXE,"Benefiber On the Go Prebiotic Fiber Supplement Powder for Digestive Health, Daily Fiber Powder, Unflavored Powder Stick Packs - 28 Sticks (3.92 Ounces)",https://www.amazon.com/dp/B015VBRIXE,4.7,13684,12.44,15.83,132,False,8000,health,Health & Personal Care,Diet & Sports Nutrition,False,False,False,SRC-KAGGLE-002,amazon_products.csv
B00375XT4E,"Shea Hands & Body Ultra Rich Wash: Cleanse, Soften, Gentl e Foaming Cream, Classic Shea Scent, Prevent Dryness",https://www.amazon.com/dp/B00375XT4E,4.6,0,24.0,0.0,49,False,300,health,Health & Personal Care,Skin Care Products,True,False,False,SRC-KAGGLE-002,amazon_products.csv
B095P9V42L,"Cliganic Organic Baobab Oil, 100% Pure - For Face & Hair | Natural Cold Pressed Unrefined",https://www.amazon.com/dp/B095P9V42L,4.5,0,9.99,0.0,49,False,200,health,Health & Personal Care,Skin Care Products,True,False,False,SRC-KAGGLE-002,amazon_products.csv
B08BTH4B78,"Sheamoisture Night Cream For Dull, Uneven Skin Papaya and Vitamin C Skin Care Moisturizer 2 oz",https://www.amazon.com/dp/B08BTH4B78,4.3,0,7.59,12.99,49,False,400,health,Health & Personal Care,Skin Care Products,True,False,False,SRC-KAGGLE-002,amazon_products.csv
B000IOLCWI,"Hydra-Cool Serum, Refreshing and Hydrating Skin Face Serum, Anti-Blemish, Anti-Redness",https://www.amazon.com/dp/B000IOLCWI,4.6,0,96.0,0.0,49,False,500,health,Health & Personal Care,Skin Care Products,True,False,False,SRC-KAGGLE-002,amazon_products.csv
B09PRDGG4M,"5 PCS Charming Bump It Up Volume Inserts Hair Comb, Black Hair Style Tool Hair Comb, Hair Base Styling Accessories for Women Lady Girl (Beige and Black)",https://www.amazon.com/dp/B09PRDGG4M,3.8,0,7.49,0.0,47,False,400,health,Health & Personal Care,Hair Care Products,True,False,False,SRC-KAGGLE-002,amazon_products.csv
B0C4Z24DD4,"Spray Bottles Continuous Water Sprayer for Hair Reusable Beauty Spray Bottle For Hairstyling, Cleaning, Salon, Plants, Scents & More (1Pcs Pink 5OZ)",https://www.amazon.com/dp/B0C4Z24DD4,4.2,0,4.99,0.0,47,False,400,health,Health & Personal Care,Hair Care Products,True,False,False,SRC-KAGGLE-002,amazon_products.csv
B004JMKQYK,"NOW Solutions, Coconut Oil, Naturally Revitalizing for Skin and Hair, Conditioning Moisturizer, 7-Ounce",https://www.amazon.com/dp/B004JMKQYK,4.5,0,5.86,7.99,52,False,400,health,Health & Personal Care,Personal Care Products,True,False,False,SRC-KAGGLE-002,amazon_products.csv
B001V9V1XY,RobiComb Electric Head Lice Comb | Lice & Eggs Zapping Tool,https://www.amazon.com/dp/B001V9V1XY,3.6,0,22.99,29.99,131,False,700,health,Health & Personal Care,Health Care Products,True,False,False,SRC-KAGGLE-002,amazon_products.csv
B07XDZKRJF,Kitsch Satin Sleep Mask - Eye Mask for Sleeping | Softer Than Silk Eye Sleeping Mask | Satin Blindfold & Sleep Masks for Women | Eyemask & Eye Cover for Sleeping | Sleep Eye Masks for Women (Leopard),https://www.amazon.com/dp/B07XDZKRJF,4.6,0,15.99,0.0,49,False,200,health,Health & Personal Care,Skin Care Products,True,False,False,SRC-KAGGLE-002,amazon_products.csv
B0C41KFX8Z,Perfecting Leave-In 5 oz,https://www.amazon.com/dp/B0C41KFX8Z,4.3,0,39.49,0.0,47,False,200,health,Health & Personal Care,Hair Care Products,True,False,False,SRC-KAGGLE-002,amazon_products.csv
B0C9QXPBCN,"Make People Young Again Botox Anti Aging Serum, 3 Botox In A Bottle,90ML Botox Stock Solution Anti-aging Serum,botox Serum for Your Face,face Serum for Women Anti Aging The Best One (3PCS)",https://www.amazon.com/dp/B0C9QXPBCN,4.7,0,16.99,0.0,49,False,200,health,Health & Personal Care,Skin Care Products,True,False,False,SRC-KAGGLE-002,amazon_products.csv
B01MQYAA9U,"Olay Total Effects Anti-Aging Night Firming Cream & Face Moisturizer with Vitamin C & E, 1.7 Fluid Ounce",https://www.amazon.com/dp/B01MQYAA9U,4.5,0,23.89,0.0,49,False,100,health,Health & Personal Care,Skin Care Products,True,False,False,SRC-KAGGLE-002,amazon_products.csv
B08QSLCJT6,"TruSkin Face Serum Trio – Hyaluronic Acid, Vitamin C & Retinol Serum for Face – Anti Aging Skin Care Set for Women – Skin Care for Bright, Smooth, Firm & Hydrated Skin – 1 fl oz, 3 Bottles",https://www.amazon.com/dp/B08QSLCJT6,4.5,0,44.95,0.0,49,False,1000,health,Health & Personal Care,Skin Care Products,True,False,False,SRC-KAGGLE-002,amazon_products.csv
B008CYFMLS,"got2b Spiked-Up Max Control Styling Gel, 8.5 Ounce (Pack of 4)",https://www.amazon.com/dp/B008CYFMLS,4.8,0,35.75,0.0,47,False,300,health,Health & Personal Care,Hair Care Products,True,False,False,SRC-KAGGLE-002,amazon_products.csv
B09L2HGK9Z,"Dark Spot Remover for Face and Body, Intimate and Sensitive Areas - Dark Spot Corrector Treatment - Underarm Cream With Mulberry & Hyaluronic Acid - All Skin Types - for Women and Men - 1.7 oz",https://www.amazon.com/dp/B09L2HGK9Z,3.8,0,11.95,14.95,49,False,200,health,Health & Personal Care,Skin Care Products,True,False,False,SRC-KAGGLE-002,amazon_products.csv
B093RS7MMG,Zum Hand Soap - Frankincense & Myrrh - 12 fl oz (4 Pack),https://www.amazon.com/dp/B093RS7MMG,4.7,0,0.0,0.0,49,False,300,health,Health & Personal Care,Skin Care Products,True,True,False,SRC-KAGGLE-002,amazon_products.csv
B07GYYZ31R,"Love Beauty and Planet Delicious Glow Body Lotion for Soft, Glowing Skin Murumuru Butter & Rose Natural Ingredients, Plant-Based Moisturizers, Vegan, Cruelty-Free 13.5 oz",https://www.amazon.com/dp/B07GYYZ31R,4.5,0,7.29,8.99,49,False,2000,health,Health & Personal Care,Skin Care Products,True,False,False,SRC-KAGGLE-002,amazon_products.csv
B0B9V2J168,"Motion Sickness Patches, Effective for Motion Sickness, Sea Sickness and Morning Sickness Relief, Better Than Motion Sickness Bands and Motion Sickness Glasses, Cruise Essentials.",https://www.amazon.com/dp/B0B9V2J168,4.5,0,18.99,29.99,131,False,0,health,Health & Personal Care,Health Care Products,True,False,False,SRC-KAGGLE-002,amazon_products.csv
B088CVXLGL,"No Cow Vegan Protein Powder, Vanilla, 21g Plant Based Protein, Recyclable Bag, Dairy Free, Soy Free, No Sugar Added, Keto Friendly, Gluten Free, Naturally Sweetened, Non GMO, Kosher, 1.74 Pound",https://www.amazon.com/dp/B088CVXLGL,4.5,0,39.99,0.0,136,False,400,health,Health & Personal Care,Sports Nutrition Products,True,False,False,SRC-KAGGLE-002,amazon_products.csv
B01K64BCWE,CALTO Half Elevator Insole for Men - 1/2 Inch Height Increase Taller Heel Lift Insert (2 Pack) Black,https://www.amazon.com/dp/B01K64BCWE,4.3,0,8.95,0.0,131,False,700,health,Health & Personal Care,Health Care Products,True,False,False,SRC-KAGGLE-002,amazon_products.csv
B00MRFQC6C,Anthony Instant Fix Oil Control for Men – Mattifying Lotion for Oily Skin – Moisturizer and Pore Minimizer Instantly Eliminates Shine – 3 Fl Oz,https://www.amazon.com/dp/B00MRFQC6C,4.2,0,30.0,0.0,49,False,400,health,Health & Personal Care,Skin Care Products,True,False,False,SRC-KAGGLE-002,amazon_products.csv
B07VC9M4MZ,"Insane Labz Psychotic, High Stimulant Pre Workout Powder, Extreme Lasting Energy, Focus and Endurance with Beta Alanine, Creatine Monohydrate DMAE, 35 Srvgs",https://www.amazon.com/dp/B07VC9M4MZ,4.3,0,49.99,0.0,136,False,200,health,Health & Personal Care,Sports Nutrition Products,True,False,False,SRC-KAGGLE-002,amazon_products.csv
B014GMBDQ2,Kegel Exercise System - Pelvic Floor Exercises - Set of 6 Premium Silicone Kegel Exercise Weights & Control with Training Kit for Women: Beginners & Advanced,https://www.amazon.com/dp/B014GMBDQ2,4.4,0,54.99,0.0,131,False,1000,health,Health & Personal Care,Health Care Products,True,False,False,SRC-KAGGLE-002,amazon_products.csv
B00SUMF0YG,"Uricel - Advanced Uric Acid Support & Cleanse Supplement - Liquid Delivery for Better Absorption - Tart Cherry, Chanca Piedra, Celery Seed, Turmeric & More!",https://www.amazon.com/dp/B00SUMF0YG,4.1,0,45.46,59.99,131,False,0,health,Health & Personal Care,Health Care Products,True,False,False,SRC-KAGGLE-002,amazon_products.csv
B09D8GYQGS,Womaness Let's Neck - Menopause Support Skincare Neck Firming & Decollete Wrinkle - Hydrating Serum with Pepha-Tight & Hyaluronic Acid - Menopause Relief Roll On Neck Tightening Cream (50ml),https://www.amazon.com/dp/B09D8GYQGS,4.1,0,21.74,28.99,49,False,2000,health,Health & Personal Care,Skin Care Products,True,False,False,SRC-KAGGLE-002,amazon_products.csv
B0796S1HY9,2Pcs/Set Plastic Hair Rollers Curlers Bangs Self-Adhesive Hair Volume Hair Curling Styling Tools Magic Women DIY Makeup Tools S,https://www.amazon.com/dp/B0796S1HY9,4.2,0,6.8,0.0,47,False,800,health,Health & Personal Care,Hair Care Products,True,False,False,SRC-KAGGLE-002,amazon_products.csv
B0B85F1JNB,"Extra Wide Socks For Bariatric Diabetic For Men Women, Cast Lymphedema Socks for Swollen Foot Ankle 2 Pairs",https://www.amazon.com/dp/B0B85F1JNB,4.5,0,17.99,18.99,131,False,400,health,Health & Personal Care,Health Care Products,True,False,False,SRC-KAGGLE-002,amazon_products.csv
B003E1OU30,"Dr. Scholl's Custom Fit Orthotic Inserts, CF 410",https://www.amazon.com/dp/B003E1OU30,4.5,0,41.99,49.99,131,False,500,health,Health & Personal Care,Health Care Products,True,False,False,SRC-KAGGLE-002,amazon_products.csv
B0BBQMK5C6,"Slim Retainer Case with Vent Holes and Mirror, Compatible with Invisalign Case, 4 Adjustable Vent Holes Aligner Case, Ultra Strong Magnetic Closure, 2022 Newest, Sakura Pink",https://www.amazon.com/dp/B0BBQMK5C6,4.6,0,5.99,0.0,45,False,50,health,Health & Personal Care,Beauty & Personal Care,True,False,False,SRC-KAGGLE-002,amazon_products.csv
B07BV6Y72J,XTEND Sport BCAA Powder Blue Raspberry Ice - Electrolyte Powder for Recovery & Hydration with Amino Acids - 30 Servings,https://www.amazon.com/dp/B07BV6Y72J,4.6,0,20.28,21.99,136,False,9000,health,Health & Personal Care,Sports Nutrition Products,True,False,False,SRC-KAGGLE-002,amazon_products.csv
B079DX6N7W,"Punky Redilicious 3-in-1 Color Depositing Shampoo & Conditioner with Shea Butter and Pro Vitamin B that helps Nourish and Strengthen Hair, 8.5 oz",https://www.amazon.com/dp/B079DX6N7W,4.3,0,14.99,15.99,47,False,800,health,Health & Personal Care,Hair Care Products,True,False,False,SRC-KAGGLE-002,amazon_products.csv
B0017O74X4,"Swanson Indole-3-Carbinol with Resveratrol - I3C Supplement Promoting Cellular Protection - Natural Supplement to Help Maintain Healthy Hormone Balance - (60 Capsules, 200mg Each)",https://www.amazon.com/dp/B0017O74X4,4.5,355,15.21,0.0,132,False,100,health,Health & Personal Care,Diet & Sports Nutrition,False,False,False,SRC-KAGGLE-002,amazon_products.csv
B0BSMMQFZZ,"Momentous Fuel, Intra-Workout Carbs & Electrolyte, 28g of Carbs per Serving, 12 Single Serving Packets, Cherry Berry",https://www.amazon.com/dp/B0BSMMQFZZ,3.5,0,34.95,0.0,136,False,0,health,Health & Personal Care,Sports Nutrition Products,True,False,False,SRC-KAGGLE-002,amazon_products.csv
B00OMFXEGG,"Curad Flex Fabric Spot Adhesive Bandages, Bandage Diameter is 7/8"" (Box of 100)",https://www.amazon.com/dp/B00OMFXEGG,4.5,0,5.25,6.99,131,False,2000,health,Health & Personal Care,Health Care Products,True,False,False,SRC-KAGGLE-002,amazon_products.csv
B07GJRNXLL,"Secret Outlast Outlast XTEND Clear Gel Antiperspirant & Deodorant, Unscented, 2.6 Oz (2 Pack)",https://www.amazon.com/dp/B07GJRNXLL,4.7,0,13.94,0.0,52,False,1000,health,Health & Personal Care,Personal Care Products,True,False,False,SRC-KAGGLE-002,amazon_products.csv
B0C4Y4BRQD,"Heated Eye Mask Cordless for Dry Eyes, USB Eyes Heating Pad, Rechargeable, Real Silk, Sleep Mask for Men Women, Warm Eye Compress for Relief Stye, Blepharitis, Chalazion, Eye Fatigue or MGD",https://www.amazon.com/dp/B0C4Y4BRQD,4.4,0,29.99,0.0,49,False,300,health,Health & Personal Care,Skin Care Products,True,False,False,SRC-KAGGLE-002,amazon_products.csv
B00Y1MS6QI,"NutraBio PRE Workout Powder - Sustained Energy, Mental Focus, Endurance - Clinically Dosed Formula - Beta Alanine, Creatine, Caffeine, Electrolytes - 20 Servings - Watermelon",https://www.amazon.com/dp/B00Y1MS6QI,4.4,0,49.99,0.0,136,False,50,health,Health & Personal Care,Sports Nutrition Products,True,False,False,SRC-KAGGLE-002,amazon_products.csv
B08172RT51,Evlution L-Citrulline2000 Nitric Oxide Supplement for Men Nutrition High Strength L Citrulline Capsules for Enhanced Muscle Strength Recovery and Intense Pumps - Plant Based Nitric Oxide Booster,https://www.amazon.com/dp/B08172RT51,4.5,0,11.99,14.99,136,False,100,health,Health & Personal Care,Sports Nutrition Products,True,False,False,SRC-KAGGLE-002,amazon_products.csv
B0B5MGKTQ5,"e.l.f. SKIN SuperNourish Facial Oil, Lightweight Facial Oil For Nourished, Dewy Skin, Moisturizes, Conditions & Soothes Skin, Vegan & Cruelty-Free",https://www.amazon.com/dp/B0B5MGKTQ5,4.0,0,10.0,0.0,49,False,600,health,Health & Personal Care,Skin Care Products,True,False,False,SRC-KAGGLE-002,amazon_products.csv
B00X09QTP8,Nutricost Arginine AKG Powder 300 Grams (AAKG) - 3G Per Serving & 100 Servings - Pure Arginine Alpha Ketoglutarate,https://www.amazon.com/dp/B00X09QTP8,4.6,0,19.95,24.95,136,False,400,health,Health & Personal Care,Sports Nutrition Products,True,False,False,SRC-KAGGLE-002,amazon_products.csv
B094DF7HCB,50 Pairs Earplugs for Noise Canceling Ear Plugs for Sleep Work Snoring Sound Canceling Blocking Construction Loud Noise Reducing Soft Foam Earplugs,https://www.amazon.com/dp/B094DF7HCB,4.6,0,8.39,0.0,131,False,1000,health,Health & Personal Care,Health Care Products,True,False,False,SRC-KAGGLE-002,amazon_products.csv
B071S1K2LC,SUPERIOR BRAZILIAN KERATIN TREATMENT INFUSED WITH CHOCOLATE 32 Oz 946 mL,https://www.amazon.com/dp/B071S1K2LC,4.5,0,33.75,35.87,47,False,300,health,Health & Personal Care,Hair Care Products,True,False,False,SRC-KAGGLE-002,amazon_products.csv
B01N0LHXB5,"Eminence Organic Skincare Facial Recovery Oil, 0.5 Ounce",https://www.amazon.com/dp/B01N0LHXB5,4.7,0,56.99,0.0,49,False,300,health,Health & Personal Care,Skin Care Products,True,False,False,SRC-KAGGLE-002,amazon_products.csv
B078K4PKKR,"OGX Thick & Full + Biotin & Collagen Shampoo & Conditioner Set, (packaging may vary), Purple, 13 Fl Oz (Pack of 2)",https://www.amazon.com/dp/B078K4PKKR,4.4,0,10.9,18.58,47,False,10000,health,Health & Personal Care,Hair Care Products,True,False,False,SRC-KAGGLE-002,amazon_products.csv
B00LS2BZ6M,"Shea Moisture Shampoo and Conditioner Set, Coconut and Hibiscus Curl & Shine 13-oz ea Bundled with Curl Enhancing Smoothie 12-oz. Curly Hair Products with Coconut Oil, Vitamin E & Neem Oil",https://www.amazon.com/dp/B00LS2BZ6M,4.5,0,32.95,45.0,47,False,1000,health,Health & Personal Care,Hair Care Products,True,False,False,SRC-KAGGLE-002,amazon_products.csv
B07TZ5M5XQ,"Ors Olive Oil Exotic Scalp Oil, 4.3oz, 4.3 Oz",https://www.amazon.com/dp/B07TZ5M5XQ,4.6,0,7.79,9.99,47,False,500,health,Health & Personal Care,Hair Care Products,True,False,False,SRC-KAGGLE-002,amazon_products.csv
B0BDD8KLNB,20 Pairs Eye Gel Pads for Dark Circles Wrinkles Eye Bags Puffy Eyes Hydrating Anti Aging Under Eye Mask Patches Lighten Fine Lines for Women,https://www.amazon.com/dp/B0BDD8KLNB,4.3,0,18.99,23.99,49,False,200,health,Health & Personal Care,Skin Care Products,True,False,False,SRC-KAGGLE-002,amazon_products.csv
B0BLSQFNMN,"Soft Ear Plugs for Noise Reduction, Reusable Earplugs for Sleeping, Concerts, Motorcycles, Airplanes & Noise Sensitivity, 28dB Noise Cancelling, 8 Silicone Ear Tips in XS/S/M/L, Green",https://www.amazon.com/dp/B0BLSQFNMN,4.3,0,19.95,24.95,131,True,300,health,Health & Personal Care,Health Care Products,True,False,False,SRC-KAGGLE-002,amazon_products.csv
B0112YRW4O,Andis T-Outliner & GTX Replacement One Hittaz Zero Gap Modified T Blades (Extra Thin & Sharp) by Pro-Mate,https://www.amazon.com/dp/B0112YRW4O,4.0,0,14.99,19.99,47,False,1000,health,Health & Personal Care,Hair Care Products,True,False,False,SRC-KAGGLE-002,amazon_products.csv
B00LLLZSLS,"Piping Rock DIM Supplement | 100 mg | 90 Capsules | Diindolylmethane Supplement | Non-GMO, Gluten Free Complex",https://www.amazon.com/dp/B00LLLZSLS,4.5,19,8.99,0.0,132,False,100,health,Health & Personal Care,Diet & Sports Nutrition,False,False,False,SRC-KAGGLE-002,amazon_products.csv
B003XZQ7AQ,Liv Creme Hairdressing and Conditoner 15oz,https://www.amazon.com/dp/B003XZQ7AQ,4.7,0,16.99,19.99,47,False,400,health,Health & Personal Care,Hair Care Products,True,False,False,SRC-KAGGLE-002,amazon_products.csv
B07CGKWP9L,"Nivea Lip Balm - Blackberry Shine - 0.17oz, 0.17 Oz",https://www.amazon.com/dp/B07CGKWP9L,4.6,1290,6.72,0.0,49,False,300,health,Health & Personal Care,Skin Care Products,False,False,False,SRC-KAGGLE-002,amazon_products.csv
B003C2RQLE,Family persimmon soap 2 Kopakku,https://www.amazon.com/dp/B003C2RQLE,4.4,0,7.49,11.53,49,False,1000,health,Health & Personal Care,Skin Care Products,True,False,False,SRC-KAGGLE-002,amazon_products.csv
B09B7PPZG9,"Amazon Basics Thick Maxi Pads with Flexi-Wings for Periods, Long Length, Super Absorbency, Unscented, Size 2, 32 Count, 1 Pack (Previously Solimo)",https://www.amazon.com/dp/B09B7PPZG9,4.4,0,4.92,0.0,131,False,4000,health,Health & Personal Care,Health Care Products,True,False,False,SRC-KAGGLE-002,amazon_products.csv
B07NNW2ZD7,IUNIK Centella Bubble Foaming Vegan Facial Cleanser - Naturally-Derived Tea Tree Extracts Centella Asiatica Extract 69% Soothing Moisturizing Exfoliating Removes Pore Blackheads Whiteheads 5.07 Fl Oz,https://www.amazon.com/dp/B07NNW2ZD7,4.5,412,15.99,0.0,49,False,200,health,Health & Personal Care,Skin Care Products,False,False,False,SRC-KAGGLE-002,amazon_products.csv
B0BJ7HLPGV,"LifeVac Pink Travel Kit - Choking Rescue Device, Portable Suction Rescue Device First Aid Kit for Kids and Adults, Portable Airway Suction Device for Children and Adults",https://www.amazon.com/dp/B0BJ7HLPGV,4.5,0,79.99,0.0,131,False,2000,health,Health & Personal Care,Health Care Products,True,False,False,SRC-KAGGLE-002,amazon_products.csv
B09W28X1TB,"Huachi Knotted Headbands for Women Black, Leather Headbands with Knots Cute Womens Headbands knotted, Fashion Headbands for Women Top Knot Headband for Girls",https://www.amazon.com/dp/B09W28X1TB,4.6,0,7.99,0.0,47,False,300,health,Health & Personal Care,Hair Care Products,True,False,False,SRC-KAGGLE-002,amazon_products.csv
B0B3KYYDTF,Dr. Squatch All Natural Bar Soap for Men with Medium Grit - Birchwood Breeze 5 Ounce (Pack of 1),https://www.amazon.com/dp/B0B3KYYDTF,4.5,0,5.98,12.5,52,False,800,health,Health & Personal Care,Personal Care Products,True,False,False,SRC-KAGGLE-002,amazon_products.csv
B09YK5F5NC,"Dr. Squatch Natural Deodorant for Men 3 Pack Fresh Falls – Odor-Squatching Men's Deodorant Aluminum Free (2.65 oz, 3 Pack)",https://www.amazon.com/dp/B09YK5F5NC,4.5,0,0.0,0.0,52,False,5000,health,Health & Personal Care,Personal Care Products,True,True,False,SRC-KAGGLE-002,amazon_products.csv
B0C4CYM7JF,"Tooth Polisher and Tooth Stain Remover,Teeth Polishing Kit with 5 Replacement Heads and Clean Mode, USB Charging, IPX6 Waterproof,Dental Cleaning Tools Plaque Remover for Adults & Kids",https://www.amazon.com/dp/B0C4CYM7JF,4.0,0,35.99,0.0,45,False,0,health,Health & Personal Care,Beauty & Personal Care,True,False,False,SRC-KAGGLE-002,amazon_products.csv
B01IBD8HCA,Pure Alpha Lipoic Acid Supplement with Acetyl L-Carnitine - Natural ALA ALC Amino Acids Boost Memory Support Mental Performance and Raise Energy Levels Metabolism - 60 Capsules,https://www.amazon.com/dp/B01IBD8HCA,4.4,0,14.55,0.0,136,False,50,health,Health & Personal Care,Sports Nutrition Products,True,False,False,SRC-KAGGLE-002,amazon_products.csv
B085THFX6D,26 Pack Gold Wedding Bridal Hair Side Combs+U Shaped Hair Pins Clips Barrettes Leaf Flower Rhinestone Pearl Hair Pieces Updo Accessories Jewelry Headpieces for Women Girls Brides Bridesmaids,https://www.amazon.com/dp/B085THFX6D,4.5,0,14.99,18.99,47,False,100,health,Health & Personal Care,Hair Care Products,True,False,False,SRC-KAGGLE-002,amazon_products.csv
B07J4885WC,DermaHarmony 2% Pyrithione Zinc Shampoo Bar for dandruff and seborrheic dermatitis - Peppermint (4 Oz),https://www.amazon.com/dp/B07J4885WC,4.4,0,11.95,12.95,47,False,1000,health,Health & Personal Care,Hair Care Products,True,False,False,SRC-KAGGLE-002,amazon_products.csv
B0BRMZ1N5K,"Blonde Lace Front Wigs 13x4 HD Straight 613 Lace Front Wig Human Hair 150% Density Blonde Lace Front Wigs Glueless Wigs Human Hair Pre plucked 613 HD Lace Frontal Wig for Women (22 Inch, 613 lace front wig human hair)",https://www.amazon.com/dp/B0BRMZ1N5K,4.3,0,93.77,109.77,47,False,200,health,Health & Personal Care,Hair Care Products,True,False,False,SRC-KAGGLE-002,amazon_products.csv
B08171XG49,"Man Parts Ball Deodorant for Men - POWDER LOTION - Mens Hygiene Cream for Groin, Butt, & Body - Fresh Control Odor, Anti Chafing, Stop Itch, Absorb Sweat - Aluminum Free - 4 oz Tube",https://www.amazon.com/dp/B08171XG49,4.2,0,13.99,0.0,52,False,2000,health,Health & Personal Care,Personal Care Products,True,False,False,SRC-KAGGLE-002,amazon_products.csv
B08LJ6B1X1,"Herbal Essences Sulfate Free Shampoo and Conditioner Set - Hair Products Infused with Real Aloe & Honey + Vitamin B - Paraben Free, Safe for Color Treated Hair, bio:renew, 20.2 Fl Oz Each",https://www.amazon.com/dp/B08LJ6B1X1,4.5,0,25.42,0.0,47,False,1000,health,Health & Personal Care,Hair Care Products,True,False,False,SRC-KAGGLE-002,amazon_products.csv
B007MCLVSO,"EDEN BodyWorks Peppermint Tea Tree Clear Clarifying Shampoo | 8 oz | Refresh Scalp, Remove Build Up, Prevent Dandruff - Packaging May Vary",https://www.amazon.com/dp/B007MCLVSO,4.4,0,9.99,0.0,47,False,400,health,Health & Personal Care,Hair Care Products,True,False,False,SRC-KAGGLE-002,amazon_products.csv
B00C7CAEWI,Estee Lauder Advanced Night Repair Synchronized Recovery Complex 15ml (No Box),https://www.amazon.com/dp/B00C7CAEWI,4.2,31,12.0,12.99,49,False,200,health,Health & Personal Care,Skin Care Products,False,False,False,SRC-KAGGLE-002,amazon_products.csv
B08HP54CVQ,"Head & Shoulders Clinical Strength Dandruff Shampoo Twin Pack, Advanced Oil Control with Refreshing Citrus, 13.5 Oz Each",https://www.amazon.com/dp/B08HP54CVQ,4.6,0,20.58,0.0,47,False,9000,health,Health & Personal Care,Hair Care Products,True,False,False,SRC-KAGGLE-002,amazon_products.csv
B09833ZZM2,"Earplugs for Sleeping Noise Cancelling, Reusable Ear Plugs– Super Soft, Silicone Ear Plug, for Sleeping 8 Pairs, Swimming, Snoring, Concerts, Work, Noisy Places (Color)",https://www.amazon.com/dp/B09833ZZM2,4.2,0,7.36,16.99,131,False,400,health,Health & Personal Care,Health Care Products,True,False,False,SRC-KAGGLE-002,amazon_products.csv
B07GXX3QDK,True Athlete ZMA with Theanine - NSF Certified (90 Capsules),https://www.amazon.com/dp/B07GXX3QDK,4.5,0,24.7,0.0,136,False,50,health,Health & Personal Care,Sports Nutrition Products,True,False,False,SRC-KAGGLE-002,amazon_products.csv
B08VN2P6HB,120 Fat Burner Diet Pills - Weight Loss Pills for Women - 100% Natural Ingredients - Premium Supplement,https://www.amazon.com/dp/B08VN2P6HB,3.0,0,59.99,0.0,136,False,0,health,Health & Personal Care,Sports Nutrition Products,True,False,False,SRC-KAGGLE-002,amazon_products.csv
B07GTH16SH,7 inch All Purpose Hair Comb. Hair Cutting Combs. Barber’s & Hairstylist Combs. Fresh Mix 12 Units.,https://www.amazon.com/dp/B07GTH16SH,4.7,0,7.25,0.0,47,False,1000,health,Health & Personal Care,Hair Care Products,True,False,False,SRC-KAGGLE-002,amazon_products.csv
B00JJ36YVS,Pantene Pro-V Smooth & Sleek 2in1 Shampoo and Conditioner with Argan Oil - 12.6 oz - 2 pk,https://www.amazon.com/dp/B00JJ36YVS,4.7,0,19.85,24.0,47,False,200,health,Health & Personal Care,Hair Care Products,True,False,False,SRC-KAGGLE-002,amazon_products.csv
B0B92ZSTPB,"All-Natural Energized Pre-Workout Gummies with Enhanced Creatine Monohydrate ‒ Long Lasting Energy, Extreme Focus, Boosts Strength & Endurance〡Elite Alpha",https://www.amazon.com/dp/B0B92ZSTPB,4.2,0,24.99,0.0,136,False,0,health,Health & Personal Care,Sports Nutrition Products,True,False,False,SRC-KAGGLE-002,amazon_products.csv
B0C6XBGQ47,"Bitvae Replacement Charger Cable, Fits D2/S2 Sonic Electric Toothbrush, C2 Water Dental flosser, USB DC Charging Cord, White",https://www.amazon.com/dp/B0C6XBGQ47,0.0,0,13.99,0.0,45,False,0,health,Health & Personal Care,Beauty & Personal Care,True,False,True,SRC-KAGGLE-002,amazon_products.csv
B0B9WGHKKM,"Dark Spot Remover For Face Serum Formulated with Advanced Ingredient 4-Butylresorcinol, Kojic Acid, Lactic And Salicylic Acid and Licorice Root Extract | Improves Hyperpigmentation, Facial Freckles, Melasma, Brown and Other Stubborn Spots, 50ml",https://www.amazon.com/dp/B0B9WGHKKM,4.4,0,25.49,27.49,49,False,300,health,Health & Personal Care,Skin Care Products,True,False,False,SRC-KAGGLE-002,amazon_products.csv
B07N6PNKGH,"Retainer Case – 5pcs Durable Large Retainer Cases with Ventilation Holes For Orthodontic Retainer, Invisalign, Mouth Guard and Denture Storage. Tight Snap Lock, Color May Varies",https://www.amazon.com/dp/B07N6PNKGH,4.7,0,7.75,0.0,45,False,50,health,Health & Personal Care,Beauty & Personal Care,True,False,False,SRC-KAGGLE-002,amazon_products.csv
B0923F7N6F,Bob's Red Mill Gluten Free Almond Protein Powder 14 oz Pkg,https://www.amazon.com/dp/B0923F7N6F,5.0,0,19.26,0.0,136,False,100,health,Health & Personal Care,Sports Nutrition Products,True,False,False,SRC-KAGGLE-002,amazon_products.csv
B000BX1Z00,"CHI Silk Infusion, 12 FL Oz (Pack of 1), Packing May Vary",https://www.amazon.com/dp/B000BX1Z00,4.7,0,25.99,52.29,47,False,3000,health,Health & Personal Care,Hair Care Products,True,False,False,SRC-KAGGLE-002,amazon_products.csv
B06Y2Z4Z4S,"Heel Stickers Heel Cushion Pads Shoe Heel Insoles for Improved Shoe Fit and Comfort, (3 Black and 3 Beige)",https://www.amazon.com/dp/B06Y2Z4Z4S,4.2,0,5.59,0.0,131,False,300,health,Health & Personal Care,Health Care Products,True,False,False,SRC-KAGGLE-002,amazon_products.csv
B0B63QB7M9,"Bamboo Hairbrush and Comb Set - Eco-Friendly Natural Paddle Detangler Hairbrush with Scalp Massage, Perfect for Women, Men, and Kids, Reducing Frizz and Promoting Healthy Hair Growth",https://www.amazon.com/dp/B0B63QB7M9,4.5,0,12.99,0.0,47,False,200,health,Health & Personal Care,Hair Care Products,True,False,False,SRC-KAGGLE-002,amazon_products.csv
B07PLFMJX1,"MORGLES Wig Caps, 20pcs Wig Caps For Women Stocking Caps For Wigs Stretchy Wig Caps Brown & Light Brown Wig Cap for Lace Front Wig",https://www.amazon.com/dp/B07PLFMJX1,4.6,0,5.99,7.99,47,False,500,health,Health & Personal Care,Hair Care Products,True,False,False,SRC-KAGGLE-002,amazon_products.csv
B07B2X2677,"Softsoap Antibacterial Hand Soap with Moisturizers Refill, Crisp Clean 56 fl oz (2 PACK)",https://www.amazon.com/dp/B07B2X2677,4.6,0,33.07,0.0,49,False,300,health,Health & Personal Care,Skin Care Products,True,False,False,SRC-KAGGLE-002,amazon_products.csv
B0C9KXC3PV,Westin White Tea Aloe Body Wash - Hydrating Bath and Shower Gel with Signature White Tea Aloe Scent - Luxury Hotel Spa Collection - 8 ounces,https://www.amazon.com/dp/B0C9KXC3PV,4.0,8,19.95,0.0,49,False,200,health,Health & Personal Care,Skin Care Products,False,False,False,SRC-KAGGLE-002,amazon_products.csv
B07DBSRRMF,Reusable Filters for Respironics DreamStation (2/Pack),https://www.amazon.com/dp/B07DBSRRMF,4.8,0,3.99,0.0,131,False,0,health,Health & Personal Care,Health Care Products,True,False,False,SRC-KAGGLE-002,amazon_products.csv
B07V9PCR6B,"ONNIT Total Nitric Oxide - Caffeine Free Pre Workout Powder w/ Beet Root, L Arginine & L Citrulline Malate | Boost Energy & Recovery | Harvest Fruit Flavor - 20 Servings",https://www.amazon.com/dp/B07V9PCR6B,4.1,0,39.95,0.0,136,False,500,health,Health & Personal Care,Sports Nutrition Products,True,False,False,SRC-KAGGLE-002,amazon_products.csv
B082P8ZG9Z,"Well's Organic Rosewater Mist 8oz I Natural Spray Toner I Refreshing, Glowing Skin, All Skin Types I No Alcohol I No Parabens I No Dyes I Skincare and Haircare",https://www.amazon.com/dp/B082P8ZG9Z,4.6,0,13.99,0.0,49,False,700,health,Health & Personal Care,Skin Care Products,True,False,False,SRC-KAGGLE-002,amazon_products.csv
B0157EQ1HE,Himalaya Clean Complexion Brightening Face Wash for Clear & Glowing Skin and More Even Skin Tone 5.07 oz,https://www.amazon.com/dp/B0157EQ1HE,4.2,744,6.99,0.0,49,False,200,health,Health & Personal Care,Skin Care Products,False,False,False,SRC-KAGGLE-002,amazon_products.csv
B085LN463M,"LANEIGE Hypoallergenic Cica Sleeping Mask: Hydrate, Nourish, and Soothe Stressed Skin, 2.0 fl. oz.(Packing may vary)",https://www.amazon.com/dp/B085LN463M,4.6,0,34.0,0.0,49,False,500,health,Health & Personal Care,Skin Care Products,True,False,False,SRC-KAGGLE-002,amazon_products.csv
B002AL0MZ0,"Murray's Beeswax, Cream, 6 Ounce",https://www.amazon.com/dp/B002AL0MZ0,4.3,0,5.84,6.99,47,False,200,health,Health & Personal Care,Hair Care Products,True,False,False,SRC-KAGGLE-002,amazon_products.csv
B0007Z4JE6,"Malin + Goetz Essential Grapefruit Face Cleanser, 8 Fl oz",https://www.amazon.com/dp/B0007Z4JE6,4.6,0,40.0,0.0,49,False,400,health,Health & Personal Care,Skin Care Products,True,False,False,SRC-KAGGLE-002,amazon_products.csv
B00RH4V7KY,"Hair Feathers Extension Kit, 100% Real Rooster Feathers, Long Feather Hair Extensions in Pink, Purple, and Blue by Feather Lily",https://www.amazon.com/dp/B00RH4V7KY,4.3,0,38.95,0.0,47,False,200,health,Health & Personal Care,Hair Care Products,True,False,False,SRC-KAGGLE-002,amazon_products.csv
B07X3VMPJ5,Life Extension 7-Keto DHEA Metabolite – Crank Up Your Fat-Burning Furnace – Non-GMO – Gluten-Free – 100 Mg – 60 Vegetarian Capsules,https://www.amazon.com/dp/B07X3VMPJ5,4.4,0,30.0,0.0,136,False,800,health,Health & Personal Care,Sports Nutrition Products,True,False,False,SRC-KAGGLE-002,amazon_products.csv
B07GJYVR5P,"CB Smoothe Edge Growth Oil - Anti Itch Scalp Moisturizer - Natural Hair Growth Serum With Tea Tree, Peppermint, & Jamaican Black Castor Oil - Boost Scalp Circulation & Edge Regrowth - Non Greasy - 4oz",https://www.amazon.com/dp/B07GJYVR5P,4.4,0,8.88,0.0,47,False,300,health,Health & Personal Care,Hair Care Products,True,False,False,SRC-KAGGLE-002,amazon_products.csv
B0BRSMLFK9,"Jack & Rose Hair Clippers for Men, Professional Cordless Hair Clippers Kit, Barber Clippers for Hair Cutting, Men Hair Clippers and Trimmers Set",https://www.amazon.com/dp/B0BRSMLFK9,4.7,0,49.99,59.99,47,False,900,health,Health & Personal Care,Hair Care Products,True,False,False,SRC-KAGGLE-002,amazon_products.csv
B0C6XXXL38,"Botanic Hearth Castor Oil | USDA Certified Organic |100% Pure & Hexane Free | Cold Pressed | Growth for Eyelashes, Eyebrows, Hair | With Eyebrow & Eyelash Brush | 2fl oz",https://www.amazon.com/dp/B0C6XXXL38,4.6,0,9.95,12.99,47,False,1000,health,Health & Personal Care,Hair Care Products,True,False,False,SRC-KAGGLE-002,amazon_products.csv
B0C85F6XV2,"112 Star Acne Patches with Salicylic Acid & Tea Tree Oil, Star Pimple Patch Pimple Patches for Face Yellow & Purple Hydrocolloid Acne Patches Cute Zit Patches for Face Healing Sticker",https://www.amazon.com/dp/B0C85F6XV2,4.7,0,5.99,0.0,49,False,500,health,Health & Personal Care,Skin Care Products,True,False,False,SRC-KAGGLE-002,amazon_products.csv
B0BXFH1ZQP,PEACE OUT Skincare Pores. Hydrocolloid Pore-Refining Nose and Face Strips with Vitamin A to Shrink Enlarged Pores and Remove Blackheads (4 pore and 4 nose strips),https://www.amazon.com/dp/B0BXFH1ZQP,4.1,0,19.0,0.0,49,False,300,health,Health & Personal Care,Skin Care Products,True,False,False,SRC-KAGGLE-002,amazon_products.csv
B09T32JGRV,"6 Pack Hair Picks for Curly Hair, 6.3 Inch Plastic Afro Pick for Women Men Hair Styling, Wide Tooth Afro Comb for Hairdressing (6 Colors)",https://www.amazon.com/dp/B09T32JGRV,4.6,0,6.98,0.0,47,False,200,health,Health & Personal Care,Hair Care Products,True,False,False,SRC-KAGGLE-002,amazon_products.csv
B07YZRT2S8,"Australian Gold Botanical SPF 50 Tinted Sunscreen for Face, Non-Chemical BB Cream & Mineral Sunscreen, Water-Resistant, Matte Finish, For Sensitive Facial Skin, Medium to Tan Skin Tones, 3 FL Oz",https://www.amazon.com/dp/B07YZRT2S8,4.4,0,13.49,0.0,49,False,5000,health,Health & Personal Care,Skin Care Products,True,False,False,SRC-KAGGLE-002,amazon_products.csv
B09NMMXQDF,"Versed Sunday Morning Antioxidant Oil Face Serum - Nourishing Facial Oil with Camellia Oil, Sea Buckthorn Extract and Vitamin E to Help Hydrate and & Strengthen Skin Barrier - Vegan (1 fl oz)",https://www.amazon.com/dp/B09NMMXQDF,4.4,0,21.99,0.0,49,False,500,health,Health & Personal Care,Skin Care Products,True,False,False,SRC-KAGGLE-002,amazon_products.csv
B01B856IV0,"Amish Farms All Natural Soap Bar - Made in USA, Handmade, Vegan Moisturizing Natural Body Soap for Sensitive Skin, natural Bar soap for Men & Women, Wildflower Scent, 5 Oz Each (5 Bars Random Colors)",https://www.amazon.com/dp/B01B856IV0,4.7,0,18.49,21.0,49,False,5000,health,Health & Personal Care,Skin Care Products,True,False,False,SRC-KAGGLE-002,amazon_products.csv
B000L2GBI2,Curad Small Non-Stick Pads With Adhesive Tabs 2 Inches X 3 Inches 20 Each,https://www.amazon.com/dp/B000L2GBI2,4.5,0,7.99,8.49,131,False,700,health,Health & Personal Care,Health Care Products,True,False,False,SRC-KAGGLE-002,amazon_products.csv
B09YYQGJXS,"Electric Toothbrush Replacement Charger Fit for Philips Sonicare HX5100 6732 E-Series, Fit for Philips Sonicare Toothbrush Handle All 5000 Series Such as 5300/5350/5500/5700/5750/5800",https://www.amazon.com/dp/B09YYQGJXS,4.6,0,14.99,0.0,45,False,0,health,Health & Personal Care,Beauty & Personal Care,True,False,False,SRC-KAGGLE-002,amazon_products.csv
B07JFNQXVM,"Spongellé Wild Flower Body Wash Infused Buffer, Beach Grass",https://www.amazon.com/dp/B07JFNQXVM,4.7,0,11.99,0.0,49,False,600,health,Health & Personal Care,Skin Care Products,True,False,False,SRC-KAGGLE-002,amazon_products.csv
B07F85DCY9,Short Bob Wavy Curly Wig Lady Costume Black and White Wig For Women Cosplay Halloween Wigs Heat Resistant Bob Party Wig Include Wig Cap (Black and White),https://www.amazon.com/dp/B07F85DCY9,4.2,0,16.99,18.95,47,False,100,health,Health & Personal Care,Hair Care Products,True,False,False,SRC-KAGGLE-002,amazon_products.csv
B008ZRLX0G,Whey Protein Isolate Protein Powder 2 lbs (Chocolate),https://www.amazon.com/dp/B008ZRLX0G,4.5,0,34.99,0.0,136,False,50,health,Health & Personal Care,Sports Nutrition Products,True,False,False,SRC-KAGGLE-002,amazon_products.csv
B0BMV2RNBL,"Fairy Hair Extensions Tinsel Kit Heat Resistant for Girls - Quick & Easy To Use, 16 Beautiful Colors, Super Long, Full Tools & Accessories",https://www.amazon.com/dp/B0BMV2RNBL,4.4,0,15.95,0.0,47,False,900,health,Health & Personal Care,Hair Care Products,True,False,False,SRC-KAGGLE-002,amazon_products.csv
B087KSVHS4,"EVERYDAY HUMANS SPF30 PA +++ Sheer Sunscreen Serum Primer, 1.7oz | Light Glow Finish with Hyaluronic Acid | Make-Up Primer SPF Moisturizer For All Skin Types | Resting Beach Face",https://www.amazon.com/dp/B087KSVHS4,4.6,0,18.99,21.5,49,False,200,health,Health & Personal Care,Skin Care Products,True,False,False,SRC-KAGGLE-002,amazon_products.csv
B00E3E8A4M,Arm & Hammer Ultra Max Fresh Scent Solid Antiperspirant Deodorant 2.6 oz (Pack of 6),https://www.amazon.com/dp/B00E3E8A4M,4.7,0,19.14,25.99,52,False,2000,health,Health & Personal Care,Personal Care Products,True,False,False,SRC-KAGGLE-002,amazon_products.csv
B001E0VBDK,Nubian African Black Soap 5 Ounce (pack of 6),https://www.amazon.com/dp/B001E0VBDK,4.7,2295,33.61,49.99,49,False,100,health,Health & Personal Care,Skin Care Products,False,False,False,SRC-KAGGLE-002,amazon_products.csv
B0CFDP62DP,Swan Magnesium Citrate Saline Laxative - Grape (2-Pack),https://www.amazon.com/dp/B0CFDP62DP,5.0,0,17.34,0.0,131,False,0,health,Health & Personal Care,Health Care Products,True,False,False,SRC-KAGGLE-002,amazon_products.csv
B0C79LC1R9,"One Sol Lean Plant Protein Powder Horchata, Low Carb, Gluten Free, Lactose-Free, No Sugar Added, Soy Free, Non-GMO, 100% Plant-Based & Vegan Friendly",https://www.amazon.com/dp/B0C79LC1R9,4.2,0,44.99,0.0,136,False,400,health,Health & Personal Care,Sports Nutrition Products,True,False,False,SRC-KAGGLE-002,amazon_products.csv
B0000535UW,"JASON Natural Body Wash & Shower Gel, Invigorating Rosewater, 30 Oz",https://www.amazon.com/dp/B0000535UW,4.5,0,8.98,11.99,49,False,5000,health,Health & Personal Care,Skin Care Products,True,False,False,SRC-KAGGLE-002,amazon_products.csv
B08LJ5PMB8,"Old Spice Fiji 2-in-1 Shampoo and Conditioner for Men, 21.9 Fl Oz Each, Twin Pack",https://www.amazon.com/dp/B08LJ5PMB8,4.7,0,15.94,0.0,47,False,5000,health,Health & Personal Care,Hair Care Products,True,False,False,SRC-KAGGLE-002,amazon_products.csv
B0C6FT8HV4,"Briogeo Don’t Despair Repair Moisture + Damage Defense Leave-In Treatment, Seals Split Ends and Repairs Dry, Damaged Hair, Vegan, Phalate & Paraben-Free, 4 oz",https://www.amazon.com/dp/B0C6FT8HV4,4.4,0,29.0,0.0,47,False,300,health,Health & Personal Care,Hair Care Products,True,False,False,SRC-KAGGLE-002,amazon_products.csv
B07BRTC6KK,Slim Extreme 4D Scalpel Super Concentrated Serum Reducing Fatty Tissue,https://www.amazon.com/dp/B07BRTC6KK,4.2,0,7.49,8.49,49,False,700,health,Health & Personal Care,Skin Care Products,True,False,False,SRC-KAGGLE-002,amazon_products.csv
B0B9868RMY,"Nexxus Unbreakable Care Anti-Breakage Shampoo With Keratin, Collagen, Biotin For Fine And Thin Hair Sulfate Free Shampoo 13.5 oz",https://www.amazon.com/dp/B0B9868RMY,4.1,0,15.0,15.99,47,False,1000,health,Health & Personal Care,Hair Care Products,True,False,False,SRC-KAGGLE-002,amazon_products.csv
B00BD3RT84,"Eminence Organics Coconut Age Corrective Moisturizer, 2 Ounce",https://www.amazon.com/dp/B00BD3RT84,4.6,0,43.49,0.0,49,False,700,health,Health & Personal Care,Skin Care Products,True,False,False,SRC-KAGGLE-002,amazon_products.csv
B00886GHT6,"Giant Toothbrush, Green (15"")",https://www.amazon.com/dp/B00886GHT6,4.4,0,10.35,11.95,45,False,0,health,Health & Personal Care,Beauty & Personal Care,True,False,False,SRC-KAGGLE-002,amazon_products.csv
B074P68Q4P,Baxter of California Daily Fortifying Shampoo for Men | All Hair Types| Cleanses and Strengthens | Fresh Mint Scent | Father's Day Gift Guide,https://www.amazon.com/dp/B074P68Q4P,4.6,0,33.0,0.0,47,False,300,health,Health & Personal Care,Hair Care Products,True,False,False,SRC-KAGGLE-002,amazon_products.csv
B0BS2L7HYD,"Galvanox Electric Toothbrush Replacement Charger for Braun Oral-B Electric Toothbrushes, Waterproof Inductive Base for Model 3757 - Portable Travel w/Built-in USB Power Cord (LED Charging Indicator)",https://www.amazon.com/dp/B0BS2L7HYD,4.7,0,15.99,0.0,45,False,0,health,Health & Personal Care,Beauty & Personal Care,True,False,False,SRC-KAGGLE-002,amazon_products.csv
B06VSJMYVK,Infusium Moisturize & Replenish Shampoo and Conditoner 13.5oz Each,https://www.amazon.com/dp/B06VSJMYVK,4.6,0,18.59,0.0,47,False,300,health,Health & Personal Care,Hair Care Products,True,False,False,SRC-KAGGLE-002,amazon_products.csv
B0B96WMT7J,"2 Pcs Microfiber Hair Drying Towels, Ultra Absorbent Hair Drying Cap Bowknot Hair Turban Towel for Women Adults or Girls to Dry Hair",https://www.amazon.com/dp/B0B96WMT7J,4.1,0,9.99,0.0,47,False,100,health,Health & Personal Care,Hair Care Products,True,False,False,SRC-KAGGLE-002,amazon_products.csv
B0BQCYD2JT,"Puttisu Real Fruit Facial Mask Sheet for Kids, Children - Made with 100% Cotton, Moisturize, Sooths and Hydrates Skin (Strawberry- Pack of 5)",https://www.amazon.com/dp/B0BQCYD2JT,4.8,68,13.0,0.0,49,False,100,health,Health & Personal Care,Skin Care Products,False,False,False,SRC-KAGGLE-002,amazon_products.csv
B08PCV8J1L,"Old Spice Daily Hydration Hand & Body Lotion for Men with Shea Butter, 24/7 All Day Hydration, 16 fl oz (Pack of 4)",https://www.amazon.com/dp/B08PCV8J1L,4.6,589,27.88,0.0,49,False,200,health,Health & Personal Care,Skin Care Products,False,False,False,SRC-KAGGLE-002,amazon_products.csv
B00E4OQ63I,"Lumene CC Color Correcting Cream, Medium, 1 Fl Oz (Pack of 1)",https://www.amazon.com/dp/B00E4OQ63I,4.3,0,19.99,0.0,49,False,400,health,Health & Personal Care,Skin Care Products,True,False,False,SRC-KAGGLE-002,amazon_products.csv
B0BN28G2J9,Rocky Mountain Barber Company Kids Hair Styling Paste for Boys - Large 4 oz Tub - Medium Hold Gel for All Hairstyles - Citrus Scent,https://www.amazon.com/dp/B0BN28G2J9,4.2,0,16.99,0.0,47,False,500,health,Health & Personal Care,Hair Care Products,True,False,False,SRC-KAGGLE-002,amazon_products.csv
B082YGF3SQ,"Acure Buildup Balancing Hemp & Apple Cider Vinegar Conditioner | 100% Vegan | Resets & Balances Hair for Styled, Swim & Harsh Conditions | Fragrance Free Formula | 8 Fl Oz",https://www.amazon.com/dp/B082YGF3SQ,4.4,0,7.49,9.99,47,False,400,health,Health & Personal Care,Hair Care Products,True,False,False,SRC-KAGGLE-002,amazon_products.csv
B006WQF3B2,"eos 100% Natural & Organic Lip Balm- Strawberry Sorbet, All-Day Moisture, Dermatologist Recommended for Sensitive Skin, Lip Care Products, 0.25 oz",https://www.amazon.com/dp/B006WQF3B2,4.6,0,3.99,4.19,49,False,2000,health,Health & Personal Care,Skin Care Products,True,False,False,SRC-KAGGLE-002,amazon_products.csv
B003LAEEMG,Florida Water Bar Soap 3.3 oz (Pack of 2),https://www.amazon.com/dp/B003LAEEMG,4.6,0,6.18,0.0,49,False,500,health,Health & Personal Care,Skin Care Products,True,False,False,SRC-KAGGLE-002,amazon_products.csv
B09YH2HCWC,"Grapefruit Body Scrub - Moisturizing Jojoba, Aloe Vera & Nourishing Body Oils - Exfoliating Salt Scrub For Body & Face -Win Against Aging, Stretch Marks, Cellulite, Acne & Dead Skin Scars- 10 oz",https://www.amazon.com/dp/B09YH2HCWC,4.2,0,14.95,0.0,49,False,700,health,Health & Personal Care,Skin Care Products,True,False,False,SRC-KAGGLE-002,amazon_products.csv
B0849PNX3Y,Pacifica Coconut Cream Body Wash 12 oz,https://www.amazon.com/dp/B0849PNX3Y,4.5,0,7.5,10.0,49,False,600,health,Health & Personal Care,Skin Care Products,True,False,False,SRC-KAGGLE-002,amazon_products.csv
B00N0ZO96S,"Best Naturals BCAA Branch Chain Amino Acid, 3200mg per Serving, 400 Capsules - Pharmaceutical Grade - 100% Pure Instantized Formula | Pre/Post Workout Bodybuilding Supplement | Boost Muscle Growth",https://www.amazon.com/dp/B00N0ZO96S,4.6,0,19.99,21.99,136,False,100,health,Health & Personal Care,Sports Nutrition Products,True,False,False,SRC-KAGGLE-002,amazon_products.csv
B08R5FP2D2,"Band-Aid Adhesive Bandage Family Variety Pack in Assorted Sizes Featuring Water Block & Skin Flex, Flexible Fabric, Tough Strips & Pixar Character Bandages, 110 Count",https://www.amazon.com/dp/B08R5FP2D2,4.8,0,11.98,16.02,131,False,4000,health,Health & Personal Care,Health Care Products,True,False,False,SRC-KAGGLE-002,amazon_products.csv
B00F8HGA0E,"BULKSUPPLEMENTS.COM NAC Powder - N-Acetyl Cysteine 600mg, NAC Supplement, NAC 600 mg - Brain & Antioxidants Supplement - Gluten Free, 600mg per Serving, 417 Servings, 250g (8.8 oz)",https://www.amazon.com/dp/B00F8HGA0E,4.4,0,21.96,0.0,136,False,1000,health,Health & Personal Care,Sports Nutrition Products,True,False,False,SRC-KAGGLE-002,amazon_products.csv
B01F46TQ9K,Thinkbaby Safe Sunscreen SPF 50+ - 6oz Family Size (2-Pack),https://www.amazon.com/dp/B01F46TQ9K,4.6,0,30.9,36.97,49,False,500,health,Health & Personal Care,Skin Care Products,True,False,False,SRC-KAGGLE-002,amazon_products.csv
B0B1ZVNHG2,"2000mg Liposomal Phosphatidic Acid (PA) | Muscle Builder, High Absorption Muscle Building Supplements for Men & Women | Muscle Gainer, mTOR Protein Synthesis & Lean Body Mass, Strength,120 Capsules",https://www.amazon.com/dp/B0B1ZVNHG2,4.5,0,37.99,0.0,136,False,200,health,Health & Personal Care,Sports Nutrition Products,True,False,False,SRC-KAGGLE-002,amazon_products.csv
B09XFFXPV2,"JOYMODE Testosterone Support Complex (90ct) -Natural Supplement for Men w/Ashwagandha, DIM, Magnesium, Zinc & Boron",https://www.amazon.com/dp/B09XFFXPV2,4.0,0,50.0,0.0,136,False,1000,health,Health & Personal Care,Sports Nutrition Products,True,False,False,SRC-KAGGLE-002,amazon_products.csv
B0BQTHDZY1,"numbuzin No.1 Pure-Full Calming Herb Toner | Acne-Prone Skin, Centella Asiatica, Deep Calming (10.14 Fl Oz)",https://www.amazon.com/dp/B0BQTHDZY1,4.4,0,15.9,21.0,52,False,400,health,Health & Personal Care,Personal Care Products,True,False,False,SRC-KAGGLE-002,amazon_products.csv
B01IADW09M,Dove Men + Care Clinical Protection Antiperspirant Deodorant Solid Clean Comfort 1.70 oz (Pack of 4),https://www.amazon.com/dp/B01IADW09M,4.7,0,28.85,39.99,52,False,500,health,Health & Personal Care,Personal Care Products,True,False,False,SRC-KAGGLE-002,amazon_products.csv
B01NBWTUVZ,"tgin Curl Bomb Moisturizing Styling Gel For Natural Hair - Dry Hair - Curly Hair, 13 oz",https://www.amazon.com/dp/B01NBWTUVZ,4.3,0,13.69,15.99,47,False,200,health,Health & Personal Care,Hair Care Products,True,False,False,SRC-KAGGLE-002,amazon_products.csv
B0BB6F18GS,"Curling Wand, Professional Ceramic 1/2-1 Inch Tapered Hair Curling Iron, LCD Display with 14 Heat Setting(190 to 450°F), Dual Voltage Instant Heating Hair Wand Curler for All Hair Type",https://www.amazon.com/dp/B0BB6F18GS,4.3,0,25.99,0.0,47,False,200,health,Health & Personal Care,Hair Care Products,True,False,False,SRC-KAGGLE-002,amazon_products.csv
B0742LSPL2,"b.tan Darker Self Tanner | Love At First Tan - Fast, 1 Hour Sunless Tanner Mousse, Violet-Based, Knocks Out Orange Tones, No Fake Tan Smell, No Added Nasties, Vegan, Cruelty Free, 6.7 Fl Oz",https://www.amazon.com/dp/B0742LSPL2,4.3,0,9.97,14.99,49,True,5000,health,Health & Personal Care,Skin Care Products,True,False,False,SRC-KAGGLE-002,amazon_products.csv
B086H3T61R,Forever Lite Ultra® - Vanilla,https://www.amazon.com/dp/B086H3T61R,4.6,0,25.98,0.0,136,False,50,health,Health & Personal Care,Sports Nutrition Products,True,False,False,SRC-KAGGLE-002,amazon_products.csv
B00FV5KKBS,Bath & Body Works Aromatherapy Stress Relief Eucalyptus Spearmint Lotion 6.7 Fl Oz Each (3 Pack),https://www.amazon.com/dp/B00FV5KKBS,4.7,0,31.49,33.0,49,False,200,health,Health & Personal Care,Skin Care Products,True,False,False,SRC-KAGGLE-002,amazon_products.csv
B01LTIAQBO,"SlimFast Meal Replacement Shake, Original French Vanilla, 10g of Ready to Drink Protein for Weight Loss, 11 Fl. Oz Bottle, 4 Count (Packaging May Vary)",https://www.amazon.com/dp/B01LTIAQBO,4.5,4457,6.78,8.59,132,False,200,health,Health & Personal Care,Diet & Sports Nutrition,False,False,False,SRC-KAGGLE-002,amazon_products.csv
B073X2JNX8,"Bare Performance Nutrition, BPN Flight Pre Workout, Blue Raspberry, 30 Servings",https://www.amazon.com/dp/B073X2JNX8,4.5,0,47.71,0.0,136,False,500,health,Health & Personal Care,Sports Nutrition Products,True,False,False,SRC-KAGGLE-002,amazon_products.csv
B0B22TJCZ7,"NEW - 3% Caffeine Eye Cream - 5% Niacinamide (Vitamin B3) Under Eye Cream for Dark Circle, Puffiness & Wrinkles - Brighten & Repair Anti Aging Eye Treatment Balm - Moisturizer with Collagen",https://www.amazon.com/dp/B0B22TJCZ7,4.4,0,9.99,0.0,49,False,4000,health,Health & Personal Care,Skin Care Products,True,False,False,SRC-KAGGLE-002,amazon_products.csv
B0861RQY2K,"30 Pcs Hairdressing Double Prong Curl Clips 1.8"" Curl Setting Section Hair Clips for Hair Bow Great Pin Curl Clip, Styling Clips for Hair Salon, Barber, Silver.",https://www.amazon.com/dp/B0861RQY2K,4.5,0,4.99,0.0,47,False,300,health,Health & Personal Care,Hair Care Products,True,False,False,SRC-KAGGLE-002,amazon_products.csv
B0CDGD3XZ6,Electric Toothbrush Travel Case for Oral-B/Philips Sonicare Electric Toothbrush Case with 4PACK Head Covers Caps (White),https://www.amazon.com/dp/B0CDGD3XZ6,4.5,0,7.99,8.98,45,False,0,health,Health & Personal Care,Beauty & Personal Care,True,False,False,SRC-KAGGLE-002,amazon_products.csv
B00I80TBHM,"SkinDaily Niacinamide Serum for Face -1oz- Vitamin B3 Pore Minimizer Dermatologist Recommend Concentration - Targets Aging Skin, Wrinkles, Dark Spots - Superior Moisturizer and Skin Brightening",https://www.amazon.com/dp/B00I80TBHM,4.3,2297,19.99,24.99,49,False,100,health,Health & Personal Care,Skin Care Products,False,False,False,SRC-KAGGLE-002,amazon_products.csv
B00016X3KC,"GIOVANNI L.A. Hold Styling Gel - Strong Hold, Hair Gel for Women and Men, Vegan, No Parabens or Phthalates, Infused with Natural Botanical Ingredients, Lightweight Hair Styling Gel - 6.8 oz (1 Pack)",https://www.amazon.com/dp/B00016X3KC,4.5,0,9.93,0.0,47,False,1000,health,Health & Personal Care,Hair Care Products,True,False,False,SRC-KAGGLE-002,amazon_products.csv
B0CDM9N5KN,"Old Spice Red Collection Deodorant for Men, Aluminum Free, Pure Sport Scent, 3.0 oz (Pack of 3)",https://www.amazon.com/dp/B0CDM9N5KN,4.7,0,14.97,17.91,52,False,500,health,Health & Personal Care,Personal Care Products,True,False,False,SRC-KAGGLE-002,amazon_products.csv
B09CYD3RMQ,"5 Pack Toothbrush Heads for YUNCHI Y7, Electric Toothbrush Replacement Heads Compatible with YUNCHI Y7 Sonic Electric Toothbrush for Adults & Kids, Black",https://www.amazon.com/dp/B09CYD3RMQ,4.8,0,14.99,0.0,45,False,0,health,Health & Personal Care,Beauty & Personal Care,True,False,False,SRC-KAGGLE-002,amazon_products.csv
B005LZT9HO,"Eminence Firm Skin Acai Moisturizer, 2 Fl Oz",https://www.amazon.com/dp/B005LZT9HO,4.6,0,50.53,58.0,49,False,300,health,Health & Personal Care,Skin Care Products,True,False,False,SRC-KAGGLE-002,amazon_products.csv
B0086VI9TO,"Philips Sonicare HX6023/64 Proresults Compact Brush Heads, 3 Pack",https://www.amazon.com/dp/B0086VI9TO,4.2,0,29.95,0.0,45,False,0,health,Health & Personal Care,Beauty & Personal Care,True,False,False,SRC-KAGGLE-002,amazon_products.csv
B09XRW4BPT,"L'Oréal Professionnel Leave-In-Moisturizer, With Heat Protection, For Curly & Coily Hair, With Glycerin, Urea H and Hibiscus Seed Extract, Serie Expert Curl Expression, 200 ml",https://www.amazon.com/dp/B09XRW4BPT,4.4,0,34.0,0.0,47,False,200,health,Health & Personal Care,Hair Care Products,True,False,False,SRC-KAGGLE-002,amazon_products.csv
B0C688F36C,"2 Pack Reusable Ice Packs for Injuries - Soft Ice Pack with Velvet Soft Fleece Fabric | Flexible Hot and Cold Gel Ice Pack Set- Cold Packs for Injuries, Knee, Back, Neck Pain - 10 x 6, Grey",https://www.amazon.com/dp/B0C688F36C,4.7,0,12.95,0.0,131,False,0,health,Health & Personal Care,Health Care Products,True,False,False,SRC-KAGGLE-002,amazon_products.csv
B0842TRVCJ,Cellucor C4 Dynasty MMXX Pre Workout Powder Strawberry Lemonade | Preworkout Energy Supplement for Men & Women | 350mg Caffeine + 6.4g Beta Alanine | 20 Servings,https://www.amazon.com/dp/B0842TRVCJ,4.5,0,60.2,69.99,136,False,400,health,Health & Personal Care,Sports Nutrition Products,True,False,False,SRC-KAGGLE-002,amazon_products.csv
B08R9FH8CM,"2 Denture Bath Cases Denture Cups with 2 Denture Cleaner Brushes Denture Container with Basket Denture Holder Brush Retainer Case for Travel Retainer Cleaning (Lake Blue, Light Green, Blue, Green)",https://www.amazon.com/dp/B08R9FH8CM,4.6,0,10.99,11.99,45,False,0,health,Health & Personal Care,Beauty & Personal Care,True,False,False,SRC-KAGGLE-002,amazon_products.csv
B08P4SD7TZ,"DERMA E Vitamin C Weightless Moisturizer SPF 45 – Skin Brightening Face Cream with Mineral UVA/UVB Sunscreen – Hydrating Facial Moisturizer for Lines, Wrinkles and Uneven Tone, 2 Fl Oz",https://www.amazon.com/dp/B08P4SD7TZ,3.9,185,14.9,23.95,49,False,200,health,Health & Personal Care,Skin Care Products,False,False,False,SRC-KAGGLE-002,amazon_products.csv
B0C3S4ZDBS,Topicals Faded Brightening & Clearing Body Mist 3.4 oz/ 100 mL,https://www.amazon.com/dp/B0C3S4ZDBS,3.9,0,32.0,0.0,49,False,300,health,Health & Personal Care,Skin Care Products,True,False,False,SRC-KAGGLE-002,amazon_products.csv
B07NQLWYXW,SheaMoisture Jamaican Black Castor Oil Leave In Conditioner For Damaged Hair 100% Pure Jamaican Black Castor Oil To Soften And Detangle Hair 11.5oz,https://www.amazon.com/dp/B07NQLWYXW,4.6,0,9.97,12.99,47,False,8000,health,Health & Personal Care,Hair Care Products,True,False,False,SRC-KAGGLE-002,amazon_products.csv
B0BSB2M8S6,"Welly Bandages - Northern Lights Handy Bandies | Adhesive Flexible Fabric Bravery Badges | Assorted Shapes for Minor Cuts, Scrapes, and Wounds | Colorful First Aid Tin for Fingers and Toes - 24 Count",https://www.amazon.com/dp/B0BSB2M8S6,4.8,0,6.99,0.0,131,False,2000,health,Health & Personal Care,Health Care Products,True,False,False,SRC-KAGGLE-002,amazon_products.csv
B086XLBQL2,Delfanti-Milano • COLLAGEN 24K • Anti-Aging Day Cream • Face and Neck Moisturizer with pure Hyaluronic Acid • Made in Italy.,https://www.amazon.com/dp/B086XLBQL2,4.5,273,9.85,17.95,49,False,200,health,Health & Personal Care,Skin Care Products,False,False,False,SRC-KAGGLE-002,amazon_products.csv
B07GSWGBR5,"100 Pairs Set Gel pads for eyelash extensions, Comfy and Cool Under Eye Pads for Eyelash Extensions Eye Patches Beauty Tool",https://www.amazon.com/dp/B07GSWGBR5,4.5,0,15.99,0.0,49,False,500,health,Health & Personal Care,Skin Care Products,True,False,False,SRC-KAGGLE-002,amazon_products.csv
B0175D67CO,"Wella Professionals EIMI Pearl Styler Hair Gel, For a Strong Flexible Hold, Protects Against UV Damage , 3.59 oz",https://www.amazon.com/dp/B0175D67CO,4.6,0,22.1,0.0,47,False,200,health,Health & Personal Care,Hair Care Products,True,False,False,SRC-KAGGLE-002,amazon_products.csv
B0171KWVJO,Elizavecca CER-100 Collagen Coating Protein Ion Injection Hair Essence Cream 50ml/1.7 fl.oz.,https://www.amazon.com/dp/B0171KWVJO,4.5,0,8.4,0.0,47,False,1000,health,Health & Personal Care,Hair Care Products,True,False,False,SRC-KAGGLE-002,amazon_products.csv
B00KQGTORS,"Honeywell HEPA-Type Air Purifier Filter, U – for HHT270 and HHT290 Series",https://www.amazon.com/dp/B00KQGTORS,4.8,0,17.88,18.99,201,False,900,home_kitchen,Home & Kitchen,Home Appliances,True,False,False,SRC-KAGGLE-002,amazon_products.csv
B0BNL5JCVR,"BAGAIL Kitchen Scale with Timer, 0.1g High Precision Coffee Scale, Drip Espresso Scale with Auto Tare, Touch Sensor and Silicone Cover - 6.6 lbs/3 kg",https://www.amazon.com/dp/B0BNL5JCVR,4.6,0,23.99,0.0,170,False,1000,home_kitchen,Home & Kitchen,Kitchen & Dining,True,False,False,SRC-KAGGLE-002,amazon_products.csv
B0BXKMR256,"Olive Oil Sprayer for Cooking, 200ml glass Olive oil sprayer Mister, cooking oil sprayer, Oil Spray Bottle, canola oil sprayer, air fryer for Salad Making, Baking, Frying, BBQ, Grilling Kitchen Tools",https://www.amazon.com/dp/B0BXKMR256,4.8,0,12.23,13.99,170,False,1000,home_kitchen,Home & Kitchen,Kitchen & Dining,True,False,False,SRC-KAGGLE-002,amazon_products.csv
B09BC44FD4,"GLACIER FRESH 12033030 Replacement for Bosch 11025825 Ultra Clarity Pro Refrigerator Water Filter BORPLFTR50, Compatible with 12028325, 11032531, BORPLFTR50, WFC100MF, B36CT80SNS, B36CL80ENS (2 Pack)",https://www.amazon.com/dp/B09BC44FD4,4.7,0,59.99,0.0,201,False,100,home_kitchen,Home & Kitchen,Home Appliances,True,False,False,SRC-KAGGLE-002,amazon_products.csv
B07SM9VMY8,"IMUSA USA Traditional Colombian Natural Caldero Glass Lid & Steam Vent 3-Piece (1.4/3.4/6.6) Quart, Silver (Dutch Oven Set)",https://www.amazon.com/dp/B07SM9VMY8,4.5,0,27.99,39.99,170,False,700,home_kitchen,Home & Kitchen,Kitchen & Dining,True,False,False,SRC-KAGGLE-002,amazon_products.csv
B01KKUFW0W,"Pureline DA29-00003G Water Filter Samsung Replacement for DA29-00003G, Aqua-Pure Plus, RSG257AARS, DA29-00003F DA29-00003B, DA29-00003A, RF267AERS, RS22HDHPNSR, Reduces Bad Taste & Odor (3 Pack)",https://www.amazon.com/dp/B01KKUFW0W,4.6,0,36.95,49.95,201,False,0,home_kitchen,Home & Kitchen,Home Appliances,True,False,False,SRC-KAGGLE-002,amazon_products.csv
B006TAOB00,Flash Furniture HERCULES Series Premium Curved Triple Braced & Double Hinged Gray Fabric Metal Folding Chair,https://www.amazon.com/dp/B006TAOB00,4.6,0,56.63,79.0,166,False,300,home_kitchen,Home & Kitchen,Furniture,True,False,False,SRC-KAGGLE-002,amazon_products.csv
B00B0M5LQK,"Chef Craft Heavy Duty Turner/Spatula, 13.5 inch, Stainless Steel",https://www.amazon.com/dp/B00B0M5LQK,4.6,0,6.3,7.99,170,True,4000,home_kitchen,Home & Kitchen,Kitchen & Dining,True,False,False,SRC-KAGGLE-002,amazon_products.csv
B008G00FYC,"IMUSA USA GAU-00011 Electric Nonstick Rice Cooker 3-Cup (Uncooked) 6-Cup (Cooked), White",https://www.amazon.com/dp/B008G00FYC,4.6,0,19.59,22.99,170,False,2000,home_kitchen,Home & Kitchen,Kitchen & Dining,True,False,False,SRC-KAGGLE-002,amazon_products.csv
B00DLLGRCA,"Buddha Teas Organic Mullein Leaf Tea - OU Kosher, USDA Organic, CCOF Organic, 18 Bleach-Free Tea Bags",https://www.amazon.com/dp/B00DLLGRCA,4.6,0,9.99,0.0,170,False,3000,home_kitchen,Home & Kitchen,Kitchen & Dining,True,False,False,SRC-KAGGLE-002,amazon_products.csv
B0B5Z74Z5Z,"Coffee Mug Warmer for Desk with Auto Shut Off, Coffee Cup Warmer for Desk Office Home-Birthday Coffee Gifts",https://www.amazon.com/dp/B0B5Z74Z5Z,4.1,0,11.19,15.98,170,False,700,home_kitchen,Home & Kitchen,Kitchen & Dining,True,False,False,SRC-KAGGLE-002,amazon_products.csv
B0BM37F834,90*132inch Rectangle Tablecloth Polyester Table Cloth，Stain Resistant and Wrinkle Polyester Dining Table Cover for Kitchen Dinning Party Wedding Rectangular Tabletop Buffet Decoration(Black),https://www.amazon.com/dp/B0BM37F834,4.6,0,13.99,0.0,170,False,1000,home_kitchen,Home & Kitchen,Kitchen & Dining,True,False,False,SRC-KAGGLE-002,amazon_products.csv
B01G4YSQ9W,"AQUA CREST 644845 Refrigerator Water Filter Replacement for Bosch Ultra Clarity 9000077104, 9000194412, 644845, B26FT70SNS, B22CS80SNS, B22CS50SNS, Haier 0060820860, Miele KWF1000, 3 Filters",https://www.amazon.com/dp/B01G4YSQ9W,4.4,0,35.99,0.0,201,False,300,home_kitchen,Home & Kitchen,Home Appliances,True,False,False,SRC-KAGGLE-002,amazon_products.csv
B072R1RR46,"1 8""Angle Steam Vent, Adjustable",https://www.amazon.com/dp/B072R1RR46,4.5,0,29.76,0.0,201,False,0,home_kitchen,Home & Kitchen,Home Appliances,True,False,False,SRC-KAGGLE-002,amazon_products.csv
B00W4YHU3A,"Supco ES9400 Infinite Switch Replaces 3149400, 3148954, 9148953, 311859, 310180, PS11740783, WP3149400VP",https://www.amazon.com/dp/B00W4YHU3A,4.6,0,23.69,0.0,201,False,50,home_kitchen,Home & Kitchen,Home Appliances,True,False,False,SRC-KAGGLE-002,amazon_products.csv
B0CBNB42L7,"Gap Cleaning Brush,2023 New Multifunctional Crevice Cleaning Tool,Dead Corners Brushes for Bathroom Kitchen Tiles Window Door Slots",https://www.amazon.com/dp/B0CBNB42L7,4.3,0,8.99,11.99,170,False,5000,home_kitchen,Home & Kitchen,Kitchen & Dining,True,False,False,SRC-KAGGLE-002,amazon_products.csv
B07TXPS8J5,"VASAGLE Padded Storage Bench with Mesh Shelf, Shoe Rack, Metal Frame, Easy Assembly, Space Saving, Imitation Leather, 11.8 x 31.5 x 18.9 Inches, Rustic Brown",https://www.amazon.com/dp/B07TXPS8J5,4.7,1661,76.99,0.0,166,False,50,home_kitchen,Home & Kitchen,Furniture,False,False,False,SRC-KAGGLE-002,amazon_products.csv
B08V4VGCPH,"nuLOOM Coir Leave Your Shoes and Worries Doormat, 1x2, Natural",https://www.amazon.com/dp/B08V4VGCPH,4.6,0,24.0,0.0,166,False,100,home_kitchen,Home & Kitchen,Furniture,True,False,False,SRC-KAGGLE-002,amazon_products.csv
B01EQAC5UC,"Large Shoe Organizer, Sneaker Rack, for Men's Big Shoes (Bison Brown)",https://www.amazon.com/dp/B01EQAC5UC,4.8,0,32.95,0.0,166,False,50,home_kitchen,Home & Kitchen,Furniture,True,False,False,SRC-KAGGLE-002,amazon_products.csv
B08ZKCCL52,"HOOBRO 4-Tier Slim Rolling Cart, Storage Cart for Laundry Room, Narrow Kitchen with Handle and Lockable Casters, Space Saving, Easy Assembly for Bathroom, Rustic Brown BF15TC01",https://www.amazon.com/dp/B08ZKCCL52,4.3,190,35.99,59.99,166,False,50,home_kitchen,Home & Kitchen,Furniture,False,False,False,SRC-KAGGLE-002,amazon_products.csv
B0B7M6TB6R,"HE400 HE401 Filter Replacement for Shark Air Purifier 4 Fan, Compatible with Shark HE400 HE401 HE402 HE405 Air Models, True H13 HEPA Filter, Replace Part # HE4FKPET",https://www.amazon.com/dp/B0B7M6TB6R,4.6,0,38.99,0.0,201,False,0,home_kitchen,Home & Kitchen,Home Appliances,True,False,False,SRC-KAGGLE-002,amazon_products.csv
B08HSKJWKM,"Gorilla Grip Stainless Steel Heat Resistant BBQ Kitchen Tongs Set of 2, Non Scratch Silicone Tip for Nonstick Cooking Pans, Strong Grip for Grabbing Food, Air fryer, Pull Lock, 9 and 12 Inch, Black",https://www.amazon.com/dp/B08HSKJWKM,4.7,0,7.99,8.99,170,False,2000,home_kitchen,Home & Kitchen,Kitchen & Dining,True,False,False,SRC-KAGGLE-002,amazon_products.csv
B0748J34WZ,"Dixie Paper Plates, 8 1/2 inch, Dinner Size Printed Disposable Plate, 90 Count",https://www.amazon.com/dp/B0748J34WZ,4.8,0,5.99,6.89,170,True,100000,home_kitchen,Home & Kitchen,Kitchen & Dining,True,False,False,SRC-KAGGLE-002,amazon_products.csv
B0CDGKQG8N,"2-in-1 Bedside Shelf, Height Adjustable Bunk Bed Shelf Table for Top Bunk, Wooden Clip On Nightstand Tray Table Caddy Organizer for Bedroom College Dorm Essentials (Rotatable & Liftable)",https://www.amazon.com/dp/B0CDGKQG8N,4.5,0,46.99,0.0,166,False,50,home_kitchen,Home & Kitchen,Furniture,True,False,False,SRC-KAGGLE-002,amazon_products.csv
B0BRSBBBQH,Cone Coffee Filter Holder Storage - Frosted Silver Pour Over Coffee Paper Filter Holders Container Dispenser for Counter for Organize #4#3#2#1 Cone & V60 Coffee Filters,https://www.amazon.com/dp/B0BRSBBBQH,4.6,0,16.99,0.0,201,False,100,home_kitchen,Home & Kitchen,Home Appliances,True,False,False,SRC-KAGGLE-002,amazon_products.csv
B091C8KNHQ,"Lunch Bags for Women Insulated Reusable Lunch Tote with Internal Pocket, Adult Lunch Tote bag for Work (Black",https://www.amazon.com/dp/B091C8KNHQ,4.5,0,9.99,0.0,170,False,2000,home_kitchen,Home & Kitchen,Kitchen & Dining,True,False,False,SRC-KAGGLE-002,amazon_products.csv
B09Y8JHV8J,"W11239857 Washer Drive Belt, Compatible with Whirlpool Maytag Amana Top Load Clothes Washing Machine, Replaces AP6333320, 4845287, PS12578772, W10808317",https://www.amazon.com/dp/B09Y8JHV8J,4.3,0,12.94,0.0,201,False,100,home_kitchen,Home & Kitchen,Home Appliances,True,False,False,SRC-KAGGLE-002,amazon_products.csv
B07G9234QL,Mounto Hepa Filter replacement set for Air Scrubber HEPA 500 (10pcs pack),https://www.amazon.com/dp/B07G9234QL,4.5,0,89.99,0.0,201,False,0,home_kitchen,Home & Kitchen,Home Appliances,True,False,False,SRC-KAGGLE-002,amazon_products.csv
B01GAAJJ6Y,"Waterdrop Plus UKF8001 NSF 401, 53&42 Certified Refrigerator Water Filter, 𝐑𝐞𝐝𝐮𝐜𝐞 𝐏𝐅𝐀𝐒, Compatible with Whirlpool Everydrop Filter 4, EDR4RXD1, Maytag UKF8001AXX, Puriclean II, 3 Filters",https://www.amazon.com/dp/B01GAAJJ6Y,4.7,0,34.99,0.0,201,False,1000,home_kitchen,Home & Kitchen,Home Appliances,True,False,False,SRC-KAGGLE-002,amazon_products.csv
B083YVCZDM,"Edgewater Parts DG94-00520A Igniter Compatible With Samsung Range Fits Model# (FX5, FX7, NX58M, NX58K, NX58J, NX58H, NX58F)",https://www.amazon.com/dp/B083YVCZDM,4.5,0,29.95,0.0,201,False,300,home_kitchen,Home & Kitchen,Home Appliances,True,False,False,SRC-KAGGLE-002,amazon_products.csv
B0BN3SXQTS,"PARACITY 50Pcs Portable Coffee Filter Bag with Hanging Ear Design, Disposable Drip Coffee Filter Paper Bag single Serve, Pour Over Coffee Filter Compatible with a Wide Variety of Coffee Cups/Utensils",https://www.amazon.com/dp/B0BN3SXQTS,4.4,0,8.99,0.0,201,False,100,home_kitchen,Home & Kitchen,Home Appliances,True,False,False,SRC-KAGGLE-002,amazon_products.csv
B07VBCD1SC,"Dryer Repair Kit Replacement for Samsung Drum Roller DC97-16782A, Dryer Belt 6602-001655, Idler Pulley DC93-00634A, fits DV48H7400EW/A2 DV40J3000EW/A2 DV45H7000EW/A2 DV52J8700EP/A2 DV448AEP DV419AEW",https://www.amazon.com/dp/B07VBCD1SC,4.6,0,29.99,0.0,201,False,100,home_kitchen,Home & Kitchen,Home Appliances,True,False,False,SRC-KAGGLE-002,amazon_products.csv
B0C31HM1BJ,"Zahari Home Mason Metal Step Can 5 Liters/ 1.3 Gallon Soft Close Wastebasket for Bathroom, Bedroom, Kitchen, Office - Includes Removable Liner Bucket, Bronze",https://www.amazon.com/dp/B0C31HM1BJ,3.9,10,24.99,0.0,166,False,50,home_kitchen,Home & Kitchen,Furniture,False,False,False,SRC-KAGGLE-002,amazon_products.csv
B001QGPHXM,"Prepworks by Progressive Adjust-A-Slice Mandoline,Green",https://www.amazon.com/dp/B001QGPHXM,4.6,0,14.97,17.99,170,False,3000,home_kitchen,Home & Kitchen,Kitchen & Dining,True,False,False,SRC-KAGGLE-002,amazon_products.csv
B00YYJDS7A,"Lifetime 80425 Kids Folding Table, Almond, 24”",https://www.amazon.com/dp/B00YYJDS7A,4.9,0,44.66,52.99,166,False,400,home_kitchen,Home & Kitchen,Furniture,True,False,False,SRC-KAGGLE-002,amazon_products.csv
B0BZY7G67J,"Tall Black Laundry Hamper 58L Blanket Storage Basket for Living Room, Woven Rope Basket for Toys, Towels, Clothes, Tall Laundry Basket, 15 x 20 inches",https://www.amazon.com/dp/B0BZY7G67J,4.8,0,22.99,24.99,201,False,200,home_kitchen,Home & Kitchen,Home Appliances,True,False,False,SRC-KAGGLE-002,amazon_products.csv
B09DCMFYV9,"HOOBRO Bar Cart for The Home, 3-Tier Kitchen Cart with Wheels, Coffee Cart, Wine Cart with Wine Rack and Glass Holder, Rolling Serving Cart for Living Room, Party, Bar, Rustic Brown BF35TC01G1",https://www.amazon.com/dp/B09DCMFYV9,4.6,0,59.99,0.0,166,False,300,home_kitchen,Home & Kitchen,Furniture,True,False,False,SRC-KAGGLE-002,amazon_products.csv
B08R2YSKKY,EvertechPRO WE4M533 Timer Replacement for GE Dryer WE4M364,https://www.amazon.com/dp/B08R2YSKKY,4.1,0,44.98,53.98,201,False,100,home_kitchen,Home & Kitchen,Home Appliances,True,False,False,SRC-KAGGLE-002,amazon_products.csv
B09DNWXV1N,"6"" Louvered Vent Cover for Exterior Wall Vent Hood Outlet Airflow Vent Dryer Air Vent (White)",https://www.amazon.com/dp/B09DNWXV1N,4.1,0,8.97,0.0,201,False,100,home_kitchen,Home & Kitchen,Home Appliances,True,False,False,SRC-KAGGLE-002,amazon_products.csv
B07SN41HLV,AMI PARTS WE05X20431 Dryer Drum Light 10w 120v Bulb Replacement Part Compatible with Hotpoint GE Dryers(2pcs),https://www.amazon.com/dp/B07SN41HLV,4.5,0,7.37,0.0,201,False,900,home_kitchen,Home & Kitchen,Home Appliances,True,False,False,SRC-KAGGLE-002,amazon_products.csv
B00QNUCV0I,"Hamilton Beach Portable Blender for Shakes and Smoothies with 14 Oz BPA Free Travel Cup and Lid, Durable Stainless Steel Blades for Powerful Blending Performance, Raspberry (51131)",https://www.amazon.com/dp/B00QNUCV0I,4.2,0,20.85,21.85,170,True,4000,home_kitchen,Home & Kitchen,Kitchen & Dining,True,False,False,SRC-KAGGLE-002,amazon_products.csv
B0084CO2W8,Maxwell House Original Medium Roast Ground Coffee (30.6 oz Canister),https://www.amazon.com/dp/B0084CO2W8,4.7,0,8.98,0.0,170,False,20000,home_kitchen,Home & Kitchen,Kitchen & Dining,True,False,False,SRC-KAGGLE-002,amazon_products.csv
B0BNLNKD5S,"Molblly Twin Bed Frame with Adjustable Headboard, Linen Fabric Wrap, Strong Frame and Wooden Slats Support, No Box Spring Needed, Non-Slip and Noise-Free, Easy Assembly, Light Grey",https://www.amazon.com/dp/B0BNLNKD5S,4.5,996,129.99,159.99,166,False,50,home_kitchen,Home & Kitchen,Furniture,False,False,False,SRC-KAGGLE-002,amazon_products.csv
B08YD9XC75,"Vent Filters, Air Vent Filters for Home, 4"" x 12"" (24 Pack), Electrostatically Charged Floor Vent Filters for Home, Wall Vent Filters, Ceiling Vent Filters.",https://www.amazon.com/dp/B08YD9XC75,4.2,0,16.99,0.0,201,False,0,home_kitchen,Home & Kitchen,Home Appliances,True,False,False,SRC-KAGGLE-002,amazon_products.csv
B0737J19JW,"Head West Brushed Nickel Stainless Steel Framed Wall Mirror - 24"" x 30""",https://www.amazon.com/dp/B0737J19JW,4.4,0,112.99,229.99,166,False,0,home_kitchen,Home & Kitchen,Furniture,True,False,False,SRC-KAGGLE-002,amazon_products.csv
B09GXHK4CV,"KitchenAid Pastry Tilt Head Stand Mixer Beater Attachment, Silver",https://www.amazon.com/dp/B09GXHK4CV,4.7,0,34.99,0.0,201,False,400,home_kitchen,Home & Kitchen,Home Appliances,True,False,False,SRC-KAGGLE-002,amazon_products.csv
B0C3LTGYKD,"10lbs Shredded Gel Memory Foam Filling for Bean Bag Chair, Real Memory Foam Stuffing for Cooling Pillow, Couch, Pouf Beanbag Chair, Dog Bed, Cushion, Art Crafts",https://www.amazon.com/dp/B0C3LTGYKD,4.4,0,32.49,39.99,166,False,300,home_kitchen,Home & Kitchen,Furniture,True,False,False,SRC-KAGGLE-002,amazon_products.csv
B0BR5KKTP9,"melos C Shaped End Table, Snack Side Table, C Tables for Couch, Couch Tables That Slide Under, for Living Room, Bedroom, Black",https://www.amazon.com/dp/B0BR5KKTP9,4.0,0,29.99,0.0,166,False,200,home_kitchen,Home & Kitchen,Furniture,True,False,False,SRC-KAGGLE-002,amazon_products.csv
B08QZ1GMT9,"Bedside Table with Pull-Out Collapsible Storage Box, Retro Small Nightstand for Small Space, Living Room, Bedroom, Stable and Sturdy, Rustic Brown and Black BF35BZ01",https://www.amazon.com/dp/B08QZ1GMT9,4.4,0,27.99,0.0,166,False,100,home_kitchen,Home & Kitchen,Furniture,True,False,False,SRC-KAGGLE-002,amazon_products.csv
B0B1M2CX1T,"3-Tier Long Shoe Rack Storage for Wide Shoe Shelf Organizer,Black",https://www.amazon.com/dp/B0B1M2CX1T,4.7,0,25.99,0.0,166,False,100,home_kitchen,Home & Kitchen,Furniture,True,False,False,SRC-KAGGLE-002,amazon_products.csv
B09QGH8FT7,"Replacement GE Stove Top Knobs- Brushed Profile Stove knobs for GE Stove 191d5100,Part #WB03K10303,Replace WB03K10208 1810427 AP4980246 PS3486484 |5 Pack |Silver",https://www.amazon.com/dp/B09QGH8FT7,4.1,0,25.24,0.0,201,False,100,home_kitchen,Home & Kitchen,Home Appliances,True,False,False,SRC-KAGGLE-002,amazon_products.csv
B09YTV8CW6,"Cord Organizer for Appliances, 4 Pack Kitchen Appliance Cord Winder Tidy Wrap Cord Keeper Holder Cord Wrapper for Appliances Stick On Stand Mixer, Coffee Maker, Pressure Cooker, Air Fryer - Black",https://www.amazon.com/dp/B09YTV8CW6,4.1,0,6.99,0.0,201,False,100,home_kitchen,Home & Kitchen,Home Appliances,True,False,False,SRC-KAGGLE-002,amazon_products.csv
B0C3GDNFQJ,"FLT4825 HEPA Filter B Replacement for Germ Guardian Air Purifier AC4825 AC4300 AC4800 AC4900 AC4850 Models, 4 Packs HEPA Filters and 8 Packs Pre-Filters",https://www.amazon.com/dp/B0C3GDNFQJ,5.0,0,35.99,37.99,201,False,0,home_kitchen,Home & Kitchen,Home Appliances,True,False,False,SRC-KAGGLE-002,amazon_products.csv
B07G78899P,"MSDADA Stove Covers, 8 Pcs 0.2 mm 10.6"" x 10.6"" Gas Range Protectors with 2 Pcs 21” Silicone Gap Cover Keep Stove Clean, Double Thickness, Reusable, Non-Stick, Easy to Clean",https://www.amazon.com/dp/B07G78899P,3.9,0,10.99,0.0,201,False,0,home_kitchen,Home & Kitchen,Home Appliances,True,False,False,SRC-KAGGLE-002,amazon_products.csv
B0C2Q5HZZT,"14 Inch King Size Metal Bed Frames, No Box Spring Needed, 2500 lbs Heavy Duty Steel Slat Support, Non-Slip and Noise Free, King Platform Bed Frame, Easy Assembly, Black",https://www.amazon.com/dp/B0C2Q5HZZT,4.5,0,69.99,0.0,166,False,0,home_kitchen,Home & Kitchen,Furniture,True,False,False,SRC-KAGGLE-002,amazon_products.csv
B0937MP54Z,"200pcs Air Fryer Parchment Paper Disposable Liner 8.5inch, Premium Perforated for Air Fryer, Streamer, Pans, No Burn, Easy Cleanup (Brown)",https://www.amazon.com/dp/B0937MP54Z,4.4,0,4.99,14.99,170,False,3000,home_kitchen,Home & Kitchen,Kitchen & Dining,True,False,False,SRC-KAGGLE-002,amazon_products.csv
B09CT5148G,"armocity Bookshelf, 5 Tier Tall Industrial Bookcase Wood Metal Frame Standing Book Shelf, Display Bookshelves Storage Organizer for Bedroom Living Room Home Office, Rustic Brown",https://www.amazon.com/dp/B09CT5148G,4.6,786,109.99,139.99,166,False,50,home_kitchen,Home & Kitchen,Furniture,False,False,False,SRC-KAGGLE-002,amazon_products.csv
B0881FR93X,"Beaquicy MP21YA Burner Surface Element 8 Inch 5 Turns,Suitable for Whirlpool Maytag Kenmore rp111pxsq1, kf330add1,xfc31050ab,rf264lxsb,etc.",https://www.amazon.com/dp/B0881FR93X,4.3,0,13.97,14.77,201,False,400,home_kitchen,Home & Kitchen,Home Appliances,True,False,False,SRC-KAGGLE-002,amazon_products.csv
B07CYKRVRW,"50 LP Inner Sleeves Anti Static Round Bottom 33 RPM 12"" Vinyl Record Sleeves Provide Your LP Collection with The Proper Protection - Invest In Vinyl",https://www.amazon.com/dp/B07CYKRVRW,4.7,0,12.99,0.0,166,False,0,home_kitchen,Home & Kitchen,Furniture,True,False,False,SRC-KAGGLE-002,amazon_products.csv
B01N07V3GQ,"Stylish Camping SD8187 8-Feet x 18-Feet Graphic Swish RV Reversible Patio Mat, Brown/Tan",https://www.amazon.com/dp/B01N07V3GQ,4.7,1842,109.99,0.0,166,False,50,home_kitchen,Home & Kitchen,Furniture,False,False,False,SRC-KAGGLE-002,amazon_products.csv
B01FWHNU4I,"mDesign Plastic Free-Standing Wine Set Rack Storage Organizer for Kitchen Countertops, Pantry Cabinet, Fridge Organization - Holds Water Bottle and Alcohol Bottles - 2 Pack - Clear",https://www.amazon.com/dp/B01FWHNU4I,4.7,0,18.99,21.99,166,False,100,home_kitchen,Home & Kitchen,Furniture,True,False,False,SRC-KAGGLE-002,amazon_products.csv
B0C8J1WQHK,"FRALIMK Frameless Rectangle Bathroom Mirror for Wall, Irregular Beveled Edge Wall Mirrors 20x30 in Wall Hanging Silver Mirror for Living Room Modern Vanity Mirrors for Bathroom, Bedroom & Entryway",https://www.amazon.com/dp/B0C8J1WQHK,4.6,402,109.99,0.0,166,False,0,home_kitchen,Home & Kitchen,Furniture,False,False,False,SRC-KAGGLE-002,amazon_products.csv
B094QW2T28,"4681EA2001T AP5328388 Washer Drain Pump Motor by Blutoget - Fit for Ken-more and LG Washing Machine drain pump - Replaces AP5328388, 4681EA1007G, 2003273, 4681EA1007D, WM3670HWA, WM8000HVA, WM2101HW",https://www.amazon.com/dp/B094QW2T28,4.3,0,18.47,0.0,201,False,100,home_kitchen,Home & Kitchen,Home Appliances,True,False,False,SRC-KAGGLE-002,amazon_products.csv
B00L2NZOKK,"Aftermarket Carbon Filters HAPF60, Filter C, 4 Pack",https://www.amazon.com/dp/B00L2NZOKK,4.6,0,9.5,0.0,201,False,200,home_kitchen,Home & Kitchen,Home Appliances,True,False,False,SRC-KAGGLE-002,amazon_products.csv
B01CA1M7Z2,"Waterdrop 836848 Compatible with Fisher & Paykel 836860, 862285, 862284, E402, E442B, E522B, RO185014, RO185011, Refrigerator Water Filter, Pack of 3",https://www.amazon.com/dp/B01CA1M7Z2,4.6,0,37.99,0.0,201,False,100,home_kitchen,Home & Kitchen,Home Appliances,True,False,False,SRC-KAGGLE-002,amazon_products.csv
B0CB637VRD,"Adorable cat-Shaped Metal Hand Towel Ring for Bathroom,Modern Towel Holder for Kitchen, Bathroom Hand Towel Rack Wall Mounted(Silver)",https://www.amazon.com/dp/B0CB637VRD,5.0,1,11.99,0.0,166,False,50,home_kitchen,Home & Kitchen,Furniture,False,False,False,SRC-KAGGLE-002,amazon_products.csv
B07QVG3CBQ,24-Pairs Portable Shoe Rack Double Row with Nonwoven Fabric Cover (7-Tiers Black),https://www.amazon.com/dp/B07QVG3CBQ,4.3,0,23.8,0.0,166,False,100,home_kitchen,Home & Kitchen,Furniture,True,False,False,SRC-KAGGLE-002,amazon_products.csv
B0BXNZ5BFV,"Stackable Metal Shoe Rack, 10 Tier Tall Shoe Rack Organzier for Closet Entryway, Space -Saving, Sturdy Narrow Shoe Shelf Storage 20-24 Pairs of Shoes, Black Metal Shoe Rack with 5 Hooks",https://www.amazon.com/dp/B0BXNZ5BFV,3.5,0,27.88,0.0,166,False,100,home_kitchen,Home & Kitchen,Furniture,True,False,False,SRC-KAGGLE-002,amazon_products.csv
B0C5JF4NL8,"C-Shaped End Table, Snack Side Table for Couch, End Table for Small Space, Rustic Brown and Black C Table with Metal Frame, Sofa Side End Table, Small Table for Living Room, Bedroom, Sitting Room",https://www.amazon.com/dp/B0C5JF4NL8,4.4,0,35.99,0.0,166,False,200,home_kitchen,Home & Kitchen,Furniture,True,False,False,SRC-KAGGLE-002,amazon_products.csv
B0BJCZ23KJ,"Nightstand,Mid-Century Modern Bedside Table with Storage Drawer and Open Wood Shelf,Small Gold Frame Side Table for Bedroom,Living Room,White",https://www.amazon.com/dp/B0BJCZ23KJ,4.1,0,49.99,59.99,166,False,300,home_kitchen,Home & Kitchen,Furniture,True,False,False,SRC-KAGGLE-002,amazon_products.csv
B0BVLYL8SZ,Premium Dishwasher Magnet Clean Dirty Sign - Stainless Steel Grade 304 Dishwasher Magnet - Kitchen Organizers and Storage - Clean Dirty Magnet for Dishwasher - Kitchen Decor,https://www.amazon.com/dp/B0BVLYL8SZ,4.8,0,15.75,17.5,201,True,2000,home_kitchen,Home & Kitchen,Home Appliances,True,False,False,SRC-KAGGLE-002,amazon_products.csv
B009L1VUA8,"Cuisinart CPT-435P1 4-Slice Countdown Motorized Toaster, Stainless Steel",https://www.amazon.com/dp/B009L1VUA8,4.4,0,79.95,0.0,170,False,700,home_kitchen,Home & Kitchen,Kitchen & Dining,True,False,False,SRC-KAGGLE-002,amazon_products.csv
B01BY9RTNQ,"PowerLix Powerful Handheld Milk Frother With Stand Battery Operated Foam Maker Frother Wand For Coffee, Latte, Cappuccino, Hot Chocolate, Mini Drink Mixer Stainless Steel Whisk",https://www.amazon.com/dp/B01BY9RTNQ,4.5,0,11.99,0.0,170,False,5000,home_kitchen,Home & Kitchen,Kitchen & Dining,True,False,False,SRC-KAGGLE-002,amazon_products.csv
B08P5HRYPL,"W10404050 W10238287 Washer Lid Lock Latch switch Assembly Compatible with Whirl.pool Ken.more Washer Parts AP5263307,PS349762,W10744659 by TOMOON(2 Year Warranty)",https://www.amazon.com/dp/B08P5HRYPL,4.5,0,19.99,0.0,201,False,200,home_kitchen,Home & Kitchen,Home Appliances,True,False,False,SRC-KAGGLE-002,amazon_products.csv
B08NCYZXW6,3387134 Cycling Thermostat 3977393 & 3392519 Dryer Thermal Fuse 3977767 High Limit Thermostat Replacement Part Kit by Techecook - Compatible for Whirlpool Kenmore Dryer,https://www.amazon.com/dp/B08NCYZXW6,4.6,0,9.97,14.99,201,False,700,home_kitchen,Home & Kitchen,Home Appliances,True,False,False,SRC-KAGGLE-002,amazon_products.csv
B07FDB59L4,"Reusable K CUP, LivingAid Reusable K CUPS 2.0 Coffee Filter Coffee Stainless Mesh Solo Filter Replacement for Keurig Brewers 1.0 or 2.0 Machine BPA Free (Black) (6 Packs)",https://www.amazon.com/dp/B07FDB59L4,4.4,0,7.99,0.0,201,False,1000,home_kitchen,Home & Kitchen,Home Appliances,True,False,False,SRC-KAGGLE-002,amazon_products.csv
B002VVDVJI,Frenchi Furniture Wood 3 Pc Vanity Set,https://www.amazon.com/dp/B002VVDVJI,4.3,0,100.99,0.0,166,False,100,home_kitchen,Home & Kitchen,Furniture,True,False,False,SRC-KAGGLE-002,amazon_products.csv
B08C6XPSY3,"HPA100 H13 True HEPA Replacement Filter A/R Combo Pack, Compatible with Honeywell Air Purifier HPA100, HPA094, HPA3100, HPA5100 Series, True HEPA Filter R + 4 Pre-Cut Carbon Pre-Filter A",https://www.amazon.com/dp/B08C6XPSY3,4.7,0,28.99,0.0,201,False,0,home_kitchen,Home & Kitchen,Home Appliances,True,False,False,SRC-KAGGLE-002,amazon_products.csv
B0B4R1KXP3,"CAPMESSO Reusable Coffee Capsule Lid to Reuse Vertuoline Pods,Refillable Vertuo Capsules Cap Disc on All VertuoLine Machines- Bottom Capsules are Not included! (1*CAP + 1*BRUSH)",https://www.amazon.com/dp/B0B4R1KXP3,4.1,0,13.98,0.0,201,False,100,home_kitchen,Home & Kitchen,Home Appliances,True,False,False,SRC-KAGGLE-002,amazon_products.csv
B0BBSKN1JG,"LifeStraw Home– Water Filter Pitcher, 7-Cup, Glass with Silicone Base, Stormy Blue, for Everyday Protection Against Bacteria, parasites, microplastics, Lead, Mercury, PFAS and a Variety of Chemicals",https://www.amazon.com/dp/B0BBSKN1JG,4.2,0,47.99,0.0,170,False,700,home_kitchen,Home & Kitchen,Kitchen & Dining,True,False,False,SRC-KAGGLE-002,amazon_products.csv
B09DK99T96,"MasterChef Immersion Blender Handheld with Electric Whisk & Milk Frother Attachments, Hand Held Stainless Steel Stick Emulsifier for Making Baby Food, Soup, Puree, Cake, Cappuccino, Latte etc, 400W",https://www.amazon.com/dp/B09DK99T96,4.4,0,34.1,39.99,170,False,1000,home_kitchen,Home & Kitchen,Kitchen & Dining,True,False,False,SRC-KAGGLE-002,amazon_products.csv
B08BFGMCCS,"Crystala Filters Replacement for GE Profile Opal Ice Maker Filter, ge opal ice maker filter Replace Every 3 Months for Best Results, opal ice maker filter replacement Easy Install, opal filter, 3 Pack",https://www.amazon.com/dp/B08BFGMCCS,4.1,0,23.99,0.0,201,False,100,home_kitchen,Home & Kitchen,Home Appliances,True,False,False,SRC-KAGGLE-002,amazon_products.csv
B001CH0ZLE,"Hamilton Beach 6-Speed Electric Hand Mixer with Whisk, Traditional Beaters, Snap-On Storage Case, White",https://www.amazon.com/dp/B001CH0ZLE,4.6,0,21.99,0.0,170,True,10000,home_kitchen,Home & Kitchen,Kitchen & Dining,True,False,False,SRC-KAGGLE-002,amazon_products.csv
B08H3BQL2R,"GoodCook Everyday Fruit and Veggie Divider with Stainless Steel Blades, Green 2.50 x 2.25 x 4.30",https://www.amazon.com/dp/B08H3BQL2R,4.6,0,8.99,9.99,170,False,3000,home_kitchen,Home & Kitchen,Kitchen & Dining,True,False,False,SRC-KAGGLE-002,amazon_products.csv
B089ZX8S4P,Jigger,https://www.amazon.com/dp/B089ZX8S4P,4.8,0,12.99,0.0,170,False,700,home_kitchen,Home & Kitchen,Kitchen & Dining,True,False,False,SRC-KAGGLE-002,amazon_products.csv
B084BNZDXB,"Granitestone Blue Mini Nonstick Egg Pan & Omelet Pan – 5.5” Single Serve Egg Frying Pan Nonstick/Skillet, Diamond Infused, Small Frying Pan Designed for Eggs Pancakes, Non Toxic, Dishwasher Safe",https://www.amazon.com/dp/B084BNZDXB,4.3,0,9.99,12.99,170,False,1000,home_kitchen,Home & Kitchen,Kitchen & Dining,True,False,False,SRC-KAGGLE-002,amazon_products.csv
B000I1AS8K,"Builders Edge 140137079001 Scallop Exhaust Ventilator, 4 in, Arctic, 001, White",https://www.amazon.com/dp/B000I1AS8K,4.6,0,24.88,32.77,201,False,0,home_kitchen,Home & Kitchen,Home Appliances,True,False,False,SRC-KAGGLE-002,amazon_products.csv
B01E73TG4G,"HULISEN Milk Frothing Pitcher, 6.8oz/200ml Stainless Steel Milk Frother Cup, Milk Steaming Pitcher, Small Milk Pitcher for Espresso Machine, Latte Art Pour Cup",https://www.amazon.com/dp/B01E73TG4G,4.7,0,9.99,12.99,201,False,200,home_kitchen,Home & Kitchen,Home Appliances,True,False,False,SRC-KAGGLE-002,amazon_products.csv
B0BGPV5M5P,"Home Office Chair - Armless Computer Desk Chair Adjustable Cute Modern Task Rolling Chair with Lumbar Support for Make Up,Small Space, Bed Room",https://www.amazon.com/dp/B0BGPV5M5P,4.6,550,89.99,0.0,166,False,0,home_kitchen,Home & Kitchen,Furniture,False,False,False,SRC-KAGGLE-002,amazon_products.csv
B08V9D783W,"GOLDTONE #2 Cone Style Pour Over Coffee Dripper, Portable Pour Over Coffee Filter BPA-Free (1-6 Cups) And Scoop",https://www.amazon.com/dp/B08V9D783W,4.3,0,8.89,0.0,201,False,300,home_kitchen,Home & Kitchen,Home Appliances,True,False,False,SRC-KAGGLE-002,amazon_products.csv
B073VQNZ2Z,"Dream On Me 2-in-1 Breathable Two-Sided 3"" Portable Crib Mattress | Waterproof Cover | Dual Sided | Fits Portable/Mini Cribs | Fiber Core | Promotes Airflow, 1 Count (Pack of 1)",https://www.amazon.com/dp/B073VQNZ2Z,4.5,377,52.87,0.0,166,False,50,home_kitchen,Home & Kitchen,Furniture,False,False,False,SRC-KAGGLE-002,amazon_products.csv
B0BM735RF5,"Wood Cutting Boards for Kitchen, Large Cutting Board Set of 3, Thick Chopping Board with Deep Juice Groove, Acacia Charcuterie Board, Wooden Trays for Meat, Fruit and Cheese (17x12, 12x10, 12x7 inch)",https://www.amazon.com/dp/B0BM735RF5,4.5,0,39.99,0.0,170,False,800,home_kitchen,Home & Kitchen,Kitchen & Dining,True,False,False,SRC-KAGGLE-002,amazon_products.csv
B0B146T396,"Ultra Fine Mesh Strainer Bags, Reusable Mesh Filter Bags with Stainless Steel Handle Frame for Filter NutMilk, Coffee, Milk, Butter, Juices and Fresh Cheese (Medium Size)",https://www.amazon.com/dp/B0B146T396,4.4,0,12.99,0.0,170,False,1000,home_kitchen,Home & Kitchen,Kitchen & Dining,True,False,False,SRC-KAGGLE-002,amazon_products.csv
B0BL6VC5LD,82229000 Bathroom Vent Fan Motor and Blower Wheel Kit Compatible with Nutone Broan C-82230 K7895 S82229000,https://www.amazon.com/dp/B0BL6VC5LD,3.8,0,26.99,0.0,201,False,0,home_kitchen,Home & Kitchen,Home Appliances,True,False,False,SRC-KAGGLE-002,amazon_products.csv
B08VJN22NX,"Welcome to The Shitshow Doormat 30x17 Inch, Welcome to The Shitshow Welcome Mat for Front Door, Welcome to The Shitshow Entrance Mat with Anti-Slip PVC Backing, Welcome to The Shitshow Coir Mat",https://www.amazon.com/dp/B08VJN22NX,4.8,0,17.95,31.95,166,False,800,home_kitchen,Home & Kitchen,Furniture,True,False,False,SRC-KAGGLE-002,amazon_products.csv
B08518QWMY,"2-Pack C535 Replacement Filter A Kit Compatible with Winix C535, 5300-2, P300, 5300, Repalce 115115",https://www.amazon.com/dp/B08518QWMY,4.7,0,34.99,38.99,201,False,600,home_kitchen,Home & Kitchen,Home Appliances,True,False,False,SRC-KAGGLE-002,amazon_products.csv
B07JM7D68N,"De'Longhi Knock Box for Coffee & Espresso Grounds, Easy & Mess-Free Disposal of Coffee Puck, Removable Bar and Non-Slip Base, Dishwasher Safe, Stainless Steel, 4-inch diameter,Silver",https://www.amazon.com/dp/B07JM7D68N,4.7,0,29.97,39.95,201,False,100,home_kitchen,Home & Kitchen,Home Appliances,True,False,False,SRC-KAGGLE-002,amazon_products.csv
B08R9M2YNC,"WB06X10596 Microwave Grease Filter for GE Oven Range Hoods, Countertop Microwave Filter Replacement, Aluminum Mesh, 13.5 inches x 6 inches Replaces Part # PS952418, Pvm1870sm3ss, 2 Pack",https://www.amazon.com/dp/B08R9M2YNC,4.5,0,10.99,0.0,201,False,200,home_kitchen,Home & Kitchen,Home Appliances,True,False,False,SRC-KAGGLE-002,amazon_products.csv
B089GNV6Q2,Romalon WD35X21041 Dishwasher Wheels Lower Dishrack Roller Axle Kit WD12X10136 WD12X10277 Replacement for GE Profile Lower Rack Kit 8PC Studs and 8PC Rollers,https://www.amazon.com/dp/B089GNV6Q2,4.5,0,10.99,0.0,201,False,100,home_kitchen,Home & Kitchen,Home Appliances,True,False,False,SRC-KAGGLE-002,amazon_products.csv
B07XG5WDDP,"4 Pack Humidifier Wicking Filters Compatible with Honeywell HC-888, HC-888N, Filter C, HCM-890, HEV-320 Series, Compatible with Duracraft DCM-200, DH-890",https://www.amazon.com/dp/B07XG5WDDP,4.6,0,21.99,0.0,201,False,100,home_kitchen,Home & Kitchen,Home Appliances,True,False,False,SRC-KAGGLE-002,amazon_products.csv
B001DKRMCA,JERDON 8-Inch Two-Sided Swivel Wall Mount Mirror - Makeup Mirror with 8X Magnification & 13.5 inch Wall Extension - Chrome Finish - Model JP7808C,https://www.amazon.com/dp/B001DKRMCA,4.7,997,39.95,0.0,166,False,50,home_kitchen,Home & Kitchen,Furniture,False,False,False,SRC-KAGGLE-002,amazon_products.csv
B00DLLE1NM,"Buddha Teas Organic Mugwort Tea - OU Kosher, USDA Organic, CCOF Organic, 18 Bleach-Free Tea Bag",https://www.amazon.com/dp/B00DLLE1NM,4.5,0,10.99,0.0,170,False,700,home_kitchen,Home & Kitchen,Kitchen & Dining,True,False,False,SRC-KAGGLE-002,amazon_products.csv
B07FB8WY8D,"3 Pack Hapf600 Replacement Filters Kit fit for Holmes HAP615 HAP625 HAP650 Hapf600 filter B (Hapf600 Replacement Filters, Air Purifier Parts & Accessories)",https://www.amazon.com/dp/B07FB8WY8D,4.7,0,26.85,0.0,201,False,0,home_kitchen,Home & Kitchen,Home Appliances,True,False,False,SRC-KAGGLE-002,amazon_products.csv
B0B8YDW2JN,Nightstand with Charging Station Black Side End Table with USB Ports and Outlets 2 Tier Small Side Table with Drawer Modern Bedside Table with USB Ports and Storage in Bedrooms Living Room,https://www.amazon.com/dp/B0B8YDW2JN,4.4,0,39.99,0.0,166,False,100,home_kitchen,Home & Kitchen,Furniture,True,False,False,SRC-KAGGLE-002,amazon_products.csv
B0BDPNCSWQ,"Big Joe Milano Bean Bag Chair, Denim Cobalt Lenox, Durable Woven Polyester, 2.5 feet",https://www.amazon.com/dp/B0BDPNCSWQ,4.4,0,54.43,65.0,166,False,1000,home_kitchen,Home & Kitchen,Furniture,True,False,False,SRC-KAGGLE-002,amazon_products.csv
B08LTMCR1Q,OEM LG Microwave Charcoal Filter Originally For LG LMHM2237BD,https://www.amazon.com/dp/B08LTMCR1Q,4.8,0,19.49,24.05,201,False,50,home_kitchen,Home & Kitchen,Home Appliances,True,False,False,SRC-KAGGLE-002,amazon_products.csv
B07TP267QR,"AMI PARTS WR51X10055 Refrigerator Defrost Heater Kit,Temperature Sensor WR55X10025,High Limit Thermostat WR50X10068 Replacement for General Electric",https://www.amazon.com/dp/B07TP267QR,4.4,0,16.77,0.0,201,False,800,home_kitchen,Home & Kitchen,Home Appliances,True,False,False,SRC-KAGGLE-002,amazon_products.csv
B09TJPPZ92,"To My Dad If I Could Give You One Thing in Life Gift for Dad from Daughter Birthday, Print Wall Art Novelty Father's Day Tin Metal Sign Plaque Bar Pub Vintage Retro Wall Decor 8x12in",https://www.amazon.com/dp/B09TJPPZ92,4.7,0,11.99,0.0,170,False,600,home_kitchen,Home & Kitchen,Kitchen & Dining,True,False,False,SRC-KAGGLE-002,amazon_products.csv
B07VNN6SMD,"NutriBullet ZNBF30500Z Blender Combo 1200 Watt, 1200W, Dark Gray",https://www.amazon.com/dp/B07VNN6SMD,4.7,0,149.99,0.0,170,False,3000,home_kitchen,Home & Kitchen,Kitchen & Dining,True,False,False,SRC-KAGGLE-002,amazon_products.csv
B08R49RVZW,"Starbucks by Nespresso Blonde, Medium, and Dark Roast Variety Pack Coffee (40-count single serve capsules, compatible with Nespresso Vertuo Line System)",https://www.amazon.com/dp/B08R49RVZW,4.7,0,55.0,0.0,170,False,4000,home_kitchen,Home & Kitchen,Kitchen & Dining,True,False,False,SRC-KAGGLE-002,amazon_products.csv
B07Z69CHBQ,"SHOWTIMEZ Vanity Mirror with Lights, Tabletop Wall-Mounted Makeup Mirror with Dimmable 3 Modes LED Backlit Light Strip,Touch Screen Control Cosmetic Mirror with USB Outlet, 22.8"" W x 17.5"" H",https://www.amazon.com/dp/B07Z69CHBQ,4.5,545,108.98,0.0,166,False,50,home_kitchen,Home & Kitchen,Furniture,False,False,False,SRC-KAGGLE-002,amazon_products.csv
B088DQNG17,"Wooden Spatula for Cooking, Kitchen Set of 4, Natural Teak Wooden Utensils including Paddle, Turner Spatula, Slotted Spatula and Wood Scraper. Nonstick cookware.",https://www.amazon.com/dp/B088DQNG17,4.7,0,23.75,0.0,170,False,1000,home_kitchen,Home & Kitchen,Kitchen & Dining,True,False,False,SRC-KAGGLE-002,amazon_products.csv
B01LXMCU72,"Teenitor Cake Scraper Cake Smoother, 7 Pcs Dough Scraper Bowl Scraper Cutters Cake Icing Scraper Smoother Tool Set for Bread Dough Cake Fondant Icing",https://www.amazon.com/dp/B01LXMCU72,4.7,0,6.99,11.99,170,False,1000,home_kitchen,Home & Kitchen,Kitchen & Dining,True,False,False,SRC-KAGGLE-002,amazon_products.csv
B0B1Q5XHPP,"Blemoacha Towel Rack,T Shape Freestanding Towel Racks for Bathroom,Organizer Countertop Hand Towels Stand,Kitchen Vanity Marble Plinth Towel Holder,304 Stainless Steel Towel Bar（Brushed Nickel）",https://www.amazon.com/dp/B0B1Q5XHPP,4.5,114,17.99,0.0,166,False,50,home_kitchen,Home & Kitchen,Furniture,False,False,False,SRC-KAGGLE-002,amazon_products.csv
B001IANICS,"USA Pan Bakeware Muffin Pan, 12-Well, Aluminized Steel",https://www.amazon.com/dp/B001IANICS,4.9,0,26.93,29.95,170,False,1000,home_kitchen,Home & Kitchen,Kitchen & Dining,True,False,False,SRC-KAGGLE-002,amazon_products.csv
B0C84L96D2,"Euhomy 110V Portable Clothes Dryer 850W Compact Laundry Dryers 1.5 cu.ft Front Load Stainless Steel Electric Dryers Machine with Stainless Steel Tub for Apartment,RVs,Dorms,White Easy Control",https://www.amazon.com/dp/B0C84L96D2,4.6,0,229.99,0.0,201,True,200,home_kitchen,Home & Kitchen,Home Appliances,True,False,False,SRC-KAGGLE-002,amazon_products.csv
B082VYTCDH,"(𝟮𝟬𝟮𝟯 𝙐𝙥𝙜𝙧𝙖𝙙𝙚𝙙) Dryer Parts Replacement for Samsung Dryer Repair Kit DC97-16782A Roller,Belt 6602-001655, Idler Pulley DC93-00634A and DC61-01215B Spring,Replaces for DV48H7400EW/A2",https://www.amazon.com/dp/B082VYTCDH,4.4,0,24.88,0.0,201,False,300,home_kitchen,Home & Kitchen,Home Appliances,True,False,False,SRC-KAGGLE-002,amazon_products.csv
B01E2HU4A2,Measuring Cups and Spoons Set of 12 Stainless Steel for Cooking & Baking,https://www.amazon.com/dp/B01E2HU4A2,4.8,0,36.83,40.99,170,False,1000,home_kitchen,Home & Kitchen,Kitchen & Dining,True,False,False,SRC-KAGGLE-002,amazon_products.csv
B0016C2NZG,Puro Caff - 20 Ounce - Espresso Machine Cleaner Cleaning Powder Back Flush Espresso Machines Clean Airpots,https://www.amazon.com/dp/B0016C2NZG,4.8,0,15.98,0.0,201,False,500,home_kitchen,Home & Kitchen,Home Appliances,True,False,False,SRC-KAGGLE-002,amazon_products.csv
B07SSWCS8Q,AMI PARTS 8009 Bulb 40w 130v Replacement Light Specially Designed to Withstand Extreme Temperatures Often Used to Light The Inside of Refrigerators and Ranges (2pcs),https://www.amazon.com/dp/B07SSWCS8Q,4.5,0,8.74,0.0,201,False,300,home_kitchen,Home & Kitchen,Home Appliances,True,False,False,SRC-KAGGLE-002,amazon_products.csv
B000VB63Z4,"Mr. Coffee 8-12 Cup Coffee Filters, Box, Assorted, 100 Count",https://www.amazon.com/dp/B000VB63Z4,4.7,0,8.16,0.0,201,False,1000,home_kitchen,Home & Kitchen,Home Appliances,True,False,False,SRC-KAGGLE-002,amazon_products.csv
B0BF5G6S4K,"Jrisbo Silicone Ice Cube Tray, 4 Pack Easy-Release & Flexible 14-Ice Cube Trays with Spill-Resistant Removable Lid, Stackable Ice Trays with Covers for Freezer, Cocktail, Blue and Green",https://www.amazon.com/dp/B0BF5G6S4K,4.5,0,10.99,0.0,170,False,3000,home_kitchen,Home & Kitchen,Kitchen & Dining,True,False,False,SRC-KAGGLE-002,amazon_products.csv
B07BT6538F,Ultra Durable 4681EA2001T Washer Drain Pump - Replacement Part By BlueStars - Exact Fit for LG Kenmore Washers - Replaces 2003273 4681EA1007D 4681EA1007G,https://www.amazon.com/dp/B07BT6538F,4.0,0,18.99,20.97,201,False,100,home_kitchen,Home & Kitchen,Home Appliances,True,False,False,SRC-KAGGLE-002,amazon_products.csv
B0BLZJHL1S,"Blue Pure 211+ True HEPA Replacement Filter Compatible with Blueair Blue Pure 211+ and Max Air Purifier, 2 Pack",https://www.amazon.com/dp/B0BLZJHL1S,4.6,0,65.99,69.99,201,False,0,home_kitchen,Home & Kitchen,Home Appliances,True,False,False,SRC-KAGGLE-002,amazon_products.csv
B09WHF3ZMC,RGB Gaming Chair with Bluetooth Speakers and LED Lights Ergonomic Massage Computer Game Chair with Footrest High Back Music Video Game Chair with Lumbar Support Red and Black,https://www.amazon.com/dp/B09WHF3ZMC,4.4,0,203.98,0.0,166,False,100,home_kitchen,Home & Kitchen,Furniture,True,False,False,SRC-KAGGLE-002,amazon_products.csv
B07ZD2RP9N,Blender Blade for Oster Osterizer with Sealing Ring Gasket Blender 4902 Blender Jar Bottom Coupling Stud Pin Kit Compatible with Oster Blender Glass Jar Replacement Kit,https://www.amazon.com/dp/B07ZD2RP9N,4.4,0,9.99,0.0,201,False,200,home_kitchen,Home & Kitchen,Home Appliances,True,False,False,SRC-KAGGLE-002,amazon_products.csv
B07ZNF1BCF,"Replacement Flex Edge Beater with Scraper for Kitchen Aid, Upgraded Paddle Attachment for KitchenAid Tilt-Head Stand Mixer (4.5-5 Quart)",https://www.amazon.com/dp/B07ZNF1BCF,4.5,0,9.99,11.99,201,False,200,home_kitchen,Home & Kitchen,Home Appliances,True,False,False,SRC-KAGGLE-002,amazon_products.csv
B093QZRCVC,"2000mAh Rechargeable Wall Mounted Makeup Mirror with Light 8inch 1X/10X Magnifying Lighted Makeup Mirror 3 Color Mode,Adjustable Light,Touch Screen,Charge by Type-C ,Extendable Mirror-Gifts for Women",https://www.amazon.com/dp/B093QZRCVC,4.3,0,29.99,38.99,166,False,0,home_kitchen,Home & Kitchen,Furniture,True,False,False,SRC-KAGGLE-002,amazon_products.csv
B06XRBZKD5,"2 Pieces Recliner Release Cable Replacement D-Ring Pull Handle, Exposed Length 4.75"" with S Tip",https://www.amazon.com/dp/B06XRBZKD5,4.7,0,11.99,0.0,166,False,500,home_kitchen,Home & Kitchen,Furniture,True,False,False,SRC-KAGGLE-002,amazon_products.csv
B099CN2MRK,"Genuine PuroAir 240 Replacement Filter HEPA 14 Medical-Grade - Replacement HEPA 14 Filter for PuroAir 240 Purifier - Captures 99.99% of Pet Dander, Smoke, Pollen, Allergens, Dust, Mold, Odors",https://www.amazon.com/dp/B099CN2MRK,4.7,0,48.0,59.0,201,False,0,home_kitchen,Home & Kitchen,Home Appliances,True,False,False,SRC-KAGGLE-002,amazon_products.csv
B07KFJ8154,"LG 4681EA2001T Washer Drain Pump Motor Exact Fit for LG Kenmore Washers by Seentech - Replaces Part Numbers AP5328388, 2003273, 4681EA2001D, 4681EA2001N, 4681EA1007G and More",https://www.amazon.com/dp/B07KFJ8154,4.2,0,23.96,39.87,201,False,400,home_kitchen,Home & Kitchen,Home Appliances,True,False,False,SRC-KAGGLE-002,amazon_products.csv
B0BZQJPTTG,"LifeStraw Home – Replacement Membrane Microfilter Filter for protection against bacteria, parasites, microplastics, PFAS and 30+ contaminants",https://www.amazon.com/dp/B0BZQJPTTG,4.8,0,20.53,24.95,170,False,1000,home_kitchen,Home & Kitchen,Kitchen & Dining,True,False,False,SRC-KAGGLE-002,amazon_products.csv
B08R9HDYM6,"5 in 1 Blender and Food Processor Combo for Kitchen, Small Electric Food Chopper for Meat and Vegetable, 350W High Speed Blenders with 2 Speeds and Pulse for Smoothies and Shakes",https://www.amazon.com/dp/B08R9HDYM6,3.9,0,49.99,59.99,170,False,1000,home_kitchen,Home & Kitchen,Kitchen & Dining,True,False,False,SRC-KAGGLE-002,amazon_products.csv
B00405O9Q2,"Winsome Wood Benjamin Seating, Foot Rest, Walnut",https://www.amazon.com/dp/B00405O9Q2,4.4,0,102.0,150.0,166,False,100,home_kitchen,Home & Kitchen,Furniture,True,False,False,SRC-KAGGLE-002,amazon_products.csv
B0071010GK,Joie Moo Moo Sliced Cheese Storage Container for Fridge,https://www.amazon.com/dp/B0071010GK,4.8,0,10.99,12.99,170,False,700,home_kitchen,Home & Kitchen,Kitchen & Dining,True,False,False,SRC-KAGGLE-002,amazon_products.csv
B0000CFDD5,Victorinox Swiss Army 5.2003.15-X8 Fibrox Straight Chef's Knife Black 6 in,https://www.amazon.com/dp/B0000CFDD5,4.8,0,22.67,0.0,170,False,800,home_kitchen,Home & Kitchen,Kitchen & Dining,True,False,False,SRC-KAGGLE-002,amazon_products.csv
B079MJTMFS,"OXO Good Grips Small Sink Mat,Gray",https://www.amazon.com/dp/B079MJTMFS,4.7,0,11.99,0.0,170,False,2000,home_kitchen,Home & Kitchen,Kitchen & Dining,True,False,False,SRC-KAGGLE-002,amazon_products.csv
B0BQ65Y6GD,"Monomi Height Adjustable Electric Standing Desk, 55 x 28 Inches Stand up Desk, Sit Stand Home Office Computer Desk, Maple",https://www.amazon.com/dp/B0BQ65Y6GD,4.5,0,199.99,0.0,166,False,100,home_kitchen,Home & Kitchen,Furniture,True,False,False,SRC-KAGGLE-002,amazon_products.csv
B0C4YT6LHV,"Mirror Holder Clips, 25 Sets Mirror Mounting Clips Kit, Glass Mirror Frame Retainer Clips, Mirror Brackets Mirror Hanger Clips for Frameless Mirror, Mirror Hanging Hardware with Screws for Wall Door",https://www.amazon.com/dp/B0C4YT6LHV,3.9,0,6.45,0.0,166,False,50,home_kitchen,Home & Kitchen,Furniture,True,False,False,SRC-KAGGLE-002,amazon_products.csv
B09P1NQJNC,"Pipishell Slim Storage Cart with Wheels, Bathroom Cart Organizer Small, Rolling Cart for Bathroom, Laundry Room, Kitchen, Narrow Space, Black PIUC04, 7.1/''D X 15.8/''W X 23.5/''H",https://www.amazon.com/dp/B09P1NQJNC,4.6,0,29.96,39.99,166,False,500,home_kitchen,Home & Kitchen,Furniture,True,False,False,SRC-KAGGLE-002,amazon_products.csv
B0C13PND9N,Upgraded W10546503 Dishwasher Top Rack Adjuster Compatible with Kitchenaid Dishwasher Parts Upper Rack WPW10546503 Dishwasher Replacement Parts for Whirlpool Kenmore Dishwasher Rack-10pcs,https://www.amazon.com/dp/B0C13PND9N,4.2,0,19.99,0.0,201,False,50,home_kitchen,Home & Kitchen,Home Appliances,True,False,False,SRC-KAGGLE-002,amazon_products.csv
B0B9256FCH,"AMHANCIBLE LED Nightstands Set of 2, End Tables Living Room with Fast Charging Station, Modern Side Table with USB C Port and Outlet, Black Night Stand with Drawers for Bedroom HET052LGY",https://www.amazon.com/dp/B0B9256FCH,4.3,0,179.99,199.99,166,False,300,home_kitchen,Home & Kitchen,Furniture,True,False,False,SRC-KAGGLE-002,amazon_products.csv
B0727NZFYW,3B73362F SZM-V16-FA-63 Microwave Door Switch Fit for LG GE Samsung Microwave Oven WB24X10047 SZM-V16-FD-63 PS3522738 (Normally Open)(Pack of 2),https://www.amazon.com/dp/B0727NZFYW,4.6,0,7.17,0.0,201,False,0,home_kitchen,Home & Kitchen,Home Appliances,True,False,False,SRC-KAGGLE-002,amazon_products.csv
B08YYPKG6Y,"DECORKEY Rectangle Wall Mirror For Bathroom, Distressed White Wood Decor with Hanging Rope for Rustic Home Decor, Vanity, Living Room 12""×16""",https://www.amazon.com/dp/B08YYPKG6Y,4.5,0,16.99,0.0,166,False,100,home_kitchen,Home & Kitchen,Furniture,True,False,False,SRC-KAGGLE-002,amazon_products.csv
B08GWVZ4NN,[Updated Version] 7 Fins Blender Blade Compatible with Ninja Blender Blade Replacement for Ninja Auto iQ BL682-30 BL642-30 BL450-30 BL482-30 BL687CO-30 ect.,https://www.amazon.com/dp/B08GWVZ4NN,3.8,0,14.99,15.99,201,False,800,home_kitchen,Home & Kitchen,Home Appliances,True,False,False,SRC-KAGGLE-002,amazon_products.csv
B097QVPFVQ,"Thermoplastic Rubber Microwave Splatter Cover ,Microwave Cover for Food Fruit Drainer,BPA-Free Dishwasher Safe 10.5 inch (GREY)",https://www.amazon.com/dp/B097QVPFVQ,4.5,0,7.99,9.99,170,False,5000,home_kitchen,Home & Kitchen,Kitchen & Dining,True,False,False,SRC-KAGGLE-002,amazon_products.csv
B0CBT8VKKR,"3-Tier Side Table with Doors White, Nightstand End Table Bookcase, Storage Cabinet for Bedroom, Living Room, Bathroom, Office",https://www.amazon.com/dp/B0CBT8VKKR,4.0,0,36.98,0.0,166,False,50,home_kitchen,Home & Kitchen,Furniture,True,False,False,SRC-KAGGLE-002,amazon_products.csv
B0B8263YYP,"Beinocci Hollywood Vanity Mirror with Lights - 9 Led Bulbs Makeup Mirror with Lights for Desk, 3 Color Lighting, Touch Screen Control, Lighted Makeup Vanity Mirror for Tabletop, White",https://www.amazon.com/dp/B0B8263YYP,4.6,77,33.99,35.99,166,False,0,home_kitchen,Home & Kitchen,Furniture,False,False,False,SRC-KAGGLE-002,amazon_products.csv
B096Q2VD4C,"2Pcs 711 Bolt on to Hook on Bed Frame Conversion Brackets with Hardware Hook, Headboard Hook Set,Hook on Bed Frame Brackets Adapter,Hook on Bed Rail",https://www.amazon.com/dp/B096Q2VD4C,4.3,0,13.9,0.0,166,False,100,home_kitchen,Home & Kitchen,Furniture,True,False,False,SRC-KAGGLE-002,amazon_products.csv
B0BKF6YWB7,"MAHANCRIS Sofa Table, 62.2"" Console Table, Narrow Long Entryway Table, Industrial Hallway Table, 1.2"" Thickened Top, Console Desk Table for Entryway, Living Room, Hallway, Rustic Brown CTHR25801",https://www.amazon.com/dp/B0BKF6YWB7,4.6,13,79.99,0.0,166,False,50,home_kitchen,Home & Kitchen,Furniture,False,False,False,SRC-KAGGLE-002,amazon_products.csv
B0BMG2F7N6,Dryer Heating Element Replaces For Maytag Epic z Bravos MEDB765FW0 MEDB835DW4 MED9600SQ0 MED9700SQ0 MED9800TQ0 MEDX500XW0 MEDX700XW0 MEDX700XL0 MEDC700VW0 MEDB855DC4 MED3500FW1 MEDZ400TQ2 MEDX500XL0,https://www.amazon.com/dp/B0BMG2F7N6,4.7,0,39.95,0.0,201,False,100,home_kitchen,Home & Kitchen,Home Appliances,True,False,False,SRC-KAGGLE-002,amazon_products.csv
B08GR587QB,242126602 Frigidaire Refrigerator Door Bin Shelf Bottom FFSS2615TS0 LFSS2612TF0 LFSS2612TE0 FFSS2615TS3 FFSS2615TE0 FFSS2615TS2 FFSS2615TS5 FFSS2625TS0 LFSS2612TF2 LGHX2636TF0 LGHX2636TFB FFSS2615TP0,https://www.amazon.com/dp/B08GR587QB,4.5,0,25.95,0.0,201,False,200,home_kitchen,Home & Kitchen,Home Appliances,True,False,False,SRC-KAGGLE-002,amazon_products.csv
B0CC4Y4H3N,"12 Packs Vacuum Dust Bags for Roborock S8+ / S8 Pro Ultra / S7 MaxV Ultra / S7 Pro Ultra / Q7+ / Q7 Max+ / Q5+ Clean Base Automatic Dirt Disposal Bags, 3L Large Capacity",https://www.amazon.com/dp/B0CC4Y4H3N,4.7,0,25.99,0.0,201,False,0,home_kitchen,Home & Kitchen,Home Appliances,True,False,False,SRC-KAGGLE-002,amazon_products.csv
B002KRH9XW,"Crock-Pot Mini 1.5 Quart Round Manual Slow Cooker, Black (SCR151)",https://www.amazon.com/dp/B002KRH9XW,4.4,0,30.09,0.0,170,False,700,home_kitchen,Home & Kitchen,Kitchen & Dining,True,False,False,SRC-KAGGLE-002,amazon_products.csv
B07QMSW41P,GOLDTONE Activated Carbon Water Filters fits BRAUN Coffee Makers and Brewers Replacement for your BRAUN Charcoal Water Filter (12 Pack),https://www.amazon.com/dp/B07QMSW41P,4.7,0,9.99,0.0,201,False,300,home_kitchen,Home & Kitchen,Home Appliances,True,False,False,SRC-KAGGLE-002,amazon_products.csv
B0CC97WVSX,"Food Scale Rechargeable, Multifunction Kitchen Scale Digital with Peeling Weight Grams and Oz, Digital Gram Kitchen Scale for Food - Kitchen Small Appliances",https://www.amazon.com/dp/B0CC97WVSX,4.2,0,7.99,0.0,170,False,2000,home_kitchen,Home & Kitchen,Kitchen & Dining,True,False,False,SRC-KAGGLE-002,amazon_products.csv
B00TQJWF1I,"T-fal Ultimate Hard Anodized Nonstick Cookware Set 17 Piece Pots and Pans, Dishwasher Safe Black",https://www.amazon.com/dp/B00TQJWF1I,4.7,0,199.99,0.0,170,False,2000,home_kitchen,Home & Kitchen,Kitchen & Dining,True,False,False,SRC-KAGGLE-002,amazon_products.csv
B0B8Z5DYXR,"Halloween Kitchen Rugs and Mats Haunted Kitchen Decor Non Skid Kitchen Mats Doormat for Indoor Outdoor Entrance, 20x39in",https://www.amazon.com/dp/B0B8Z5DYXR,4.6,0,17.99,0.0,166,False,100,home_kitchen,Home & Kitchen,Furniture,True,False,False,SRC-KAGGLE-002,amazon_products.csv
B07TP8G3YQ,"4 Pack 131763310 Washer Door Striker Replacement for Frigidaire Kenmore Washing Machine, Replaces AP3580441 1032664 131763300 Rayhoor",https://www.amazon.com/dp/B07TP8G3YQ,4.5,0,6.94,0.0,201,False,100,home_kitchen,Home & Kitchen,Home Appliances,True,False,False,SRC-KAGGLE-002,amazon_products.csv
B07Z44CHLL,"KAF Home New Coir Doormat, Heavy-Duty, Weather Resistant, Non-Slip PVC Backing, Indoor and Outdoor Use, Blue",https://www.amazon.com/dp/B07Z44CHLL,4.6,0,17.99,19.99,166,False,50,home_kitchen,Home & Kitchen,Furniture,True,False,False,SRC-KAGGLE-002,amazon_products.csv
B0027DOGZI,"Moen R8736W Home Care Bathroom Safety 36-Inch Grab Bar with Concealed Screws, Glacier",https://www.amazon.com/dp/B0027DOGZI,4.8,906,40.92,58.3,166,False,0,home_kitchen,Home & Kitchen,Furniture,False,False,False,SRC-KAGGLE-002,amazon_products.csv
B098RD17LG,"Ninja NJ601AMZ Professional Blender with 1000-Watt Motor & 72 oz Dishwasher-Safe Total Crushing Pitcher for Smoothies, Shakes & Frozen Drinks, Black",https://www.amazon.com/dp/B098RD17LG,4.7,0,99.99,0.0,170,False,700,home_kitchen,Home & Kitchen,Kitchen & Dining,True,False,False,SRC-KAGGLE-002,amazon_products.csv
B0CJ2FDBPC,"W10295370A water caps replacement Compatible with EDR1RXD1,W10295370,P4RFWB,P8RFWB2L,46-9930,46-9081 2PCS",https://www.amazon.com/dp/B0CJ2FDBPC,5.0,0,37.99,0.0,201,False,0,home_kitchen,Home & Kitchen,Home Appliances,True,False,False,SRC-KAGGLE-002,amazon_products.csv
B087BVDS1L,"Carbon Activated Refrigerator Air Filter Replacement Compatible with Frigidaire and Electrolux 242047801, 242047804, 242061001 (4 Pack)",https://www.amazon.com/dp/B087BVDS1L,4.8,0,14.99,16.99,201,False,200,home_kitchen,Home & Kitchen,Home Appliances,True,False,False,SRC-KAGGLE-002,amazon_products.csv
B07FTVRV6P,"WonderWash Portable Washing Machine for Apartment & Tiny Spaces - Manual Hand Clothes Washer with Retro Design - Clean Laundry Anywhere with Our Countertop, Non-Electric, Small Washer - Mint Green",https://www.amazon.com/dp/B07FTVRV6P,4.2,0,69.99,0.0,201,False,50,home_kitchen,Home & Kitchen,Home Appliances,True,False,False,SRC-KAGGLE-002,amazon_products.csv
B0C8B7B9CS,100 Disposable Paper Filters for Keurig Reusable K Cups Filters and Other Single Serve Refillable Capsules (Fits All Brands),https://www.amazon.com/dp/B0C8B7B9CS,4.5,0,9.95,0.0,201,False,100,home_kitchen,Home & Kitchen,Home Appliances,True,False,False,SRC-KAGGLE-002,amazon_products.csv
B07Z5PMDD3,"Frigidaire FFAD3533W1 Dehumidifier, Moderate Humidity 35 Pint Capacity with a Easy-to-Clean Washable Filter and Custom Humidity Control for maximized comfort, in White",https://www.amazon.com/dp/B07Z5PMDD3,4.3,0,239.0,0.0,201,False,1000,home_kitchen,Home & Kitchen,Home Appliances,True,False,False,SRC-KAGGLE-002,amazon_products.csv
B09LVS3T2B,"Farberware Plastic Cutting Board, 8x10 Inch, White",https://www.amazon.com/dp/B09LVS3T2B,4.4,0,4.99,0.0,170,False,1000,home_kitchen,Home & Kitchen,Kitchen & Dining,True,False,False,SRC-KAGGLE-002,amazon_products.csv
B088XWHB9Y,"Organic India Tulsi Original Herbal Tea - Holy Basil, Stress Relieving & Energizing, Immune Support, Adaptogen, Vegan, USDA Certified Organic, Non-GMO, Caffeine-Free - 18 Infusion Bags, 3 Pack",https://www.amazon.com/dp/B088XWHB9Y,4.7,0,17.07,17.99,170,False,300,home_kitchen,Home & Kitchen,Kitchen & Dining,True,False,False,SRC-KAGGLE-002,amazon_products.csv
B0BYZH8KZ8,"Slim Storage Cart, 4-Tier Narrow Rolling Cart，with Pull-Out Iron Basket, Sturdy Slim Storage Cabinet Iron and Wood Combination，Ideal for Kitchen, Bathroom, and Laundry Room, Brown",https://www.amazon.com/dp/B0BYZH8KZ8,4.0,0,38.99,0.0,166,False,100,home_kitchen,Home & Kitchen,Furniture,True,False,False,SRC-KAGGLE-002,amazon_products.csv
B000UOJD0Y,"Utility Mats 60-043-1902-24x36 24X36 Pepper Door Mat, 2 ft x 3 ft",https://www.amazon.com/dp/B000UOJD0Y,4.4,103,23.75,0.0,166,False,0,home_kitchen,Home & Kitchen,Furniture,False,False,False,SRC-KAGGLE-002,amazon_products.csv
B01IA3H8QM,"Cuisinart CB-30P1 Cast-Iron Single Burner, Stainless Steel",https://www.amazon.com/dp/B01IA3H8QM,4.4,0,58.0,0.0,170,False,1000,home_kitchen,Home & Kitchen,Kitchen & Dining,True,False,False,SRC-KAGGLE-002,amazon_products.csv
B0BTDVK716,"8-12 Cup Large Coffee Filters, Unbleached, Natural - Pack of 200",https://www.amazon.com/dp/B0BTDVK716,4.6,0,8.5,0.0,201,False,300,home_kitchen,Home & Kitchen,Home Appliances,True,False,False,SRC-KAGGLE-002,amazon_products.csv
B097GCWTKR,"AerWo Fall Decor Welcome Mat for Front Door, Fall Halloween Gnome Pumpkin Doormat with Thickened Non-Slip PVC Backing, 30x17in Coir Layered Welcome Door Mat for Fall Thanksgiving Farmhouse Home Decor",https://www.amazon.com/dp/B097GCWTKR,4.3,0,15.99,17.99,166,False,100,home_kitchen,Home & Kitchen,Furniture,True,False,False,SRC-KAGGLE-002,amazon_products.csv
B07BZC52TL,(2023 Update) 165314 Dishwasher Lower Rack Wheel Bosch Dishwasher Parts by BlueStars - Easy to Install - Exact Fit for Bosch & Kenmore Dishwashers - Replaces 420198 AP2802428 PS3439123 - PACK OF 8,https://www.amazon.com/dp/B07BZC52TL,4.6,0,9.99,0.0,201,False,500,home_kitchen,Home & Kitchen,Home Appliances,True,False,False,SRC-KAGGLE-002,amazon_products.csv
B0865XB9R4,"VASAGLE Blanket Ladder, Wall-Leaning Rack with Storage Shelf, for Blankets, Quilt, Towels, Scarves, Steel Frame, Industrial Style, Rustic Brown and Black ULLS012B01",https://www.amazon.com/dp/B0865XB9R4,4.7,0,29.99,49.99,166,False,50,home_kitchen,Home & Kitchen,Furniture,True,False,False,SRC-KAGGLE-002,amazon_products.csv
B01M7174GZ,"Indoor/Outdoor Rubber Runner Mat, Door Mat For Floor Protection, 27"" X 6', Black (9A-110-27C-6)",https://www.amazon.com/dp/B01M7174GZ,4.4,0,23.24,47.99,166,False,400,home_kitchen,Home & Kitchen,Furniture,True,False,False,SRC-KAGGLE-002,amazon_products.csv
B07L8YPYQK,"Sondiko Butane Torch S400, Refillable Kitchen Torch Lighter, Fit All Butane Tanks Blow Torch with Safety Lock and Adjustable Flame for Desserts, Creme Brulee, and Baking—Butane Gas Is Not Included",https://www.amazon.com/dp/B07L8YPYQK,4.5,0,16.99,17.99,170,True,9000,home_kitchen,Home & Kitchen,Kitchen & Dining,True,False,False,SRC-KAGGLE-002,amazon_products.csv
B09H6Y2T9W,"Hichoryer【Upgraded】MSA3 Air Purifier Replacement Filter,Compatible with Membrane Solutions Air Purifier MSA3 & MSA3S, 3-in-1 H13 True HEPA Filter with Odaller Pure Technology, 2 Pack",https://www.amazon.com/dp/B09H6Y2T9W,4.6,0,27.59,0.0,201,False,0,home_kitchen,Home & Kitchen,Home Appliances,True,False,False,SRC-KAGGLE-002,amazon_products.csv
B0BP6X5CM1,"Homykic White Nightstand with Charging Station, Bamboo Nightstands Set of 2 with USB Ports and Outlets, Bedside End Table Side Table with Drawer and Storage Shelf for Bedroom, Easy to Assemble",https://www.amazon.com/dp/B0BP6X5CM1,4.4,0,135.99,169.99,166,False,200,home_kitchen,Home & Kitchen,Furniture,True,False,False,SRC-KAGGLE-002,amazon_products.csv
B09X1WFMMR,"TEHOME 30 inch Brushed Nickel Round Mirror Circle Wall Mirror Brushed Silver Circular Round Mirror for Bathroom Vanity, Entryway, Dresser or Mantel",https://www.amazon.com/dp/B09X1WFMMR,4.5,25,129.99,0.0,166,False,50,home_kitchen,Home & Kitchen,Furniture,False,False,False,SRC-KAGGLE-002,amazon_products.csv
B01LZZ80CN,"Whitmor Ironing Board Cover, Blue",https://www.amazon.com/dp/B01LZZ80CN,3.9,0,5.3,0.0,201,False,200,home_kitchen,Home & Kitchen,Home Appliances,True,False,False,SRC-KAGGLE-002,amazon_products.csv
B086RYXQ14,"Bunn 6001 500 Count Brew 12-Cup Commercial Coffee Filter, White, Fluted Paper Basket Coffee Ware, Case of 500 Sheets by AMZ Empire",https://www.amazon.com/dp/B086RYXQ14,4.5,0,20.5,0.0,201,False,100,home_kitchen,Home & Kitchen,Home Appliances,True,False,False,SRC-KAGGLE-002,amazon_products.csv
B07B3YPYV8,Ivation 3 Replacement Ceramic Ozone Plate for IVAOZAP04 and IVADGOZHEPA Ivation 5-in-1 HEPA Air Purifier & Ozone Generator,https://www.amazon.com/dp/B07B3YPYV8,4.6,0,24.99,0.0,201,False,100,home_kitchen,Home & Kitchen,Home Appliances,True,False,False,SRC-KAGGLE-002,amazon_products.csv
B0B18NB7ZF,"VASAGLE Round End Table with Lower Shelf, Nightstand for Small Spaces, 15.8 x15.8 x 19.7 Inches, Rustic Walnut",https://www.amazon.com/dp/B0B18NB7ZF,4.6,0,39.99,0.0,166,False,600,home_kitchen,Home & Kitchen,Furniture,True,False,False,SRC-KAGGLE-002,amazon_products.csv
B0BYD436MK,"Coffee Filter 02, Set of 200 V02 Coffee Filters Size 2 Cone Coffee Filters Natural Unbleached Disposable Coffee Filter Paper For Pour Over Coffee Dripper and Coffee Maker",https://www.amazon.com/dp/B0BYD436MK,4.5,0,10.49,11.13,201,False,50,home_kitchen,Home & Kitchen,Home Appliances,True,False,False,SRC-KAGGLE-002,amazon_products.csv
B0B7B776Y5,"LINSY LIVING Mattress Topper King, Extra Thick Pillow Top Mattress Topper, Plush Mattress Pad with 400TC Soft Top Quilted Down Alternative with 8-16 Inch Deep Pocket",https://www.amazon.com/dp/B0B7B776Y5,4.5,101,109.99,0.0,166,False,50,home_kitchen,Home & Kitchen,Furniture,False,False,False,SRC-KAGGLE-002,amazon_products.csv
B07NDZWMXF,"LYNK PROFESSIONAL® Pull Out Spice Rack Organizer for Cabinet - Lifetime Limited Warranty - Slide Out Rack - 4-1/4 inch Wide Sliding Spice Organizer Shelf - Double, Chrome",https://www.amazon.com/dp/B07NDZWMXF,4.7,0,37.8,44.99,170,False,1000,home_kitchen,Home & Kitchen,Kitchen & Dining,True,False,False,SRC-KAGGLE-002,amazon_products.csv
B0BV26NFYJ,"Metal Coat Rack Freestanding 16 Hooks, Entry-way Coat Racks Stand with Natural Marble Base Hall Tree, Easy Assembly for Coat Tree Hats Hanger Holder for Purse, Scarf Rack, Jacket (Black)",https://www.amazon.com/dp/B0BV26NFYJ,3.8,0,76.99,0.0,166,False,100,home_kitchen,Home & Kitchen,Furniture,True,False,False,SRC-KAGGLE-002,amazon_products.csv
B0C2HTKYVZ,"Monitor Wall Mount Tilt Swivel Full Motion for 10”-26” TV Screens, RV TV Mount Camper, Small TV Wall Mount for Computer Monitors with Max VESA 100x100mm",https://www.amazon.com/dp/B0C2HTKYVZ,4.8,0,7.99,9.69,166,False,0,home_kitchen,Home & Kitchen,Furniture,True,False,False,SRC-KAGGLE-002,amazon_products.csv
B0B14NPVQ3,"Console Table,Sofa Table Entrance Table Narrow Long with Storage Rack for Entrance,Foyer,Hallway, Sofa,Living Room,Bar,Kitchen(Black)",https://www.amazon.com/dp/B0B14NPVQ3,4.6,0,59.99,63.99,166,False,100,home_kitchen,Home & Kitchen,Furniture,True,False,False,SRC-KAGGLE-002,amazon_products.csv
B07CXNKTD4,"Wooden Spoons, 6 Pieces 9 Inch Wood Soup Spoons for Eating Mixing Stirring, Long Handle Spoon with Japanese Style Kitchen Utensil, ADLORYEA Eco Friendly Table Spoon",https://www.amazon.com/dp/B07CXNKTD4,4.6,0,9.98,16.99,170,False,1000,home_kitchen,Home & Kitchen,Kitchen & Dining,True,False,False,SRC-KAGGLE-002,amazon_products.csv
B09XXKNR5X,"Welcome Fall Door Mat 17 x 29 Inch, Seasonal Pumpkin Decorative Doormat Non-Slip Rubber Rugs for Indoor Outdoor Entrance Floor",https://www.amazon.com/dp/B09XXKNR5X,4.6,0,19.99,0.0,166,False,600,home_kitchen,Home & Kitchen,Furniture,True,False,False,SRC-KAGGLE-002,amazon_products.csv
B081R2CH7M,Crema Coffee Products | 54mm Espresso Dosing Funnel/Ring | Silver | Fits 54mm Breville Portafilter | 54mm | Silver,https://www.amazon.com/dp/B081R2CH7M,4.6,0,22.0,24.0,201,False,300,home_kitchen,Home & Kitchen,Home Appliances,True,False,False,SRC-KAGGLE-002,amazon_products.csv
B0977JXD7F,"Builder's Best 84049 SAF-T-Duct Zero Dryer Vent Periscope, Adjustable 0-5"" Length, Aluminum",https://www.amazon.com/dp/B0977JXD7F,3.9,0,30.54,0.0,201,False,0,home_kitchen,Home & Kitchen,Home Appliances,True,False,False,SRC-KAGGLE-002,amazon_products.csv
B0CCTNBJYD,"Plastic Cutting Coards for Kitchen, 3-Piece Large Cutting Board Set Dishwasher Safe Chopping Boards with Non-slip Feet and Juice Grooves, Kikcoin",https://www.amazon.com/dp/B0CCTNBJYD,4.7,0,16.98,0.0,170,False,200,home_kitchen,Home & Kitchen,Kitchen & Dining,True,False,False,SRC-KAGGLE-002,amazon_products.csv
B09BG1QD9M,Apple Peeler Slicer Corer with Stainless Steel Blades and Powerful Suction Base for Apples Pears Potatoes(Red),https://www.amazon.com/dp/B09BG1QD9M,4.3,0,19.99,0.0,170,False,1000,home_kitchen,Home & Kitchen,Kitchen & Dining,True,False,False,SRC-KAGGLE-002,amazon_products.csv
B06XYDK5XW,"BUNN Commercial Tea & Coffee basket shaped Paper Filters, 500 count, 20100.0000",https://www.amazon.com/dp/B06XYDK5XW,4.4,0,26.48,28.99,201,False,100,home_kitchen,Home & Kitchen,Home Appliances,True,False,False,SRC-KAGGLE-002,amazon_products.csv
B07ZD97DK3,"8206232A Microwave Light Bulb, T8 Microwave Exterior Light Bulb 25Watt Appliance Light Bulb Replacement Oven Part for 8206232A 1890433 8206232 AP4512653, 6Pack",https://www.amazon.com/dp/B07ZD97DK3,4.6,0,7.99,0.0,201,False,200,home_kitchen,Home & Kitchen,Home Appliances,True,False,False,SRC-KAGGLE-002,amazon_products.csv
B0BZRX77BD,Upgraded DC97-16350U Washer Suspension Rod (26in) - Compatible With Samsung WA50R5200AW/US WA50R5400AW/US WA45H7000AW/A2 WA54R7200AW/US WA54R7200AV/US WA54R7600AV/US | 4PCS | 5 YEAR WARRANTY,https://www.amazon.com/dp/B0BZRX77BD,0.0,0,40.99,49.99,201,False,0,home_kitchen,Home & Kitchen,Home Appliances,True,False,True,SRC-KAGGLE-002,amazon_products.csv
B009XS9FT2,"Powell Big and Tall Back Scroll Stool, Counter Height, Dark Bronze/Brown",https://www.amazon.com/dp/B009XS9FT2,4.6,492,93.27,139.0,166,False,50,home_kitchen,Home & Kitchen,Furniture,False,False,False,SRC-KAGGLE-002,amazon_products.csv
B09YPZSGSS,"Anti Vibration Pads for Washing Machine - Washer and Dryer Pedestals High Hard Wearing Square Rubber Foot Pads, Noise Cancelling and Shock Support Protects Pedestals (4 Pcs)",https://www.amazon.com/dp/B09YPZSGSS,4.2,0,15.99,21.99,201,False,200,home_kitchen,Home & Kitchen,Home Appliances,True,False,False,SRC-KAGGLE-002,amazon_products.csv
B07WP31VLW,Yoogu 4 Sets Furniture Connector Pin Style Replacements Part Sofa Couch Sectional Connector Black,https://www.amazon.com/dp/B07WP31VLW,4.4,252,12.99,0.0,166,False,50,home_kitchen,Home & Kitchen,Furniture,False,False,False,SRC-KAGGLE-002,amazon_products.csv
B00D9E2J26,"DampRid 42 oz Fresh Scent Absorber. Refill Bag Attracts & Traps Moisture for Fresher, Cleaner Air, Blue",https://www.amazon.com/dp/B00D9E2J26,4.7,0,11.45,12.0,201,False,100,home_kitchen,Home & Kitchen,Home Appliances,True,False,False,SRC-KAGGLE-002,amazon_products.csv
B01M99DZFV,"Super Sliders 4703595N 3 Inch Slider Pad Move Heavy Appliances Effortlessly, 3"", Beige",https://www.amazon.com/dp/B01M99DZFV,4.4,0,5.99,0.0,201,False,0,home_kitchen,Home & Kitchen,Home Appliances,True,False,False,SRC-KAGGLE-002,amazon_products.csv
B08129NKLV,"60 Inch x 3 Yard Upholstery Black Cambric Dust Cover Fabric Replacement for Sofas, Chairs, Full and Queen Box Spring Foundations, Conceals Frame and Staples Inside Furniture",https://www.amazon.com/dp/B08129NKLV,4.7,0,11.15,0.0,166,False,800,home_kitchen,Home & Kitchen,Furniture,True,False,False,SRC-KAGGLE-002,amazon_products.csv
B09WJ35NNR,"Nightstand with Charging Station Set of 2 Side End Table with USB Ports and Power Outlets 2-Tier Bedside Table for Bedroom Living Room, Modern Black",https://www.amazon.com/dp/B09WJ35NNR,4.4,0,69.99,79.0,166,False,100,home_kitchen,Home & Kitchen,Furniture,True,False,False,SRC-KAGGLE-002,amazon_products.csv
B07CYJ8ZH8,"50 LP Inner Sleeves Anti Static Square Vinyl Record Sleeves 33 RPM 12"" Provide Your LP Collection with The Proper Protection - Invest In Vinyl",https://www.amazon.com/dp/B07CYJ8ZH8,4.7,0,14.99,0.0,166,False,0,home_kitchen,Home & Kitchen,Furniture,True,False,False,SRC-KAGGLE-002,amazon_products.csv
B074KQM1QG,CA6704/10 Coffee Grease Remover Tablets for Coffee Machines Pack of 6,https://www.amazon.com/dp/B074KQM1QG,4.6,0,7.39,0.0,201,False,900,home_kitchen,Home & Kitchen,Home Appliances,True,False,False,SRC-KAGGLE-002,amazon_products.csv
B09QKV6WRL,"WE1M652 Dryer Timer Knob Kit Parts Replacement Universal Dryers 3 PCS Compatible for Hotpoint, General Electric Replaces 1264289 AP3995164 EA1482196, White",https://www.amazon.com/dp/B09QKV6WRL,3.5,0,10.99,0.0,201,False,0,home_kitchen,Home & Kitchen,Home Appliances,True,False,False,SRC-KAGGLE-002,amazon_products.csv
B0BN28GX62,Milliard Cozy Chair with Footrest Ottoman/Faux Fur Saucer Chair for Bedroom/X-Large (Pink),https://www.amazon.com/dp/B0BN28GX62,4.5,0,132.99,149.99,166,False,100,home_kitchen,Home & Kitchen,Furniture,True,False,False,SRC-KAGGLE-002,amazon_products.csv
B0B6PVVM3G,"WILIT Vanity Mirror with Lights, Lighted Makeup Mirror with Detachable Magnification Mirror, 8.27 Inch 72 Premium LED Lights, 3 Colors 3 Levels Brightness Desk Cosmetic Mirror with Wireless Charger",https://www.amazon.com/dp/B0B6PVVM3G,4.4,0,39.99,59.99,166,False,50,home_kitchen,Home & Kitchen,Furniture,True,False,False,SRC-KAGGLE-002,amazon_products.csv
B07BVB3T5M,BlueStars [Unbreakable] W10861225 Dryer Door Handle Replacement Part Easy to Install - Exact Fit for Whirlpool & Kenmore Dryers - Replaces AP5999398 PS11731583 W10714516 W10861225VP - Pack of 2,https://www.amazon.com/dp/B07BVB3T5M,4.7,0,7.99,8.49,201,False,100,home_kitchen,Home & Kitchen,Home Appliances,True,False,False,SRC-KAGGLE-002,amazon_products.csv
B01B5SOUF6,Chef'n Cob Corn Stripper,https://www.amazon.com/dp/B01B5SOUF6,4.2,0,7.95,9.99,170,False,3000,home_kitchen,Home & Kitchen,Kitchen & Dining,True,False,False,SRC-KAGGLE-002,amazon_products.csv
B0B4528TS7,"Two-Way Appliance Rolling Tray,8 Wheels Load 110LBS Extra Wide Sliding Tray Accessories for Heavy Duty Stand Mixer Air Fryer Coffee Maker and Blender,16.9""Wide by 12.8""Deep",https://www.amazon.com/dp/B0B4528TS7,4.6,0,29.99,0.0,201,False,100,home_kitchen,Home & Kitchen,Home Appliances,True,False,False,SRC-KAGGLE-002,amazon_products.csv
B08R3QFDFK,10Pack Roomba Filter Aero Vac Filters Kit Parts Replacement for iRobot 500 & 600 Series 536 550 595 614 618 620 630 635 645 650 655 660 665 671 675 677 680 690 694 695 Vacuum Cleaner Accessories,https://www.amazon.com/dp/B08R3QFDFK,4.7,0,16.8,19.8,201,False,0,home_kitchen,Home & Kitchen,Home Appliances,True,False,False,SRC-KAGGLE-002,amazon_products.csv
B09DZM5BK9,"4 Tier Slim Storage Cart, Narrow Shelving Unit for Small Space, Slide Out Rolling Cart with Wooden Top, Metal Handle and Wire Mesh for Narrow Space on Kitchen, Bathroom, Laundry Room, Black.",https://www.amazon.com/dp/B09DZM5BK9,4.4,0,35.99,0.0,166,False,300,home_kitchen,Home & Kitchen,Furniture,True,False,False,SRC-KAGGLE-002,amazon_products.csv
B0B44X19BX,"36 Pieces Dinner Forks Set (8 inch), Pleafind Forks Silverware, Stainless Steel Forks, Silverware Forks, Mirror Polished Fork Set, Small Forks for Home, Kitchen, Restaurant, Dishwasher Safe",https://www.amazon.com/dp/B0B44X19BX,4.6,0,20.99,0.0,170,False,700,home_kitchen,Home & Kitchen,Kitchen & Dining,True,False,False,SRC-KAGGLE-002,amazon_products.csv
B0BWXV1124,"2 Pack Core 300 Replacement Filter for LEVOIT Core 300 and Core 300S Air Purifier Filters, 3-in-1 H13 Grade True HEPA Replacement Filter,Compared to Part # Core 300-RF,White",https://www.amazon.com/dp/B0BWXV1124,4.8,0,22.47,0.0,201,False,0,home_kitchen,Home & Kitchen,Home Appliances,True,False,False,SRC-KAGGLE-002,amazon_products.csv
B08M93L8F9,Gaming Chair Gas Cylinder Piston Office Chair Replacement Part | Gas Lift | Easy to Install,https://www.amazon.com/dp/B08M93L8F9,4.5,114,26.99,37.55,166,False,50,home_kitchen,Home & Kitchen,Furniture,False,False,False,SRC-KAGGLE-002,amazon_products.csv
B0757XZJPG,"Eight O'Clock Coffee Dark Italian Espresso, 32 Ounce (Pack of 1) Dark Roast Whole Bean 100 % Arabica Coffee, Bold & Chocolaty",https://www.amazon.com/dp/B0757XZJPG,4.6,0,14.54,0.0,170,False,3000,home_kitchen,Home & Kitchen,Kitchen & Dining,True,False,False,SRC-KAGGLE-002,amazon_products.csv
B09BKRQXJR,"Refrigerator Air Filter, 2 Pack Pure Air Ultra II Refrigerator Air Filter Activated Carbon Filter with Carbon Technology Replacement for Frigidaire PAULTRA2, Pure Air Ultra 2 to Absorb Food Odors",https://www.amazon.com/dp/B09BKRQXJR,4.7,0,8.99,0.0,201,False,100,home_kitchen,Home & Kitchen,Home Appliances,True,False,False,SRC-KAGGLE-002,amazon_products.csv
B0BKQCPXT3,"melos Side Table with Charging Station, Nightstand with USB Ports & Power Outlets, Narrow End Table with Drawer and Storage Shelf for Small Spaces, Bedside Tables for Bedroom, Living Room,Rustic Brown",https://www.amazon.com/dp/B0BKQCPXT3,4.4,0,33.59,0.0,166,False,200,home_kitchen,Home & Kitchen,Furniture,True,False,False,SRC-KAGGLE-002,amazon_products.csv
B00W0Z2WYU,"Refresh R-9006-S Replacement Refrigerator Water Filter for Maytag PUR FILTER 4, Whirlpool EDR4RXD1, Everydrop Filter 4, UKF8001AXX-750, 4396395, PuriClean II and Kenmore 469006, 46 9006, 9006 (3 Pack)",https://www.amazon.com/dp/B00W0Z2WYU,4.7,0,36.99,0.0,201,False,100,home_kitchen,Home & Kitchen,Home Appliances,True,False,False,SRC-KAGGLE-002,amazon_products.csv
B07D73PV7W,"Progressive International Tower Fry Cutter, 1, White/Green",https://www.amazon.com/dp/B07D73PV7W,4.4,0,17.57,31.49,170,False,1000,home_kitchen,Home & Kitchen,Kitchen & Dining,True,False,False,SRC-KAGGLE-002,amazon_products.csv
B01EYCI6W8,Starbucks Medium Roast Whole Bean Coffee — Pike Place Roast — 6 bags (12 oz. each),https://www.amazon.com/dp/B01EYCI6W8,4.7,0,47.94,53.88,170,False,900,home_kitchen,Home & Kitchen,Kitchen & Dining,True,False,False,SRC-KAGGLE-002,amazon_products.csv
B0C1XF9R34,"Forbena Wooden Step Stools for Adults and Kids, Heavy Duty Step Stool for Toddlers Bathroom Kitchen, Small Non-Slip Sturdy Stepping Stool for High Cabinet Pantry Closet Chair Bed (Bamboo Wood)",https://www.amazon.com/dp/B0C1XF9R34,4.8,17,37.97,59.99,166,False,50,home_kitchen,Home & Kitchen,Furniture,False,False,False,SRC-KAGGLE-002,amazon_products.csv
B0979G8ZH7,"KN256 Stainless Steel Wire Whip for KitchenAid Bowl-Lift Mixer, 7.1'' Balloon Whisk Fits for 5Qt KP25, KV25, 5.5Qt KSM55, 6Qt KP26, KF26, KL26, KB26, KT2651X, Heavy Duty, Dishwasher Safe, No Residue",https://www.amazon.com/dp/B0979G8ZH7,4.5,0,21.99,0.0,201,False,200,home_kitchen,Home & Kitchen,Home Appliances,True,False,False,SRC-KAGGLE-002,amazon_products.csv
B0824RG319,"No Drill TV Top Shelf 24 inch Wide Monitor Top Mounting Bracket Platform Holds Speaker, AV Receiver, Media Box, Game Console and More",https://www.amazon.com/dp/B0824RG319,4.6,0,24.99,0.0,166,False,50,home_kitchen,Home & Kitchen,Furniture,True,False,False,SRC-KAGGLE-002,amazon_products.csv
B07RL3RQ2N,"Eastman Dishwasher Installation Kit with Straight Electrical Cord, 3/4 Inch Compression, 3/8 Inch MIP Elbow, 3/4 Inch FHT Elbow, 6 Foot Braided Stainless Steel Dishwasher Connectors, 41150",https://www.amazon.com/dp/B07RL3RQ2N,4.7,0,27.66,33.2,201,False,0,home_kitchen,Home & Kitchen,Home Appliances,True,False,False,SRC-KAGGLE-002,amazon_products.csv
B09FGC3RGV,Washer Seal & Bearing Replacement Rebuild Kit Fit for Samsung DC97-17004A DC97-17004B DC97-17004E DC97-17040B DC62-00156A DC97-19636A WF393 WF395 WF24H WF405 WF42H Washer Tub,https://www.amazon.com/dp/B09FGC3RGV,4.2,0,22.5,0.0,201,False,100,home_kitchen,Home & Kitchen,Home Appliances,True,False,False,SRC-KAGGLE-002,amazon_products.csv
B09F6TXGNJ,"Simple Houseware Nightstands Dresser for Bedroom 3-Tier Organizer Drawer Storage Tower, Dark Grey",https://www.amazon.com/dp/B09F6TXGNJ,4.4,0,39.87,49.99,166,False,300,home_kitchen,Home & Kitchen,Furniture,True,False,False,SRC-KAGGLE-002,amazon_products.csv
B07J5P9WVV,"Cheesecloth Bags for Straining,Reusable Cold Brew Coffee Cheese Cloths Strainer,Large Nut Milk Tea Juice Bag,100% Natural Cotton Fine Mesh Filter Bags(X-Small,4 PACK)",https://www.amazon.com/dp/B07J5P9WVV,4.4,0,4.99,0.0,170,False,1000,home_kitchen,Home & Kitchen,Kitchen & Dining,True,False,False,SRC-KAGGLE-002,amazon_products.csv
B01N9QQWPQ,"Novogratz Aloha Collection Rainbow Doormat, 1'4"" x 2'6"", Multicolor",https://www.amazon.com/dp/B01N9QQWPQ,4.5,0,24.26,39.0,166,False,100,home_kitchen,Home & Kitchen,Furniture,True,False,False,SRC-KAGGLE-002,amazon_products.csv
B0971Y8RN3,"Recliner Replacement Parts with Pull Handle and Release Cable (2-Sets), Repair Recliner Mechanism Parts Compatible with Most Furniture of Recliner Sofa Couch Chair",https://www.amazon.com/dp/B0971Y8RN3,4.7,0,16.99,0.0,166,False,200,home_kitchen,Home & Kitchen,Furniture,True,False,False,SRC-KAGGLE-002,amazon_products.csv
B07TXS441N,PartsBroz 4392067 Dryer Repair Kit Whirlpool Replacement Maytag Bravos Dryer AP3109602 PS373088 WED9200SQ0 MEDB835DW4 MEDB855DC4 WED5600XW0 WED8500DC3 GEW9250PW1 MED5100DW0 WED5500XW0 WED8000DW3,https://www.amazon.com/dp/B07TXS441N,4.4,0,25.95,0.0,201,False,200,home_kitchen,Home & Kitchen,Home Appliances,True,False,False,SRC-KAGGLE-002,amazon_products.csv
B0BR3NNWM4,"Bestier L Shaped Desk with Shelves 75 Inch Reversible Corner Computer Desk or 2 Person Long Table, Writing Study Desk for Home Office Small Space Bedroom Apartment, Wash White",https://www.amazon.com/dp/B0BR3NNWM4,4.6,0,149.99,0.0,166,False,100,home_kitchen,Home & Kitchen,Furniture,True,False,False,SRC-KAGGLE-002,amazon_products.csv
B07926FC8P,Ultra Durable 285805 Washer Water Inlet Valve with Mounting Bracket by BlueStars - Easy to Install - Exact Fit for Whirlpool Kenmore Kitchenaid Washers - Replaces 292197 3349451 3354565 PS334646,https://www.amazon.com/dp/B07926FC8P,4.5,0,11.95,0.0,201,False,200,home_kitchen,Home & Kitchen,Home Appliances,True,False,False,SRC-KAGGLE-002,amazon_products.csv
B082HZ1H47,SZM-V16-FD-63 Microwave Oven Door Micro Switch Replacement for LG GE Starion Microwave 3405-001034(Normally Open)(1 Pc),https://www.amazon.com/dp/B082HZ1H47,4.7,0,6.17,0.0,201,False,100,home_kitchen,Home & Kitchen,Home Appliances,True,False,False,SRC-KAGGLE-002,amazon_products.csv
B0BQGJ1C2Y,"Cord Organizer for Kitchen Appliances, 4Pack Upgraded,Cord Organizer, Appliance Cord Organizer Stick On, Toaster, Coffee-Maker, Pressure-Cooker and Air-Fryer(black/white)",https://www.amazon.com/dp/B0BQGJ1C2Y,3.1,0,9.99,0.0,201,False,50,home_kitchen,Home & Kitchen,Home Appliances,True,False,False,SRC-KAGGLE-002,amazon_products.csv
B07HB2KL4C,"Pasta Machine, ISILER 9 Adjustable Thickness Settings Pasta Maker, 150 Roller Noodles Maker with Aluminum Alloy Rollers and Cutter for Pasta, Spaghetti, Fettuccini, Lasagna",https://www.amazon.com/dp/B07HB2KL4C,4.4,0,34.98,0.0,170,True,3000,home_kitchen,Home & Kitchen,Kitchen & Dining,True,False,False,SRC-KAGGLE-002,amazon_products.csv
B0B85778XP,Definitely Not A Trap Door Doormat Funny Front Door Mat Durable Humor Porch Decor Doormat Indoor and Outdoor Welcome Mat Gift Heavy Duty Non-Slip Not A Trap Door Doormat Housewarming Gift 30''x18'',https://www.amazon.com/dp/B0B85778XP,4.3,0,22.99,0.0,166,False,200,home_kitchen,Home & Kitchen,Furniture,True,False,False,SRC-KAGGLE-002,amazon_products.csv
B09VT2CT75,"GEMINI Espresso Puck Screen - 53.3mm,1.7mm Thickness 150μm Espresso Filter Screen - Mesh Coffee Reusable Filter For Espresso Portafilter Filter Basket 54mm - Made With 316 Stainless Steel",https://www.amazon.com/dp/B09VT2CT75,4.6,0,12.99,0.0,201,False,500,home_kitchen,Home & Kitchen,Home Appliances,True,False,False,SRC-KAGGLE-002,amazon_products.csv
B09NM5X7SX,"Somdot Nightstand, Bedside Table End Table for Bedroom Nursery Living Room - Removable Fabric Drawer, Open Storage Shelf, Sturdy Steel Frame, Durable Wood Top - Black/Rustic Brown",https://www.amazon.com/dp/B09NM5X7SX,4.2,0,39.99,0.0,166,False,300,home_kitchen,Home & Kitchen,Furniture,True,False,False,SRC-KAGGLE-002,amazon_products.csv
B0C4L3WBJD,"TIMEYARD Extra Large Woven Basket, 21.7'' x 13.8'' Wicker Blanket Basket Living Room Dog Toy Bin, Laundry Basket for Dirty Clothes, Shoe Basket for Entryway, 90L Black & Jute",https://www.amazon.com/dp/B0C4L3WBJD,4.8,0,19.5,22.94,201,False,300,home_kitchen,Home & Kitchen,Home Appliances,True,False,False,SRC-KAGGLE-002,amazon_products.csv
B0923CC75Z,"Dishwasher Hose Installation Kit - Premium Stainless Steel - Burst Proof Water Supply Line with 3/8"" Compression Connections from Kelaro",https://www.amazon.com/dp/B0923CC75Z,4.7,0,19.97,0.0,201,False,300,home_kitchen,Home & Kitchen,Home Appliances,True,False,False,SRC-KAGGLE-002,amazon_products.csv
B0BR8HZL9V,"Ninja JC151 NeverClog Cold Press Juicer, Powerful Slow Juicer with Total Pulp Control, Countertop, Electric, 2 Pulp Functions, Dishwasher Safe, 2nd Generation, Charcoal",https://www.amazon.com/dp/B0BR8HZL9V,4.4,0,129.95,0.0,170,False,2000,home_kitchen,Home & Kitchen,Kitchen & Dining,True,False,False,SRC-KAGGLE-002,amazon_products.csv
B09HT5569H,"TocTen Bath Towel Rack - Square Base Thicken SUS304 Stainless Steel Towel Bar for Bathroom, Bathroom Bar Accessories Towel Rod Heavy Duty Wall Mounted Towel Holder (Matte Black, 24 Inch)",https://www.amazon.com/dp/B09HT5569H,4.5,0,29.99,31.99,166,False,50,home_kitchen,Home & Kitchen,Furniture,True,False,False,SRC-KAGGLE-002,amazon_products.csv
B0C32YKX8S,"Homeiju Over The Toilet Storage Cabinet with Toilet Paper Holder Stand, 35.5'' Wide Freestanding Bathroom Organizer Space-Saving Toilet Rack for Bathroom, Restroom, Laundry, Rustic Brown",https://www.amazon.com/dp/B0C32YKX8S,5.0,4,69.99,100.99,166,False,50,home_kitchen,Home & Kitchen,Furniture,False,False,False,SRC-KAGGLE-002,amazon_products.csv
B003YVRX5W,"Tim Hortons Whole Bean Original, Medium Roast Coffee, Made with 100% Arabica Beans, 32 Ounce Bag",https://www.amazon.com/dp/B003YVRX5W,4.5,0,15.68,0.0,170,False,4000,home_kitchen,Home & Kitchen,Kitchen & Dining,True,False,False,SRC-KAGGLE-002,amazon_products.csv
B09N5KWF63,"COSCO 11137PBL1E 2 Household Folding Step Stool, ANSI Type 3, 200 lb Weight Capacity, Platinum",https://www.amazon.com/dp/B09N5KWF63,4.5,0,30.96,35.99,166,False,0,home_kitchen,Home & Kitchen,Furniture,True,False,False,SRC-KAGGLE-002,amazon_products.csv
B0C4N7HS6X,"2 Pack TZ-K1 Replacement Filter Compatible with ToLife TZ-K1 Air Puri-fier, AROEVE MK01 MK06 Air Purifi-ers, 3-in-1 H13 HEPA Filter, Activated Carbon and Pre-filter, 360° Rotating Filter(White)",https://www.amazon.com/dp/B0C4N7HS6X,4.6,0,19.99,25.99,201,False,0,home_kitchen,Home & Kitchen,Home Appliances,True,False,False,SRC-KAGGLE-002,amazon_products.csv
B01DEWZUG4,"Panasonic Microwave Oven NN-SN686S Stainless Steel Countertop/Built-In with Inverter Technology and Genius Sensor, 1.2 Cubic Foot, 1200W",https://www.amazon.com/dp/B01DEWZUG4,4.5,0,149.95,189.95,170,False,3000,home_kitchen,Home & Kitchen,Kitchen & Dining,True,False,False,SRC-KAGGLE-002,amazon_products.csv
B07XNHS6CN,"NutriBullet Extractor Blade .60 Lbs, Grey",https://www.amazon.com/dp/B07XNHS6CN,4.7,0,19.99,0.0,201,False,1000,home_kitchen,Home & Kitchen,Home Appliances,True,False,False,SRC-KAGGLE-002,amazon_products.csv
B081N68HYR,"12001541 Dryer Drum Roller Kit & WP6-3700340 Dryer Idler Pulley & WP33002535 Dryer Drum Belt for Maytag Crosley Clothes Dryer. Dryer Repair Kit Replace Part No. 303373, 33001783, 33001777, 33002535",https://www.amazon.com/dp/B081N68HYR,4.3,0,29.99,0.0,201,False,100,home_kitchen,Home & Kitchen,Home Appliances,True,False,False,SRC-KAGGLE-002,amazon_products.csv
B08BRDWGMQ,"HOOBRO Coat Rack Shoe Bench, Hall Tree Entryway Storage Bench, Shoe Rack Organizer with Coat Hooks, 3-in-1 Design, Wooden Furniture with Metal Frame, Rustic Brown and Black BF17MT01",https://www.amazon.com/dp/B08BRDWGMQ,4.6,0,69.99,79.99,166,False,100,home_kitchen,Home & Kitchen,Furniture,True,False,False,SRC-KAGGLE-002,amazon_products.csv
B07SZFRZ92,"MyLifeUNIT Washing Machine Drain Hose, Washer Drain Hose Extension Kit with 1 Extension Adapter and 2 Hose Clamps, 6.9 Feet",https://www.amazon.com/dp/B07SZFRZ92,4.4,0,14.99,0.0,201,False,300,home_kitchen,Home & Kitchen,Home Appliances,True,False,False,SRC-KAGGLE-002,amazon_products.csv
B0BP89RP81,"Coffee Bar Cabinet, 3 Tier Coffee Station Table on Wheels, Bar Cart with Wire Basket Drawer & 5 Hooks for Home Kitchen, Liquor Buffet Sideboard Cabinet (Rustic Brown)",https://www.amazon.com/dp/B0BP89RP81,4.6,0,79.99,0.0,166,False,100,home_kitchen,Home & Kitchen,Furniture,True,False,False,SRC-KAGGLE-002,amazon_products.csv
B017EVLN9Y,"Lavazza Espresso Barista Perfetto Whole Bean Coffee 100% Arabica, Medium Espresso Roast, 2.2-Pound Bag (Packaging may vary) Authentic Italian, Blended And Roated in Italy",https://www.amazon.com/dp/B017EVLN9Y,4.7,0,21.99,24.49,170,False,1000,home_kitchen,Home & Kitchen,Kitchen & Dining,True,False,False,SRC-KAGGLE-002,amazon_products.csv
B01FX2AODM,3392519 Dryer Thermal Fuse - Replacement Part for Whirlpool and Kenmore Exact Fit DR Quality Parts™ 3388651 WP3392519VP 694511,https://www.amazon.com/dp/B01FX2AODM,4.7,0,4.59,0.0,201,False,1000,home_kitchen,Home & Kitchen,Home Appliances,True,False,False,SRC-KAGGLE-002,amazon_products.csv
B00MW94CMO,"nu steel Copper Hudson Decoration Collection Wastebasket Small Round Vintage Trash Can for Bathroom, Bedroom, Dorm, College, Office, 10"" X 10"" X 10.8"", Hammered Finish",https://www.amazon.com/dp/B00MW94CMO,4.7,130,30.99,41.99,166,False,0,home_kitchen,Home & Kitchen,Furniture,False,False,False,SRC-KAGGLE-002,amazon_products.csv
B004Z21P4O,GermGuardian LB5000 GENUINE UV-C Replacement Bulb for AC5000 & AC5250PT Germ Guardian Air Purifiers,https://www.amazon.com/dp/B004Z21P4O,4.6,0,35.55,0.0,201,False,200,home_kitchen,Home & Kitchen,Home Appliances,True,False,False,SRC-KAGGLE-002,amazon_products.csv
B07JMK6G59,"Descaling Solution and Cleaning Kit For Keurig 1.0, 2.0 K Cup Coffee Machines. 3 Month Supply. 4 Keurig Cleaning Pods & Descaler for Keurig Coffee Machines",https://www.amazon.com/dp/B07JMK6G59,4.1,0,12.49,19.99,201,False,4000,home_kitchen,Home & Kitchen,Home Appliances,True,False,False,SRC-KAGGLE-002,amazon_products.csv
B0C695NG5K,Cleaning Tablets - Coffee Machine Cleaning 、Descaled Tablets Ideal for Cleaning and Protecting Fully Automatic Coffee Machines （3 Boxes of 18 Sheets ）,https://www.amazon.com/dp/B0C695NG5K,5.0,0,29.95,0.0,201,False,0,home_kitchen,Home & Kitchen,Home Appliances,True,False,False,SRC-KAGGLE-002,amazon_products.csv
B0C1MCD3RX,"2 Pack FLT5000 HEPA Replacement filter C for G-guardian Air Purifier AC5000, AC5000E, AC5250PT, AC5350B, AC5350BCA, AC5350W, AC5300B, CDAP5500B, AP2800CA",https://www.amazon.com/dp/B0C1MCD3RX,4.4,0,34.99,36.99,201,False,300,home_kitchen,Home & Kitchen,Home Appliances,True,False,False,SRC-KAGGLE-002,amazon_products.csv
B07QXKWP6B,"4PCS Reusable Metal Straws,8.5"" Stainless Steel Straws with Case -Cleaning Brush for 20/30 Oz for Tumblers (Silver)",https://www.amazon.com/dp/B07QXKWP6B,4.6,0,3.99,0.0,170,False,1000,home_kitchen,Home & Kitchen,Kitchen & Dining,True,False,False,SRC-KAGGLE-002,amazon_products.csv
B0BNZ96M32,"Gold Arched Mirror 20"" x 30"" Gold Wall Mirror for Bathroom, Arch Mirror Gold Mirror for Bedroom, Living Room, Entryway, Salon",https://www.amazon.com/dp/B0BNZ96M32,4.7,0,69.99,0.0,166,False,100,home_kitchen,Home & Kitchen,Furniture,True,False,False,SRC-KAGGLE-002,amazon_products.csv
B083GV6LS8,"[16 Pack] WIDE Mouth Mason Jar Lids for Ball, Kerr and More - Colored Plastic Storage Caps for Wide Mouth Mason/Canning Jars - Leak-Proof",https://www.amazon.com/dp/B083GV6LS8,4.7,0,9.99,14.99,170,False,1000,home_kitchen,Home & Kitchen,Kitchen & Dining,True,False,False,SRC-KAGGLE-002,amazon_products.csv
B00838JASO,"Eastman Ice Maker Connector, 1/4 Inch Compression, 5 Foot Flexible Braided Stainless Steel Hose, 41033",https://www.amazon.com/dp/B00838JASO,4.7,0,14.4,0.0,201,False,300,home_kitchen,Home & Kitchen,Home Appliances,True,False,False,SRC-KAGGLE-002,amazon_products.csv
B06XCCQHWC,Thick Heavy Duty Oven Liners for Bottom of Oven | 2 Pack Non Stick Oven Liners for Bottom of Electric Oven | Reusable Oven Mat Kitchen Accessories | Oven Liner for Electric Gas Grill BPA and PFOA Free,https://www.amazon.com/dp/B06XCCQHWC,4.6,0,9.99,19.99,201,True,10000,home_kitchen,Home & Kitchen,Home Appliances,True,False,False,SRC-KAGGLE-002,amazon_products.csv
B00146E50U,"Atlantic Polypropylene Sleeve Disc Organizer - Stack & Lock, Categorize Cds In 4 Color-Coded Binders for 96 Discs Total In Black, PN96635496",https://www.amazon.com/dp/B00146E50U,4.7,0,15.7,19.99,166,False,0,home_kitchen,Home & Kitchen,Furniture,True,False,False,SRC-KAGGLE-002,amazon_products.csv
B077V4LNL5,"Holstein Housewares - 5 Cup Drip Coffee Maker - Convenient and User Friendly with Permanent Filter, Borosilicate Glass Carafe, Water Level Indicator, Auto Pause/Serve and Keep Warm Functions, Teal",https://www.amazon.com/dp/B077V4LNL5,4.2,0,20.0,29.99,170,False,1000,home_kitchen,Home & Kitchen,Kitchen & Dining,True,False,False,SRC-KAGGLE-002,amazon_products.csv
B07GB9YDQR,GERZWY Bathroom Swing Arm Towel Bars Wall Mount Bath Towel Rack with 6 Arms Hanger Towel Holder Organizer SUS 304 Stainless Steel Matte Black HYG06-BK,https://www.amazon.com/dp/B07GB9YDQR,4.5,342,36.99,0.0,166,False,50,home_kitchen,Home & Kitchen,Furniture,False,False,False,SRC-KAGGLE-002,amazon_products.csv
B07YCWBRS8,"Tim Hortons Original Blend, Medium Roast Ground Coffee, Canada’s Favorite Coffee, Made with 100% Arabica Beans, 48 Ounce Canister",https://www.amazon.com/dp/B07YCWBRS8,4.7,0,24.48,0.0,170,False,6000,home_kitchen,Home & Kitchen,Kitchen & Dining,True,False,False,SRC-KAGGLE-002,amazon_products.csv
B0BZNQB1LV,"Bar Stools, Set of 2 Round Bar Chairs with Footrest, 24.4 Inch Kitchen Breakfast Bar Stools, Industrial Bar Stools, Easy Assembly, for Dining Room, Kitchen, Rustic Brown BAHR0201Z",https://www.amazon.com/dp/B0BZNQB1LV,4.2,0,49.99,75.99,166,False,100,home_kitchen,Home & Kitchen,Furniture,True,False,False,SRC-KAGGLE-002,amazon_products.csv
B018F85UC6,RayAir Supply 16x25 Dynamic Air Cleaner Replacement Filter Pads 16X25 Refills (3 Pack),https://www.amazon.com/dp/B018F85UC6,4.6,0,59.79,0.0,201,False,0,home_kitchen,Home & Kitchen,Home Appliances,True,False,False,SRC-KAGGLE-002,amazon_products.csv
B07DTSXWGT,Pro Breeze PB-P02 Air Purifier Replacement Filter (PB-P02F),https://www.amazon.com/dp/B07DTSXWGT,4.5,0,17.99,19.99,201,False,0,home_kitchen,Home & Kitchen,Home Appliances,True,False,False,SRC-KAGGLE-002,amazon_products.csv
B07ZTZGFQG,H13 True HEPA Filter Replacement GL-FS32,https://www.amazon.com/dp/B07ZTZGFQG,4.7,0,34.99,39.99,201,False,100,home_kitchen,Home & Kitchen,Home Appliances,True,False,False,SRC-KAGGLE-002,amazon_products.csv
B002QUZJAS,"Genuine Winix 115115 Replacement Filter A for C535, 5300-2, P300, 5300, White/Black",https://www.amazon.com/dp/B002QUZJAS,4.7,0,36.75,79.99,201,False,2000,home_kitchen,Home & Kitchen,Home Appliances,True,False,False,SRC-KAGGLE-002,amazon_products.csv
B094812V15,"Kidney Wood (4oz), Palo Azul (55-60 Cups Aprox), Blue Stick Tea Teatox , non-GMO, Gluten-free Tea Bark, Natural kidney cleanse, Product From Mexico palo azul tea , Packaged in the USA, Resealable Bag (4 ounces).",https://www.amazon.com/dp/B094812V15,4.3,0,9.99,11.99,170,False,2000,home_kitchen,Home & Kitchen,Kitchen & Dining,True,False,False,SRC-KAGGLE-002,amazon_products.csv
B07X1W3NVJ,"GLACIER FRESH 4204490 Water Filter Replacement for Sub-Zero 4204490, 4290510, 9030868 Refrigerator Water Filter, 2 Pack",https://www.amazon.com/dp/B07X1W3NVJ,4.6,0,35.99,0.0,201,False,1000,home_kitchen,Home & Kitchen,Home Appliances,True,False,False,SRC-KAGGLE-002,amazon_products.csv
B07TXVCSZ2,Mounto 500cfm HEPA500 OEM Hepa Filter Replacement for 500cfm Air Scrubber,https://www.amazon.com/dp/B07TXVCSZ2,4.4,0,75.99,0.0,201,False,0,home_kitchen,Home & Kitchen,Home Appliances,True,False,False,SRC-KAGGLE-002,amazon_products.csv
B0B66ZB6KM,"Ottoman Pouf Filler, Foot Stool Filler, 20x12 Inches Fuzzy Chair Filler, Pouf Stuffing,Pouf Insert,Pouf Ottoman Filler,Round Ottoman Seat Filling, Floor Bean Bag Chair Stuffing (Pouf Filler)",https://www.amazon.com/dp/B0B66ZB6KM,4.1,0,37.1,0.0,166,False,50,home_kitchen,Home & Kitchen,Furniture,True,False,False,SRC-KAGGLE-002,amazon_products.csv
B0C4F8L3X6,"5-Piece Ceramic Cookware Set - Non-Stick Frying Pots and Pans with Removable/Detachable Handle - Stackable RV Cookware for Camping - Dishwasher Safe, PTFE & PFAS-Free - Kitchen Cookware Sets",https://www.amazon.com/dp/B0C4F8L3X6,4.7,0,59.49,69.99,170,False,600,home_kitchen,Home & Kitchen,Kitchen & Dining,True,False,False,SRC-KAGGLE-002,amazon_products.csv
B08F9NTHMJ,"H13 True HEPA Replacement Filters, Compatible with Coway Air Purifier AP-1512HH and Airmega 200M, H13 Grade True HEPA and 2 Activated Carbon Filters (1-Pack)",https://www.amazon.com/dp/B08F9NTHMJ,4.8,0,29.99,0.0,201,False,200,home_kitchen,Home & Kitchen,Home Appliances,True,False,False,SRC-KAGGLE-002,amazon_products.csv
B0BR56CX1Y,"WLIVE Retro TV Stand for 65 inch TV, TV Console Cabinet with Storage, Open Shelves Entertainment Center for Living Room and Bedroom, Black",https://www.amazon.com/dp/B0BR56CX1Y,4.4,0,169.99,0.0,166,False,300,home_kitchen,Home & Kitchen,Furniture,True,False,False,SRC-KAGGLE-002,amazon_products.csv
B0BBMBHL2R,Ironing Board Hanger Wall Mount Ironing Board Holder Organizer for Laundry Rooms Door(Pure White),https://www.amazon.com/dp/B0BBMBHL2R,4.4,0,8.99,9.99,201,False,0,home_kitchen,Home & Kitchen,Home Appliances,True,False,False,SRC-KAGGLE-002,amazon_products.csv
B000KEM4TQ,"Bodum - 1548-01US Bodum Brazil French Press Coffee and Tea Maker, 34 Ounce, Black",https://www.amazon.com/dp/B000KEM4TQ,4.5,0,14.99,27.5,170,False,1000,home_kitchen,Home & Kitchen,Kitchen & Dining,True,False,False,SRC-KAGGLE-002,amazon_products.csv
B01E5F6G7G,"Braun Charcoal Filter for Coffee Machines, White",https://www.amazon.com/dp/B01E5F6G7G,4.7,0,33.94,0.0,201,False,50,home_kitchen,Home & Kitchen,Home Appliances,True,False,False,SRC-KAGGLE-002,amazon_products.csv
B003L0OOVW,"OXO Good Grips Nylon Ladle, Black, One Size",https://www.amazon.com/dp/B003L0OOVW,4.8,0,8.99,0.0,170,False,1000,home_kitchen,Home & Kitchen,Kitchen & Dining,True,False,False,SRC-KAGGLE-002,amazon_products.csv
B01G1CDRIC,"3-Piece Stainless Steel Mesh Micro-Perforated Strainer Colander Set (1-Quart, 2.5-Quart and 4.5-Quart)",https://www.amazon.com/dp/B01G1CDRIC,4.7,0,17.99,0.0,170,False,1000,home_kitchen,Home & Kitchen,Kitchen & Dining,True,False,False,SRC-KAGGLE-002,amazon_products.csv
B0000CF3UK,"Pyrex 6-Ounce Custard Cups, Set of 4",https://www.amazon.com/dp/B0000CF3UK,4.8,0,15.99,21.0,170,False,900,home_kitchen,Home & Kitchen,Kitchen & Dining,True,False,False,SRC-KAGGLE-002,amazon_products.csv
B0C6M8PJZY,"YYP Towel Rack Wall Mounted, New Upgraded 3 Bar Metal Towel Racks for Bathroom, Bathroom Towel Rack with Large Capacity Storage Metal Shelf and 3 Hooks, Easy to Install Bathroom Towel Storage, Black",https://www.amazon.com/dp/B0C6M8PJZY,4.7,156,34.99,0.0,166,False,100,home_kitchen,Home & Kitchen,Furniture,False,False,False,SRC-KAGGLE-002,amazon_products.csv
B08NG9KKTV,"Illusion Doormat,Christmas Non-Slip Visual Door Mat,for Christmas Indoor Outdoor Home Party (Black 60X90CM)",https://www.amazon.com/dp/B08NG9KKTV,4.2,0,21.98,0.0,166,False,300,home_kitchen,Home & Kitchen,Furniture,True,False,False,SRC-KAGGLE-002,amazon_products.csv
B01M01NVSS,Maxwell House Half Caff Medium Roast Ground Coffee with 1/2 the Caffeine (25.6 oz Canister),https://www.amazon.com/dp/B01M01NVSS,4.7,0,8.98,0.0,170,False,7000,home_kitchen,Home & Kitchen,Kitchen & Dining,True,False,False,SRC-KAGGLE-002,amazon_products.csv
B0CDC7VRYJ,"AIDOIT Power Recliner Power Supply, AC/DC Switching Power Supply Transformer 29V/24V 2A Adapter with 6.6ft AC Power Cord Great for Lift Chair or Power Recliner Limoss OKIN",https://www.amazon.com/dp/B0CDC7VRYJ,5.0,1,12.98,0.0,166,False,50,home_kitchen,Home & Kitchen,Furniture,False,False,False,SRC-KAGGLE-002,amazon_products.csv
B07Y2PCBM1,"Yimobra Door Mat, All-Season Outdoor Indoor Durable Doormat for Home Entrance Floor, Heavy Duty Non Slip Front Door Mats Outdoor, Easy to Clean, Garage and Garden, 29.5 x 17 Inch, Grey",https://www.amazon.com/dp/B07Y2PCBM1,4.5,0,9.99,11.99,166,False,900,home_kitchen,Home & Kitchen,Furniture,True,False,False,SRC-KAGGLE-002,amazon_products.csv
B0C4SL5BRJ,"AD3000 Replacement Filters Compatible with AIR DOCTOR Air Purifier AD3000 AD3000M AD3000pro,1 H13 True HEPA Filter,2 Activated Carbon Filters,4 Extra Carbon Pre-filters(1+2+4）",https://www.amazon.com/dp/B0C4SL5BRJ,5.0,0,41.99,0.0,201,False,0,home_kitchen,Home & Kitchen,Home Appliances,True,False,False,SRC-KAGGLE-002,amazon_products.csv
B09PDWQYH2,"Finnhomy Over The Toilet Storage Cabinet with Doors, Over Toilet Bathroom Organizer, 3-Tier Bathroom Space Saver Organizer with Shelf, Multifunctional Toilet Rack, Natural Bamboo",https://www.amazon.com/dp/B09PDWQYH2,4.3,0,69.99,0.0,166,False,50,home_kitchen,Home & Kitchen,Furniture,True,False,False,SRC-KAGGLE-002,amazon_products.csv
B003AYEHGQ,Starwest Botanicals Organic Raw Dandelion Root Tea [1 Pound] Bulk Cut & Sifted (C/S) Loose Tea,https://www.amazon.com/dp/B003AYEHGQ,4.6,0,23.24,0.0,170,False,1000,home_kitchen,Home & Kitchen,Kitchen & Dining,True,False,False,SRC-KAGGLE-002,amazon_products.csv
B08KXM998Y,"Slicer Shredder Attachment for Kitchenaid Stand Mixer, Cofun Shredder Accessories,Kitchen aid Mixer Assecories for Kitchenaid Mixer, Cheese Grater Attachment for Kitchenaid with 3 Blades",https://www.amazon.com/dp/B08KXM998Y,4.5,0,34.99,0.0,201,False,100,home_kitchen,Home & Kitchen,Home Appliances,True,False,False,SRC-KAGGLE-002,amazon_products.csv
B00YZ37TGQ,Oreck HEPA Vacuum Bags for Magnesium (2 packs of 6 Bags = Total of 12 Bags),https://www.amazon.com/dp/B00YZ37TGQ,4.8,0,45.0,47.25,201,False,50,home_kitchen,Home & Kitchen,Home Appliances,True,False,False,SRC-KAGGLE-002,amazon_products.csv
B0859WY9BM,"383EER4001A Washer Inner/Outer Tub Spring Expansion removal Tool (Upgrade Design) by Romalon Fit for Washing Machine,Replace for TJTSE-1, 1268535, AH3569695, EA3569695, PS3569695",https://www.amazon.com/dp/B0859WY9BM,4.3,0,10.99,0.0,201,False,200,home_kitchen,Home & Kitchen,Home Appliances,True,False,False,SRC-KAGGLE-002,amazon_products.csv
B0B65KDX5G,Washer Drain Pump Replaces For LG WT1001CW WASHER WT1101CW WT1701CV Lg Wt1701cv00 WT1901CW WT4870CW WT4970CW WT5480CW Washer,https://www.amazon.com/dp/B0B65KDX5G,3.9,0,105.14,0.0,201,False,100,home_kitchen,Home & Kitchen,Home Appliances,True,False,False,SRC-KAGGLE-002,amazon_products.csv
B07G7P9LHG,"Mirrorize Rectangular Framed Beveled Wall Mirror, 24"" x 30"", Brown Bronze Finish",https://www.amazon.com/dp/B07G7P9LHG,4.6,342,79.99,99.99,166,False,50,home_kitchen,Home & Kitchen,Furniture,False,False,False,SRC-KAGGLE-002,amazon_products.csv
B0027Z8V4S,"Kicking Horse Coffee, Decaf, Swiss Water Process, Dark Roast, Whole Bean, 2.2 Pound - Certified Organic, Fairtrade, Kosher Coffee, 35.2 Ounce, Decaf - Dark Roast",https://www.amazon.com/dp/B0027Z8V4S,4.4,0,29.17,0.0,170,False,5000,home_kitchen,Home & Kitchen,Kitchen & Dining,True,False,False,SRC-KAGGLE-002,amazon_products.csv
B07V6NNSHZ,BOLUO Gold Wall Shelf Bathroom Shelves - Bedroom Kitchen Living Room Modern Book Shelf Floating Shelves 24 inch (610-G),https://www.amazon.com/dp/B07V6NNSHZ,4.6,0,27.82,0.0,166,False,50,home_kitchen,Home & Kitchen,Furniture,True,False,False,SRC-KAGGLE-002,amazon_products.csv
B08MT4YP4V,"4PCS OstWony Measuring Spoons Set, Includes 1/4 tsp, 1/2 tsp, 1 tsp, 1 tbsp, Food Grade Stainless Steel measuring cups, Tablespoon and Teaspoon for Measure Liquid and Dry Ingredients",https://www.amazon.com/dp/B08MT4YP4V,4.7,0,4.77,0.0,170,False,1000,home_kitchen,Home & Kitchen,Kitchen & Dining,True,False,False,SRC-KAGGLE-002,amazon_products.csv
B09TN2K3YH,"Joyparts Replacement Parts Locking Ring blender collar, Compatible with Black&Decker Blenders",https://www.amazon.com/dp/B09TN2K3YH,4.7,0,10.99,0.0,201,False,100,home_kitchen,Home & Kitchen,Home Appliances,True,False,False,SRC-KAGGLE-002,amazon_products.csv
B08QYW34NT,Stand Mixer Attachments 3-Piece Kit -Replace for Kitchen aid Accessories K45WW Wire Whip/ K45DH Dough Hook /K45B Coated Flat Blade Paddle with Scraper l Stainless Steel,https://www.amazon.com/dp/B08QYW34NT,4.4,0,23.79,0.0,201,False,300,home_kitchen,Home & Kitchen,Home Appliances,True,False,False,SRC-KAGGLE-002,amazon_products.csv
B07B9K2YF9,"Whirlpool W10873791 Refrigerator Ice Maker (Replaces W10798411, W10847507, W11130444) Genuine Original Equipment Manufacturer (OEM) Part",https://www.amazon.com/dp/B07B9K2YF9,4.4,0,60.1,0.0,201,False,100,home_kitchen,Home & Kitchen,Home Appliances,True,False,False,SRC-KAGGLE-002,amazon_products.csv
B08TBSMN5W,"Portable Washing Machine, Mini Ultrasonic Washing Machine 3 in 1 Dishwashers Ultrasonic Waves Suitable for Home, Business, Travel, College Room, RV, Apartment (3.5IN)",https://www.amazon.com/dp/B08TBSMN5W,3.1,0,20.99,23.99,201,False,100,home_kitchen,Home & Kitchen,Home Appliances,True,False,False,SRC-KAGGLE-002,amazon_products.csv
B07B6T416L,"PUREPLUS DA29-00020B Refrigerator Water Filter Replacement for Samsung RF28HMEDBSR, RF263BEAESR, HDX FMS-2, HAF-CIN/EXP, RF4287HARS, RF28HFEDBSR, DA29-00020A, RF261BEAESR, DA97-08006A, 469101, 3PACK",https://www.amazon.com/dp/B07B6T416L,4.7,0,28.99,32.99,201,False,500,home_kitchen,Home & Kitchen,Home Appliances,True,False,False,SRC-KAGGLE-002,amazon_products.csv
B074G3BD74,"NRP Pure Activated Charcoal Filter Replacement for KRUPS Coffeemaker F4720057 Savoy, EC322, 324 & More | 12-pack Coffee Water Cartridges",https://www.amazon.com/dp/B074G3BD74,4.7,0,10.99,11.8,201,False,0,home_kitchen,Home & Kitchen,Home Appliances,True,False,False,SRC-KAGGLE-002,amazon_products.csv
B07BKVQWX9,[5221ER1003A Valve OEM Mania] 5221ER1003A NEW OEM Produced for LG Washer Water Inlet Valve Replacement Part - replaces 5220FR2075L 5221ER1003A 5221ER1003C 5221ER1003D,https://www.amazon.com/dp/B07BKVQWX9,4.7,0,27.99,0.0,201,False,200,home_kitchen,Home & Kitchen,Home Appliances,True,False,False,SRC-KAGGLE-002,amazon_products.csv
B0C2V5HXKL,"4 Tier Kids Wooden Bookshelf, Five Layer Sling Bookcase, Baby Storage Book Rack, Book and Toy Organizer Cabinet, Book Display, for Playroom, Bedroom, Toddler Room, Nursery,Classroom (Burlywood)",https://www.amazon.com/dp/B0C2V5HXKL,4.3,0,165.99,179.99,166,False,100,home_kitchen,Home & Kitchen,Furniture,True,False,False,SRC-KAGGLE-002,amazon_products.csv
B0BXN7JK53,"Travel Soap Container, Soap Bar Holder with Lid, Portable Travel Soap Case, Leakproof Soap Dish Travel, Suitable for Travel, Camping, Outdoor, Gym, Bathroom Soap Box",https://www.amazon.com/dp/B0BXN7JK53,4.4,0,5.99,0.0,201,False,1000,home_kitchen,Home & Kitchen,Home Appliances,True,False,False,SRC-KAGGLE-002,amazon_products.csv
B09DY7L1W4,"Smash Burger Press, 5.5inch Round Non-Stick Stainless Steel Burger Press Professional Burger Smasher for Griddle, Bacon Press Perfect for Flat Top Grill Cooking, Dishwasher Safe Easy to Clean",https://www.amazon.com/dp/B09DY7L1W4,4.7,0,7.99,9.99,170,False,300,home_kitchen,Home & Kitchen,Kitchen & Dining,True,False,False,SRC-KAGGLE-002,amazon_products.csv
B07SN9RNHH,AMI PARTS WE1M654 Timer Knob with Metal Ring for General Electric Dryer & Hotpoint Dryers - Replaces AP3995098 WE01M0443 WE1M443(1PC),https://www.amazon.com/dp/B07SN9RNHH,4.4,0,7.97,0.0,201,False,100,home_kitchen,Home & Kitchen,Home Appliances,True,False,False,SRC-KAGGLE-002,amazon_products.csv
B09V17GGMG,"Coffee Station Organizer for Counter, Wood Coffee Pods Holder Storage Basket, Coffee and Tea Condiment Storage Organizer, Rustic Coffee Bar Decor for Coffee Accessories Organizer",https://www.amazon.com/dp/B09V17GGMG,4.6,0,25.99,29.99,201,False,1000,home_kitchen,Home & Kitchen,Home Appliances,True,False,False,SRC-KAGGLE-002,amazon_products.csv
B0B24VFT8Y,5304517203 Dishwasher Lower Spray Arm Compatible with Frigidaire and Kenmore-Replaces 154568001 154414101 154568002 154250901 PS12585623,https://www.amazon.com/dp/B0B24VFT8Y,4.7,0,22.99,0.0,201,False,300,home_kitchen,Home & Kitchen,Home Appliances,True,False,False,SRC-KAGGLE-002,amazon_products.csv
B07MNFGJ78,"6931EL3003C Dryer High-Limit Thermostat Replacement Part Compatible for LG Replaces 1268365, 6931EL3003G, PS3530484",https://www.amazon.com/dp/B07MNFGJ78,4.5,0,7.79,0.0,201,False,100,home_kitchen,Home & Kitchen,Home Appliances,True,False,False,SRC-KAGGLE-002,amazon_products.csv
B0B9NFCQKR,622058 Dishwasher Water Inlet Valve 00622058 for Bosch/Thermador/Kenmore Dishwasher Water Valve Replacement Parts AP4927070 PS3491417 33299010,https://www.amazon.com/dp/B0B9NFCQKR,4.4,0,18.9,0.0,201,False,200,home_kitchen,Home & Kitchen,Home Appliances,True,False,False,SRC-KAGGLE-002,amazon_products.csv
B0BZ4BPCLV,"TIRYIUOU 2 Pack Liquor Bottle Display Shelf Wood, 2 Tier Bar Shelf for Liquor, Bar Display Stand Liquor Bottles Shelves for Home Bar Liquor Cabinet Decor",https://www.amazon.com/dp/B0BZ4BPCLV,5.0,2,59.99,0.0,166,False,0,home_kitchen,Home & Kitchen,Furniture,False,False,False,SRC-KAGGLE-002,amazon_products.csv
B08V1243HV,Dryer Repair Kit Includes Dryer Drum Roller 4581EL2002C Dryer Belt 4400EL2001F and Dryer Idler Pulley 4561EL3002A fits for LG Kenmore Dryers Replace 4581EL3001A 4581EL3001C 4581EL2002A 4400EL2001F,https://www.amazon.com/dp/B08V1243HV,3.8,0,27.97,0.0,201,False,50,home_kitchen,Home & Kitchen,Home Appliances,True,False,False,SRC-KAGGLE-002,amazon_products.csv
B078W1B6PP,"FilterLogic DA29-00003G Refrigerator Water Filter, Replacement for Samsung DA29-00003B, RSG257AARS, RFG237AARS, HAFCU1, RFG297AARS, RS22HDHPNSR, WSS-1, 3 Filters",https://www.amazon.com/dp/B078W1B6PP,4.7,0,24.99,0.0,201,False,400,home_kitchen,Home & Kitchen,Home Appliances,True,False,False,SRC-KAGGLE-002,amazon_products.csv
B08T6BJW2N,"Food Grade Silicone Egg Rings, Multicolor, Egg Ring Molds for Cooking, Fried Egg Rings(4 Pack, 4 Inches)",https://www.amazon.com/dp/B08T6BJW2N,4.0,0,6.59,0.0,170,False,1000,home_kitchen,Home & Kitchen,Kitchen & Dining,True,False,False,SRC-KAGGLE-002,amazon_products.csv
B079TL9VW3,"PUREPLUS ADQ36006101 Replacement for LG LT700P, Kenmore Elite 469690, ADQ36006102, Water Filters for Refrigerators LFXS30766S, LFX28968ST, LFX31925ST, LFX31945ST, LFXS29626S, RWF1052, RWF1200A, 2Pack",https://www.amazon.com/dp/B079TL9VW3,4.7,0,17.99,0.0,201,False,100,home_kitchen,Home & Kitchen,Home Appliances,True,False,False,SRC-KAGGLE-002,amazon_products.csv
B0BRYM5FRJ,"Honey-Can-Do Set of 2 Collapsible Rubber Laundry Baskets with Handles, Warm Grey & White HMP-09824 Grey",https://www.amazon.com/dp/B0BRYM5FRJ,3.0,0,32.99,56.99,201,False,100,home_kitchen,Home & Kitchen,Home Appliances,True,False,False,SRC-KAGGLE-002,amazon_products.csv
B0B56T7GPF,"4 Pack 411 Replacement Washable Pre-Filters for Blueair Blue Pure 411, 411+, 411 Auto and Mini Air Purifier, Removes Pollen, Dust, Pet Dander,2 X Lunar Rock+2X Diva Blue",https://www.amazon.com/dp/B0B56T7GPF,4.3,0,17.99,19.99,201,False,0,home_kitchen,Home & Kitchen,Home Appliances,True,False,False,SRC-KAGGLE-002,amazon_products.csv
B08NCD23WQ,"Elite Gourmet EAF1121BG Personal 1.1 Qt. Compact Space Saving Electric Hot Air Fryer Oil-Less Healthy Cooker, Timer & Temperature Controls, 1000W,Blue Gray",https://www.amazon.com/dp/B08NCD23WQ,4.3,0,32.29,37.99,170,False,900,home_kitchen,Home & Kitchen,Kitchen & Dining,True,False,False,SRC-KAGGLE-002,amazon_products.csv
B09MMV86MZ,MHW-3BOMBER Air Blaster Coffee Grinder Cleaning Camera Dust Clean Blower Coffee Powder Air-Move Filter Cleaning Tool AB5820,https://www.amazon.com/dp/B09MMV86MZ,4.8,0,12.99,0.0,201,False,200,home_kitchen,Home & Kitchen,Home Appliances,True,False,False,SRC-KAGGLE-002,amazon_products.csv
B0161UTDM8,"Reynolds Kitchens Cookie Baking Sheets, Pre-Cut Parchment Paper,25 Count (Pack of 4), 100 Total Sheets",https://www.amazon.com/dp/B0161UTDM8,4.9,0,15.52,17.29,170,False,3000,home_kitchen,Home & Kitchen,Kitchen & Dining,True,False,False,SRC-KAGGLE-002,amazon_products.csv
B0811Y6WW3,Upgraded Lifetime Appliance 4 x 8273103 Knob Compatible with Whirlpool Range Oven,https://www.amazon.com/dp/B0811Y6WW3,4.5,0,9.77,0.0,201,False,100,home_kitchen,Home & Kitchen,Home Appliances,True,False,False,SRC-KAGGLE-002,amazon_products.csv
B08HMZZLZT,"MR.SIGA 5 Pack Bottle Brush Cleaning Set with Storage Holder, Cleaning Brushes for Long Narrow Neck Bottles, Water Bottles, Baby Bottles, Tumblers, Drinking Glasses, Strews",https://www.amazon.com/dp/B08HMZZLZT,4.5,0,16.99,19.99,170,False,3000,home_kitchen,Home & Kitchen,Kitchen & Dining,True,False,False,SRC-KAGGLE-002,amazon_products.csv
B0B74GD77G,[200 Pcs] Cocktail Drink Umbrella Picks Toothpicks - Colorful Paper Toothpicks Cocktail Umbrellas for Luau Parasols Hawaiian Tiki Party Decorations,https://www.amazon.com/dp/B0B74GD77G,4.6,0,8.99,0.0,170,False,700,home_kitchen,Home & Kitchen,Kitchen & Dining,True,False,False,SRC-KAGGLE-002,amazon_products.csv
B07S2348R9,"SUPER DEAL 2IN1 Portable Washing Machine 17.6lbs Mini Twin Tub Compact Laundry Washer Spinner Cycle Combo for Apartment, Camping, Dorms and RV, Timer Control, Gravity Drain and Inlet Water Hose, Blue+White",https://www.amazon.com/dp/B07S2348R9,4.2,0,88.99,0.0,201,False,200,home_kitchen,Home & Kitchen,Home Appliances,True,False,False,SRC-KAGGLE-002,amazon_products.csv
B0B5TGGMKQ,"Baking Pans Nonstick Set, 5-Piece Bakeware Sets with Round/Square Cake Pan, Muffin Pan, Loaf Pan, Roast Pan, Baking Sheets for Oven, mobzio Kitchen Cookware Sets Baking Supplies",https://www.amazon.com/dp/B0B5TGGMKQ,4.7,0,26.99,0.0,170,False,700,home_kitchen,Home & Kitchen,Kitchen & Dining,True,False,False,SRC-KAGGLE-002,amazon_products.csv
B092VJ6V5J,Stainless Steel Citrus Orange Juicer Lemon Lime Fruit Hand Squeezer Kitchen Tool,https://www.amazon.com/dp/B092VJ6V5J,4.4,0,7.69,0.0,170,False,900,home_kitchen,Home & Kitchen,Kitchen & Dining,True,False,False,SRC-KAGGLE-002,amazon_products.csv
B089RF26KM,"Refrigerator Air Filter Replacement for LG LT120F Kenmore Elite 46-9918, 469918, 9918, Replace ADQ73214402, ADQ73214403, ADQ73214404, ADQ73334008-3 Pack",https://www.amazon.com/dp/B089RF26KM,4.7,0,12.88,0.0,201,False,3000,home_kitchen,Home & Kitchen,Home Appliances,True,False,False,SRC-KAGGLE-002,amazon_products.csv
B08FHRGKW3,"Walfos Silicone Donut Mold - Non-Stick Silicone Doughnut Pan Set, Just Pop Out! Heat Resistant, Make Perfect Donut Cake Biscuit Bagels, BPA FREE and Dishwasher Safe, Set of 3",https://www.amazon.com/dp/B08FHRGKW3,4.6,0,9.99,0.0,170,False,1000,home_kitchen,Home & Kitchen,Kitchen & Dining,True,False,False,SRC-KAGGLE-002,amazon_products.csv
B08XLHRJ2J,"Rolanstar Bookshelf, 5 Tier Ladder Bookshelf with 3 Hooks, Industrial Bookcases, Freestanding Display Plant Shelves with Metal Frame for Living Room, Rustic Brown",https://www.amazon.com/dp/B08XLHRJ2J,4.6,0,89.99,106.99,166,False,200,home_kitchen,Home & Kitchen,Furniture,True,False,False,SRC-KAGGLE-002,amazon_products.csv
B0BVFJ26P5,"CASSILANDO Hollywood Tabletop Mount Vanity Mirror with Lights, Vanity Makeup Mirror with 15 LED Bulbs, 3 Color Lighting Modes, USB Port, Smart Touch Control",https://www.amazon.com/dp/B0BVFJ26P5,4.7,77,79.99,0.0,166,False,100,home_kitchen,Home & Kitchen,Furniture,False,False,False,SRC-KAGGLE-002,amazon_products.csv
B09SPQDRNG,"Home Bathroom Corner Storage Cabinet, Floor Display with Windowpane Glass Doors and Adjustable Shelves for Kitchen, Living Room or Bedroom, White",https://www.amazon.com/dp/B09SPQDRNG,4.6,0,79.99,0.0,166,False,50,home_kitchen,Home & Kitchen,Furniture,True,False,False,SRC-KAGGLE-002,amazon_products.csv
B0834V38B1,Louphee Desk Mirror in Cute Cat Ears Shape-Kawaii &Vanity Mirror for You in Bathroom or Bedroom- Pink,https://www.amazon.com/dp/B0834V38B1,4.1,531,13.99,25.99,166,False,50,home_kitchen,Home & Kitchen,Furniture,False,False,False,SRC-KAGGLE-002,amazon_products.csv
B009YIQXWI,"Convenience Concepts 163010E Ottoman, Dark Espresso",https://www.amazon.com/dp/B009YIQXWI,4.7,3806,99.99,169.99,166,False,0,home_kitchen,Home & Kitchen,Furniture,False,False,False,SRC-KAGGLE-002,amazon_products.csv
B08CXQ26BM,2 Pack Magic Bullet Blender Cups Tall 22oz Cup with Flip Top To-Go Lid Replacement Part Cup Mug with Handle Compatible with 250w MB1001 Magic Bullet Mugs & Cups Blender Milk Juicer Mixer Accessories,https://www.amazon.com/dp/B08CXQ26BM,4.5,0,22.99,0.0,201,False,500,home_kitchen,Home & Kitchen,Home Appliances,True,False,False,SRC-KAGGLE-002,amazon_products.csv
B01KQ8QIYM,"Spiral Vegetable Slicer, Makes Veggie Pasta, Yellow",https://www.amazon.com/dp/B01KQ8QIYM,4.5,0,10.47,0.0,170,False,1000,home_kitchen,Home & Kitchen,Kitchen & Dining,True,False,False,SRC-KAGGLE-002,amazon_products.csv
B083XSYMQ6,Upgrade 279838 W10724237 Dryer Heating Element Kit 3977767 3392519 Thermal Fuse 3387134 3977393 Thermostat by Beaquicy - Fits for Whirlpool Kenmore Maytag Dryer - Replace 4531017 PS334313 AP3094254,https://www.amazon.com/dp/B083XSYMQ6,4.3,0,24.27,0.0,201,False,100,home_kitchen,Home & Kitchen,Home Appliances,True,False,False,SRC-KAGGLE-002,amazon_products.csv
B001ICYB2M,SAMSUNG Heating Element Dc47-00019A,https://www.amazon.com/dp/B001ICYB2M,4.6,0,29.95,0.0,201,False,0,home_kitchen,Home & Kitchen,Home Appliances,True,False,False,SRC-KAGGLE-002,amazon_products.csv
B0883VBNHC,"Mushroom Coffee K-Cups by Four Sigmatic | Organic and Fair Trade Dark Roast Coffee with Lion’s Mane, Chaga & Mushroom Powder | Focus & Immune Support | Vegan & Keto | Sustainable Pods | 24 Count",https://www.amazon.com/dp/B0883VBNHC,4.4,0,29.99,0.0,170,False,7000,home_kitchen,Home & Kitchen,Kitchen & Dining,True,False,False,SRC-KAGGLE-002,amazon_products.csv
B00CJQEGYE,Crystal Light Sugar-Free Raspberry Green Tea On-The-Go Powdered Drink Mix 120 Count-10 Count (Pack of 12),https://www.amazon.com/dp/B00CJQEGYE,4.7,0,29.76,0.0,170,False,1000,home_kitchen,Home & Kitchen,Kitchen & Dining,True,False,False,SRC-KAGGLE-002,amazon_products.csv
B01FGV28E8,"Digital Psychrometer Thermometer Hygrometer with Backlight, ERAY Temperature and Humidity Reader Meter Thermo-Hygrometer with Dew Point and Wet Bulb Temperature, 9V Battery Included",https://www.amazon.com/dp/B01FGV28E8,4.3,0,24.99,0.0,201,False,100,home_kitchen,Home & Kitchen,Home Appliances,True,False,False,SRC-KAGGLE-002,amazon_products.csv
B07DNPT1HB,"Sofa Arm Clip Table, Armrest Tray Table, Drinks/Remote Control/Snacks Holder … (Cherry Brown)",https://www.amazon.com/dp/B07DNPT1HB,4.1,0,19.99,21.99,166,False,800,home_kitchen,Home & Kitchen,Furniture,True,False,False,SRC-KAGGLE-002,amazon_products.csv
B0C99BFXVC,"Front-Facing Montessori Bookshelf,5 Tier Book Display Shelf for Toddler,Kids Storage Magazine Rack,Solid Wood Bookcase Organizer,Perfect for Playroom,Bedroom,Study Living Room,Nursery,Classroom",https://www.amazon.com/dp/B0C99BFXVC,4.6,0,109.99,0.0,166,False,0,home_kitchen,Home & Kitchen,Furniture,True,False,False,SRC-KAGGLE-002,amazon_products.csv
B0CC7G729P,"Original 3 Pack Kitchen Countertop Appliance Sliders Mat - Scratch Protecting & Heat Resistant Easy Moving Slider Mats for Countertop Appliances - Coffee Maker, Air Fryer, Blender",https://www.amazon.com/dp/B0CC7G729P,4.7,0,24.99,0.0,201,False,100,home_kitchen,Home & Kitchen,Home Appliances,True,False,False,SRC-KAGGLE-002,amazon_products.csv
B0BJJFNLV2,"Evening Calm Tea K Cups Tea Variety Pack - 4 Flavors of Keurig Tea K-Cups for Stress Relief - Vanilla Chai, Peppermint, High Mountain, Jasmine Keurig Tea Pods for K-Cup Brewing - K Cup Tea Pods for Keurig 2.0 & 1.0",https://www.amazon.com/dp/B0BJJFNLV2,4.4,0,14.99,0.0,170,False,500,home_kitchen,Home & Kitchen,Kitchen & Dining,True,False,False,SRC-KAGGLE-002,amazon_products.csv
B08GK8P6KJ,"22oz Blender Cups Replacement Compatible with Magic Bullet, Tall 22oz Cup w/Flip Top To-Go Lid Replacement Compatible with Magic Bullet 250w Blender",https://www.amazon.com/dp/B08GK8P6KJ,4.7,0,18.79,0.0,201,False,200,home_kitchen,Home & Kitchen,Home Appliances,True,False,False,SRC-KAGGLE-002,amazon_products.csv
B09NJJHG5Q,"Nicehill Dresser for Bedroom with 6 Drawers, Storage Drawer Organizer, Wide Chest of Drawers for Closet, Clothes, Kids, Baby, Living Room, TV Stand with Storage Drawers, Wooden Top",https://www.amazon.com/dp/B09NJJHG5Q,4.5,3201,59.99,74.99,166,False,0,home_kitchen,Home & Kitchen,Furniture,False,False,False,SRC-KAGGLE-002,amazon_products.csv
B08NFS42VN,OEM 8182634 461970200692 Washer Door Lock Switch for Ken.More & Whirlpool &Samsung Washers - Replaces 8181700 DC64-00519B 34001265-2 Years Warranty,https://www.amazon.com/dp/B08NFS42VN,4.6,0,17.77,0.0,201,False,0,home_kitchen,Home & Kitchen,Home Appliances,True,False,False,SRC-KAGGLE-002,amazon_products.csv
B08R9M1W25,Orange Peeler tools Plastic Orange Peeler Citrus Remover Easy Open Citrus Lemon Citrus Peel Cutter Vegetable Slicer Fruit Tools Kitchen Gadgets (Orange 2 Pack),https://www.amazon.com/dp/B08R9M1W25,4.7,0,3.69,0.0,170,False,1000,home_kitchen,Home & Kitchen,Kitchen & Dining,True,False,False,SRC-KAGGLE-002,amazon_products.csv
B08NX1J8WX,DG32-00002B Range Oven Temperature Sensor Probe - Exact for Samsung and LG Oven Parts # EBG61305805 DG32-00002A 6322B62214A PS4240743 PS11732697 (1 Year Warranty),https://www.amazon.com/dp/B08NX1J8WX,4.4,0,13.27,0.0,201,False,400,home_kitchen,Home & Kitchen,Home Appliances,True,False,False,SRC-KAGGLE-002,amazon_products.csv
B003AKNK4A,"germguardian Guardian Technologies FLT4010 Genuine High-Performance Allergen Air Purifier Replacement Filter A With Activated Charcoal Layer for Germguardian Purifier Ac4010, Ac4020 & More, Grey",https://www.amazon.com/dp/B003AKNK4A,4.7,0,18.16,0.0,201,False,100,home_kitchen,Home & Kitchen,Home Appliances,True,False,False,SRC-KAGGLE-002,amazon_products.csv
B09ZNZP5C2,"AmasSmile® Folding Storage Ottoman Stool with Side Pocket, 16 inch Leather Footstool Short Bench , Storage Foot Rest Store, Books, Records Support 330 lbs,Black",https://www.amazon.com/dp/B09ZNZP5C2,4.5,0,24.99,0.0,166,False,100,home_kitchen,Home & Kitchen,Furniture,True,False,False,SRC-KAGGLE-002,amazon_products.csv
B0CBBJGBW2,"Gap Cleaning Brush， Crevice Cleaning Tool,Small Cleaning Brushes,Window Groove Cleaning Brush(3PCS)",https://www.amazon.com/dp/B0CBBJGBW2,4.4,0,7.99,8.88,170,False,3000,home_kitchen,Home & Kitchen,Kitchen & Dining,True,False,False,SRC-KAGGLE-002,amazon_products.csv
B0BFKC4HD8,"9 Tiers Large Shoe Rack Shoe Storage Shoe Organizer 50-55 Pairs Shoe Tower Durable Metal with Curtain for Entryway,Black",https://www.amazon.com/dp/B0BFKC4HD8,3.3,0,29.99,0.0,166,False,100,home_kitchen,Home & Kitchen,Furniture,True,False,False,SRC-KAGGLE-002,amazon_products.csv
B000ND5CBG,"OXO Good Grips Silicone Flexible Pancake Turner, Black",https://www.amazon.com/dp/B000ND5CBG,4.6,0,14.83,0.0,170,False,700,home_kitchen,Home & Kitchen,Kitchen & Dining,True,False,False,SRC-KAGGLE-002,amazon_products.csv
B001R66K78,"MERV 11 4001 Filter for GeneralAire 12758 for AC1, AC22, AC3, Carrier 31MF, and Bryant® 902BX",https://www.amazon.com/dp/B001R66K78,4.8,0,27.99,41.99,201,False,100,home_kitchen,Home & Kitchen,Home Appliances,True,False,False,SRC-KAGGLE-002,amazon_products.csv
B01MQERON0,"Nespresso Capsules VertuoLine, Espresso, Bold Variety Pack, Medium and Dark Roast Espresso Coffee, 40 Count Coffee Pods, Brews (VERTUOLINE ONLY), 1.35 Ounce , 10 Count (Pack of 4)",https://www.amazon.com/dp/B01MQERON0,4.8,0,39.25,0.0,170,False,10000,home_kitchen,Home & Kitchen,Kitchen & Dining,True,False,False,SRC-KAGGLE-002,amazon_products.csv
B077G8PJCX,"Kenney KN83000 Storage Made Simple 1.53 Gallon (5.7 Liter) Small Open Top Rust-Proof Plastic Waste Basket/Trash Can/Garbage Can for Bathroom, Bedroom, Home Office, Laundry Room, or Dorms, White",https://www.amazon.com/dp/B077G8PJCX,4.4,1578,11.89,19.99,166,False,50,home_kitchen,Home & Kitchen,Furniture,False,False,False,SRC-KAGGLE-002,amazon_products.csv
B0C4NFCBL4,"Coffee Station Organizer Coffee Pod Holder Wooden Coffee Bar Accessories Organizer for Countertop,Farmhouse Coffee Pod Holder Organizer with Handle,Coffee Bar Organizer Station for Coffee Bar Decor Rustic White",https://www.amazon.com/dp/B0C4NFCBL4,3.7,0,13.99,19.99,201,False,50,home_kitchen,Home & Kitchen,Home Appliances,True,False,False,SRC-KAGGLE-002,amazon_products.csv
B00TV4682K,"East West Furniture NFC-OAK-C Norfolk Kitchen Dining Linen Fabric Upholstered Wood Chairs, Set of 2",https://www.amazon.com/dp/B00TV4682K,4.7,1118,129.27,214.8,166,False,50,home_kitchen,Home & Kitchen,Furniture,False,False,False,SRC-KAGGLE-002,amazon_products.csv
B001S3B9F8,"Fino Pour-Over Coffee Brewing Filter Cone, Number 4-Size, Black, Brews 8 to 12-Cups",https://www.amazon.com/dp/B001S3B9F8,4.4,0,7.6,0.0,201,False,300,home_kitchen,Home & Kitchen,Home Appliances,True,False,False,SRC-KAGGLE-002,amazon_products.csv
B0BC7N1HJ3,"Front Door Mat 2 Pack Indoor and Outdoor Welcome Mat, Absorbent and Drain Away Water Heavy Duty Entryway Doormat for Front Back Doors, Laundry Rooms, Mudrooms and More, 29.5x17.5IN",https://www.amazon.com/dp/B0BC7N1HJ3,4.5,0,14.99,16.99,166,False,2000,home_kitchen,Home & Kitchen,Furniture,True,False,False,SRC-KAGGLE-002,amazon_products.csv
B0CCNFWBCK,"Coffee Syrup Rack Organizer Syrup Bottle Holder Stand for Coffee Bar Station, 3-Tier 12 Bottle Countertop Storage Rack for Kitchen, Freestanding Tabletop Liquor Wine Rack for Dressings Cocktail（Black）",https://www.amazon.com/dp/B0CCNFWBCK,4.4,0,39.98,0.0,166,False,100,home_kitchen,Home & Kitchen,Furniture,True,False,False,SRC-KAGGLE-002,amazon_products.csv
B08N6237WC,Egg Ring for Frying Eggs and English Muffin - Round Egg Shaper Mold with Anti-scald Handle - Stainless Steel Non-stick Egg Cooker Ring - 2 Pack,https://www.amazon.com/dp/B08N6237WC,4.0,0,6.98,0.0,170,False,1000,home_kitchen,Home & Kitchen,Kitchen & Dining,True,False,False,SRC-KAGGLE-002,amazon_products.csv
B00W0XFRAS,"Refresh Replacement Refrigerator Water Filter Compatible with Kenmore 46-9690, ADQ36006102 and LG LT700P, ADQ36006101 (2 Pack)",https://www.amazon.com/dp/B00W0XFRAS,4.7,0,26.99,0.0,201,False,200,home_kitchen,Home & Kitchen,Home Appliances,True,False,False,SRC-KAGGLE-002,amazon_products.csv
B09FSVB26C,"Vinyl Record Player Stand, Storage Table with 4 Cabinet Up to 100 Albums,Mid-Century Turntable Stand with Wood Legs,Brown Vinyl Holder Display Shelf for Bedroom Living Room (Patented)",https://www.amazon.com/dp/B09FSVB26C,4.5,0,55.99,139.99,166,False,200,home_kitchen,Home & Kitchen,Furniture,True,False,False,SRC-KAGGLE-002,amazon_products.csv
B083DLS41T,"5220FR2008F Cold Water lnlet Valve OEM Part by Beaquicy - Exact fit Kenmore & lg washer water inlet valve #wm3997hwa, wm2487hrma, wm2487hwm,etc.",https://www.amazon.com/dp/B083DLS41T,4.7,0,22.85,0.0,201,False,100,home_kitchen,Home & Kitchen,Home Appliances,True,False,False,SRC-KAGGLE-002,amazon_products.csv
B0BXKHYJ27,Rose Ice Cube Molds for Cocktails Whiskey 2 Inch Large Cute 3D Rose Flower Shape Ice Cube Trays with lid for Freezer (pink),https://www.amazon.com/dp/B0BXKHYJ27,4.7,0,2.99,5.99,170,False,400,home_kitchen,Home & Kitchen,Kitchen & Dining,True,False,False,SRC-KAGGLE-002,amazon_products.csv
B08BL71TVF,"3949238 Washer Door Lid Switch by Seentech - Exact fit for Whirlpool & Kenmore Washers - Replaces for: WP3949238, WP3949238VP,AP6008880, PS11742021, AP3100001, PS350431",https://www.amazon.com/dp/B08BL71TVF,4.5,0,9.47,0.0,201,False,100,home_kitchen,Home & Kitchen,Home Appliances,True,False,False,SRC-KAGGLE-002,amazon_products.csv
B0032AMC6K,"LG LT600P - 6 Month / 300 Gallon Capacity Replacement Refrigerator Water Filter (NSF42 and NSF53 5231JA2006A, 5231JA2006B, 5231JA2006F, or 5231JA2006F , White",https://www.amazon.com/dp/B0032AMC6K,4.6,0,52.73,0.0,201,False,900,home_kitchen,Home & Kitchen,Home Appliances,True,False,False,SRC-KAGGLE-002,amazon_products.csv
B07BTDBWY4,Ultra Durable W10130913 WPW10730972 Washer Drain Pump Replacement Part by BlueStars - Exact Fit for Whirlpool Kenmore Maytag Washers - Replaces 8540024 W10730972 W10117829 W10135045 PS1960402,https://www.amazon.com/dp/B07BTDBWY4,4.6,0,27.97,35.97,201,False,100,home_kitchen,Home & Kitchen,Home Appliances,True,False,False,SRC-KAGGLE-002,amazon_products.csv
B0BTHPRC2V,"4 Pack 2 Qt Glass Milk Bottles with Airtight Reusable SCREW LID - 64 Oz Glass Juice Bottles, 1/2 Gal Glass Water Bottles, Glass Milk Jug Pitcher with 2 Exact Scale Line, Extra Free 4 Lid and 8 Handle!",https://www.amazon.com/dp/B0BTHPRC2V,4.7,0,29.99,0.0,170,False,700,home_kitchen,Home & Kitchen,Kitchen & Dining,True,False,False,SRC-KAGGLE-002,amazon_products.csv
B008OXVL8K,Rinza Milk Frother Cleaning Tablets - 120 tablets - Breaks Down Milk Protein Fat and Calcium Build Up,https://www.amazon.com/dp/B008OXVL8K,4.7,0,13.98,20.49,201,False,100,home_kitchen,Home & Kitchen,Home Appliances,True,False,False,SRC-KAGGLE-002,amazon_products.csv
B09J8RLXD9,"Sand Timer, Hourglass Sand Timers Colorful 1/3/5/10/15/30 Minutes Sandglass Timer with Protective Cover for Classroom Home Office Cooking (Pack of 6) Multicolor",https://www.amazon.com/dp/B09J8RLXD9,4.6,0,15.99,0.0,170,False,700,home_kitchen,Home & Kitchen,Kitchen & Dining,True,False,False,SRC-KAGGLE-002,amazon_products.csv
B0BZLZRFHC,Mantis WDT Tool Espresso - 9 Needle Distribution Tool with Stand | Needle Espresso Stirrer | .4mm and .3mm needles included | Aluminum Alloy Stand (Matte Black),https://www.amazon.com/dp/B0BZLZRFHC,5.0,0,23.99,0.0,201,False,100,home_kitchen,Home & Kitchen,Home Appliances,True,False,False,SRC-KAGGLE-002,amazon_products.csv
B0BSB9FYQ1,"C Shaped End Table with Charging Station and USB Ports, Faux Marble White Wood Small Side Table, Sofa Couch Table Bedside Table for Living Room/Bedroom,Side Tables for Small Space",https://www.amazon.com/dp/B0BSB9FYQ1,4.6,0,45.99,0.0,166,False,50,home_kitchen,Home & Kitchen,Furniture,True,False,False,SRC-KAGGLE-002,amazon_products.csv
B0CHJRFL45,"AQG Counter Stool,26"" 360 Free Swivel Upholstered Bar Stool with Back Counter Height Swivel Barstools. (Green Fabric)",https://www.amazon.com/dp/B0CHJRFL45,5.0,2,269.99,0.0,166,False,0,home_kitchen,Home & Kitchen,Furniture,False,False,False,SRC-KAGGLE-002,amazon_products.csv
B0C77MXQKJ,"Door Mat, Front Door Mat Indoor Door Rugs for Entryway Non Slip Doormat, Absorbent Resist Dirt Door Mats, Washable Inside Floor Mats Entry Doormats for Home, Entrance, Outdoor,Kitchen,20""x32"",Grey",https://www.amazon.com/dp/B0C77MXQKJ,4.6,0,11.99,0.0,166,False,600,home_kitchen,Home & Kitchen,Furniture,True,False,False,SRC-KAGGLE-002,amazon_products.csv
B097BNT4QJ,"Black Bookshelf,3 Tier Modern Bookcase with Legs,Bookshelves Wood Storage Shelf,Rustic Open Book Shelves Cube Organizer,Free Standing Short Bookcases for Small Space,Bedroom,Living Room,Office",https://www.amazon.com/dp/B097BNT4QJ,4.4,0,99.99,0.0,166,False,100,home_kitchen,Home & Kitchen,Furniture,True,False,False,SRC-KAGGLE-002,amazon_products.csv
B0CBV4S2JW,12 Cup Glass Carafe Compatible for Keurig K-Duo Essentials 5000 Coffee Maker Replacement Pot,https://www.amazon.com/dp/B0CBV4S2JW,2.1,0,75.99,0.0,201,False,100,home_kitchen,Home & Kitchen,Home Appliances,True,False,False,SRC-KAGGLE-002,amazon_products.csv
B078XM112S,Premium Replacement Charcoal Water Filters for Cuisinart Coffee Machines (12),https://www.amazon.com/dp/B078XM112S,4.8,0,8.99,0.0,170,False,2000,home_kitchen,Home & Kitchen,Kitchen & Dining,True,False,False,SRC-KAGGLE-002,amazon_products.csv
B09YQY6GMR,"Refillable Vertuo Coffee Capsules DISCS Reusable filters Refillable Coffee PodS for VERTUOLINE & VERTUO capsules, compatible with VERTUOLINE & VERTUO pods",https://www.amazon.com/dp/B09YQY6GMR,4.1,0,14.99,0.0,201,False,100,home_kitchen,Home & Kitchen,Home Appliances,True,False,False,SRC-KAGGLE-002,amazon_products.csv
B09ZPNR259,"HOOBRO Round End Table with Charging Station, 2-Tier Small Side Table, Circle Accent Table for Living Room, Bedroom, Rustic Brown BF671BZ01",https://www.amazon.com/dp/B09ZPNR259,4.6,0,49.99,0.0,166,False,50,home_kitchen,Home & Kitchen,Furniture,True,False,False,SRC-KAGGLE-002,amazon_products.csv
B09NNGG45Q,"HE601 H13 True HEPA Replacement Filter Compatible with Shark Air Purifier 6 (HE601 & HE602), HE6FKPET, True HEPA for Shark HE601 Air Purifier Filter Replacement, 1 Pack",https://www.amazon.com/dp/B09NNGG45Q,4.6,0,39.99,45.99,201,False,0,home_kitchen,Home & Kitchen,Home Appliances,True,False,False,SRC-KAGGLE-002,amazon_products.csv
B07JQV1X2V,"Illy Caffe Whole Bean Coffee, Classico Medium Roast, 100% Arabica Coffee, 8.8 Ounce (Pack of 6)",https://www.amazon.com/dp/B07JQV1X2V,4.6,0,65.99,0.0,170,False,900,home_kitchen,Home & Kitchen,Kitchen & Dining,True,False,False,SRC-KAGGLE-002,amazon_products.csv
B01AHUIZUO,Farberware Baker's Advantage Cake Tester with Cover,https://www.amazon.com/dp/B01AHUIZUO,4.8,0,8.99,0.0,170,False,900,home_kitchen,Home & Kitchen,Kitchen & Dining,True,False,False,SRC-KAGGLE-002,amazon_products.csv
B0BPX8HRC5,Acrylic Clear Desk Chair Modern Home Office Ghost Chairs with Wheels Cute Armless Rolling Vanity Plastic Chair with Adjustable Height (Clear),https://www.amazon.com/dp/B0BPX8HRC5,5.0,11,119.99,129.99,166,False,50,home_kitchen,Home & Kitchen,Furniture,False,False,False,SRC-KAGGLE-002,amazon_products.csv
B0BGNX6DSM,"200Pcs Unbleached Percolator Coffee Filters, 3.75In Disposable Coffee Paper Filter, Disc Coffee Filters for Bozeman Percolator (Brown)",https://www.amazon.com/dp/B0BGNX6DSM,4.4,0,11.99,0.0,201,False,200,home_kitchen,Home & Kitchen,Home Appliances,True,False,False,SRC-KAGGLE-002,amazon_products.csv
B09WT7FLJ9,"Cold Stone Beverages Creamery Ice Cream Flavored Coffee Pods, Assorted Variety Pack, Compatible with Keurig K Cup Brewers, 40 Count",https://www.amazon.com/dp/B09WT7FLJ9,4.4,0,23.95,0.0,170,False,800,home_kitchen,Home & Kitchen,Kitchen & Dining,True,False,False,SRC-KAGGLE-002,amazon_products.csv
B00006IV11,"Holmes HAPF7-U8 Smoke Grabber Ashtray Replacement Filter-Qty 2, 2 Count (Pack of 1), Black and White",https://www.amazon.com/dp/B00006IV11,4.0,0,5.72,10.99,201,False,200,home_kitchen,Home & Kitchen,Home Appliances,True,False,False,SRC-KAGGLE-002,amazon_products.csv
B0716G9G3X,"StoveShelf 30"" Length Stainless Steel Finish Magnetic Shelf for Kitchen Stove - Kitchen Storage Solution with Zero Installation - Over Stove Spice Rack Organizer",https://www.amazon.com/dp/B0716G9G3X,4.7,0,39.99,0.0,170,False,1000,home_kitchen,Home & Kitchen,Kitchen & Dining,True,False,False,SRC-KAGGLE-002,amazon_products.csv
B0BYKD4RS9,"Extra Large Air Fryer Basket and Tray for Oven, 18.8'' x 13.3'' Stainless Steel Crisper Tray and Basket Set, Non-stick Mesh Basket Set, Air Fryer Tray Roasting Basket for Fries/Bacon/Chicken",https://www.amazon.com/dp/B0BYKD4RS9,4.6,0,39.99,42.99,201,False,300,home_kitchen,Home & Kitchen,Home Appliances,True,False,False,SRC-KAGGLE-002,amazon_products.csv
B07S6QV3GK,Sectional Connectors for Sliding Sofas - Innovative Double Reinforcement - Keep Your Sectionals Perfectly Together with No Tool or Screw - 4 Sets(for 3 Piece Sofa),https://www.amazon.com/dp/B07S6QV3GK,3.8,0,10.98,0.0,166,False,100,home_kitchen,Home & Kitchen,Furniture,True,False,False,SRC-KAGGLE-002,amazon_products.csv
B0BPT96CF1,"Linen Fabric Storage Ottoman Foot Stool, Folding Storage Bench for Bedroom, Living Room, Grey",https://www.amazon.com/dp/B0BPT96CF1,4.0,0,18.44,23.05,166,False,0,home_kitchen,Home & Kitchen,Furniture,True,False,False,SRC-KAGGLE-002,amazon_products.csv
B07C3BM96G,Aluminum Replacement Range Hood Filter 9-7/8 x 11-11/16 x 3/8 (2-Pack),https://www.amazon.com/dp/B07C3BM96G,4.3,0,20.74,0.0,201,False,200,home_kitchen,Home & Kitchen,Home Appliances,True,False,False,SRC-KAGGLE-002,amazon_products.csv
B0BFDPCCDV,"B4Life Wine Rack Wall Mounted with Stemware Rack, Wine Glass Rack Wall Mounted,Holds 8 x Glasses and 7 x Wine Bottles, Industrial Wine Glass Rack Wall Wine Rack with Wine Glass Holder",https://www.amazon.com/dp/B0BFDPCCDV,4.3,70,39.99,0.0,166,False,50,home_kitchen,Home & Kitchen,Furniture,False,False,False,SRC-KAGGLE-002,amazon_products.csv
B07QFC6LN6,"Anova Culinary Sous Vide Precision Cooker Pro, 1200 Watts, Black and Silver",https://www.amazon.com/dp/B07QFC6LN6,4.6,0,298.0,399.0,170,False,400,home_kitchen,Home & Kitchen,Kitchen & Dining,True,False,False,SRC-KAGGLE-002,amazon_products.csv
B0CG3PB6KC,"AZEITE Pintucked Storage Bench, Red",https://www.amazon.com/dp/B0CG3PB6KC,0.0,0,199.0,0.0,166,False,0,home_kitchen,Home & Kitchen,Furniture,True,False,True,SRC-KAGGLE-002,amazon_products.csv
B0032FOQXW,"Tablecraft Free Flow Pourers, Black, 12-Pack",https://www.amazon.com/dp/B0032FOQXW,4.7,0,5.95,6.53,170,False,1000,home_kitchen,Home & Kitchen,Kitchen & Dining,True,False,False,SRC-KAGGLE-002,amazon_products.csv
B0B41W3455,"Primy Office Ergonomic Desk Chair with Adjustable Lumbar Support and Height, Swivel Breathable Mesh Computer Chair with Flip up Armrests for Conference Room (Black)",https://www.amazon.com/dp/B0B41W3455,4.5,0,109.99,149.99,166,False,1000,home_kitchen,Home & Kitchen,Furniture,True,False,False,SRC-KAGGLE-002,amazon_products.csv
B01F18YUJW,"Whirlpool 697772 Wheel, White",https://www.amazon.com/dp/B01F18YUJW,4.7,0,34.95,0.0,201,False,100,home_kitchen,Home & Kitchen,Home Appliances,True,False,False,SRC-KAGGLE-002,amazon_products.csv
B0BR5PN9YS,"GoveeLife Air Purifier Replacement Filter for H7123101, 4 Layers of Defense, 1 Pack",https://www.amazon.com/dp/B0BR5PN9YS,4.8,0,29.99,0.0,201,False,0,home_kitchen,Home & Kitchen,Home Appliances,True,False,False,SRC-KAGGLE-002,amazon_products.csv
B002CVTT4S,"BLACK+DECKER 2-Slice Toaster, One Size",https://www.amazon.com/dp/B002CVTT4S,4.6,0,24.99,29.99,170,False,9000,home_kitchen,Home & Kitchen,Kitchen & Dining,True,False,False,SRC-KAGGLE-002,amazon_products.csv
B0856NZK7K,"Bellemain 3 Qt Metal Colander with Handle | Pasta, Spaghetti, Berry, Fruit, Vegetable, Kitchen Food Strainer Basket | 18/8 Stainless Steel Colander Bowl | Pot Drainer for Cooking, Sifter Strainer",https://www.amazon.com/dp/B0856NZK7K,4.7,0,18.99,22.99,170,False,1000,home_kitchen,Home & Kitchen,Kitchen & Dining,True,False,False,SRC-KAGGLE-002,amazon_products.csv
B07D583QV9,"SimLife Metal Platform Bed Frame with Two Headboards Mattress Foundation/Slat Support/No Box Spring Needed, Twin",https://www.amazon.com/dp/B07D583QV9,4.4,920,69.99,99.99,166,False,50,home_kitchen,Home & Kitchen,Furniture,False,False,False,SRC-KAGGLE-002,amazon_products.csv
B09RP9K2S5,"Egg Holder for Refrigerator 40 Count, Gray Egg Storage Container for Refrigerator with Handles, 2 Drawers Stackable Egg Fresh Storage Box, Fridge Egg Organizer Egg Storage for Kitchen",https://www.amazon.com/dp/B09RP9K2S5,4.6,0,29.99,0.0,201,False,0,home_kitchen,Home & Kitchen,Home Appliances,True,False,False,SRC-KAGGLE-002,amazon_products.csv
B07JFR9RSD,"Measuring Spoons: U-Taste 18/8 Stainless Steel Spoons Set of 9 Piece: 1/16 tsp, 1/8 tsp, 1/4 tsp, 1/3 tsp, 1/2 tsp, 3/4 tsp, 1 tsp, 1/2 tbsp & 1 tbsp Dry and Liquid Ingredients",https://www.amazon.com/dp/B07JFR9RSD,4.8,0,15.99,20.77,170,False,1000,home_kitchen,Home & Kitchen,Kitchen & Dining,True,False,False,SRC-KAGGLE-002,amazon_products.csv
B00164U4EQ,"IMUSA USA A417-80801W Stovetop Aluminum Pressure Cooker 7.0-Quart,Silver",https://www.amazon.com/dp/B00164U4EQ,4.5,0,39.99,49.99,170,False,700,home_kitchen,Home & Kitchen,Kitchen & Dining,True,False,False,SRC-KAGGLE-002,amazon_products.csv
B07P8QJTQL,"LIFVER Drink Coasters with Holder, Absorbent Coaster Sets of 6, Marble Style Ceramic Drink Coaster for Tabletop Protection,Suitable for Kinds of Cups, Wooden Table, Cool Home Decor, 4 Inches",https://www.amazon.com/dp/B07P8QJTQL,4.8,0,15.89,0.0,170,False,4000,home_kitchen,Home & Kitchen,Kitchen & Dining,True,False,False,SRC-KAGGLE-002,amazon_products.csv
B017ILH04C,Urnex Coffee Maker Cleaner and Descaler Kit - 2 Single Use Bottles - Professional at Home Coffee Machine Cleaning and Descaling,https://www.amazon.com/dp/B017ILH04C,4.5,0,12.97,0.0,201,False,1000,home_kitchen,Home & Kitchen,Home Appliances,True,False,False,SRC-KAGGLE-002,amazon_products.csv
B091G9CLMM,Coffee Brush Set Professional Espresso Brush Kit Include Wooden Coffee Grinder Machine Cleaning Brush and Nylon Espresso Brush for Coffee Machine Group Head (5),https://www.amazon.com/dp/B091G9CLMM,4.6,0,9.99,0.0,201,False,200,home_kitchen,Home & Kitchen,Home Appliances,True,False,False,SRC-KAGGLE-002,amazon_products.csv
B0B87MKTX5,"TC-HOMENY LED Nightstand with Voice-Activated Mode, End Table with Charging Station for Bedroom Furniture, Side Bed Table with 2 Drawers (Black)",https://www.amazon.com/dp/B0B87MKTX5,4.0,133,139.99,149.99,166,False,50,home_kitchen,Home & Kitchen,Furniture,False,False,False,SRC-KAGGLE-002,amazon_products.csv
B0C27SCBNK,"Bathroom Storage Cabinet - Toilet Paper Storage Cabinet, Small Toilet Paper Holder with 4 Wheels, Bathroom Organizer with Adjustable Shelf, for Small Spaces, Rustic Brown and Black BC04601X",https://www.amazon.com/dp/B0C27SCBNK,5.0,0,39.99,45.99,166,False,100,home_kitchen,Home & Kitchen,Furniture,True,False,False,SRC-KAGGLE-002,amazon_products.csv
B00QYCCWCC,"OXO Good Grips Coffee Maker Replacement Paper, Brown, Per Box, 50 CT, Cold Brew Filters, Count",https://www.amazon.com/dp/B00QYCCWCC,4.6,0,5.95,0.0,201,False,700,home_kitchen,Home & Kitchen,Home Appliances,True,False,False,SRC-KAGGLE-002,amazon_products.csv
B0BJCK9HV3,"9 Pack Upgraded White Regular Mouth Mason Jar Lids with Silicone Ring, Plastic Mason Jar Lids For Ball & Kerr and More, 70mm Regular Plastic Mason Jar Lids",https://www.amazon.com/dp/B0BJCK9HV3,4.5,0,5.99,0.0,170,False,700,home_kitchen,Home & Kitchen,Kitchen & Dining,True,False,False,SRC-KAGGLE-002,amazon_products.csv
B0B463N25X,YOHOM Suction Cup Towel Bar for Shower 17 Inch Stainless Steel Bathroom Towel Rack Suction Washcloth Holder Vacuum Hand Towel Bar for Glass Shower Door Removable Towel Rod Rail Organizer Wall Brushed,https://www.amazon.com/dp/B0B463N25X,4.0,201,21.99,0.0,166,False,50,home_kitchen,Home & Kitchen,Furniture,False,False,False,SRC-KAGGLE-002,amazon_products.csv
B0BQGSZQVL,"2-Pack Airmega AP-1512HH Filter Set Replacement for Coway Airmega AP-1512HH and 200M Air Purifiers, 2 True HEPA and 8 Carbon Pre-Filters, Compared to Part # 3304899",https://www.amazon.com/dp/B0BQGSZQVL,5.0,0,39.98,0.0,201,False,0,home_kitchen,Home & Kitchen,Home Appliances,True,False,False,SRC-KAGGLE-002,amazon_products.csv
B001685ULE,Cuisinart DCC-RWF-6PK (12 Filters) Charcoal Water Filters in Cuisinart DCC-RWF Retail Box,https://www.amazon.com/dp/B001685ULE,4.7,0,34.99,43.95,201,False,100,home_kitchen,Home & Kitchen,Home Appliances,True,False,False,SRC-KAGGLE-002,amazon_products.csv
B00KH0KVDO,"teapigs Caffeine Free Liquorice & Peppermint Herbal Tea Bags, 50 Count, Pure Liquorice Root with Whole Peppermint Leaves",https://www.amazon.com/dp/B00KH0KVDO,4.7,0,21.3,25.0,170,False,500,home_kitchen,Home & Kitchen,Kitchen & Dining,True,False,False,SRC-KAGGLE-002,amazon_products.csv
B086DFCS7Y,"NutriBullet NBY-50100 Baby Complete Food-Making System, 32-Oz, Blue",https://www.amazon.com/dp/B086DFCS7Y,4.7,0,52.99,69.99,170,False,7000,home_kitchen,Home & Kitchen,Kitchen & Dining,True,False,False,SRC-KAGGLE-002,amazon_products.csv
B0BVQG7TXY,"ODK 32 inch Small Computer Desk Study Table for Small Spaces Home Office Student Laptop PC Writing Desks with Storage Bag Headphone Hook, Espresso Gray",https://www.amazon.com/dp/B0BVQG7TXY,4.5,0,39.99,79.99,166,False,200,home_kitchen,Home & Kitchen,Furniture,True,False,False,SRC-KAGGLE-002,amazon_products.csv
B0BBZR5LQR,"O&K FURNITURE Round Coffee Table, Modern Silver Coffee Table Living Room Table with Ring-Shaped Frames, Glass Coffee Table for Home&Office, Chrome Finish, 1 PC",https://www.amazon.com/dp/B0BBZR5LQR,4.7,0,173.99,199.99,166,False,100,home_kitchen,Home & Kitchen,Furniture,True,False,False,SRC-KAGGLE-002,amazon_products.csv
B096M9QXC2,"Recliner Power Supply, 3-Piece AC/DC Switching Power Supply Universal Transformer 2-pin 29V 2A Adapter with 1.2 M Power Cord & 2 M Extention Cable for Lift Chair or Power Recliner Limoss OKIN",https://www.amazon.com/dp/B096M9QXC2,4.7,0,19.99,0.0,166,False,100,home_kitchen,Home & Kitchen,Furniture,True,False,False,SRC-KAGGLE-002,amazon_products.csv
B074FB96ZX,"LEM Products 1265 Plastic Batter Bowl, 1 pounds, Green",https://www.amazon.com/dp/B074FB96ZX,4.5,0,16.69,19.99,170,False,1000,home_kitchen,Home & Kitchen,Kitchen & Dining,True,False,False,SRC-KAGGLE-002,amazon_products.csv
B0CBCBPNHW,"L Shaped Desk, 39 Inches Computer Desk with Reversible Storage Shelves, Gaming Desk, Corner Desk Home Office Desks, Writing Desk Study Desk with Metal Frame, Rustic Brown",https://www.amazon.com/dp/B0CBCBPNHW,4.3,0,69.99,99.99,166,False,100,home_kitchen,Home & Kitchen,Furniture,True,False,False,SRC-KAGGLE-002,amazon_products.csv
B089VLHHP2,"Glamcor Riki Skinny Smart Vanity Mirror with HD LEDs, Magnifying Mirror Attachment, Phone Holder and Bluetooth Control (White, 5X Magnification)",https://www.amazon.com/dp/B089VLHHP2,4.2,405,225.0,0.0,166,False,0,home_kitchen,Home & Kitchen,Furniture,False,False,False,SRC-KAGGLE-002,amazon_products.csv
B0029JQEIC,"USA Pan Nonstick Standard Bread Loaf Pan, 1 Pound, Aluminized Steel",https://www.amazon.com/dp/B0029JQEIC,4.8,0,18.95,0.0,170,False,2000,home_kitchen,Home & Kitchen,Kitchen & Dining,True,False,False,SRC-KAGGLE-002,amazon_products.csv
B0BGN6S13B,"Hichoryer HRF-G Replacement Filter, Compatible with Honeywell HPA020B HPA020 & HPA030B HPA030 & HPA075/080 Series and HPA175/180 Series Air Purifier, Part Number HRF-G1/HRF-G2 2 Pack",https://www.amazon.com/dp/B0BGN6S13B,4.5,0,22.59,0.0,201,False,0,home_kitchen,Home & Kitchen,Home Appliances,True,False,False,SRC-KAGGLE-002,amazon_products.csv
B08HVX3SVH,"Zulay 3-Pieces Plastic Funnel Set - Large, Medium, and Small Kitchen Funnels for Filling Bottles - Food Grade Cooking Funnel Set of 3",https://www.amazon.com/dp/B08HVX3SVH,4.4,0,6.99,0.0,170,False,1000,home_kitchen,Home & Kitchen,Kitchen & Dining,True,False,False,SRC-KAGGLE-002,amazon_products.csv
B0BJDZFWFD,"SONGMICS Folding Storage Ottoman, Storage Bench, Cube Footrest, 12.2 x 16.1 x 12.2 Inches, 286 lb Capacity, for Entryway, Living Room, Bedroom, Home Office, Dark Gray ULSF102G01",https://www.amazon.com/dp/B0BJDZFWFD,4.7,0,22.02,23.99,166,False,400,home_kitchen,Home & Kitchen,Furniture,True,False,False,SRC-KAGGLE-002,amazon_products.csv
B0051XSIO6,Presto 07047 Cool Touch Electric Griddle,https://www.amazon.com/dp/B0051XSIO6,4.7,0,33.46,44.99,170,False,2000,home_kitchen,Home & Kitchen,Kitchen & Dining,True,False,False,SRC-KAGGLE-002,amazon_products.csv
B0774YMJM3,BreathableBaby Breathable Mesh Crib Liner – Classic Collection – White with Charcoal Seersucker – Fits Full-Size Four-Sided Slatted and Solid Back Cribs – Anti-Bumper,https://www.amazon.com/dp/B0774YMJM3,4.5,0,40.24,0.0,166,False,300,home_kitchen,Home & Kitchen,Furniture,True,False,False,SRC-KAGGLE-002,amazon_products.csv
B000H0RZB0,"Envion Ionic Pro 90IP01TA01W Turbo Ionic Air Purifier, 500 sq ft Room Capacity, Black",https://www.amazon.com/dp/B000H0RZB0,4.3,0,149.99,179.95,201,False,300,home_kitchen,Home & Kitchen,Home Appliances,True,False,False,SRC-KAGGLE-002,amazon_products.csv
B07HGG48N3,"Edgewater Parts WH13X22314, WH13X10053, AP5629504, PS3652834 Water Inlet Valve Compatible with General Electric Washer (Fits Models: GCW, GHW, GLW, GMA, GRW And More)",https://www.amazon.com/dp/B07HGG48N3,4.9,0,29.85,0.0,201,False,0,home_kitchen,Home & Kitchen,Home Appliances,True,False,False,SRC-KAGGLE-002,amazon_products.csv
B07MTQRPGF,Red Rose Original Full Flavored Black Tea Specially Blended Strong Black Tea with 100 Tea Bags Per Box (Pack of 6) Contains Caffeine Brew Hot/Cold Original Black Tea,https://www.amazon.com/dp/B07MTQRPGF,4.8,0,23.88,0.0,170,False,1000,home_kitchen,Home & Kitchen,Kitchen & Dining,True,False,False,SRC-KAGGLE-002,amazon_products.csv
B074DF92HW,"Amazon Basics Pre-Seasoned Cast Iron Round Dutch Oven Pot with Lid and Dual Handles, 7-Quart, Black",https://www.amazon.com/dp/B074DF92HW,4.6,0,40.07,47.52,170,False,1000,home_kitchen,Home & Kitchen,Kitchen & Dining,True,False,False,SRC-KAGGLE-002,amazon_products.csv
B0C2GXPDZY,"Small Storage Baskets, Small Basket Organizer for Storage [4-Pack], Paper Rope Woven Baskets with Soft Liner for Towel Makeup, Decorative Basket, Storage Bin for Closet Shelf Dresser Grey",https://www.amazon.com/dp/B0C2GXPDZY,4.8,0,24.99,0.0,201,False,100,home_kitchen,Home & Kitchen,Home Appliances,True,False,False,SRC-KAGGLE-002,amazon_products.csv
B00AVUQPTO,"Serta Executive Office Padded Arms, Adjustable Ergonomic Gaming Desk Chair with Lumbar Support, Faux Leather and Mesh, Black",https://www.amazon.com/dp/B00AVUQPTO,4.2,878,198.35,0.0,166,False,100,home_kitchen,Home & Kitchen,Furniture,False,False,False,SRC-KAGGLE-002,amazon_products.csv
B08LPSZV35,"4 Sets HAPF30AT Blue True HEPA Filter Replacement for Holmes Air Purifier Models AER1 Series, HAPF300AT for Replacement Parts # HAPF300AH-U4R, HAP242-NUC",https://www.amazon.com/dp/B08LPSZV35,4.7,0,18.99,0.0,201,False,100,home_kitchen,Home & Kitchen,Home Appliances,True,False,False,SRC-KAGGLE-002,amazon_products.csv
B01JAPQ3Y2,"Omron Healthcare Filters 1/2"" dia",https://www.amazon.com/dp/B01JAPQ3Y2,4.5,0,8.99,9.97,201,False,0,home_kitchen,Home & Kitchen,Home Appliances,True,False,False,SRC-KAGGLE-002,amazon_products.csv
B08JV2MTWZ,"VASAGLE Side Table, Small End Table, Tall Nightstand for Living Room, Bedroom, Office, Bathroom, Rustic Brown and Black ULET273B01",https://www.amazon.com/dp/B08JV2MTWZ,4.6,0,34.99,42.99,166,False,1000,home_kitchen,Home & Kitchen,Furniture,True,False,False,SRC-KAGGLE-002,amazon_products.csv
B09BMZSJBZ,"K Cup Holder Sliding Tray Pull out Coffee Pod Organizer Rolling K Cup Organization Storage Drawer Countertop Maker Stand Rack Capsules Compatible with Keurig Accessories, Black",https://www.amazon.com/dp/B09BMZSJBZ,4.8,0,34.99,44.99,201,False,200,home_kitchen,Home & Kitchen,Home Appliances,True,False,False,SRC-KAGGLE-002,amazon_products.csv
B0B3TCZCKN,"Shoe Storage Boxes Clear Stackable Acrylic Shoe Organizer for Closet, Sneaker Containers Bins Holders Shoe Containers with Lids, Sneaker Hangbag Display Case, Easy Assembly, Set of 3, Fit for Size 14",https://www.amazon.com/dp/B0B3TCZCKN,4.5,63,37.99,0.0,166,False,50,home_kitchen,Home & Kitchen,Furniture,False,False,False,SRC-KAGGLE-002,amazon_products.csv
B08SHF98BJ,"H13 True HEPA ProHEPA 9000 Replacement Filter Compatible with VEVA 9000 Air Puri-fiers, 2 Pack H13 Premium HEPA Replacement Filters & 8 Activated Carbon Pre-Filters",https://www.amazon.com/dp/B08SHF98BJ,4.7,0,24.97,31.99,201,False,0,home_kitchen,Home & Kitchen,Home Appliances,True,False,False,SRC-KAGGLE-002,amazon_products.csv
B07WD7RMVZ,BCD-330WTV 12V 4W Freezing Fan Motor ZWF-02-4 Replacement for Midea Refrigerator 50240401000p,https://www.amazon.com/dp/B07WD7RMVZ,4.4,0,17.59,0.0,201,False,100,home_kitchen,Home & Kitchen,Home Appliances,True,False,False,SRC-KAGGLE-002,amazon_products.csv
B0BN2WC4G7,"32in Cocktail Table High Top Folding Table, Portable Bar Height Folding Table Round with Removable Legs, Indoor Outdoor Banquet Table for Parties, Commercial, Speech- Granite Black",https://www.amazon.com/dp/B0BN2WC4G7,4.6,0,93.59,0.0,166,False,100,home_kitchen,Home & Kitchen,Furniture,True,False,False,SRC-KAGGLE-002,amazon_products.csv
B08T8YBLPH,"Bamboo Wine Rack, Sturdy and Durable Countertop Wine Storage Cabinet Shelf for Pantry - 4 Tiers 16 Bottle Wine Rack",https://www.amazon.com/dp/B08T8YBLPH,4.6,0,27.99,0.0,166,False,500,home_kitchen,Home & Kitchen,Furniture,True,False,False,SRC-KAGGLE-002,amazon_products.csv
B08F2LVTN8,FirstPower 5000mAh V8 Replacement Battery 21.6V - Compatible with V8 Animal V8 Absolute V8 Fluffy V8 Motorhead V8 Carbon Fiber Cord-Free Handheld Vacuum,https://www.amazon.com/dp/B08F2LVTN8,4.4,0,45.99,0.0,201,True,0,home_kitchen,Home & Kitchen,Home Appliances,True,False,False,SRC-KAGGLE-002,amazon_products.csv
B07FZXDKXF,Essential Values Compatible Keurig Rinse Pods 10-Pack - Compatible with K Cup Cleaning Pods - Works With K-Cup Machines Including 2.0 - Aftermarket Keurig Filter Pods,https://www.amazon.com/dp/B07FZXDKXF,4.4,0,13.49,0.0,201,False,200,home_kitchen,Home & Kitchen,Home Appliances,True,False,False,SRC-KAGGLE-002,amazon_products.csv
B098DFBM5Y,"JOYIN Halloween Decoration Front Door mat 30”x17”, Trick or Treat Black&White Spider Web Non Slip Natural Coir Doormat, Indoor/Outdoor Decorative Doorway Rugs for Halloween Decor Party Favor",https://www.amazon.com/dp/B098DFBM5Y,4.2,0,19.99,0.0,166,False,50,home_kitchen,Home & Kitchen,Furniture,True,False,False,SRC-KAGGLE-002,amazon_products.csv
B096MK1H5H,"AMKE Baby Bassinets,Bedside Sleeper for Baby,35s Quick Assemble Baby Crib with Storage Basket,Portable Bassinets for Safe Co-Sleeping, Adjustable Baby Bed for Infant Newborn",https://www.amazon.com/dp/B096MK1H5H,4.7,189,159.99,189.99,166,False,50,home_kitchen,Home & Kitchen,Furniture,False,False,False,SRC-KAGGLE-002,amazon_products.csv
B01NCMDUZ4,"PUREPLUS MWF Water Filter Replacement for GE SmartWater, HDX FMG-1, MWFP, MWFA, PL-100, WFC1201, RWF0600A, PC75009, RWF1060, 197D6321P006, GSE25GSHECSS, Kenmore 469991 Refrigerator Cartridge, 2Pack",https://www.amazon.com/dp/B01NCMDUZ4,4.7,0,24.99,0.0,201,False,200,home_kitchen,Home & Kitchen,Home Appliances,True,False,False,SRC-KAGGLE-002,amazon_products.csv
B004EBS16G,"Wilton mini muffin pan, Silver",https://www.amazon.com/dp/B004EBS16G,4.8,0,14.5,0.0,170,False,3000,home_kitchen,Home & Kitchen,Kitchen & Dining,True,False,False,SRC-KAGGLE-002,amazon_products.csv
B0C14PMV21,"Refrigerator Glass Shelf WPW10276348 Compatible With Whirlpool, Kenmore Refrigerator Shelf Replacement - Replaces W10276348 1557829,2309524,AP6018411",https://www.amazon.com/dp/B0C14PMV21,4.5,0,49.99,54.59,201,False,50,home_kitchen,Home & Kitchen,Home Appliances,True,False,False,SRC-KAGGLE-002,amazon_products.csv
B01MU9T1OI,40-Watt Microwave Bulb GE WB36x10003 Incandescent - Warm White Microwave Light - Fits Most GE and Whirlpool Ovens - E17 Intermediate Base - Pack of 3,https://www.amazon.com/dp/B01MU9T1OI,4.7,0,9.99,0.0,201,False,100,home_kitchen,Home & Kitchen,Home Appliances,True,False,False,SRC-KAGGLE-002,amazon_products.csv
B09Y1GGZMZ,"Mixer Bowl Covers for KitchenAid 4.5-5 Qt Tilt-Head Stand Mixer, Splash Guard with Extra Pouring Window for KitchenAid Mixer, Bowl Lid to Prevent Spilling of Ingredients(Pack of 1)",https://www.amazon.com/dp/B09Y1GGZMZ,4.4,0,16.99,0.0,201,False,200,home_kitchen,Home & Kitchen,Home Appliances,True,False,False,SRC-KAGGLE-002,amazon_products.csv
B079RWH24F,WELLAND Rustic Round Old Elm Wooden Coffee Table,https://www.amazon.com/dp/B079RWH24F,4.6,0,159.0,0.0,166,False,50,home_kitchen,Home & Kitchen,Furniture,True,False,False,SRC-KAGGLE-002,amazon_products.csv
B08Y8XCR81,"Nuanchu Large Semi Finished Outdoor Mat 16 x 79 Inch Narrow Door Mat Non Slip Mats Waterproof Carpet Roll for Bathroom Entryway Indoor Outdoor(Gray,1 Roll)",https://www.amazon.com/dp/B08Y8XCR81,4.2,0,27.99,0.0,166,False,100,home_kitchen,Home & Kitchen,Furniture,True,False,False,SRC-KAGGLE-002,amazon_products.csv
B07GT7MJ71,"Caribou Coffee Daybreak Morning Blend, Single-Serve Keurig K-Cup Pods, Light Roast Coffee, 24 Count (11.9g)(Pack of 4)",https://www.amazon.com/dp/B07GT7MJ71,4.8,0,51.99,0.0,170,False,1000,home_kitchen,Home & Kitchen,Kitchen & Dining,True,False,False,SRC-KAGGLE-002,amazon_products.csv
B09JBSSMXV,"RPWFE (with CHIP) NSF 401 Certified Refrigerator Water Filter, Replacement for GE® RPWFE, RPWF, WSG-4, WF277, GFE28GMKES, PFE28KBLTS, GFD28GSLSS, PWE23KSKSS, GYE22HMKES, DFE28JSKSS",https://www.amazon.com/dp/B09JBSSMXV,4.5,0,36.99,0.0,201,False,5000,home_kitchen,Home & Kitchen,Home Appliances,True,False,False,SRC-KAGGLE-002,amazon_products.csv
B01BNN62HM,Winsome Wood Zena Media/Entertainment Espresso,https://www.amazon.com/dp/B01BNN62HM,3.9,913,101.11,160.0,166,False,50,home_kitchen,Home & Kitchen,Furniture,False,False,False,SRC-KAGGLE-002,amazon_products.csv
B07Y9VW8FY,"Waterdrop WF1CB Replacement for Frigidaire PureSource WFCB, RG100, NGRG2000, WF284, 9910, 469906, 469910, Refrigerator Water Filter, 2 Filters",https://www.amazon.com/dp/B07Y9VW8FY,4.7,0,14.99,15.74,201,False,0,home_kitchen,Home & Kitchen,Home Appliances,True,False,False,SRC-KAGGLE-002,amazon_products.csv
B09GMBZBSZ,AROEVE MK01 & MK06 Air Filter Replacement 4-in-1 High-Efficiency H13 HEPA Air Filter for Smoke Pollen Dander Hair Smell Suitable- Standard Version,https://www.amazon.com/dp/B09GMBZBSZ,4.7,0,19.99,0.0,201,False,3000,home_kitchen,Home & Kitchen,Home Appliances,True,False,False,SRC-KAGGLE-002,amazon_products.csv
B07D3HPVRM,"AprilAire 310 Replacement Filter for AprilAire Whole House Air Purifiers - MERV 11, Clean Air & Dust, 20x20x4 Air Filter (Pack of 1)",https://www.amazon.com/dp/B07D3HPVRM,4.8,0,54.99,0.0,201,False,1000,home_kitchen,Home & Kitchen,Home Appliances,True,False,False,SRC-KAGGLE-002,amazon_products.csv
B0BPLJGXR9,"Mimore Espresso Filter Paper 54mm - 500PCS Unbleached Coffee Paper Filter for Espresso Machine - Disposable Portafilter Paper Espresso Filters Compatible with Breville Barista, Mr. Coffee, & More",https://www.amazon.com/dp/B0BPLJGXR9,4.5,0,6.99,0.0,201,False,100,home_kitchen,Home & Kitchen,Home Appliances,True,False,False,SRC-KAGGLE-002,amazon_products.csv
B0C2VDWSBM,Protective Silicone Stove Top Covers for Electric Flat Top Stoves - Heat Resistant Ceramic Cooktop Covers for Electric Glass Stove Tops - Range Covers for Stove Top - Easy to Clean and Non-Slip -BLACK,https://www.amazon.com/dp/B0C2VDWSBM,4.7,0,29.99,0.0,201,False,50,home_kitchen,Home & Kitchen,Home Appliances,True,False,False,SRC-KAGGLE-002,amazon_products.csv
B08CKDNYQS,"Cake Drums Round 14 Inches - (Gold, 1-Pack) - Sturdy 1/2 Inch Thick - Professional Smooth Straight Edges",https://www.amazon.com/dp/B08CKDNYQS,4.8,0,6.99,0.0,170,False,500,home_kitchen,Home & Kitchen,Kitchen & Dining,True,False,False,SRC-KAGGLE-002,amazon_products.csv
B08HD944LH,"Ultra Durable 349241T Dryer Rear Drum Support Roller Kit Replacement Part by BlueStars - Exact Fit for Kenmore & Whirlpool Dryers - Replaces 26000349241, 337089, 3389901, 3397588",https://www.amazon.com/dp/B08HD944LH,4.2,0,9.99,0.0,201,False,100,home_kitchen,Home & Kitchen,Home Appliances,True,False,False,SRC-KAGGLE-002,amazon_products.csv
B0B9835B1C,Handmade WDT Tool V2.0 Built-in Magnet Handle and Walnut Stand | 8 Needles 0.35mm,https://www.amazon.com/dp/B0B9835B1C,4.6,0,13.99,16.99,201,False,100,home_kitchen,Home & Kitchen,Home Appliances,True,False,False,SRC-KAGGLE-002,amazon_products.csv
B07DNKKY9Q,Ge WH01X27954 Washer Lid Lock Genuine Original Equipment Manufacturer (OEM) Part,https://www.amazon.com/dp/B07DNKKY9Q,4.6,0,28.5,29.94,201,False,100,home_kitchen,Home & Kitchen,Home Appliances,True,False,False,SRC-KAGGLE-002,amazon_products.csv
B0BDJSQLL1,[2 Pack] Upgraded 2188656 Fridge Crisper Drawer (UPPER) Humidity Control Drawer & 2188664 Refrigerator Crisper Bin Drawers (LOWER) Replacement Refrigerator Parts for Whirlpool Kenmore Fridge Drawer,https://www.amazon.com/dp/B0BDJSQLL1,4.3,0,119.99,0.0,201,False,100,home_kitchen,Home & Kitchen,Home Appliances,True,False,False,SRC-KAGGLE-002,amazon_products.csv
B08NQ3495F,"Keurig K-Supreme Plus Coffee Maker, Single Serve K-Cup Pod Coffee Brewer, With MultiStream Technology, 78 oz Removable Reservoir, and Programmable Set",https://www.amazon.com/dp/B08NQ3495F,4.1,0,169.0,199.0,170,False,700,home_kitchen,Home & Kitchen,Kitchen & Dining,True,False,False,SRC-KAGGLE-002,amazon_products.csv
B0CG9FVZ72,"Portable Washing Machine, Portable Washing Machine for Sink, Mini Washing Machine, Turbine Washing Machine with USB, Suitable for Home, Business, Travel, College Room, RVApartment, White",https://www.amazon.com/dp/B0CG9FVZ72,4.8,0,10.68,18.94,201,False,400,home_kitchen,Home & Kitchen,Home Appliances,True,False,False,SRC-KAGGLE-002,amazon_products.csv
B0B8DJKPG7,"24-Piece Small Glass Food Storage Containers with Lids Airtight, 1.5 Cup Meal Prep Containers Set, Microwave and Dishwasher Safe, Leak-Proof, BPA-Free, Clear/Grey",https://www.amazon.com/dp/B0B8DJKPG7,4.7,0,29.99,0.0,170,False,1000,home_kitchen,Home & Kitchen,Kitchen & Dining,True,False,False,SRC-KAGGLE-002,amazon_products.csv
B08FL965XN,"Mooncake Press Molds,Mid Autumn Festival Mooncake Mold Set 50g Flower Moon Cake Mold with 6Pcs Stamps (White)",https://www.amazon.com/dp/B08FL965XN,4.5,0,7.59,0.0,170,False,600,home_kitchen,Home & Kitchen,Kitchen & Dining,True,False,False,SRC-KAGGLE-002,amazon_products.csv
B09Q55KW8W,"2033 Filter Replacement for Bissell Featherweight Stick Lightweight Bagless Vacuum 20331 20333 20334 20336 20339 2033M, 4 Mesh Filters 6 Foam Filters, Replace part# 1611508",https://www.amazon.com/dp/B09Q55KW8W,4.6,0,13.98,0.0,201,False,0,home_kitchen,Home & Kitchen,Home Appliances,True,False,False,SRC-KAGGLE-002,amazon_products.csv
B09Y5N2PRJ,"Dreyoo HCK44 Range Hood Power Cord Kit, Convert Your Range Hood to Plug in, Hardwire to Plug in Conversion Kit Replacement, Compatible with Broan, Nutone and Other Range Hood",https://www.amazon.com/dp/B09Y5N2PRJ,4.6,0,12.99,0.0,201,False,200,home_kitchen,Home & Kitchen,Home Appliances,True,False,False,SRC-KAGGLE-002,amazon_products.csv
B0B1TRLXZP,Bamboo K Cup Holder for Drawer or Countertop Coffee Pod Holder 25-36 K Cup Pod Storage Tea Bag Organizer Storage for Coffee Station Home Office and Kitchen (Bamboo),https://www.amazon.com/dp/B0B1TRLXZP,4.5,0,26.99,0.0,201,False,200,home_kitchen,Home & Kitchen,Home Appliances,True,False,False,SRC-KAGGLE-002,amazon_products.csv
B0749KYFXX,"Hotec Stainless Steel Kitchen Tongs Set of 2 - 9"" and 12"", Locking Metal Food Tongs Non-Slip Grip",https://www.amazon.com/dp/B0749KYFXX,4.7,0,9.99,16.99,170,False,5000,home_kitchen,Home & Kitchen,Kitchen & Dining,True,False,False,SRC-KAGGLE-002,amazon_products.csv
B00E3ZVQ2O,"BONECO AOS Hydro Cell A200 Humidifier Filter with Activated Carbon, 2 Pack, Gray, 2 Count",https://www.amazon.com/dp/B00E3ZVQ2O,4.6,0,14.5,19.99,201,False,50,home_kitchen,Home & Kitchen,Home Appliances,True,False,False,SRC-KAGGLE-002,amazon_products.csv
B09C5DMQ6R,2 Pcs Supplements Shaker Ball Whisk Ball Shaker Cup Bottle Mixer Protein Mixing Ball (Diameter 2.2 inch),https://www.amazon.com/dp/B09C5DMQ6R,4.8,0,5.99,0.0,170,False,700,home_kitchen,Home & Kitchen,Kitchen & Dining,True,False,False,SRC-KAGGLE-002,amazon_products.csv
B08SB7J5B5,"Griddle Accessories Kit, 14 Pcs Stainless Steel Griddle Grill Tools Set Blackstone and Camp Chef, Professional Grill Spatula Set for Men Women Outdoor BBQ and Camping",https://www.amazon.com/dp/B08SB7J5B5,4.7,0,19.46,30.99,170,False,1000,home_kitchen,Home & Kitchen,Kitchen & Dining,True,False,False,SRC-KAGGLE-002,amazon_products.csv
B07QGS8NHV,"Kitchen Aid Mixer Cover With Pockets,Kitchen Stand Mixer Cover Compatible With 5-8 Quart Kitchenaid Hamilton Mixers,Kitchen Aid Mixer Assecories",https://www.amazon.com/dp/B07QGS8NHV,4.5,0,15.48,0.0,201,False,100,home_kitchen,Home & Kitchen,Home Appliances,True,False,False,SRC-KAGGLE-002,amazon_products.csv
B07QNKZWBR,"Mkono Hanging Wall Mirror with Macrame Fringe 2 Set Small Round Decoration Boho Antique Mirror for Apartment LivingRoom Bedroom Baby Nursery,Beautiful Gift Ideas",https://www.amazon.com/dp/B07QNKZWBR,4.6,1446,22.99,0.0,166,False,0,home_kitchen,Home & Kitchen,Furniture,False,False,False,SRC-KAGGLE-002,amazon_products.csv
B072Z98FQM,(2023 Update) 285811 Washer Medium Agitator Repair Kit Replacement by BlueStars - Exact Fit for Whirlpool & Kenmore Washers - Replaces 3363663 AP3138838 PS334650 3347410 3948431 3351001,https://www.amazon.com/dp/B072Z98FQM,4.5,0,9.97,0.0,201,False,300,home_kitchen,Home & Kitchen,Home Appliances,True,False,False,SRC-KAGGLE-002,amazon_products.csv
B00A1ZKULS,"Wilton Stainless Steel Cookie Scoop, 1 Count (Pack of 1), Silver",https://www.amazon.com/dp/B00A1ZKULS,4.6,0,6.29,7.59,170,False,1000,home_kitchen,Home & Kitchen,Kitchen & Dining,True,False,False,SRC-KAGGLE-002,amazon_products.csv
B0C77LH8P5,Sling Accent Chair for Living Room Bedroom Reading Office Modern Design Metal Frame Armchair with Comfy Soft Memory Foam Double Sided Use Pillow Removable Storage Bag Cozy Lounge Chair,https://www.amazon.com/dp/B0C77LH8P5,4.3,0,119.99,0.0,166,False,100,home_kitchen,Home & Kitchen,Furniture,True,False,False,SRC-KAGGLE-002,amazon_products.csv
B0B3QT6H7H,"Ninja SF301 Speedi Rapid Cooker & Air Fryer, 6-Quart Capacity, 12-in-1 Functions to Steam, Bake, Roast, Sear, Sauté, Slow Cook, Sous Vide & More, 15-Minute Speedi Meals All In One Pot, Sea Salt Gray",https://www.amazon.com/dp/B0B3QT6H7H,4.7,0,148.99,199.99,170,False,1000,home_kitchen,Home & Kitchen,Kitchen & Dining,True,False,False,SRC-KAGGLE-002,amazon_products.csv
B09N434N6Z,Buffalo Games - blanc - Calm Boat - 300 Large Piece Jigsaw Puzzle,https://www.amazon.com/dp/B09N434N6Z,5.0,0,7.79,0.0,227,False,0,toys,Toys & Games,Puzzles,True,False,False,SRC-KAGGLE-002,amazon_products.csv
B0719KQPX5,Funko Pop Star Wars: Episode 8 The Last Jedi - Pop 29 W/Chase Collectable Figure,https://www.amazon.com/dp/B0719KQPX5,4.8,0,13.89,14.75,217,False,0,toys,Toys & Games,Toy Figures & Playsets,True,False,False,SRC-KAGGLE-002,amazon_products.csv
B07C147N9F,"SGILE RC Robot Toy, Gesture Sensing Remote Control Robot for Kids Age 3 4 5 6 7 8 12 Year Old Boys Girls Birthday Gift Present, Blue",https://www.amazon.com/dp/B07C147N9F,4.5,9926,29.99,32.99,270,False,300,toys,Toys & Games,Toys & Games,False,False,False,SRC-KAGGLE-002,amazon_products.csv
B09N77GVV3,"12 PCS Squishies Easter Eggs, Squishy Toys, Easter Basket Stuffers for Toddler, Slow Rising Easter eggs, Easter Egg Hunts",https://www.amazon.com/dp/B09N77GVV3,4.6,0,11.99,0.0,270,False,0,toys,Toys & Games,Toys & Games,True,False,False,SRC-KAGGLE-002,amazon_products.csv
B0CCVTH92L,"Teddy Bear Halloween Stuffed Animal, 8 Inch Pumpkin Plush Bear Halloween Toy, Soft & Cute Stuffed Teddy Bear Collection Plushies for Halloween Decoration, Kids Birthday",https://www.amazon.com/dp/B0CCVTH92L,3.3,0,16.99,0.0,229,False,0,toys,Toys & Games,Stuffed Animals & Plush Toys,True,False,False,SRC-KAGGLE-002,amazon_products.csv
B08FVL1D57,Buffalo Games - London Rain - 1000 Piece Jigsaw Puzzle,https://www.amazon.com/dp/B08FVL1D57,4.7,0,14.99,0.0,227,False,0,toys,Toys & Games,Puzzles,True,False,False,SRC-KAGGLE-002,amazon_products.csv
B07F3TFW9R,"Littlest Pet Shop Lps Thirsty Pets Toys, 10 to Collect",https://www.amazon.com/dp/B07F3TFW9R,4.4,0,17.99,0.0,217,False,0,toys,Toys & Games,Toy Figures & Playsets,True,False,False,SRC-KAGGLE-002,amazon_products.csv
B07Z7L2RXK,"House,Daily Routines 2 Sets of English Flash Cards Kids Pocket Card Learning Baby Toys for Children Pre-Kindergarten",https://www.amazon.com/dp/B07Z7L2RXK,4.6,0,17.99,0.0,224,False,0,toys,Toys & Games,Learning & Education Toys,True,False,False,SRC-KAGGLE-002,amazon_products.csv
B094J81776,"SUNSOUT INC - Big Foot - 850 pc Special Shape Jigsaw Puzzle by Artist: Patrick Ollila - Finished Size 25"" x 38"" Nature - MPN# 95040",https://www.amazon.com/dp/B094J81776,4.7,0,17.23,0.0,227,False,0,toys,Toys & Games,Puzzles,True,False,False,SRC-KAGGLE-002,amazon_products.csv
B0BYPYSW4F,"GUND PAW Patrol Official Chase Take Along Buddy Plush Toy, Premium Stuffed Animal for Ages 1 & Up, Blue/Brown, 13”",https://www.amazon.com/dp/B0BYPYSW4F,4.4,0,23.38,0.0,229,False,300,toys,Toys & Games,Stuffed Animals & Plush Toys,True,False,False,SRC-KAGGLE-002,amazon_products.csv
B08J27S554,"Barbie Skipper Babysitter Inc Playset, Birthday Feeding Set with Skipper Doll, Color-Change Baby Doll, High Chair & Accessories",https://www.amazon.com/dp/B08J27S554,4.8,0,0.0,0.0,221,False,0,toys,Toys & Games,Dolls & Accessories,True,True,False,SRC-KAGGLE-002,amazon_products.csv
B0047WCINO,"Infantino Flip and Peek Fun Phone: Bilingual with 3 English & 3 Spanish Phrases, Sounds Effects for Engagement, Peek a Boo Mirror Inside, 2 Colors, Ages 3 Months +, Teal, 1 Count (Pack of 1)",https://www.amazon.com/dp/B0047WCINO,4.6,2676,7.97,8.99,230,False,1000,toys,Toys & Games,Baby & Toddler Toys,False,False,False,SRC-KAGGLE-002,amazon_products.csv
B09GL1XTFB,BLOONSY Space Shuttle Toy | Rocket Ship with Astronaut | Space Toys for Kids 3 5,https://www.amazon.com/dp/B09GL1XTFB,4.6,0,19.98,0.0,270,False,200,toys,Toys & Games,Toys & Games,True,False,False,SRC-KAGGLE-002,amazon_products.csv
B09D1XMLPS,"Buffalo Games - blanc - Cactus Reflection, Arizona - 500 Piece Jigsaw Puzzle , White",https://www.amazon.com/dp/B09D1XMLPS,4.4,0,11.7,12.99,227,False,100,toys,Toys & Games,Puzzles,True,False,False,SRC-KAGGLE-002,amazon_products.csv
B07DP6LCTR,"Chemistry Molecular Model Kit (444 Pieces), Student or Teacher Set for Organic and Inorganic Chemistry Learning, Motivate Enthusiasm for Learning and Raising Space Imagination, A Fullerene Set",https://www.amazon.com/dp/B07DP6LCTR,4.6,0,23.99,0.0,224,False,1000,toys,Toys & Games,Learning & Education Toys,True,False,False,SRC-KAGGLE-002,amazon_products.csv
B09LMRMHXP,Bulls i Toy Fiesta Toys Cutie Beans Snugglies Series 2 Plush Clip On - Lot of 3 Capsules,https://www.amazon.com/dp/B09LMRMHXP,4.0,0,14.99,0.0,229,False,0,toys,Toys & Games,Stuffed Animals & Plush Toys,True,False,False,SRC-KAGGLE-002,amazon_products.csv
B09ZHJ45RY,6 inch Cute Water Baby Doll Bathtime Fun Children Swimming Pool Doll Toy Baby Shower Bath Toy Clockwork Doll Toy Drop-Resistant Birthday Gift for Kids Baby Boys Girls,https://www.amazon.com/dp/B09ZHJ45RY,2.4,0,8.99,0.0,221,False,0,toys,Toys & Games,Dolls & Accessories,True,False,False,SRC-KAGGLE-002,amazon_products.csv
B0C993JQDN,"TUMAMA Baby Bath Toy,Musical Bath Bubble Maker Machine,3 Wind-Up Bathtub Toys,Crab Shower Water Toy for Toddlers Kids Boys Grils,4 Pieces",https://www.amazon.com/dp/B0C993JQDN,4.7,22,23.99,0.0,230,False,500,toys,Toys & Games,Baby & Toddler Toys,False,False,False,SRC-KAGGLE-002,amazon_products.csv
1629796263,"Highlights for Children Amazing Mazes Maze Books for Kids Ages 3-6, 2-Pack, 144 Pages - Beginner Level",https://www.amazon.com/dp/1629796263,4.8,0,16.99,0.0,227,False,200,toys,Toys & Games,Puzzles,True,False,False,SRC-KAGGLE-002,amazon_products.csv
B09S6PSYYH,TUBBZ Star Trek Borg Collectible Duck Vinyl Figure – Official Star Trek Merchandise – TV Movies & Video Games,https://www.amazon.com/dp/B09S6PSYYH,4.9,0,16.99,0.0,217,False,50,toys,Toys & Games,Toy Figures & Playsets,True,False,False,SRC-KAGGLE-002,amazon_products.csv
B09WRJV1DY,YU-GI-OH! Legendary Duelists: Duels from The Deep (LED9),https://www.amazon.com/dp/B09WRJV1DY,4.5,0,30.99,0.0,223,False,100,toys,Toys & Games,Games & Accessories,True,False,False,SRC-KAGGLE-002,amazon_products.csv
B0BHKS823Y,"POP Ozark - Ruth Langmore Funko Pop! Vinyl Figure (Bundled with Compatible Pop Box Protector Case), Multicolored, 3.75 inches",https://www.amazon.com/dp/B0BHKS823Y,5.0,0,5.55,7.77,217,False,0,toys,Toys & Games,Toy Figures & Playsets,True,False,False,SRC-KAGGLE-002,amazon_products.csv
B08YFLYSDZ,"Lil' Llama Baby Teething Toys, Dinosaur Teether for Toddler & Baby Boys and Girls, 100% Natural Rubber Squeaker, BPA-Free, Soothe Sore Itchy Gums & Teething Pain (Dinosaur)",https://www.amazon.com/dp/B08YFLYSDZ,4.7,2070,15.99,0.0,230,False,400,toys,Toys & Games,Baby & Toddler Toys,False,False,False,SRC-KAGGLE-002,amazon_products.csv
B07NPF4M2G,"Ridley’s 100 Single Cheesy Joke Cards – Includes 100 Jokes for Kids and Adults, Funny Jokes for Family-Friendly Fun – Makes a Great Gift Idea",https://www.amazon.com/dp/B07NPF4M2G,4.4,0,8.0,0.0,270,False,600,toys,Toys & Games,Toys & Games,True,False,False,SRC-KAGGLE-002,amazon_products.csv
B08V8W4S9Q,"HOMETTER Educational Building Toys STEM Learning Kit, 10 in 1 Construction Blocks for Preschool Kids, 108 Pieces Engineering Toys Creative Set Gift for Boys Age 5 6 7 8 9 10+ Years Old",https://www.amazon.com/dp/B08V8W4S9Q,4.5,0,29.99,36.99,270,False,200,toys,Toys & Games,Toys & Games,True,False,False,SRC-KAGGLE-002,amazon_products.csv
B07316GNRB,"Lip Whistles Amy&Benton 48PCS Plastic Lip Whistle Toy Party Favors for Kids (Assorted Colors, 2.5 in)",https://www.amazon.com/dp/B07316GNRB,4.3,241,12.99,19.99,230,False,50,toys,Toys & Games,Baby & Toddler Toys,False,False,False,SRC-KAGGLE-002,amazon_products.csv
B09TCCG7NV,"LEGO Marvel Nano Gauntlet, Iron Man Model with Infinity Stones, 76223 Avengers: Endgame Film Set, Collectable Memorabilia, Gift Idea for Adults and Teens",https://www.amazon.com/dp/B09TCCG7NV,4.9,0,69.99,0.0,270,False,1000,toys,Toys & Games,Toys & Games,True,False,False,SRC-KAGGLE-002,amazon_products.csv
B00KZ1JSE8,"Watchover Voodoo - String Voodoo Doll Keychain – Novelty Voodoo Doll for Bag, Luggage or Car Mirror - Special Hugs Voodoo Keychain, 5 inches",https://www.amazon.com/dp/B00KZ1JSE8,4.8,0,13.88,0.0,221,False,50,toys,Toys & Games,Dolls & Accessories,True,False,False,SRC-KAGGLE-002,amazon_products.csv
B09Z573NVY,"Factory Direct Partners 13680-CT SoftScape Super Fun Wall Climber, Indoor Active Play Structure for Toddlers and Kids, Safe Soft Foam Steps Ramps Crawling, Sliding Climbing (8-Piece) - Contemporary",https://www.amazon.com/dp/B09Z573NVY,3.9,10,399.99,0.0,230,False,0,toys,Toys & Games,Baby & Toddler Toys,False,False,False,SRC-KAGGLE-002,amazon_products.csv
0735372888,"Galison Flower Market 1000 Piece Puzzle from Galison - Challenging 1000 Piece Puzzle, Floral Artwork Illustrations from Ana Hard, Thick and Sturdy Pieces, Wonderful Gift Idea",https://www.amazon.com/dp/0735372888,4.4,0,16.99,0.0,227,False,0,toys,Toys & Games,Puzzles,True,False,False,SRC-KAGGLE-002,amazon_products.csv
B08WDY7SBG,"Magic: The Gathering Strixhaven Bundle | 10 Draft Boosters (150 Magic Cards) + Accessories, Brown",https://www.amazon.com/dp/B08WDY7SBG,4.7,0,45.0,49.84,223,False,50,toys,Toys & Games,Games & Accessories,True,False,False,SRC-KAGGLE-002,amazon_products.csv
B0B2JTFBT2,"5 Inches Mini Full Silicone Piglet Lifelike Animal Pig Doll Miniature Reborn Silicone Piglet, Soft Cute Piggy Gift for Kids Christmas Birthday Art Doll Collection (White Vicky)",https://www.amazon.com/dp/B0B2JTFBT2,4.4,0,63.99,0.0,221,False,0,toys,Toys & Games,Dolls & Accessories,True,False,False,SRC-KAGGLE-002,amazon_products.csv
B09C5KGP56,"Infantino Busy Board Mirror & Sensory Discovery Toy Boat for Fine Motor Skill Development with Gears, Beads, High Contrast Prints, Tummy Time, Sit & Play or On The Go, for Newborns, Babies & Toddlers",https://www.amazon.com/dp/B09C5KGP56,4.7,361,13.12,17.5,230,False,400,toys,Toys & Games,Baby & Toddler Toys,False,False,False,SRC-KAGGLE-002,amazon_products.csv
B0BNJ1LNG3,"McFarlane - DC Multiverse - The Flash Movie 7"" Action Figure - Supergirl",https://www.amazon.com/dp/B0BNJ1LNG3,4.8,0,0.0,0.0,217,False,50,toys,Toys & Games,Toy Figures & Playsets,True,True,False,SRC-KAGGLE-002,amazon_products.csv
B0C24JVCC1,"Flatout Games Deep Dive - AEG, Flatout Games, Press Your Luck Collection Matching -Tile Game, Family Ages 10+, 15-20 Min, 1-6 Players",https://www.amazon.com/dp/B0C24JVCC1,0.0,0,24.99,0.0,223,False,0,toys,Toys & Games,Games & Accessories,True,False,True,SRC-KAGGLE-002,amazon_products.csv
B0B2VLCLD8,"University Games | Dog Man Flip-o-Rama Card Matching Game, Based on The Dog Man Books Series, for 2 or More Players Ages 6 and Up",https://www.amazon.com/dp/B0B2VLCLD8,4.6,0,15.49,18.29,223,False,200,toys,Toys & Games,Games & Accessories,True,False,False,SRC-KAGGLE-002,amazon_products.csv
B01D214N38,"Skip Hop Baby Bath Toy, Zoo Pull & Go Submarine",https://www.amazon.com/dp/B01D214N38,4.5,10478,8.99,0.0,270,False,500,toys,Toys & Games,Toys & Games,False,False,False,SRC-KAGGLE-002,amazon_products.csv
B09RSG9YBP,Barbie Shoe Accessory Bundle with 10 Total Pairs of Doll Shoes,https://www.amazon.com/dp/B09RSG9YBP,4.9,0,17.99,19.99,221,False,0,toys,Toys & Games,Dolls & Accessories,True,False,False,SRC-KAGGLE-002,amazon_products.csv
B0BVTJWFML,Wooden Baby Rattle Crochet Bear Baby Toys Handmade Newborn Toy Early Development Grips Stuffed Animal Organic Rattle (Bear),https://www.amazon.com/dp/B0BVTJWFML,4.7,39,15.99,0.0,230,False,0,toys,Toys & Games,Baby & Toddler Toys,False,False,False,SRC-KAGGLE-002,amazon_products.csv
B09QV2R35B,Funko Disney Hocus Pocus Tricks & Wits Card Game,https://www.amazon.com/dp/B09QV2R35B,4.5,0,16.99,0.0,223,False,200,toys,Toys & Games,Games & Accessories,True,False,False,SRC-KAGGLE-002,amazon_products.csv
B09G6K9L5K,Banpresto - That Time I Got Reincarnated As Slimeotherworlder Hakuro Statue,https://www.amazon.com/dp/B09G6K9L5K,4.0,0,7.78,27.99,217,False,0,toys,Toys & Games,Toy Figures & Playsets,True,False,False,SRC-KAGGLE-002,amazon_products.csv
B08DR44ZTF,"Little Tikes Dino Pillow Racer, Soft Plush Ride-On Toy for Kids Ages 1.5 Years and Up",https://www.amazon.com/dp/B08DR44ZTF,4.7,0,50.69,0.0,229,False,0,toys,Toys & Games,Stuffed Animals & Plush Toys,True,False,False,SRC-KAGGLE-002,amazon_products.csv
B0BTTX17WB,LEGO Bionicle Tahu and Takua 40581,https://www.amazon.com/dp/B0BTTX17WB,4.7,0,0.0,0.0,220,False,50,toys,Toys & Games,Building Toys,True,True,False,SRC-KAGGLE-002,amazon_products.csv
B0C1HW6ZDF,"Tub Works™ Bathtub Finger Paint Soap, 36 Pack | Non-Toxic, Washable Bath Paint for Toddlers & Kids Bath | Ideal Toddler Bath Toys for Creative Play | Classic, Pastel, Neon & Sparkling Bath Colors",https://www.amazon.com/dp/B0C1HW6ZDF,0.0,0,49.99,0.0,230,False,0,toys,Toys & Games,Baby & Toddler Toys,True,False,True,SRC-KAGGLE-002,amazon_products.csv
B0C4L86RZK,Viking Chess Board Game Tridimensional Chess Set Travel Games Intelligence Tabletop Game (Wooden Box),https://www.amazon.com/dp/B0C4L86RZK,3.7,0,39.99,0.0,223,False,50,toys,Toys & Games,Games & Accessories,True,False,False,SRC-KAGGLE-002,amazon_products.csv
B08PNR4RR9,"Cartoon Tea Plush Pillow,Plush Boba Figurine Toy,24/35 cm Cute Bubble Tea Cup Shaped Pillow with Suction Tubes (Pink, Large)",https://www.amazon.com/dp/B08PNR4RR9,4.7,0,15.0,0.0,270,False,0,toys,Toys & Games,Toys & Games,True,False,False,SRC-KAGGLE-002,amazon_products.csv
B084D7XS6M,Living Nature Brown Dutch Lop Eared Rabbit Stuffed Animal Plush Toy | Fluffy Rabbit Animal | Soft Toy Gift for Kids | Boys and Girls Stuffed Doll | 10 inches,https://www.amazon.com/dp/B084D7XS6M,4.8,0,21.19,26.99,229,False,200,toys,Toys & Games,Stuffed Animals & Plush Toys,True,False,False,SRC-KAGGLE-002,amazon_products.csv
B0B86HXVJT,"Baby Shower Bingo Cards, Baby Shower Bingo Game, Baby Shower Games Cards for Baby Shower, Gender Reveal Party Games Favors Supplies Decorations, 24 Players Bingo Game (A03)",https://www.amazon.com/dp/B0B86HXVJT,4.4,0,11.99,0.0,223,False,50,toys,Toys & Games,Games & Accessories,True,False,False,SRC-KAGGLE-002,amazon_products.csv
B07VQ4N992,"Emily Rose 14.5 Inch Doll Clothes Lamb Print 14"" Doll Pajamas PJs Gift Set, Including Doll Slippers! | Gift Boxed! | Compatible with Wellie Wishers and Glitter Girls Dolls",https://www.amazon.com/dp/B07VQ4N992,4.7,0,15.95,0.0,221,False,0,toys,Toys & Games,Dolls & Accessories,True,False,False,SRC-KAGGLE-002,amazon_products.csv
B0BVZRTKHP,4 Pcs Black Card Game Mats 24 x 14 Inch TCG Playmat Table Card Game Mats Smooth Playing Card Mat,https://www.amazon.com/dp/B0BVZRTKHP,3.5,0,22.99,0.0,223,False,50,toys,Toys & Games,Games & Accessories,True,False,False,SRC-KAGGLE-002,amazon_products.csv
B09JTT3GHB,"JINX Official Peanuts Collectible Plush Snoopy, Excellent Plushie Toy for Toddlers & Preschool, White NASA Astronaut Snoopy",https://www.amazon.com/dp/B09JTT3GHB,4.7,0,13.99,19.99,229,False,0,toys,Toys & Games,Stuffed Animals & Plush Toys,True,False,False,SRC-KAGGLE-002,amazon_products.csv
B0B9M3ZT7Y,"Wooden Counting Number Peg Board: Math Manipulatives Materials Montessori Toys for 3 4 5 Year Old Kids, Preschool Early Learning Educational Math Toy for Toddlers & Kindergarteners",https://www.amazon.com/dp/B0B9M3ZT7Y,4.4,0,23.99,29.99,224,False,50,toys,Toys & Games,Learning & Education Toys,True,False,False,SRC-KAGGLE-002,amazon_products.csv
B0BRLB2DGB,Sunny Days Entertainment Honey Bee Acres Rainbow Ridge Crystal’s Ice Cream Shop – 36 Furniture Accessories with Exclusive Unicorn Figure | Fantasy Dollhouse Playset | Pink Pretend Play Toys for Kids,https://www.amazon.com/dp/B0BRLB2DGB,4.7,0,19.97,0.0,221,False,100,toys,Toys & Games,Dolls & Accessories,True,False,False,SRC-KAGGLE-002,amazon_products.csv
B09X9H9N76,"Coogam Wooden Short Vowel Reading Letters Sorting Spelling Games, Sight Words Learning Flashcards Alphabet Puzzle Montessori Educational Toy Gift for Kids 3 4 5 Years Old",https://www.amazon.com/dp/B09X9H9N76,4.7,561,17.99,0.0,270,False,1000,toys,Toys & Games,Toys & Games,False,False,False,SRC-KAGGLE-002,amazon_products.csv
B08BB79PK2,Mcphee Accoutrements Electronic Emergency Goat Noisemaker 4 Different Sounds!,https://www.amazon.com/dp/B08BB79PK2,4.3,0,11.28,0.0,218,False,400,toys,Toys & Games,Novelty Toys & Amusements,True,False,False,SRC-KAGGLE-002,amazon_products.csv
B0BL3VG5F4,P.M.I. Miraculous Ladybug Plush School Backpack| One of Two 12-Inch-Tall Collectibles | Miraculous Ladybug Toys and Playable Plush Backpacks | Tikki| Miraculous Ladybug Kids’ Toys | Licensed Plush,https://www.amazon.com/dp/B0BL3VG5F4,4.6,0,24.99,0.0,229,False,0,toys,Toys & Games,Stuffed Animals & Plush Toys,True,False,False,SRC-KAGGLE-002,amazon_products.csv
B08P3S4GGP,"Transformers Toys Generations War for Cybertron: Kingdom Voyager WFC-K35 Tigatron Action Figure - Kids Ages 8 and Up, 7-inch",https://www.amazon.com/dp/B08P3S4GGP,4.8,0,28.99,31.49,270,False,100,toys,Toys & Games,Toys & Games,True,False,False,SRC-KAGGLE-002,amazon_products.csv
B082FRV6R5,"Funko Pop! Marvel: X-Men 20th Anniversary - Magneto, Multicolor, 3.75 inches",https://www.amazon.com/dp/B082FRV6R5,4.8,0,13.94,0.0,217,False,0,toys,Toys & Games,Toy Figures & Playsets,True,False,False,SRC-KAGGLE-002,amazon_products.csv
B0781ZW3QR,Great Eastern Entertainment GE-85451 Dragon Ball Super: Vegeta White Suit PVC Keychain,https://www.amazon.com/dp/B0781ZW3QR,5.0,0,8.95,0.0,218,False,0,toys,Toys & Games,Novelty Toys & Amusements,True,False,False,SRC-KAGGLE-002,amazon_products.csv
B07ZLD1WDF,Poopsie Rainbow Surprise Fantasy Friends That Spit Sparkly Slime and Toot Glitter,https://www.amazon.com/dp/B07ZLD1WDF,4.3,0,32.57,0.0,221,False,50,toys,Toys & Games,Dolls & Accessories,True,False,False,SRC-KAGGLE-002,amazon_products.csv
B09YJ3D6Z8,"LED Light Kit for The Mandalorian Helmet, Lighting for Lego 75328 Building Blocks Model (Not Include The Lego Set)",https://www.amazon.com/dp/B09YJ3D6Z8,4.8,0,18.99,0.0,220,False,0,toys,Toys & Games,Building Toys,True,False,False,SRC-KAGGLE-002,amazon_products.csv
B08TMW3S92,"Geomag Swiss-Made MagiCube 24-Piece Magnetic Stacking Cubes Building Set, Large Blocks for Toddlers & Kids Ages 1-5, STEM Educational Toy, Creativity, Coordination, Early Learning Fun",https://www.amazon.com/dp/B08TMW3S92,4.7,231,49.99,0.0,270,False,300,toys,Toys & Games,Toys & Games,False,False,False,SRC-KAGGLE-002,amazon_products.csv
B09HZ8L3FH,"Copag 1546 Design 100% Plastic Playing Cards, Bridge Size Red/Black Double Deck Set (Jumbo Index)",https://www.amazon.com/dp/B09HZ8L3FH,4.4,0,17.95,0.0,223,False,100,toys,Toys & Games,Games & Accessories,True,False,False,SRC-KAGGLE-002,amazon_products.csv
B07MVVKMBB,"MasterPieces 300 Piece EZ Grip Glow in The Dark Jigsaw Puzzle - Rainbow World - 18""x24""",https://www.amazon.com/dp/B07MVVKMBB,4.7,0,16.99,19.99,227,False,50,toys,Toys & Games,Puzzles,True,False,False,SRC-KAGGLE-002,amazon_products.csv
B08N4NKZ5F,"Wooden Dollhouse People, 6 Family Figures Miniature Doll House, Wooden Doll House Family Dress-up Characters Grandpa, Grandma, Mom, Dad, Boy and Girl",https://www.amazon.com/dp/B08N4NKZ5F,4.5,0,12.98,0.0,221,False,100,toys,Toys & Games,Dolls & Accessories,True,False,False,SRC-KAGGLE-002,amazon_products.csv
B0BN394X54,"10 Pieces Mini Plush Safari Stuffed Animals 4.8 Inch Small Jungle Animal Plush Bulk Lion Tiger Elephant Giraffe for Safari Jungle Zoo Animal Themed Party Decor Kindergarten, 10 Styles",https://www.amazon.com/dp/B0BN394X54,3.4,0,16.99,0.0,229,False,0,toys,Toys & Games,Stuffed Animals & Plush Toys,True,False,False,SRC-KAGGLE-002,amazon_products.csv
B093CNGMSK,"Tractor Toy with Farmer, Farm Animals and Wagons. Light Up Button Can Be Pressed for Animal Sounds and Melodies. Toddler Toys for a Farm Pretend Play for 18 + Month Old. Farm Toys for Baby Gifts",https://www.amazon.com/dp/B093CNGMSK,4.6,85,19.99,0.0,230,False,0,toys,Toys & Games,Baby & Toddler Toys,False,False,False,SRC-KAGGLE-002,amazon_products.csv
B083GLY93B,Montessori Box Bins Infant Toys Materials for Toddlers Babies 6 -12 Months - 1 -2 Year Old Babies 18 Months Materials Educational Tools Preschool Early Learning Wooden Toys,https://www.amazon.com/dp/B083GLY93B,3.9,0,29.99,0.0,270,False,0,toys,Toys & Games,Toys & Games,True,False,False,SRC-KAGGLE-002,amazon_products.csv
B0BGL933YG,"Baby Shape Sorter Toys 1 2 Year Old,Montessori Toys Colorful Cube with 6 Pcs Multi Sensory Shape Blocks,Sorting Games Early Development Toys for Toddlers Boys and Girls 12-18 Months Old",https://www.amazon.com/dp/B0BGL933YG,4.5,68,8.99,14.99,230,False,50,toys,Toys & Games,Baby & Toddler Toys,False,False,False,SRC-KAGGLE-002,amazon_products.csv
B0BJD9LVQ9,"Beright 5 in1 Climbing Arch Sensory Table for Kids, Montessori Climbing Gym, Rocker Board Wooden Toy with Collapsible Storage Bin, Learning Playset",https://www.amazon.com/dp/B0BJD9LVQ9,4.2,44,63.99,79.99,230,False,100,toys,Toys & Games,Baby & Toddler Toys,False,False,False,SRC-KAGGLE-002,amazon_products.csv
B0CBQ3BK49,"DOLOOWEE Fishing Game Play Set,Magnetic Fishing Game Toys,Rotating Board Game with Music,Includes 20 Fish and 3 Fishing Poles,Party Game Toys for Kids Age 3 4 5 6 7 and Up (Blue)",https://www.amazon.com/dp/B0CBQ3BK49,5.0,1,19.99,0.0,270,False,0,toys,Toys & Games,Toys & Games,False,False,False,SRC-KAGGLE-002,amazon_products.csv
B08F2RLMD6,"Kids Makeup Kit for Girl, Toddler Makeup Kit, Play Makeup for Little Girls, Washable Children Makeup Set, Mermaid Princess Birthday Girls Gift Toys for Age 4 5 6 7 8 9 Year Old Blue",https://www.amazon.com/dp/B08F2RLMD6,4.6,728,19.95,23.95,270,False,100,toys,Toys & Games,Toys & Games,False,False,False,SRC-KAGGLE-002,amazon_products.csv
B083CDRVKR,"Hairdorables Hairmazing Prom Perfect Fashion Dolls, Dee Dee, Pink and Green Hair, Kids Toys for Ages 3 Up by Just Play",https://www.amazon.com/dp/B083CDRVKR,4.7,0,15.03,19.99,221,False,0,toys,Toys & Games,Dolls & Accessories,True,False,False,SRC-KAGGLE-002,amazon_products.csv
B0CBNZ1ZTY,Gadpiparty Miniature Dollhouse Boat with 100pcs Oars Figurines Canoe Models Fairy Garden Paddle for Ocean Beach Scene Ornaments,https://www.amazon.com/dp/B0CBNZ1ZTY,0.0,0,9.99,0.0,221,False,0,toys,Toys & Games,Dolls & Accessories,True,False,True,SRC-KAGGLE-002,amazon_products.csv
B09LM4LBK7,MGparty 39PCS Tea Party Set for Little Girls Kitchen Pretend Play Tea Time Toys with Dessert Cookies Doughnut Teapot Princess Girls Gifts Toys for Age 3-6,https://www.amazon.com/dp/B09LM4LBK7,4.6,186,26.99,0.0,270,False,0,toys,Toys & Games,Toys & Games,False,False,False,SRC-KAGGLE-002,amazon_products.csv
B0BPK1J3KP,"K'NEX Kid Farmin' Friends Building Set, 65 Pieces, Great Christmas, Holiday and Birthday Gift for Preschooler, Girl, Boy and Toddler, Stem Education Building Toy",https://www.amazon.com/dp/B0BPK1J3KP,4.7,0,19.99,0.0,270,False,0,toys,Toys & Games,Toys & Games,True,False,False,SRC-KAGGLE-002,amazon_products.csv
B09NLRKWC7,"Wizarding World Harry Potter, Magical Minis Hogsmeade Collector Set with 7 Figures, Kids Toys for Girls and Boys Ages 6 and up",https://www.amazon.com/dp/B09NLRKWC7,4.7,0,29.99,0.0,217,False,50,toys,Toys & Games,Toy Figures & Playsets,True,False,False,SRC-KAGGLE-002,amazon_products.csv
B0BX9JHRNY,"Scottish Highland Cow Plush Animal Plush Toy,Soft Stuffed Bull Plush Cow Toy for Farm Home Decor,Cute Animal Doll Gift for Kids Friends and Family(11.8 inch)",https://www.amazon.com/dp/B0BX9JHRNY,2.9,0,15.99,0.0,229,False,0,toys,Toys & Games,Stuffed Animals & Plush Toys,True,False,False,SRC-KAGGLE-002,amazon_products.csv
B0B4SF5ZYZ,"20-Pack Light Up Spinning Tops for Kids, LED Light Up Flashing Spinning Toys, Novelty Bulk Toys Party Favors, Goodie Bag Fillers for Boys and Girls",https://www.amazon.com/dp/B0B4SF5ZYZ,3.9,0,10.99,11.99,218,False,0,toys,Toys & Games,Novelty Toys & Amusements,True,False,False,SRC-KAGGLE-002,amazon_products.csv
B0B3M4K4WQ,Arcane Tinmen Dragon Shield Sleeves– Matte Japanese: Dual Crypt 60CT- Card Sleeves are Smooth & Tough - Compatible with Yugioh & Cardfight Vanguard (AT-15152),https://www.amazon.com/dp/B0B3M4K4WQ,4.8,0,9.98,0.0,223,False,0,toys,Toys & Games,Games & Accessories,True,False,False,SRC-KAGGLE-002,amazon_products.csv
B08L4MVYXZ,Polar Bear Boba Plushie - 10 Inches Ice Bubble Milk Tea Asian Comfort Food Soft Plush Toy Stuffed Animal - Kawaii Cute Japanese Anime Style Gift,https://www.amazon.com/dp/B08L4MVYXZ,4.7,0,19.99,0.0,229,False,0,toys,Toys & Games,Stuffed Animals & Plush Toys,True,False,False,SRC-KAGGLE-002,amazon_products.csv
B00WLB025O,"Chemistry Kit, Science Experiment for Girls & Boys, STEM Activities for Kids Ages 8-12, Beakers & Bubbles Foundation Chem Set",https://www.amazon.com/dp/B00WLB025O,4.6,0,49.99,0.0,270,False,0,toys,Toys & Games,Toys & Games,True,False,False,SRC-KAGGLE-002,amazon_products.csv
B085TCZB3P,"Blippi Ukulele by First Act, Featuring YouTube Educational Entertainer Ukulele for Beginners, Musical Instruments",https://www.amazon.com/dp/B085TCZB3P,4.6,0,24.98,0.0,224,False,50,toys,Toys & Games,Learning & Education Toys,True,False,False,SRC-KAGGLE-002,amazon_products.csv
B0BZJB8M26,"Pocket Speech Therapy Toys, 224 Sight Words Talking Flash Cards, Toddler Learning Resources Toys, Autism Sensory Toys for Autistic Children, Toddler Toys Age 2-4 Blue",https://www.amazon.com/dp/B0BZJB8M26,4.3,131,15.99,17.99,270,False,300,toys,Toys & Games,Toys & Games,False,False,False,SRC-KAGGLE-002,amazon_products.csv
B083FM1R77,Aurora® Adorable Shoulderkins™ Alex Octopus™ Stuffed Animal - On-The-Go Fun - Interactive Play - Red 5 Inches,https://www.amazon.com/dp/B083FM1R77,4.8,0,8.69,9.99,229,False,0,toys,Toys & Games,Stuffed Animals & Plush Toys,True,False,False,SRC-KAGGLE-002,amazon_products.csv
B07Q1K1YZZ,LEGO Jurassic World Dilophosaurus on The Loose 75934 Building Kit (168 Pieces),https://www.amazon.com/dp/B07Q1K1YZZ,4.8,0,44.99,0.0,220,False,0,toys,Toys & Games,Building Toys,True,False,False,SRC-KAGGLE-002,amazon_products.csv
B09XQQQWRD,"Stress Balls for Kids, Stress Balls 6 Packs, Squeeze Fidget Stress Balls Soft Sensory Squishy for Toddlers Stress Relaxing Kit Special Needs Ideal Gifts for ADHD Autism",https://www.amazon.com/dp/B09XQQQWRD,3.8,0,15.99,0.0,218,False,0,toys,Toys & Games,Novelty Toys & Amusements,True,False,False,SRC-KAGGLE-002,amazon_products.csv
B00WL539DM,"Skoolzy Rainbow Lacing Beads for Toddlers 37 Piece Toy_Building_Block Set, Shape and Color Recognition Montessori Toys Occupational Therapy for Preschool Toddler Includes String and Bag",https://www.amazon.com/dp/B00WL539DM,4.5,4109,14.99,0.0,270,False,100,toys,Toys & Games,Toys & Games,False,False,False,SRC-KAGGLE-002,amazon_products.csv
B0CB3WN29Y,"Kids Army Soldier Dress Up Costume Role Play Set, Deluxe Christmas Gift for Kids Boys Aged 3-12",https://www.amazon.com/dp/B0CB3WN29Y,4.6,0,36.99,0.0,270,False,100,toys,Toys & Games,Toys & Games,True,False,False,SRC-KAGGLE-002,amazon_products.csv
B0C45Y5GXC,"14 Gram Clay Premium Poker Numbered Chips for Texas Holdem, Blackjack",https://www.amazon.com/dp/B0C45Y5GXC,5.0,0,22.99,0.0,223,False,0,toys,Toys & Games,Games & Accessories,True,False,False,SRC-KAGGLE-002,amazon_products.csv
B08FBRFXC6,"48 Pieces Wooden Checkers Pieces Only 1.06 Inch Wood Checker Board Game Pieces with Stackable Ridge and Drawstring Cloth Pouch, Red and Black Color",https://www.amazon.com/dp/B08FBRFXC6,4.0,0,9.99,10.99,223,False,0,toys,Toys & Games,Games & Accessories,True,False,False,SRC-KAGGLE-002,amazon_products.csv
B076T8185P,"Wild Republic Figurines Tube, Cowboy Action Figures, Ten Piece West Set Kids Toys, Gifts for Boys, Wild West Figurines Tube (20817)",https://www.amazon.com/dp/B076T8185P,4.5,0,13.86,16.99,270,False,50,toys,Toys & Games,Toys & Games,True,False,False,SRC-KAGGLE-002,amazon_products.csv
B09Q5Q5988,"Mould King 13138 Pirates Ship Model Building Blocks Kits, MOC Dutchman Sailboat Model Construction Set to Build, Gift for Kids Age 8+/Adult Collections Enthusiasts(3653 Pieces)",https://www.amazon.com/dp/B09Q5Q5988,4.3,0,163.0,0.0,220,False,100,toys,Toys & Games,Building Toys,True,False,False,SRC-KAGGLE-002,amazon_products.csv
B092VW2YZJ,Wrebbit3D Friends Central Perk 3D Puzzle for Teens and Adults | 440 Real Jigsaw Puzzle Pieces | Not Just an Ordinary Model Kit for Adults for All Fans of The Friends TV Series,https://www.amazon.com/dp/B092VW2YZJ,4.6,0,35.99,0.0,227,False,50,toys,Toys & Games,Puzzles,True,False,False,SRC-KAGGLE-002,amazon_products.csv
B0BVT4BWNH,"Little Muffincakes Zhara 5-Panel Soft Book, Number Learning, Multiple Textures, 3D, Ballerina Character, Age 0M+",https://www.amazon.com/dp/B0BVT4BWNH,4.9,19,9.99,0.0,230,False,0,toys,Toys & Games,Baby & Toddler Toys,False,False,False,SRC-KAGGLE-002,amazon_products.csv
B07NDYHY8S,LEGO Star Wars: A New Hope 75244 Tantive IV Building Kit (1768 Pieces),https://www.amazon.com/dp/B07NDYHY8S,4.8,0,349.0,0.0,220,False,0,toys,Toys & Games,Building Toys,True,False,False,SRC-KAGGLE-002,amazon_products.csv
B00U1PK3N8,LEGO Ninjago Minifigure - Jay Zukin Robe Jungle Blue Ninja with Dual Gold Sai (70749),https://www.amazon.com/dp/B00U1PK3N8,4.6,0,11.89,16.95,270,False,0,toys,Toys & Games,Toys & Games,True,False,False,SRC-KAGGLE-002,amazon_products.csv
B000BZB56W,The Great Dalmuti,https://www.amazon.com/dp/B000BZB56W,4.9,0,14.99,19.95,223,False,400,toys,Toys & Games,Games & Accessories,True,False,False,SRC-KAGGLE-002,amazon_products.csv
B01MUCA9IZ,"PURPLE LADYBUG Scratchy Scratch Notepad, Fun Arts and Crafts for Kids Ages 6-8 & Travel Activities for Kids Ages 4-8 Years Old - Birthday & Christmas Gifts for 8 Year Old Girls & Boys 6 7 8 9 10 11 12",https://www.amazon.com/dp/B01MUCA9IZ,4.6,0,9.99,0.0,270,False,100,toys,Toys & Games,Toys & Games,True,False,False,SRC-KAGGLE-002,amazon_products.csv
B0BQBMGHFX,"Xinnun 60 Pack Mini Stuffed Animals Bulk Small Plush Animals Toys for Kids Tiny Stuffed Animals Plush Critter Keychain Set for Carnival Prizes, Christmas Party Favor, Goodie Bag Fillers, School Gifts",https://www.amazon.com/dp/B0BQBMGHFX,5.0,0,35.99,0.0,229,False,0,toys,Toys & Games,Stuffed Animals & Plush Toys,True,False,False,SRC-KAGGLE-002,amazon_products.csv
B0BPB41PCS,Baby Suction Cup Spinning Top Toys | Window Spinner Spinning Toys for Toddlers 1-3 | Pop Up Montessori Sensory Airplane Travel Bath Tub Summer Water Toy |Children's Day Gift for Girls Boys 3PCS,https://www.amazon.com/dp/B0BPB41PCS,4.4,0,12.98,0.0,218,False,50,toys,Toys & Games,Novelty Toys & Amusements,True,False,False,SRC-KAGGLE-002,amazon_products.csv
B096HB87Q4,"Front Porch Classics | Spinner Colored Dot Dominoes, On-The-Go Travel Storage Tin 2 to 8 Players Ages 8 to 99",https://www.amazon.com/dp/B096HB87Q4,4.8,0,11.24,19.11,223,False,500,toys,Toys & Games,Games & Accessories,True,False,False,SRC-KAGGLE-002,amazon_products.csv
B08T6CLBB4,Toddmomy 2 Boxes Tic Tac Toe Game Board Game Strategy Board Game Family Games Night Classic Board Games Tactile Puzzle,https://www.amazon.com/dp/B08T6CLBB4,4.4,0,13.29,0.0,223,False,0,toys,Toys & Games,Games & Accessories,True,False,False,SRC-KAGGLE-002,amazon_products.csv
B08SBJGMLG,"14 Pack Water Gel Jelly Beads, Non-Toxic Water Sensory Toy for Kids- Early Skill Development, Water Gel Soft Beads Growing Jelly Balls for Spa Refill, Pool & Decor(10 Grams per Pack)",https://www.amazon.com/dp/B08SBJGMLG,4.4,0,11.98,0.0,270,False,50,toys,Toys & Games,Toys & Games,True,False,False,SRC-KAGGLE-002,amazon_products.csv
B0B7TPPX3Q,"Kappa Coloring and Activity Books for Girls, Numbers and Letters, ABCs, Girl Power, Mermaid, Unicorn, 8.5”x11” Extra Large Size for Hours of Fun, Ages 2-4, 4- 8, 8-12 (Pack of 9)",https://www.amazon.com/dp/B0B7TPPX3Q,4.8,0,15.99,0.0,224,False,0,toys,Toys & Games,Learning & Education Toys,True,False,False,SRC-KAGGLE-002,amazon_products.csv
B09JHXJZVT,"LEGO Icons Vespa 125 Scooter Model Building Kit 10298, Vintage Italian Iconic Model Moped, Display Home Décor Set for Adults, Relaxing Creative Hobbies, Gift Idea",https://www.amazon.com/dp/B09JHXJZVT,4.8,0,0.0,0.0,270,False,300,toys,Toys & Games,Toys & Games,True,True,False,SRC-KAGGLE-002,amazon_products.csv
B086M4JGRC,"Disney Junior Music Lullabies Nursery Blankies, Piggy, Officially Licensed Kids Toys for Ages 0+ by Just Play",https://www.amazon.com/dp/B086M4JGRC,4.7,0,12.99,0.0,270,False,0,toys,Toys & Games,Toys & Games,True,False,False,SRC-KAGGLE-002,amazon_products.csv
B07YJ25DYZ,Adult Puzzle Classic Jigsaw Puzzle 1000 Pieces Wooden Puzzle DIY Forest Map Bear Modern Home Decor Unique Gift Intellectual Game 75x50cm,https://www.amazon.com/dp/B07YJ25DYZ,4.6,0,17.99,0.0,227,False,200,toys,Toys & Games,Puzzles,True,False,False,SRC-KAGGLE-002,amazon_products.csv
B0BZV56833,"Bee Plush, Bee Stuffed Animal Bee Plushie Stuff Cute Honey Bee Toy Plush Doll for Kids Teen Girls Birthday Party Christmas Valentine (8inch)",https://www.amazon.com/dp/B0BZV56833,4.2,0,12.99,0.0,229,False,50,toys,Toys & Games,Stuffed Animals & Plush Toys,True,False,False,SRC-KAGGLE-002,amazon_products.csv
B0BBJS33QJ,"LEGO Friends Organic Grocery Store 41729, Supermarket Toy Shop for Girls and Boys 8 Plus Years Old, Playset with Truck & 4 Mini-Dolls",https://www.amazon.com/dp/B0BBJS33QJ,5.0,0,80.99,89.99,220,False,50,toys,Toys & Games,Building Toys,True,False,False,SRC-KAGGLE-002,amazon_products.csv
B098NCLFGD,"Toddlers Montessori Wooden Educational Toys for Baby Boys Girls Age 1 2 3 Year Old, Shape Sorting Toys Gifts for Kids 1-3, Wood Preschool Learning Fine Motor Skills Game",https://www.amazon.com/dp/B098NCLFGD,4.6,4275,22.49,25.99,270,False,4000,toys,Toys & Games,Toys & Games,False,False,False,SRC-KAGGLE-002,amazon_products.csv
B0002HWHYS,Ravensburger Vintage Paris 1500 Piece Jigsaw Puzzle for Adults – Softclick Technology Means Pieces Fit Together Perfectly,https://www.amazon.com/dp/B0002HWHYS,4.6,0,28.86,0.0,227,False,0,toys,Toys & Games,Puzzles,True,False,False,SRC-KAGGLE-002,amazon_products.csv
B07MZKK45N,"Funko Pop! Disney: Little Mermaid - Ursula with Eels, Multicolor, Standard",https://www.amazon.com/dp/B07MZKK45N,4.9,0,16.9,0.0,217,False,100,toys,Toys & Games,Toy Figures & Playsets,True,False,False,SRC-KAGGLE-002,amazon_products.csv
B07ZGJ6WH6,"Chew Necklaces for Sensory Kids Adults Boys & Girls – Designed for Autism,Biting,Chewing,ADHD,SPD,Oral Motor Needs,Teething Jewelry for Mom,BPA-Free",https://www.amazon.com/dp/B07ZGJ6WH6,4.4,228,16.99,0.0,230,False,0,toys,Toys & Games,Baby & Toddler Toys,False,False,False,SRC-KAGGLE-002,amazon_products.csv
B0B7Q651ST,"Assorted Rubber Ducks Toy Duckies for Kids and Toddlers, Bath Birthday Baby Showers Classroom, Summer Beach and Pool Activity, 2"" Inches (25-Pack)",https://www.amazon.com/dp/B0B7Q651ST,4.6,788,15.99,0.0,230,False,600,toys,Toys & Games,Baby & Toddler Toys,False,False,False,SRC-KAGGLE-002,amazon_products.csv
B07YQL2FC4,"JC Toys Baby Doll Play Pen Gift Set for Keeps Playtime!|Fits Dolls up to 17"" | Adjusts to Different Shapes | Play Accessories| Ages 2+, Pink",https://www.amazon.com/dp/B07YQL2FC4,3.8,0,19.99,0.0,221,False,0,toys,Toys & Games,Dolls & Accessories,True,False,False,SRC-KAGGLE-002,amazon_products.csv
B08XZVQ8QK,Spruce Lab Educational Soft Baby Books - 6 Cloth Book Set - Early Learning Sensory Development for Babies - Crinkle Touch and Feel Toddler Toy - High Contrast Infant Toys - Boy/Girl Baby Shower 0-2 yr,https://www.amazon.com/dp/B08XZVQ8QK,4.7,529,23.99,0.0,270,False,100,toys,Toys & Games,Toys & Games,False,False,False,SRC-KAGGLE-002,amazon_products.csv
B09QCPLD1V,"Jucoan 300 Pack Fake Roaches, Realistic Plastic Roach Bugs, Fake Cockroaches Insect April Fool’s Day Play Prank Tricks Joke Holloween Party Decor",https://www.amazon.com/dp/B09QCPLD1V,4.6,0,14.99,0.0,218,False,50,toys,Toys & Games,Novelty Toys & Amusements,True,False,False,SRC-KAGGLE-002,amazon_products.csv
B00DKCI1P6,VTech Go! Go! Smart Wheels Train Station Playset,https://www.amazon.com/dp/B00DKCI1P6,4.7,1957,59.99,0.0,230,False,50,toys,Toys & Games,Baby & Toddler Toys,False,False,False,SRC-KAGGLE-002,amazon_products.csv
B0BCXNYBK7,Funko Something Wild! Card Game - Indiana Jones,https://www.amazon.com/dp/B0BCXNYBK7,4.6,0,8.99,0.0,223,False,50,toys,Toys & Games,Games & Accessories,True,False,False,SRC-KAGGLE-002,amazon_products.csv
B0BFZZCFZV,"Succulents Bonsai Botanical Collection Building Toys, Luminous Plants Office Room Decor Flowers Building Set for Adults, Gifts for Girls Women Girlfriend Wife Mother",https://www.amazon.com/dp/B0BFZZCFZV,4.6,0,19.94,0.0,220,False,0,toys,Toys & Games,Building Toys,True,False,False,SRC-KAGGLE-002,amazon_products.csv
B0CG4GXZKZ,"Brain Teaser Puzzles,5 Pieces Metal Cast Puzzle Games Toys for Kids and Adults IQ Test,IQ Educational Box for Teens",https://www.amazon.com/dp/B0CG4GXZKZ,4.0,0,12.9,0.0,227,False,0,toys,Toys & Games,Puzzles,True,False,False,SRC-KAGGLE-002,amazon_products.csv
B09DHW8ZM5,"Spidey and His Amazing Friends Hasbro Marvel Supersized Miles Morales: Spider-Man 9-inch Action Figure,Preschool Super Hero Toy,Kids Ages 3 and Up",https://www.amazon.com/dp/B09DHW8ZM5,4.7,0,9.97,11.99,217,False,100,toys,Toys & Games,Toy Figures & Playsets,True,False,False,SRC-KAGGLE-002,amazon_products.csv
B005O1RVJI,"Baby's First Ball - Black, White & Red Jingle Ball",https://www.amazon.com/dp/B005O1RVJI,4.5,89,9.95,11.99,230,False,0,toys,Toys & Games,Baby & Toddler Toys,False,False,False,SRC-KAGGLE-002,amazon_products.csv
B003CYKY66,Springbok Puzzles - Durango Express - 500 Piece Jigsaw Puzzle - Large 18 Inches by 23.5 Inches Puzzle - Made in USA - Unique Cut Interlocking Pieces,https://www.amazon.com/dp/B003CYKY66,4.6,0,16.95,0.0,227,False,0,toys,Toys & Games,Puzzles,True,False,False,SRC-KAGGLE-002,amazon_products.csv
B08F4LXPMB,LEGO Technic: Ducati Panigale V4 R 42107 (646 Pieces) 2020 with Valinor Frustration-Free Packaging,https://www.amazon.com/dp/B08F4LXPMB,4.7,0,79.0,0.0,220,False,0,toys,Toys & Games,Building Toys,True,False,False,SRC-KAGGLE-002,amazon_products.csv
B08ZVQ39PW,"EPOCH Games Mario Kart™ Racing Deluxe, Vehicle Obstacle Course with Mario and Luigi Kart Figures for Ages 5+, Multicolor",https://www.amazon.com/dp/B08ZVQ39PW,4.0,0,38.94,0.0,223,False,200,toys,Toys & Games,Games & Accessories,True,False,False,SRC-KAGGLE-002,amazon_products.csv
B08LGZSVL4,Dr. Moku's Kanji Flash Cards - Learn Japanese Kanji Characters with Mnemonic Memory Tricks - JLPT N5 & Joyo Grade 1 - Japanese for Beginners,https://www.amazon.com/dp/B08LGZSVL4,4.5,0,28.95,0.0,224,False,100,toys,Toys & Games,Learning & Education Toys,True,False,False,SRC-KAGGLE-002,amazon_products.csv
B01HEJ3V9G,0,https://www.amazon.com/dp/B01HEJ3V9G,4.4,0,21.28,0.0,227,False,0,toys,Toys & Games,Puzzles,True,False,False,SRC-KAGGLE-002,amazon_products.csv
B07GYMP1D1,"WATINC Random 10 Pcs DIY Squeeze Toys Cream Scented Kawaii Simulation Lovely Toy Medium Mini Soft Food Squeeze Bread Toys Keychains, Phone Straps, Bonus Random Stickers",https://www.amazon.com/dp/B07GYMP1D1,4.0,0,11.99,0.0,218,False,100,toys,Toys & Games,Novelty Toys & Amusements,True,False,False,SRC-KAGGLE-002,amazon_products.csv
B09FMZ63XK,"LEGO DC Batman Batmobile: The Penguin Chase 76181 Car Toy, Gift Idea for Kids, Boys and Girls 8 Plus Years Old with Batman Minifigure and The Penguin Minifigure, Super Heroes Set",https://www.amazon.com/dp/B09FMZ63XK,4.8,0,23.99,29.99,270,False,1000,toys,Toys & Games,Toys & Games,True,False,False,SRC-KAGGLE-002,amazon_products.csv
B09LRKCKKD,BendyFigs The Wizard of Oz™ Cowardly Lion™,https://www.amazon.com/dp/B09LRKCKKD,4.8,0,19.5,0.0,217,False,0,toys,Toys & Games,Toy Figures & Playsets,True,False,False,SRC-KAGGLE-002,amazon_products.csv
B07D5QHKJN,"5 Second Rule Game - Simple Questions Card Game for Family Fun, Party, Kids, Travel, Game Night & Sleepovers - Think Fast and Shout Out Answers - For Ages 10+",https://www.amazon.com/dp/B07D5QHKJN,4.6,0,10.99,24.99,223,False,1000,toys,Toys & Games,Games & Accessories,True,False,False,SRC-KAGGLE-002,amazon_products.csv
B0CBQZ8YRZ,"Violin Building Set for Adults,Compatible with Lego Idea Musical Instrument Creative Icons Building Toys for Kids 8-14 Birthday Gift",https://www.amazon.com/dp/B0CBQZ8YRZ,4.8,0,44.99,0.0,220,False,50,toys,Toys & Games,Building Toys,True,False,False,SRC-KAGGLE-002,amazon_products.csv
B077SRC8Z1,Cuberspeed Z 2x2x1 Super Floppy Black Magic Cube 1x2x2 Speed Cube,https://www.amazon.com/dp/B077SRC8Z1,4.3,0,5.99,0.0,227,False,50,toys,Toys & Games,Puzzles,True,False,False,SRC-KAGGLE-002,amazon_products.csv
B0BSJRPSY5,"Little Mermaid Bath Toy Set - Bundle with Disney Princess Matching Game, Ariel Water Squirters, Stickers | Little Mermaid Bath Tub Toys, Ariel Bath Doll",https://www.amazon.com/dp/B0BSJRPSY5,0.0,0,15.95,0.0,230,False,0,toys,Toys & Games,Baby & Toddler Toys,True,False,True,SRC-KAGGLE-002,amazon_products.csv
B08LR3L831,"Adora Baby Doll Diaper Bag In Classic Pastel Pink, Diapers Fit 13 Inch Dolls",https://www.amazon.com/dp/B08LR3L831,4.6,0,26.99,0.0,221,False,300,toys,Toys & Games,Dolls & Accessories,True,False,False,SRC-KAGGLE-002,amazon_products.csv
B08XWLN27Y,K’NEX Architecture - Empire State Building – New Building Set for Adults & Kids 9+ - 2122 Pieces – Over 2 Feet High – Amazon Exclusive,https://www.amazon.com/dp/B08XWLN27Y,4.4,0,59.99,0.0,270,False,0,toys,Toys & Games,Toys & Games,True,False,False,SRC-KAGGLE-002,amazon_products.csv
B0B3FCBRLX,"Power Rangers Dino Fury Dimetro Zord Orange Action Figure Toy Part of Megazord, Toys for 4 Year Old Boys and Girls and Up",https://www.amazon.com/dp/B0B3FCBRLX,4.8,0,0.0,0.0,217,False,50,toys,Toys & Games,Toy Figures & Playsets,True,True,False,SRC-KAGGLE-002,amazon_products.csv
B00G9Y1DNE,"Break Open 2 Jumbo Geodes– Break Your Own Large Geode with Crystals, Earth Science Kit for Kids to Learn Geology, Gifts for Rock Collectors, Cool Rocks for Boys and Girls",https://www.amazon.com/dp/B00G9Y1DNE,4.3,0,19.99,24.99,224,False,200,toys,Toys & Games,Learning & Education Toys,True,False,False,SRC-KAGGLE-002,amazon_products.csv
B08L7FNWJB,General Jim's Military Brick Building Set - World War 2 Chinese Army 99T Main Battle Tank WW2 or Brick Building Enthusiasts Including Teens and Adults,https://www.amazon.com/dp/B08L7FNWJB,4.4,0,64.99,0.0,220,False,0,toys,Toys & Games,Building Toys,True,False,False,SRC-KAGGLE-002,amazon_products.csv
B0B8D4CNW6,"AthomBear Wooden Busy Board for Toddlers 1 2 3 4, Montessori Toy with Gift Box & Sticker, Travel Toddler Busy Board for 1 Year Old, Montessori Activity Board with 10 Learning Activities",https://www.amazon.com/dp/B0B8D4CNW6,4.4,46,29.95,32.95,230,False,0,toys,Toys & Games,Baby & Toddler Toys,False,False,False,SRC-KAGGLE-002,amazon_products.csv
B083TL8RPJ,"TAODUDU Toddler Toys Cars Kids Truck Transport Cars Boys Gift for Ages 3-8 Year Old,Transport Cars Carrier Set with 12 Die-cast Vehicles",https://www.amazon.com/dp/B083TL8RPJ,4.2,317,9.99,15.99,270,False,0,toys,Toys & Games,Toys & Games,False,False,False,SRC-KAGGLE-002,amazon_products.csv
B08THWB6ZK,Douglas Tiffany Yorkie Dog Yorkshire Terrier Plush Stuffed Animal,https://www.amazon.com/dp/B08THWB6ZK,4.6,0,28.95,0.0,270,False,50,toys,Toys & Games,Toys & Games,True,False,False,SRC-KAGGLE-002,amazon_products.csv
B076DZQG47,"Dominoes Set for Adults, Dominoes Set Double Six, Double 6 Professional Domino Tiles with Spinner in Wooden Box,28 pcs Domino Set 28 Tiles with Natural Wooden Case",https://www.amazon.com/dp/B076DZQG47,4.5,0,15.99,0.0,223,False,500,toys,Toys & Games,Games & Accessories,True,False,False,SRC-KAGGLE-002,amazon_products.csv
B07BJ4ZHDG,LEGO Friends Andrea’s Accessories Store 41344 Building Kit (294 Pieces) (Discontinued by Manufacturer),https://www.amazon.com/dp/B07BJ4ZHDG,4.8,0,52.95,0.0,270,False,0,toys,Toys & Games,Toys & Games,True,False,False,SRC-KAGGLE-002,amazon_products.csv
B0BQCFJ18J,24 Pcs Bendable of Monster Pattern Figures Bendable Toys 4 Inch Stretchy Scary Action Figures Plastic Stress Relief Fidget Toys for Birthday Party Favors of Monster Pattern,https://www.amazon.com/dp/B0BQCFJ18J,5.0,0,18.99,19.99,217,False,50,toys,Toys & Games,Toy Figures & Playsets,True,False,False,SRC-KAGGLE-002,amazon_products.csv
B07T4KYKXJ,"4Pcs Rock Paper Scissors Random Toy, Mini Toy Keychain with Random Rock Paper Scissors Game Accessories Props for Babies Kids Children Teens Adults Party",https://www.amazon.com/dp/B07T4KYKXJ,3.7,0,13.99,0.0,218,False,0,toys,Toys & Games,Novelty Toys & Amusements,True,False,False,SRC-KAGGLE-002,amazon_products.csv
B08HFQG3YY,Barbie Mattel Chelsea The Lost Birthday Stacie and Pet,https://www.amazon.com/dp/B08HFQG3YY,4.7,0,24.98,0.0,221,False,0,toys,Toys & Games,Dolls & Accessories,True,False,False,SRC-KAGGLE-002,amazon_products.csv
B07GBGVF88,"FoxMind Games: Sports Dice, Football, Roll Your Way to the End Zone, Easy to Learn, Fun to Play, Play with Up to 4 Players, For Ages 7 and up",https://www.amazon.com/dp/B07GBGVF88,4.3,0,14.95,0.0,223,False,50,toys,Toys & Games,Games & Accessories,True,False,False,SRC-KAGGLE-002,amazon_products.csv
B00KMYDXN0,Buffalo Games - Signature Collection - Vintage America - 1000 Piece Jigsaw Puzzle,https://www.amazon.com/dp/B00KMYDXN0,4.4,0,10.99,11.99,227,False,0,toys,Toys & Games,Puzzles,True,False,False,SRC-KAGGLE-002,amazon_products.csv
B07N1JF6G4,"WILD REPUBLIC Huggers Butterfly Blue Plush Toy, Slap Bracelet, Stuffed Animal, Kids Toys, 8""",https://www.amazon.com/dp/B07N1JF6G4,4.7,0,9.1,10.99,229,False,100,toys,Toys & Games,Stuffed Animals & Plush Toys,True,False,False,SRC-KAGGLE-002,amazon_products.csv
B0CHXWX9FN,Toyvian 18 Pcs Coloring Book for Children Kid Toy Toddler Toy Children Toys Kids Party Favors Coloring Books for Kids Ages 2-4 Coloring Books for Kids Ages 4-8 Graffiti Painting Book Paper,https://www.amazon.com/dp/B0CHXWX9FN,0.0,0,32.07,0.0,270,False,0,toys,Toys & Games,Toys & Games,True,False,True,SRC-KAGGLE-002,amazon_products.csv
B0C6MJDHHB,"24 Set Jigsaw Puzzles for Toddlers, Wooden Jigsaw Puzzles for Kids Ages 2-5 Small Animals Puzzles Preschool Educational Learning Toys for Kids Boys Girls Gifts Prizes",https://www.amazon.com/dp/B0C6MJDHHB,0.0,0,19.99,23.99,270,False,0,toys,Toys & Games,Toys & Games,True,False,True,SRC-KAGGLE-002,amazon_products.csv
B002U2LQSQ,"— GeoCards USA — Geography Card Games for Home, School and Travel — Learning Resources and Educational Toys, Flash Cards — Kid Toys for Ages 4 and Up",https://www.amazon.com/dp/B002U2LQSQ,4.6,0,11.08,0.0,224,False,0,toys,Toys & Games,Learning & Education Toys,True,False,False,SRC-KAGGLE-002,amazon_products.csv
B0C6JSRW2V,"Handwriting Learning for Toddlers, Letter Tracing Board for Kids Ages 3 4 5 Learn to Write, Double Sided Wooden Alphabet Practice Board, Montessori Toys Girls Boys Gifts for 3+ Year Old",https://www.amazon.com/dp/B0C6JSRW2V,4.6,0,9.86,10.86,224,False,0,toys,Toys & Games,Learning & Education Toys,True,False,False,SRC-KAGGLE-002,amazon_products.csv
B094JLJ2K8,"Mary Meyer Putty Stuffed Animal Soft Toy, 10-Inches, Blizzard Snowman",https://www.amazon.com/dp/B094JLJ2K8,4.9,0,18.94,0.0,229,False,0,toys,Toys & Games,Stuffed Animals & Plush Toys,True,False,False,SRC-KAGGLE-002,amazon_products.csv
B07N1HJRN7,Ceaco - David Maclean - Coastal Escape - 2000 Piece Jigsaw Puzzle,https://www.amazon.com/dp/B07N1HJRN7,4.6,0,13.99,18.99,227,False,200,toys,Toys & Games,Puzzles,True,False,False,SRC-KAGGLE-002,amazon_products.csv
B0BLCT81GS,"Montessori Toys for 1 Year Old Boy Girl, Baby Toys 12-18 Months, Shape Sorter Toys with Sensory Blocks, Sensory Bin Toys for Toddlers 1-3, Educational & Learning for 1st Birthday&Christmas Gifts",https://www.amazon.com/dp/B0BLCT81GS,4.4,7,17.99,0.0,230,False,0,toys,Toys & Games,Baby & Toddler Toys,False,False,False,SRC-KAGGLE-002,amazon_products.csv
B098531QRN,"BePuzzled | Disney Tigger Original 3D Crystal Puzzle, Ages 12 and Up",https://www.amazon.com/dp/B098531QRN,4.5,0,16.87,18.49,227,False,50,toys,Toys & Games,Puzzles,True,False,False,SRC-KAGGLE-002,amazon_products.csv
B0BHML68PJ,Gigamic Qawale | Abstract Strategy Game for Adults and Familes | Ages 8+ | 2 Players | 15 Minutes,https://www.amazon.com/dp/B0BHML68PJ,4.8,0,37.99,0.0,223,False,100,toys,Toys & Games,Games & Accessories,True,False,False,SRC-KAGGLE-002,amazon_products.csv
B08FF6H2KY,Tonies Counting Songs Audio Play Character,https://www.amazon.com/dp/B08FF6H2KY,4.9,0,17.99,0.0,224,False,600,toys,Toys & Games,Learning & Education Toys,True,False,False,SRC-KAGGLE-002,amazon_products.csv
B0B3X4QNCG,"Koty Infant Car Seat Toy - Kick and Play Activity Center with Mirror, Teether and Crinkle Paper, Fun Travel Baby Toy for Rear Car Seat, Easier Drive with Newborns, Babies",https://www.amazon.com/dp/B0B3X4QNCG,4.4,84,17.99,19.99,230,False,0,toys,Toys & Games,Baby & Toddler Toys,False,False,False,SRC-KAGGLE-002,amazon_products.csv
B073XMZXS7,The Noble Collection Harry Potter Scabbers Plush,https://www.amazon.com/dp/B073XMZXS7,4.9,0,19.95,0.0,229,False,100,toys,Toys & Games,Stuffed Animals & Plush Toys,True,False,False,SRC-KAGGLE-002,amazon_products.csv
B0B4DJYGSW,"Halloween Gnomes Squishies Toys for Kids,6 Pack Halloween Party Favor Set Slow Rising Stress Relief Super Soft Squeeze Gift for Boys Girls,Trick or Treat",https://www.amazon.com/dp/B0B4DJYGSW,4.5,0,14.99,19.99,218,False,0,toys,Toys & Games,Novelty Toys & Amusements,True,False,False,SRC-KAGGLE-002,amazon_products.csv
B0BRSHPHDS,"BABESIDE Miniature Reborn Baby Dolls Silicone Full Body - 6-Inch Soft Body Mini Realistic-Newborn Tiny Baby Dolls with Real Life, Gifts Box & Feeding Bottle for Kids 12+",https://www.amazon.com/dp/B0BRSHPHDS,4.2,0,29.99,0.0,221,False,0,toys,Toys & Games,Dolls & Accessories,True,False,False,SRC-KAGGLE-002,amazon_products.csv
B08WJJP5VM,"Learning Resources Huey The Fine Motor Hippo, Fine Motor Toy for Toddlers, Develops Counting and Color Recognition, Educational Toys for Toddlers, 7 pieces, Ages 18 mos+",https://www.amazon.com/dp/B08WJJP5VM,4.6,430,15.99,0.0,230,False,50,toys,Toys & Games,Baby & Toddler Toys,False,False,False,SRC-KAGGLE-002,amazon_products.csv
B07YCQYVQ3,Dowdle Jigsaw Puzzle - Wizard of Oz - 1000 Piece,https://www.amazon.com/dp/B07YCQYVQ3,4.7,0,20.99,22.21,227,False,50,toys,Toys & Games,Puzzles,True,False,False,SRC-KAGGLE-002,amazon_products.csv
B09DDBWP9J,Ravensburger Animal Babies Memory Game for Kids Ages 3 and Up – A Fun & Fast Picture Matching Game,https://www.amazon.com/dp/B09DDBWP9J,4.7,0,14.99,0.0,223,False,50,toys,Toys & Games,Games & Accessories,True,False,False,SRC-KAGGLE-002,amazon_products.csv
B07XSCMRYT,VIAHART Rambles The Rooster - 15 Inch Stuffed Animal Plush - by Tiger Tale Toys,https://www.amazon.com/dp/B07XSCMRYT,4.8,0,22.99,0.0,229,False,0,toys,Toys & Games,Stuffed Animals & Plush Toys,True,False,False,SRC-KAGGLE-002,amazon_products.csv
B0C6XS52JP,"Doll Clothes New Born Baby Doll Clothes, Rainbow Unicorn, Jumpsuit, Doll Accessories for 15 Inch 16 Inch 18 Inch Baby Dolls",https://www.amazon.com/dp/B0C6XS52JP,4.5,0,26.95,0.0,221,False,50,toys,Toys & Games,Dolls & Accessories,True,False,False,SRC-KAGGLE-002,amazon_products.csv
B0C9J6W68D,"EDUJOY Montessori Toys for 3 4 Year Old Boy Birthday Gifts, Wooden Magnetic Color and Number Maze, Learning Toys for 2 3 4 Year Olds, Toddler Activities Games for Girls Boys Toys Age 3-5",https://www.amazon.com/dp/B0C9J6W68D,5.0,4,21.99,0.0,270,False,50,toys,Toys & Games,Toys & Games,False,False,False,SRC-KAGGLE-002,amazon_products.csv
B0B7FWPJ2N,"Lynncare Adjustable Arch Bassinet Toys for Infant & Toddlers, Stroller Arch, Baby Crib Toys with Fascinating Toys for Stimulating Baby’s Senses and Developing Motor Skills",https://www.amazon.com/dp/B0B7FWPJ2N,4.4,129,19.79,0.0,230,False,50,toys,Toys & Games,Baby & Toddler Toys,False,False,False,SRC-KAGGLE-002,amazon_products.csv
B00UPI4ZGC,World of Nintendo The Legend of Zelda: Ocarina of Time Link Action Figure 4 Inches,https://www.amazon.com/dp/B00UPI4ZGC,4.4,0,29.99,0.0,217,False,50,toys,Toys & Games,Toy Figures & Playsets,True,False,False,SRC-KAGGLE-002,amazon_products.csv
B0BQHVKS71,"Taf Toys Newborns & Toddlers Busy Board with Music & Lights 13 Montessori Activities Baby Safe Mirror, 3D Activities, Textures & a Baby Teether Develops Motor Skills, Senses & Eye Hand Coordination",https://www.amazon.com/dp/B0BQHVKS71,4.7,13,29.95,0.0,230,False,0,toys,Toys & Games,Baby & Toddler Toys,False,False,False,SRC-KAGGLE-002,amazon_products.csv
B07X8Z1ZMM,"Barbie Dreamtopia Princess Doll, 12-inch, Blonde with Purple Hairstreak Wearing Pink Skirt and Tiara, for 3 to 7 Year Olds",https://www.amazon.com/dp/B07X8Z1ZMM,4.7,0,15.66,0.0,221,False,0,toys,Toys & Games,Dolls & Accessories,True,False,False,SRC-KAGGLE-002,amazon_products.csv
B0C9MHVVQL,Leitee 24 Sets Video Game Party Favors Rubber Ducks with Mini Headset Glasses and Controllers Cute Bath Rubber Ducks Small Bathtub Accessories Toys for Birthday Swimming Party Favors Decoration,https://www.amazon.com/dp/B0C9MHVVQL,4.6,17,21.99,0.0,230,False,0,toys,Toys & Games,Baby & Toddler Toys,False,False,False,SRC-KAGGLE-002,amazon_products.csv
B074JKSNFN,Pokemon - Alolan Ninetales - 28/147 - Rare - Reverse Holo - Sun & Moon: Burning Shadows,https://www.amazon.com/dp/B074JKSNFN,4.7,0,3.5,4.13,223,False,0,toys,Toys & Games,Games & Accessories,True,False,False,SRC-KAGGLE-002,amazon_products.csv
B08X46MZRH,EXCEART Miniature Wood Side Table Dollhouse Tea Table Half- Round Table Model 1: 12 Scale Miniature Accessories for DIY Dollhouse Furniture,https://www.amazon.com/dp/B08X46MZRH,4.8,0,8.59,0.0,221,False,0,toys,Toys & Games,Dolls & Accessories,True,False,False,SRC-KAGGLE-002,amazon_products.csv
B09BFPMCKB,"IMC Toys Bloopies Mermaids Magic Tail Luna | Water Toy with Removable Yellow and Pink Mermaid Tail, for Girls and Kids 18M and up",https://www.amazon.com/dp/B09BFPMCKB,4.5,0,8.29,0.0,221,False,0,toys,Toys & Games,Dolls & Accessories,True,False,False,SRC-KAGGLE-002,amazon_products.csv
B00HUYV7DS,Toysmith Magic Rocks Instant Crystal Growing Kit (Assorted Styles),https://www.amazon.com/dp/B00HUYV7DS,4.2,0,16.99,0.0,224,False,0,toys,Toys & Games,Learning & Education Toys,True,False,False,SRC-KAGGLE-002,amazon_products.csv
B09PXFL384,WHAT DO YOU MEME? Crack The Code – A Social Deduction Kids Mystery Game Family,https://www.amazon.com/dp/B09PXFL384,4.3,0,14.9,0.0,270,False,50,toys,Toys & Games,Toys & Games,True,False,False,SRC-KAGGLE-002,amazon_products.csv
B0BVM6VYKX,"Powerwhale Bumper car, 12V Electric Kids-Bumper car Ride Toys with Remote and Music Function, Perfect Kids Gifts Baby Bumper car for toddlers Ages 1-6 for Birthday, Children's Day, and Christmas,Green",https://www.amazon.com/dp/B0BVM6VYKX,4.2,19,159.99,189.99,270,False,0,toys,Toys & Games,Toys & Games,False,False,False,SRC-KAGGLE-002,amazon_products.csv
B0C5M5TBWM,"Wooden Vanity Set for Kids, Pretend Play Toddler Makeup Vanity Table Toys with 360° Rotatable Mirror, Beauty Salon Set Includes Makeup Accessories & Bonus Stickers, Little Girls Gift Age 3+",https://www.amazon.com/dp/B0C5M5TBWM,4.7,124,32.99,45.99,270,False,100,toys,Toys & Games,Toys & Games,False,False,False,SRC-KAGGLE-002,amazon_products.csv
B0C7T915Q5,"Baby Sensory Montessori Toys 6 to 12 Months, Toddler Silicone Pull String Travel Toys for 1 2 Year Old Boys Girls, Teething Toys for Babies 12-18 Months, Infant Fidget Toys Birthday Gift",https://www.amazon.com/dp/B0C7T915Q5,5.0,4,9.99,11.99,230,False,0,toys,Toys & Games,Baby & Toddler Toys,False,False,False,SRC-KAGGLE-002,amazon_products.csv
B0BWJS1Q2D,"Seyaom Cherry Blossom Bonsai Tree House Mini Building Block Kit ，Sakura Botanical Micro Building Bricks for Adults/14+ Teens, Home/Office Decor Ideas, NOT Compatible with Lego（1500 Pcs）",https://www.amazon.com/dp/B0BWJS1Q2D,4.6,0,25.99,0.0,270,False,0,toys,Toys & Games,Toys & Games,True,False,False,SRC-KAGGLE-002,amazon_products.csv
B09HMDMT5Z,"XiDonDon 30CM / 45CM / 60CM Doll Clothes 1/3 1/4 1/6 BJD Doll Accessories BJD SD DIY Fashion Hoodie Toys Dolls Clothing (1/4,Black)",https://www.amazon.com/dp/B09HMDMT5Z,4.3,0,6.5,0.0,221,False,0,toys,Toys & Games,Dolls & Accessories,True,False,False,SRC-KAGGLE-002,amazon_products.csv
B09YXX16BF,"Dinosaur Eggs Toys, 12 Pack Dinosaur Fossil Digging Eggs with Dinosaurs Inside Excavation Science Kits for Kids 3-5/5-7/6-8, Christmas Stocking Stuffers for Kids 3 4 5 6 7 8 Years Old",https://www.amazon.com/dp/B09YXX16BF,4.5,0,11.98,16.99,224,False,0,toys,Toys & Games,Learning & Education Toys,True,False,False,SRC-KAGGLE-002,amazon_products.csv
B09JRMPWMR,"Funko POP TV: Squid Game- Player 199:Ali, Multicolor",https://www.amazon.com/dp/B09JRMPWMR,4.7,0,5.34,12.99,217,False,0,toys,Toys & Games,Toy Figures & Playsets,True,False,False,SRC-KAGGLE-002,amazon_products.csv
B0C3M4QX9P,"Simply magic 131+4 PCS Jumbo Blue Magnetic Base Ten Blocks for Math + Headings - Math Manipulatives, Base 10 Blocks, Place Value Manipulatives Magnets, Counters for Kids, Classroom Must Haves",https://www.amazon.com/dp/B0C3M4QX9P,4.6,12,20.97,0.0,230,False,100,toys,Toys & Games,Baby & Toddler Toys,False,False,False,SRC-KAGGLE-002,amazon_products.csv
B07WQV5664,"Sensory Liquid Motion Timer Bubbler Toy 3 Pcs. Set - Best Fidget Tool for Kids and Adults for Stress and Anxiety Relief and Relaxation, Pack of Calming Toy for Toddlers with Autism, Office Desk Decor",https://www.amazon.com/dp/B07WQV5664,4.1,0,16.99,0.0,218,False,300,toys,Toys & Games,Novelty Toys & Amusements,True,False,False,SRC-KAGGLE-002,amazon_products.csv
B08KTMCSTK,Playmobil Fire Rescue with Personal Watercraft,https://www.amazon.com/dp/B08KTMCSTK,4.8,0,54.95,79.99,220,False,50,toys,Toys & Games,Building Toys,True,False,False,SRC-KAGGLE-002,amazon_products.csv
B09NRFXVL9,"OENUX Whale Bath Toy, Light Up Baby Bathtub Toys with Automatic Spray Water and Colorful LED Light,Induction Sprinkler Bathroom Shower Pool Bath Tub Toys for Toddlers Boys Girls 1 Year Old",https://www.amazon.com/dp/B09NRFXVL9,3.8,299,12.99,0.0,230,False,100,toys,Toys & Games,Baby & Toddler Toys,False,False,False,SRC-KAGGLE-002,amazon_products.csv
B0CFFQQ81F,Kids Girl Halloween Clown Costume Set Tulle Dress Knife Socks Gloves Hairpin Sets for Party Cosplay,https://www.amazon.com/dp/B0CFFQQ81F,0.0,0,14.99,0.0,270,False,50,toys,Toys & Games,Toys & Games,True,False,True,SRC-KAGGLE-002,amazon_products.csv
B0CD5K1Z1R,"Bath Toys - Magnetic Dinosaur Fishing: Fun & Montessori-Inspired Water Toy for Bathtub & Pool, for Toddler Boys & Girls",https://www.amazon.com/dp/B0CD5K1Z1R,0.0,0,16.99,0.0,230,False,0,toys,Toys & Games,Baby & Toddler Toys,True,False,True,SRC-KAGGLE-002,amazon_products.csv
B0BL7TFB8C,LPS Yellow Baby Husky Rare LPS with lps Accessories Bear and Collor Rare Old LPS Collectable Pets Small Littlest Pet (Yellow Baby Husky),https://www.amazon.com/dp/B0BL7TFB8C,4.6,0,11.98,0.0,217,False,50,toys,Toys & Games,Toy Figures & Playsets,True,False,False,SRC-KAGGLE-002,amazon_products.csv
B00WHXSDVQ,LEGO Scooby-Doo 75903 Haunted Lighthouse Building Kit,https://www.amazon.com/dp/B00WHXSDVQ,4.8,0,224.99,0.0,220,False,0,toys,Toys & Games,Building Toys,True,False,False,SRC-KAGGLE-002,amazon_products.csv
B07WM8XBMR,"LEGO Trolls World Tour Poppy’s Hot Air Balloon Adventure 41252 Building Kit, an Ideal for Creative Play (250 Pieces)",https://www.amazon.com/dp/B07WM8XBMR,4.8,0,35.2,0.0,220,False,0,toys,Toys & Games,Building Toys,True,False,False,SRC-KAGGLE-002,amazon_products.csv
B098TC7YZH,"Marsail 3 Inch Memory Foam Mattress Topper, Queen Mattress Topper Cooling Gel Ventilated Design, Bed Topper with CertiPUR-US Certified",https://www.amazon.com/dp/B098TC7YZH,4.5,1223,63.99,89.99,270,False,50,toys,Toys & Games,Toys & Games,False,False,False,SRC-KAGGLE-002,amazon_products.csv
B09LYDY699,"DUMMA Track Cars Dinosaur Race Car Toys for Kids Age 3-5, LED Light Up Replacement Car Compatible with Most Tracks for 4 5 6 7 Years Old Boys and Girls Christmas Birthday Gifts -2Pcs",https://www.amazon.com/dp/B09LYDY699,4.1,99,12.99,0.0,270,False,50,toys,Toys & Games,Toys & Games,False,False,False,SRC-KAGGLE-002,amazon_products.csv
B0CB8J9Q63,"6 Pack Liquid Motion Bubbler Keychains, Liquid Motion Bubbler Sensory Toys, Liquid Timer for Sensory Play, Calming Toy Fidget Keychain for Stress Relief Gifts and Party Favors, 3 Styles",https://www.amazon.com/dp/B0CB8J9Q63,0.0,0,19.99,0.0,218,False,0,toys,Toys & Games,Novelty Toys & Amusements,True,False,True,SRC-KAGGLE-002,amazon_products.csv
B08BCQVHD5,"Build on Brick Coffee Mug, Fun Gaming Mugs with Handle DIY Blak Large Coffee Cup Funny Gifts for Men Women Office Work or Childhood Stimulation",https://www.amazon.com/dp/B08BCQVHD5,4.7,0,12.99,19.9,220,False,0,toys,Toys & Games,Building Toys,True,False,False,SRC-KAGGLE-002,amazon_products.csv
B0BYS852PF,"DAHONPA Camp Building Block Set Friends Theme Display Kit, Comes with 3 Figures (341 Pcs), Gift for Kids and Adults",https://www.amazon.com/dp/B0BYS852PF,0.0,0,14.99,29.99,220,False,0,toys,Toys & Games,Building Toys,True,False,True,SRC-KAGGLE-002,amazon_products.csv
B07HNRLDDH,"Emily Rose 14 Inch Doll 10 Pack Pink Wooden Hangers | 14"" Doll Closet Clothing Hangers Accessory | Fits 14""-15"" Doll Clothes",https://www.amazon.com/dp/B07HNRLDDH,4.5,0,13.95,0.0,221,False,0,toys,Toys & Games,Dolls & Accessories,True,False,False,SRC-KAGGLE-002,amazon_products.csv
B0C133YFM9,"Friendship Bracelet Making Kit Toys for Girls, Birthday Present for Teen Girls Age 7 8 9 10 11 12 Years Old Girls Gifts Ideas, Arts and Crafts String Maker Tool, Kids Travel Activity Set",https://www.amazon.com/dp/B0C133YFM9,4.2,0,9.99,0.0,270,False,0,toys,Toys & Games,Toys & Games,True,False,False,SRC-KAGGLE-002,amazon_products.csv
B0C69LQMHD,Valentines Day Date Night Gifts for Couples Decision Dice Anniversary Funny Gifts for Husband Wife Hubby Date Night Dice Novelty Gift for Boyfriend Girlfriend Christmas Birthday Gifts,https://www.amazon.com/dp/B0C69LQMHD,4.7,0,8.99,9.99,223,False,200,toys,Toys & Games,Games & Accessories,True,False,False,SRC-KAGGLE-002,amazon_products.csv
B0CDBZFKRH,"SAATLY Solar Outdoor Lights, 100LED 6500K Solar Motion Sensor Lights with 2 Sensors, 270° Wide Angle, IP65 Waterproof Motion Security Flood Lights with 3 Modes for Garden Patio Yard",https://www.amazon.com/dp/B0CDBZFKRH,4.6,14,39.89,44.99,270,False,0,toys,Toys & Games,Toys & Games,False,False,False,SRC-KAGGLE-002,amazon_products.csv
B0784LMK8J,"Dreams Smiski Glow in The Dark Figure, Bath Series, Random Style, 1 Pack",https://www.amazon.com/dp/B0784LMK8J,4.6,0,16.6,0.0,217,False,300,toys,Toys & Games,Toy Figures & Playsets,True,False,False,SRC-KAGGLE-002,amazon_products.csv
B0BM56Z8PG,"Way Back Toys Pick Up Sticks, 30 Colorful Wooden Sticks and Easy to Carry Container, Game of Steady Hands and Skill, Novelty Family Fun Game for Ages 5 and up",https://www.amazon.com/dp/B0BM56Z8PG,4.6,0,6.49,0.0,223,False,600,toys,Toys & Games,Games & Accessories,True,False,False,SRC-KAGGLE-002,amazon_products.csv
B09NPQL2LT,10PCS Polyhedral Dice D6 Dice 16mm Acrylic Dice Game Dice for RPG MTG DND Dice Table Games (Blue Black),https://www.amazon.com/dp/B09NPQL2LT,4.6,0,7.49,0.0,223,False,100,toys,Toys & Games,Games & Accessories,True,False,False,SRC-KAGGLE-002,amazon_products.csv
B0B26XC3CP,"Star Wars The Black Series OBI-Wan Kenobi (Jabiim), 6-Inch Collectible Action Figures, Ages 4 and Up, Multicolored (F7098)",https://www.amazon.com/dp/B0B26XC3CP,4.8,0,24.99,0.0,217,False,100,toys,Toys & Games,Toy Figures & Playsets,True,False,False,SRC-KAGGLE-002,amazon_products.csv
B09TKRMXYN,"Dollhouse Furniture Set for Kids Toys Miniature Doll House Accessories Pretend Play Toys for Boys Girls & Toddlers Age 3+ with Living Room, Sofa, TV.",https://www.amazon.com/dp/B09TKRMXYN,4.3,0,15.99,0.0,221,False,100,toys,Toys & Games,Dolls & Accessories,True,False,False,SRC-KAGGLE-002,amazon_products.csv
B0B7S2SNMV,"Succulents Plant Decor Building Set for Adults,Flower Botanical Collection Toy Display Home or Office (652 Pieces)",https://www.amazon.com/dp/B0B7S2SNMV,5.0,0,39.99,0.0,220,False,0,toys,Toys & Games,Building Toys,True,False,False,SRC-KAGGLE-002,amazon_products.csv
B07KXV6BPM,"Disney The Little Mermaid Ursula's Mystical Cauldron with Lights, Sounds & Music!",https://www.amazon.com/dp/B07KXV6BPM,4.2,0,49.99,0.0,221,False,100,toys,Toys & Games,Dolls & Accessories,True,False,False,SRC-KAGGLE-002,amazon_products.csv
B0C1Z78CXC,"City Street View Burger Shop Building Set, MOC Creative Model Set Creative Model DIY Toys, Unique Home Decor, Ideas Birthday Gift for Kids Age 8+ (244PCS)- Compatible with Lego",https://www.amazon.com/dp/B0C1Z78CXC,4.5,0,22.99,0.0,270,False,100,toys,Toys & Games,Toys & Games,True,False,False,SRC-KAGGLE-002,amazon_products.csv
B08FM212BR,Remote Control Snake Realistic Snake Toys Fake Snakes RC Animal Toy with High Frequency Infrared Receiver Electric Toys Party Favors Halloween Pranks Joke for Kids Adults Gift (Blue),https://www.amazon.com/dp/B08FM212BR,4.2,0,24.99,0.0,218,False,0,toys,Toys & Games,Novelty Toys & Amusements,True,False,False,SRC-KAGGLE-002,amazon_products.csv
B0B2758S14,"BEST 100 Mindful Prompts for Self Care & Stress Relief | Cards to Reduce Anxiety & Increase Relaxation | Perfect Mindfulness Gift | Beyond Positive Affirmations | Meditations For Kids, Teens, & Adults",https://www.amazon.com/dp/B0B2758S14,4.7,0,14.99,24.99,223,False,400,toys,Toys & Games,Games & Accessories,True,False,False,SRC-KAGGLE-002,amazon_products.csv
B0BMZY3SYB,"4 Pcs Flying Miniatures Combat Riser Acrylic Laser Cut Flight Stand 0 to 999 ft Height Platforms Fleet Movement Stands for Tabletop Game, 2 Inch, 1 Inch, Clear",https://www.amazon.com/dp/B0BMZY3SYB,4.7,0,17.99,0.0,223,False,50,toys,Toys & Games,Games & Accessories,True,False,False,SRC-KAGGLE-002,amazon_products.csv
B00160D1XQ,LEGO Technic Power Functions Motor Set 8293 Building Kit,https://www.amazon.com/dp/B00160D1XQ,4.6,0,171.0,0.0,220,False,0,toys,Toys & Games,Building Toys,True,False,False,SRC-KAGGLE-002,amazon_products.csv
B09N9ZSF1G,Squishmallows Original 14-Inch Roman Blue and Green Planet - Large Ultrasoft Official Jazwares Plush,https://www.amazon.com/dp/B09N9ZSF1G,4.9,0,43.34,0.0,229,False,0,toys,Toys & Games,Stuffed Animals & Plush Toys,True,False,False,SRC-KAGGLE-002,amazon_products.csv
B0BSRCMGZP,Schleich Wizarding World of Harry Potter 2-Piece Set with Luna Lovegood & Baby Thestral Collectible Figurines for Kids Ages 6+,https://www.amazon.com/dp/B0BSRCMGZP,4.2,0,24.99,0.0,217,False,50,toys,Toys & Games,Toy Figures & Playsets,True,False,False,SRC-KAGGLE-002,amazon_products.csv
B0BX9TYCPH,"Baby Yoda Gifts,Baby Yoda Action Figure 2.2-Inch,Baby Yoda Doll,Baby Yoda Toys for Kid, Souvenir Desk Decoration for Adult(6 Pack)",https://www.amazon.com/dp/B0BX9TYCPH,4.7,0,14.99,0.0,217,False,100,toys,Toys & Games,Toy Figures & Playsets,True,False,False,SRC-KAGGLE-002,amazon_products.csv
B0BXF7WVGN,McFarlane Toys - Dune: Part Two Gurney Halleck & Rabban 2pk,https://www.amazon.com/dp/B0BXF7WVGN,0.0,0,39.99,0.0,217,False,0,toys,Toys & Games,Toy Figures & Playsets,True,False,True,SRC-KAGGLE-002,amazon_products.csv
B00BWVBFGY,Douglas Silky White Tiger Cub Plush Stuffed Animal,https://www.amazon.com/dp/B00BWVBFGY,4.8,0,26.88,0.0,270,False,50,toys,Toys & Games,Toys & Games,True,False,False,SRC-KAGGLE-002,amazon_products.csv
B07N6MQBYR,"A Party Game That Keeps You Guessing | Adult Party Games & Card Games, Card Games for Adults",https://www.amazon.com/dp/B07N6MQBYR,4.7,0,24.99,0.0,223,False,50,toys,Toys & Games,Games & Accessories,True,False,False,SRC-KAGGLE-002,amazon_products.csv
B0BPX22V9W,"hand2mind Reading Rods Building Sight Words, Word Building Activities, Letter Blocks, Sight Words Kindergarten, CVC Words Spelling Toys, Reading Tools for Kids, Science of Reading Manipulatives",https://www.amazon.com/dp/B0BPX22V9W,4.5,0,14.59,19.99,224,False,100,toys,Toys & Games,Learning & Education Toys,True,False,False,SRC-KAGGLE-002,amazon_products.csv
B00IJGNL8U,"Reaper Nonalla Ellinad, Female Elf Wizard 03667 Miniatures",https://www.amazon.com/dp/B00IJGNL8U,4.6,0,9.99,13.95,218,False,0,toys,Toys & Games,Novelty Toys & Amusements,True,False,False,SRC-KAGGLE-002,amazon_products.csv
B01F75UIZY,Funko POP TV: Golden Girls Sophia Action Figure,https://www.amazon.com/dp/B01F75UIZY,4.9,0,9.73,0.0,217,False,50,toys,Toys & Games,Toy Figures & Playsets,True,False,False,SRC-KAGGLE-002,amazon_products.csv
B0B4V6ZDVT,BanPresto - Demon Slayer: Kimetsu No Yaiba - Vol.26: B: Nezuko Kamado Statue,https://www.amazon.com/dp/B0B4V6ZDVT,4.7,0,27.95,0.0,217,False,50,toys,Toys & Games,Toy Figures & Playsets,True,False,False,SRC-KAGGLE-002,amazon_products.csv
B09ZNZM86Y,"25 Pieces Beach Miniature Dollhouse Decoration, Umbrella Palm Chair Miniature Toys Mini Garden Decorations Dollhouse Outdoor Accessories Beach Cake Decorations for DIY Garden Plant Pool Birthday Decor",https://www.amazon.com/dp/B09ZNZM86Y,4.2,0,11.99,12.99,221,False,100,toys,Toys & Games,Dolls & Accessories,True,False,False,SRC-KAGGLE-002,amazon_products.csv
B009I3DLVA,3 Wheel Combination Secret Lock Puzzle Box,https://www.amazon.com/dp/B009I3DLVA,4.3,0,19.0,0.0,227,False,0,toys,Toys & Games,Puzzles,True,False,False,SRC-KAGGLE-002,amazon_products.csv
B08QTXHB8T,mushie Stacking Rings Toy | Made in Denmark (Original),https://www.amazon.com/dp/B08QTXHB8T,4.7,1446,17.99,0.0,230,False,200,toys,Toys & Games,Baby & Toddler Toys,False,False,False,SRC-KAGGLE-002,amazon_products.csv
B000BXHJX2,"Late for the Sky University of Georgia Dawgopoly Red, Black",https://www.amazon.com/dp/B000BXHJX2,4.8,0,20.99,24.99,223,False,50,toys,Toys & Games,Games & Accessories,True,False,False,SRC-KAGGLE-002,amazon_products.csv
B0BW8TGTBY,"Butter Slime Kit 8pack for Party Favors, Two-Toned Colored Slime, Scented, Soft and Non-Sticky, Birthday Gifts for Girl Boys, Stress Relief Slime Bulk for Easter Egg Basket fillings",https://www.amazon.com/dp/B0BW8TGTBY,4.5,0,8.99,9.99,218,False,100,toys,Toys & Games,Novelty Toys & Amusements,True,False,False,SRC-KAGGLE-002,amazon_products.csv
B07VJ21BNX,Mouse Pocket Puzzle,https://www.amazon.com/dp/B07VJ21BNX,3.9,0,8.99,0.0,227,False,0,toys,Toys & Games,Puzzles,True,False,False,SRC-KAGGLE-002,amazon_products.csv
B0BS6YYTGX,Playmobil Recycling Truck - 2023 Version,https://www.amazon.com/dp/B0BS6YYTGX,4.7,0,35.49,39.99,217,False,100,toys,Toys & Games,Toy Figures & Playsets,True,False,False,SRC-KAGGLE-002,amazon_products.csv
B0CB1JB1K3,"LCD Writing Tablet Kids Toys for Girls Boys Age 2-3 Gift Ideas, Dinosaur Colorful Doodle Board Educational Learning Toys for Children 3 4 5 6 7 8 Year Old, Toddler Drawing Pad Travel Toys",https://www.amazon.com/dp/B0CB1JB1K3,4.8,0,9.99,22.99,270,False,50,toys,Toys & Games,Toys & Games,True,False,False,SRC-KAGGLE-002,amazon_products.csv
B06XD5NQP5,edxeducation Sorting Bowls & Tweezers - Set of 12 - 18m+ - 6 Colors - Counting and Sorting Toy for Toddlers - Early Math and Fine Motor Skills,https://www.amazon.com/dp/B06XD5NQP5,4.7,205,18.75,0.0,230,False,300,toys,Toys & Games,Baby & Toddler Toys,False,False,False,SRC-KAGGLE-002,amazon_products.csv
B003CP0AQE,Card Protector Over Guard Z (50pcs),https://www.amazon.com/dp/B003CP0AQE,4.6,0,7.92,9.33,217,False,0,toys,Toys & Games,Toy Figures & Playsets,True,False,False,SRC-KAGGLE-002,amazon_products.csv
B094WCBZGT,Aquarius Set of 3 Peanuts Puzzles (Three 500 Piece Jigsaw Puzzles) - Glare Free - Precision Fit - Officially Licensed Peanuts Merchandise & Collectibles - 14x19 Inches,https://www.amazon.com/dp/B094WCBZGT,4.6,0,21.65,24.99,270,False,50,toys,Toys & Games,Toys & Games,True,False,False,SRC-KAGGLE-002,amazon_products.csv
B0B3SHBTSN,Foam Rock,https://www.amazon.com/dp/B0B3SHBTSN,4.0,0,6.99,0.0,218,False,50,toys,Toys & Games,Novelty Toys & Amusements,True,False,False,SRC-KAGGLE-002,amazon_products.csv
B08VS3PDC3,"PoKéMoN Ultimate Battle Multi 10 Pack Action Figures - Gengar, Pikachu, Charmander, Squirtle, Bulbasaur, Eevee, Sobble, Grookey, Scorbunny & Munchlax - Official Authentic Details",https://www.amazon.com/dp/B08VS3PDC3,4.8,0,44.49,0.0,217,False,200,toys,Toys & Games,Toy Figures & Playsets,True,False,False,SRC-KAGGLE-002,amazon_products.csv
B0C375V3RC,"Cute Green 3D Muscle Frog Plush Toy Soft, Huggable, Lovely Super Soft Green Muscle Frog Plush,Funny Huggable, Stuffed Froggy Dolls, Adorable Plush Frog for Kids 21.6",https://www.amazon.com/dp/B0C375V3RC,5.0,0,32.99,0.0,229,False,0,toys,Toys & Games,Stuffed Animals & Plush Toys,True,False,False,SRC-KAGGLE-002,amazon_products.csv
B0CB14WKR2,"20 Colors Acrylic Paint Pens, Dual Tip Water-Based Permanent Paint Markers for Wood,Rock,Plastic,Canvas,Fabric,Glass,Mugs Art Supplier/Back To School Supplies for Girls & Boys",https://www.amazon.com/dp/B0CB14WKR2,4.6,18,15.99,0.0,270,False,0,toys,Toys & Games,Toys & Games,False,False,False,SRC-KAGGLE-002,amazon_products.csv
B09TCXJ6HS,Chip and Potato Doloowee Plush Nico and Chip Toys Best Buddies Official Licensed 8” Chip and Nico Stuffed Animal Toy Plush in 2-Pack Bundle,https://www.amazon.com/dp/B09TCXJ6HS,4.7,0,18.99,0.0,229,False,50,toys,Toys & Games,Stuffed Animals & Plush Toys,True,False,False,SRC-KAGGLE-002,amazon_products.csv
B0BYB69T87,Aurora® Adorable Palm Pals™ Truffle Brown Horse™ Stuffed Animal - Pocket-Sized Fun - On-The-Go Play - Brown 5 Inches,https://www.amazon.com/dp/B0BYB69T87,4.6,0,7.99,8.69,229,False,100,toys,Toys & Games,Stuffed Animals & Plush Toys,True,False,False,SRC-KAGGLE-002,amazon_products.csv
B00UXMTA1U,"Baby Jack & Co 10x10” Racing Sports Lovey Sensory Plush Blanket - Tag Toy for Babies - Baby Stroller Toys - Learn Shapes, Letters & Colors - MVP Baby Tire Toy & Baby Sports Gift w/Stroller Clip",https://www.amazon.com/dp/B00UXMTA1U,4.6,31,19.95,0.0,230,False,0,toys,Toys & Games,Baby & Toddler Toys,False,False,False,SRC-KAGGLE-002,amazon_products.csv
B08LVTGFPX,Dollhouse Kitchen Furniture Kit 1:12 Dollhouse Miniature Furniture Wooden Kitchen Cabinet Fridge Set Kitchen Dining Room Furniture for 1:12 Dollhouse Miniatures Scenes Accessories (C),https://www.amazon.com/dp/B08LVTGFPX,4.5,0,29.93,31.99,221,False,50,toys,Toys & Games,Dolls & Accessories,True,False,False,SRC-KAGGLE-002,amazon_products.csv
B0C9PQZCJM,"Steering Wheel Toys for Toddler 18 Month up Boys Girls, Baby Interactive Learning Toy Car Seat Driving Toys for Infant Preschool Kids-Green",https://www.amazon.com/dp/B0C9PQZCJM,4.7,0,20.89,0.0,230,False,0,toys,Toys & Games,Baby & Toddler Toys,True,False,False,SRC-KAGGLE-002,amazon_products.csv
B08T3Z3QTM,"Milliard Toy Shopping Cart for Kids, Toddler Shopping Cart Toy",https://www.amazon.com/dp/B08T3Z3QTM,4.6,1363,59.99,0.0,270,False,300,toys,Toys & Games,Toys & Games,False,False,False,SRC-KAGGLE-002,amazon_products.csv
B0B7VBCF7Z,Funko 6'' Young-HEE Doll - Squid Game 1257,https://www.amazon.com/dp/B0B7VBCF7Z,5.0,0,20.92,0.0,221,False,0,toys,Toys & Games,Dolls & Accessories,True,False,False,SRC-KAGGLE-002,amazon_products.csv
B0B626QPTK,Fisher-Price Laugh & Learn Baby Learning Toy Puppy's Activity Cube with Lights Music & Fine Motor Activities for Ages 9+ Months,https://www.amazon.com/dp/B0B626QPTK,4.3,75,9.97,0.0,230,False,100,toys,Toys & Games,Baby & Toddler Toys,False,False,False,SRC-KAGGLE-002,amazon_products.csv
B0761RY3LW,"Collection Level 1:12 Elegant Flora Miniature Mini House Porcelain Tea Dish, Teapot, Cup, Plate Craft Set, DIY Scene Home Furniture Accessories",https://www.amazon.com/dp/B0761RY3LW,5.0,0,12.5,0.0,221,False,0,toys,Toys & Games,Dolls & Accessories,True,False,False,SRC-KAGGLE-002,amazon_products.csv
B08WCV1NT9,Lionel Construction Ready-to-Play Battery Powered Model Train Set with Remote,https://www.amazon.com/dp/B08WCV1NT9,4.5,0,105.65,114.99,270,False,50,toys,Toys & Games,Toys & Games,True,False,False,SRC-KAGGLE-002,amazon_products.csv
B09B2HZN26,"Gabby's Dollhouse, Transforming Garden Treehouse Playset with Lights, 2 Figures, 5 Accessories, 1 Delivery, 3 Furniture, Kids Toys for Ages 3 and up",https://www.amazon.com/dp/B09B2HZN26,4.7,3232,30.89,0.0,270,True,700,toys,Toys & Games,Toys & Games,False,False,False,SRC-KAGGLE-002,amazon_products.csv
B0C342P65C,2 Pack Solar System Puzzle for Kids 6+ Wooden Planet Puzzle for Kids Space Puzzle Preschool Education Toys Outer Space Jigsaw Puzzles for Kids Toddlers Girls Boys,https://www.amazon.com/dp/B0C342P65C,2.9,0,8.99,9.99,227,False,0,toys,Toys & Games,Puzzles,True,False,False,SRC-KAGGLE-002,amazon_products.csv
B092Q94TJD,"40 Pieces Horse Corral Fencing Accessories Playset Plastic Farm Fence Toy for Farm Barn Paddock Horse Stable Farm Animal Fence Panel Paddock Toy Educational Present Cake Toppers (Cute Style,Brown)",https://www.amazon.com/dp/B092Q94TJD,4.5,0,17.59,0.0,217,False,0,toys,Toys & Games,Toy Figures & Playsets,True,False,False,SRC-KAGGLE-002,amazon_products.csv
B0CH13QHWP,6.3 inch dead𝓹𝓸𝓸𝓵 Action Figures Statue Collection Toys Movie Character Figures Kits Collection Display Toy with Interchangeable Accessories The Best Gift for Adults and Children.,https://www.amazon.com/dp/B0CH13QHWP,0.0,0,28.99,0.0,217,False,0,toys,Toys & Games,Toy Figures & Playsets,True,False,True,SRC-KAGGLE-002,amazon_products.csv
B09F2SJWYW,"Baby Shark Mini Sound Pad | Baby Shark Toys, Musical Toys | Learning & Education Toys | Interactive Baby Toys | Gifts for Boys & Girls",https://www.amazon.com/dp/B09F2SJWYW,4.6,0,7.97,0.0,224,False,50,toys,Toys & Games,Learning & Education Toys,True,False,False,SRC-KAGGLE-002,amazon_products.csv
B07BPPW3BG,"Wild Republic Rooster Plush, Stuffed Animal, Plush Toy, Gifts for Kids, Hug’Ems 7 inches",https://www.amazon.com/dp/B07BPPW3BG,4.7,0,9.99,0.0,270,False,400,toys,Toys & Games,Toys & Games,True,False,False,SRC-KAGGLE-002,amazon_products.csv
B0B9CK5VCG,Handheld Joystick Game Buzzers - Great for Jeopardy Rounds and Many Trivia and Buzzer Games - 4 Pack,https://www.amazon.com/dp/B0B9CK5VCG,3.7,0,28.99,0.0,223,False,0,toys,Toys & Games,Games & Accessories,True,False,False,SRC-KAGGLE-002,amazon_products.csv
B07VTGRJWX,"Intelex Warmies Microwavable French Lavender Scented Plush, Llama Warmies, White, 14"" X 8"" X 4""",https://www.amazon.com/dp/B07VTGRJWX,4.7,0,23.92,29.99,270,False,50,toys,Toys & Games,Toys & Games,True,False,False,SRC-KAGGLE-002,amazon_products.csv
B08DSWZ5QT,Badger Basket On-The-Go Travel Tote and Storage Bag for 18 inch Dolls - Pink Stars,https://www.amazon.com/dp/B08DSWZ5QT,4.7,0,34.4,0.0,221,False,50,toys,Toys & Games,Dolls & Accessories,True,False,False,SRC-KAGGLE-002,amazon_products.csv
B0C9QJ1C9Q,PicassoTiles Canvas Tiles 13 Piece Whiteboard with 8 Magnetic Building Tiles & 5 Marker Pens Expansion Construction Blocks STEAM Learning Kits Educational Toy Set Preschool Toddler Child Kids Ages 3,https://www.amazon.com/dp/B0C9QJ1C9Q,4.6,0,12.99,0.0,270,False,0,toys,Toys & Games,Toys & Games,True,False,False,SRC-KAGGLE-002,amazon_products.csv
B09NP877X7,"Project Sekai: Colorful Stage! feat. Hatsune Miku SPM Figure Wonderland Miku, 6 x 6 x 8 inches",https://www.amazon.com/dp/B09NP877X7,4.7,0,26.99,0.0,217,False,100,toys,Toys & Games,Toy Figures & Playsets,True,False,False,SRC-KAGGLE-002,amazon_products.csv
B095NBK2LM,Jigsaw Puzzles 1000 Pieces for Adults | Funny Family Game Created for Kids and Adults| 1000 Piece Puzzle Finished Size 19.7inches x 27.6 inch. | Brain Feeder Original Product (HOT AIR Balloon),https://www.amazon.com/dp/B095NBK2LM,4.4,0,8.99,0.0,227,False,0,toys,Toys & Games,Puzzles,True,False,False,SRC-KAGGLE-002,amazon_products.csv
B084BQBMWW,H5 Domino Creations 100-Piece Set Kids Games for Game Night Building Toys for Outdoor Games Lily Hevesh Dominoes Set for Adults & Kids Ages 5+,https://www.amazon.com/dp/B084BQBMWW,4.8,0,15.79,24.99,223,False,600,toys,Toys & Games,Games & Accessories,True,False,False,SRC-KAGGLE-002,amazon_products.csv
B0BYXJ9ZXP,"Weighted Stuffed Animals 20"" 3 lbs Unicorns for Kids, Medium Heavy Weighted Plush Animals, Great Gift Idea for Boys Girls Toddlers",https://www.amazon.com/dp/B0BYXJ9ZXP,4.3,0,29.99,0.0,229,False,0,toys,Toys & Games,Stuffed Animals & Plush Toys,True,False,False,SRC-KAGGLE-002,amazon_products.csv
B075NWG64P,LEGO - Disney Princess Sleeping Beauty's Fairytale Castle 41152 Building Kit (322 Piece),https://www.amazon.com/dp/B075NWG64P,4.8,0,115.59,135.85,220,False,0,toys,Toys & Games,Building Toys,True,False,False,SRC-KAGGLE-002,amazon_products.csv
B07TKDFBS9,"Light Up Monster Trucks for Boys and Girls, Toy Truck Set, Monster Trucks for Boys 3 4 5 6 7 8 Years Old, Toddler Monster Truck Toys, Light Up Trucks",https://www.amazon.com/dp/B07TKDFBS9,4.4,0,23.99,0.0,270,False,500,toys,Toys & Games,Toys & Games,True,False,False,SRC-KAGGLE-002,amazon_products.csv
B0858C7Y7B,"LEGO NINJAGO Skull Sorcerer’s Dragon 71721 NINJAGO Dragon Set Featuring Warrior Toy Figures (1,016 Pieces)",https://www.amazon.com/dp/B0858C7Y7B,4.9,0,180.0,0.0,220,False,0,toys,Toys & Games,Building Toys,True,False,False,SRC-KAGGLE-002,amazon_products.csv
B088WT1PHF,"Soap Making Kit for Kids Educational Science Toys - Make Your Own Stem Science Toys, DIY Arts and Crafts Kit, Experiments Activities Toys for Boys Girl Age 6 7 8-12 Years Old",https://www.amazon.com/dp/B088WT1PHF,4.6,0,18.98,0.0,224,False,0,toys,Toys & Games,Learning & Education Toys,True,False,False,SRC-KAGGLE-002,amazon_products.csv
B0BTZTQWJM,Bandai One Piece Card Game OP-04 Japanese ver. Kingdoms of Intrigue Booster Box,https://www.amazon.com/dp/B0BTZTQWJM,3.6,0,54.0,0.0,223,False,300,toys,Toys & Games,Games & Accessories,True,False,False,SRC-KAGGLE-002,amazon_products.csv
B09VGVVF1K,Hamster Plush Pillow - 15 inches Guinea Pig Stuffed Animal - Cute Mouse Plush Doll Toy Animals - Soft Hugging Pillow Birthday Holiday Xmas Gifts for Kids Girls Boys Adults (Brown),https://www.amazon.com/dp/B09VGVVF1K,4.5,0,18.99,0.0,229,False,0,toys,Toys & Games,Stuffed Animals & Plush Toys,True,False,False,SRC-KAGGLE-002,amazon_products.csv
B00CCJAWTG,"Hape E3461 Wooden Doll House Furniture Playground Set And Accessories Doll House Accessories,",https://www.amazon.com/dp/B00CCJAWTG,4.5,0,17.37,19.99,221,False,100,toys,Toys & Games,Dolls & Accessories,True,False,False,SRC-KAGGLE-002,amazon_products.csv
B08YN541VV,"Ultra PRO - Pokemon Charmander Playmat, Perfect for Protecting Your Gaming Cards or Collectible Cards When Displaying, Perfect Use As Mousepad or Desk Mat",https://www.amazon.com/dp/B08YN541VV,4.8,0,14.95,27.12,223,False,0,toys,Toys & Games,Games & Accessories,True,False,False,SRC-KAGGLE-002,amazon_products.csv
B09ZSYFYL6,"Monster Truck Toys for Kids Boys Girls Toddlers 3, 4, 5, 6, 7, 8 Years Old, Friction Powered Truck Toy Cars Vehicles, Sand Toys, Beach Toys, Sand Box Toy Gifts for Boys Girls Toddlers (6 Pack)",https://www.amazon.com/dp/B09ZSYFYL6,4.7,275,12.88,0.0,270,False,400,toys,Toys & Games,Toys & Games,False,False,False,SRC-KAGGLE-002,amazon_products.csv
B0BNN29WNG,"Machine Bubble Gun (Pink),Rocket Bubble Blaster 69 Holes Bubble Gun, 2 Bottles of Bubble Solution Refill, Fun Toys for Boys and Girls, Outdoor Fun Toys.",https://www.amazon.com/dp/B0BNN29WNG,5.0,0,20.0,0.0,270,False,0,toys,Toys & Games,Toys & Games,True,False,False,SRC-KAGGLE-002,amazon_products.csv
B0BXSKCW6K,"WoodenEdu Premium Toddler Play Kitchen Toys, Wooden Kitchen Utensils, Accessories for Pretend Play Kitchen Set, Montessori Learning Toy, Pretend Cooking Playset, Gift for 3+",https://www.amazon.com/dp/B0BXSKCW6K,4.5,167,16.99,0.0,270,False,100,toys,Toys & Games,Toys & Games,False,False,False,SRC-KAGGLE-002,amazon_products.csv
B09V7WHXKY,Tonies Mater Audio Play Character from Disney and Pixar's Cars 2,https://www.amazon.com/dp/B09V7WHXKY,4.7,0,17.99,0.0,224,False,500,toys,Toys & Games,Learning & Education Toys,True,False,False,SRC-KAGGLE-002,amazon_products.csv
B08BSCDX2Q,"Disney Classics 14-inch Stitch, Comfort Weighted Plush, Officially Licensed Kids Toys for Ages 3 Up by Just Play",https://www.amazon.com/dp/B08BSCDX2Q,4.8,0,19.99,21.99,270,False,1000,toys,Toys & Games,Toys & Games,True,False,False,SRC-KAGGLE-002,amazon_products.csv
B09RWH44NV,Lego Ninjago Sensei Wu Minifigure - Legacy with Gold Staff and Black Outfit Minifig,https://www.amazon.com/dp/B09RWH44NV,4.7,0,11.95,0.0,220,False,0,toys,Toys & Games,Building Toys,True,False,False,SRC-KAGGLE-002,amazon_products.csv
B0C49HVSXZ,"Amy&Benton 300 PCS Fidget Party Favors for Kids Fidget Toys Birthday Gift Toys Party Toy Assortment Treasure Box Birthday Goodie Bag Stuffers for Kids Carnival Prizes, Pinata Filler for Classroom",https://www.amazon.com/dp/B0C49HVSXZ,4.5,6184,30.99,33.99,270,False,50,toys,Toys & Games,Toys & Games,False,False,False,SRC-KAGGLE-002,amazon_products.csv
B09QMNQLH2,"Russian Alphabet for Kids Electronic, Russian Fairy Tales Musical Educational Toys for Toddlers, Russian Language Learning for Beginners, Learn to Speak Russian Audio",https://www.amazon.com/dp/B09QMNQLH2,3.9,11,29.89,0.0,230,False,0,toys,Toys & Games,Baby & Toddler Toys,False,False,False,SRC-KAGGLE-002,amazon_products.csv
B087MHGHLG,"B. toys- Vehicles On The Go!- Wooden Peg Puzzle – Educational Puzzle – Vehicles Peg Puzzle for Toddlers, Kids – 7 Chunky Pieces – 18 Months +",https://www.amazon.com/dp/B087MHGHLG,4.4,0,7.95,0.0,227,False,0,toys,Toys & Games,Puzzles,True,False,False,SRC-KAGGLE-002,amazon_products.csv
B0C98D74W1,"KAAYEE Heart Shaped Wooden Puzzle - 300pcs, 15.7 * 14.4inch, Heart Wood Puzzles with Unique Animal Pieces for Adults, Gift for People You Love",https://www.amazon.com/dp/B0C98D74W1,5.0,0,39.99,0.0,227,False,0,toys,Toys & Games,Puzzles,True,False,False,SRC-KAGGLE-002,amazon_products.csv
B07FNQCNKB,"Liquid Motion Bubbler Floating Sea Creatures, Diamond Shaped Liquid Timer for Fidget Toy,Autism Toys, Children Activity, Calm Relaxing and Home Ornament ",https://www.amazon.com/dp/B07FNQCNKB,4.4,0,9.99,12.99,218,False,0,toys,Toys & Games,Novelty Toys & Amusements,True,False,False,SRC-KAGGLE-002,amazon_products.csv
B0CF1B5MRJ,"Red Panda Stuffed Animal, 15.8""Red Panda Plush Toys, Cute Bear Plushie Toy Stuffed, Red Panda Plush Pillow Plushies Gifts, Hugging Pillow Room Decoration Kawaii Doll Birthday Gifts for Kids Girls Boys",https://www.amazon.com/dp/B0CF1B5MRJ,4.5,0,13.98,0.0,229,False,0,toys,Toys & Games,Stuffed Animals & Plush Toys,True,False,False,SRC-KAGGLE-002,amazon_products.csv
B09QS1H7QP,"Squishmallows 8"" Robb The Orangutan - Official Kellytoy Plush - Cute and Soft Monkey Stuffed Animal Toy - Great Gift for Kids",https://www.amazon.com/dp/B09QS1H7QP,4.7,0,22.69,24.99,229,False,0,toys,Toys & Games,Stuffed Animals & Plush Toys,True,False,False,SRC-KAGGLE-002,amazon_products.csv
B0BZR5XM4W,JRD&BS WINL Super Slide Games BrainToys for Boys Puzzles Toys for 3-12 Year Old Educational Learning Toys for All Age 500 Entertaining Fun & Mind Training IQ Puzzles Slide Brain Game for Kids Black,https://www.amazon.com/dp/B0BZR5XM4W,3.9,0,11.99,17.99,270,False,0,toys,Toys & Games,Toys & Games,True,False,False,SRC-KAGGLE-002,amazon_products.csv
B0BG1GY1R3,"Glowing Beer Pong Table Mat for Drinking Game Light Up Plastic Cups and Pongs Beer Pong Set for Party Game Indoor Outdoor Pong Game, Party Supplies Decor 71 * 23inch",https://www.amazon.com/dp/B0BG1GY1R3,4.5,0,24.98,0.0,223,False,50,toys,Toys & Games,Games & Accessories,True,False,False,SRC-KAGGLE-002,amazon_products.csv
B09V49GTYC,hahaland Toys for 1 Year Old Boy Birthday Gfit - Activity Robot Baby Toys - Musical Light up Poseable Motor Skill Toy - Interactive Montessori Toys One Year Old Boy Toys Christmas Stocking Stuffers,https://www.amazon.com/dp/B09V49GTYC,4.3,1664,12.99,0.0,270,False,900,toys,Toys & Games,Toys & Games,False,False,False,SRC-KAGGLE-002,amazon_products.csv
B0CHJKV2VT,"Bath Toys 8 Pcs Light Up Floating Cute Animal Toys for Baby Toddler, Flashing Color Changing Light up in Water Bathtime Shower Bathtub Toy for Kids Infant Swimming Pool Birthday Party Toy",https://www.amazon.com/dp/B0CHJKV2VT,4.4,895,8.99,0.0,230,False,0,toys,Toys & Games,Baby & Toddler Toys,False,False,False,SRC-KAGGLE-002,amazon_products.csv
B0C776NBHQ,"HOLYFUN Car Seat Toys for Babies, Sensory Stroller Toy for Toddlers, Adjustable Carseat Toys with Music, Baby Travel Toys with Teether and Hanging Squeaky Infant Toys",https://www.amazon.com/dp/B0C776NBHQ,1.5,4,24.99,0.0,230,False,50,toys,Toys & Games,Baby & Toddler Toys,False,False,False,SRC-KAGGLE-002,amazon_products.csv
B0CD2LVHCL,"30-in-1 STEM Solar Robot Kit Toys, 243 Pieces Educational Building Science Experiment Kit for Kids Aged 8-12, Birthday Gifts Kids Aged 8 9 10 11 12 13 Years Old(Yellow)",https://www.amazon.com/dp/B0CD2LVHCL,4.7,0,24.99,0.0,270,False,0,toys,Toys & Games,Toys & Games,True,False,False,SRC-KAGGLE-002,amazon_products.csv
B0BKPL5DM5,"Chainsaw Man Building Block Kit, Action Figurines Decoration Chainsaw Man Model, Popular Anime Character Models Toys for Boys Girls Christmas Thanksgiving (239 Pcs)",https://www.amazon.com/dp/B0BKPL5DM5,4.3,0,15.96,0.0,220,False,0,toys,Toys & Games,Building Toys,True,False,False,SRC-KAGGLE-002,amazon_products.csv
B08P3TKD4N,"Wooden Toddler Puzzles and Rack Set - 3 Pack with Storage Holder Rack and Learning Clock - Kids Preschool Peg Puzzles for Children Boys Girls – Safari, Dinosaur Farm Animals Shape Puzzle for Toddlers",https://www.amazon.com/dp/B08P3TKD4N,4.4,0,13.99,0.0,270,False,0,toys,Toys & Games,Toys & Games,True,False,False,SRC-KAGGLE-002,amazon_products.csv
B0C6M4GYGJ,Monster High Fan-Sea Lagoona Blue - Entertainment Earth Exclusive,https://www.amazon.com/dp/B0C6M4GYGJ,5.0,0,46.99,0.0,221,False,100,toys,Toys & Games,Dolls & Accessories,True,False,False,SRC-KAGGLE-002,amazon_products.csv
B005ESA9NG,Celestial Buddies Sun Buddy Learning Science Astronomy Space Solar System Educational Plush Blue Planet Toys,https://www.amazon.com/dp/B005ESA9NG,4.9,0,32.99,0.0,229,False,50,toys,Toys & Games,Stuffed Animals & Plush Toys,True,False,False,SRC-KAGGLE-002,amazon_products.csv
B08QD4T611,"Matchbox Working Rigs 4-Pack, Set of 4 Toy Construction Trucks & Equipment with Moving Parts (Styles May Vary)",https://www.amazon.com/dp/B08QD4T611,4.8,0,20.73,23.99,217,False,100,toys,Toys & Games,Toy Figures & Playsets,True,False,False,SRC-KAGGLE-002,amazon_products.csv
B0CCSS7W2C,Dragons Cave Safe Secret Puzzle Box Money and Gift Card Holder in a Wood IQ Very Difficult and challenging Lock Box with Hidden Compartments Brainteaser,https://www.amazon.com/dp/B0CCSS7W2C,3.7,0,24.95,0.0,227,False,0,toys,Toys & Games,Puzzles,True,False,False,SRC-KAGGLE-002,amazon_products.csv
B00V90CNC8,"SCS Direct Brick Building Blocks Baseplates - 5""x5"" Pink and Purple Set of 10 (5 of Each Color) - Dual Side Connectivity - Compatible with and Tight Fit with All Major Building Block Brands",https://www.amazon.com/dp/B00V90CNC8,4.3,0,14.95,0.0,220,False,0,toys,Toys & Games,Building Toys,True,False,False,SRC-KAGGLE-002,amazon_products.csv
B07G4WM2T9,"Ceaco - Thomas Kinkade - DC Comics - The Trinity - Batman, Superman, and Wonder Woman - 1000 Piece Jigsaw Puzzle",https://www.amazon.com/dp/B07G4WM2T9,4.7,0,10.5,0.0,227,False,50,toys,Toys & Games,Puzzles,True,False,False,SRC-KAGGLE-002,amazon_products.csv
B0B9HSPXB1,NERF Super Soaker Toss ‘N Splash Cornhole Set – Bean Bag Toss Game for Kids with a Splashtastic Water Twist for Outdoor Fun,https://www.amazon.com/dp/B0B9HSPXB1,3.8,0,25.49,29.99,270,False,0,toys,Toys & Games,Toys & Games,True,False,False,SRC-KAGGLE-002,amazon_products.csv
B09NP627T9,"Bluey Premier 48 Pc Puzzle Set for Kids - Bluey Party Supplies Bundle with 1 Bluey Puzzle, Crenstone Puppy Stickers, and More (Bluey Games and Activities) Styles May Vary, Bluey Party Favors",https://www.amazon.com/dp/B09NP627T9,4.0,0,10.95,0.0,270,False,0,toys,Toys & Games,Toys & Games,True,False,False,SRC-KAGGLE-002,amazon_products.csv
B072P2TVMJ,"Arcane Tinmen ApS Dragon Shield Japanese Size Sleeves – Matte Orange 60CT - Card Sleeves Smooth & Tough - Compatible with Pokemon, Yugioh, & More– TCG, OCG,ART11113",https://www.amazon.com/dp/B072P2TVMJ,4.6,0,9.58,0.0,223,False,0,toys,Toys & Games,Games & Accessories,True,False,False,SRC-KAGGLE-002,amazon_products.csv
B08T24LSPM,"Hot Bee 4 Pcs Train Tracks Accessories Straight Train Track Railroad Building Toy Railway Rail with 14 Snaps 9015 Trains Set,Gifts for 3 4 5 6 7 8+ Year Old Kids (Size：6cm/2.36in)",https://www.amazon.com/dp/B08T24LSPM,4.0,0,11.99,0.0,270,False,0,toys,Toys & Games,Toys & Games,True,False,False,SRC-KAGGLE-002,amazon_products.csv
B0CGZW3S28,"11inch Cute Banana Cow Plush, Cow Stuffed Animals Kawaii Cow Pillow Gifts for Kids Girls Boys Birthday Christmas Home Decora (Banana Cow)",https://www.amazon.com/dp/B0CGZW3S28,5.0,0,15.99,0.0,229,False,0,toys,Toys & Games,Stuffed Animals & Plush Toys,True,False,False,SRC-KAGGLE-002,amazon_products.csv
B001TJ8I3W,"Learning Resources Magnetic Wands, Set of 24, Ages 5+, Science Exploration, Observation Skills,Back to School Supplies,Teacher Supplies",https://www.amazon.com/dp/B001TJ8I3W,4.8,0,46.39,59.99,224,False,0,toys,Toys & Games,Learning & Education Toys,True,False,False,SRC-KAGGLE-002,amazon_products.csv
B0BCWX578S,15 Pcs Plush Foam Floor Mat Square Interlocking Fluffy Tiles with Border Play Mat Flooring Tiles Soft Climbing Area Rugs for Home Playroom Decoration,https://www.amazon.com/dp/B0BCWX578S,3.5,0,37.99,40.99,227,False,50,toys,Toys & Games,Puzzles,True,False,False,SRC-KAGGLE-002,amazon_products.csv
B0BJYSFXKD,LIFEBE 10Pack Sticker Books for Kids 2-4 (600+ Stickers) Quiet Book Toddler Busy Book - 10 Themes Activity Books Stickers for Girls Boys Preschool Education Learning Toys Ages 3-6,https://www.amazon.com/dp/B0BJYSFXKD,4.4,105,13.99,0.0,270,False,0,toys,Toys & Games,Toys & Games,False,False,False,SRC-KAGGLE-002,amazon_products.csv
B0BDMCM1ST,QUOKKA Jigsaw Puzzle Table for Adults with Drawers - | Foldable | Portable | Adjustable Legs | Rotatable | - 32x24 Patent Pending Wooden Puzzle Board with Cover for 1000-1500 - 2000 Pieces,https://www.amazon.com/dp/B0BDMCM1ST,3.8,0,159.99,249.99,227,False,100,toys,Toys & Games,Puzzles,True,False,False,SRC-KAGGLE-002,amazon_products.csv
B09S62RZQS,"Schleich Horse Club, Horse Toys for Girls and Boys, Carriage Ride with Picnic Horse Set with Horse Toy, 32 Pieces",https://www.amazon.com/dp/B09S62RZQS,4.7,0,19.49,34.99,217,False,300,toys,Toys & Games,Toy Figures & Playsets,True,False,False,SRC-KAGGLE-002,amazon_products.csv
B0BVFBLLTN,28PCS Rainbow Crystal Geometric Acrylic Blocks Castle Building Sensory Game High Transparent Preschool Colorful Learning Light Shadow Toys for Kids (Macaron),https://www.amazon.com/dp/B0BVFBLLTN,0.0,0,62.99,0.0,220,False,0,toys,Toys & Games,Building Toys,True,False,True,SRC-KAGGLE-002,amazon_products.csv
B0BY29169X,Toddler Toys for 2 3 4 5 Years Old - Autism Sensory Toys for Autistic Children - Educational Learning Toys for Age 2-4 Boys Girls Speech Therapy Toys 288 Sight Words Talking Flash Cards,https://www.amazon.com/dp/B0BY29169X,2.8,0,9.99,11.99,224,False,50,toys,Toys & Games,Learning & Education Toys,True,False,False,SRC-KAGGLE-002,amazon_products.csv
B0C36ZW5Y3,"Bilinott Toy Cat for Kids, Touch and Voice Controlled Remote Control Cat with Leash, Lifelike Walking Cat Toy That Can Walk, Meow, and Wags Tail, Best Festive Gift for Boys and Girls Ages 3 4 5 6 7",https://www.amazon.com/dp/B0C36ZW5Y3,4.7,4,28.99,0.0,270,False,100,toys,Toys & Games,Toys & Games,False,False,False,SRC-KAGGLE-002,amazon_products.csv
B0C449XLVY,Hasbro Gaming HeroQuest Hero Collection Path of The Wandering Monk Figures | Includes 2 Detailed Miniatures | Requires HeroQuest Game System to Play | Ages 14 and Up,https://www.amazon.com/dp/B0C449XLVY,0.0,0,14.99,0.0,270,False,600,toys,Toys & Games,Toys & Games,True,False,True,SRC-KAGGLE-002,amazon_products.csv
0984527214,"Funny Sayings - Fun & Funny Word Game & Conversation Starter for Kids, Teens & Adults - Idiom Game - Family Trivia Cards for Adults & Kids - 150 Conversation Cards for Families",https://www.amazon.com/dp/0984527214,4.5,0,14.95,0.0,224,False,50,toys,Toys & Games,Learning & Education Toys,True,False,False,SRC-KAGGLE-002,amazon_products.csv
B085WCHDJB,"Glowblocks Light-Up Tumbling Tower Game, First Ever LED Building Blocks Stacking Game, Indoor Board Game for Kids and Adults for Family Game Night",https://www.amazon.com/dp/B085WCHDJB,4.6,0,0.0,0.0,223,False,100,toys,Toys & Games,Games & Accessories,True,True,False,SRC-KAGGLE-002,amazon_products.csv
B0B8JBND5W,3PCS ALASOU Suction Cup Spinner Toys for 1 2 Year Old Boy&Girl|Toddler Toys Age 1-2|1 2 Year Old Boy Birthday Gift for Infant|Sensory Baby Bath Toys for Toddlers 1-3,https://www.amazon.com/dp/B0B8JBND5W,4.6,0,8.99,0.0,218,True,1000,toys,Toys & Games,Novelty Toys & Amusements,True,False,False,SRC-KAGGLE-002,amazon_products.csv
B08FWRF4W5,Curious Columbus - Dinosaur Magnets - 52 Fridge Magnets For Toddlers with Foam Magnetic Alphabet Letters For Toddler Learning - Toddler Magnets - ABC Learning For Toddlers Refrigerator Dinosaur Magnet,https://www.amazon.com/dp/B08FWRF4W5,4.6,0,16.99,0.0,224,False,0,toys,Toys & Games,Learning & Education Toys,True,False,False,SRC-KAGGLE-002,amazon_products.csv
B0B62887TP,"Barbie My First Barbie Preschool Doll, ""Malibu"" with 13.5-inch Soft Posable Body & Blonde Hair, Plush Kitten & Accessories",https://www.amazon.com/dp/B0B62887TP,4.8,0,13.99,19.99,270,False,1000,toys,Toys & Games,Toys & Games,True,False,False,SRC-KAGGLE-002,amazon_products.csv
B0C33F5MFD,"Mchoi Travel Case Suitable for Giiker Super Slide Brain Games, Shockproof Waterproof Blue Travel Protective Case, Case Only",https://www.amazon.com/dp/B0C33F5MFD,5.0,0,15.87,0.0,227,False,0,toys,Toys & Games,Puzzles,True,False,False,SRC-KAGGLE-002,amazon_products.csv
B07RJ254NN,Daron Mta New York City Double Decker Bus 2019 New Medium,https://www.amazon.com/dp/B07RJ254NN,4.6,0,21.99,27.95,217,False,0,toys,Toys & Games,Toy Figures & Playsets,True,False,False,SRC-KAGGLE-002,amazon_products.csv
B07MSV9XGG,"Disney Descendants Evie Fashion Doll, Inspired by Descendants 3",https://www.amazon.com/dp/B07MSV9XGG,4.8,0,0.0,0.0,221,False,400,toys,Toys & Games,Dolls & Accessories,True,True,False,SRC-KAGGLE-002,amazon_products.csv
B0C348PFGB,"Mini Claw Machine for Kids Adults with Prizes,Volume Control and 60 Seconds Countdown,2 Power Supply Modes,Candy Gumball Vending Machines Toys for 4-7 8-12 Year Old Boy Girl Gift Ideas-Bunny",https://www.amazon.com/dp/B0C348PFGB,4.5,0,64.99,0.0,223,False,100,toys,Toys & Games,Games & Accessories,True,False,False,SRC-KAGGLE-002,amazon_products.csv
B0BRJLB1J7,Retro Metal Chess Set for Adults and Kids – Marbling Chess Board with Chess Pieces – Travel Chess Set with Metal Pieces – Folding Chessboard – Ideal for Beginners and Professional Players…,https://www.amazon.com/dp/B0BRJLB1J7,4.4,0,59.96,0.0,223,False,300,toys,Toys & Games,Games & Accessories,True,False,False,SRC-KAGGLE-002,amazon_products.csv
B0C3TSGGR7,"Toddler Toys for Boys 2-5 Years Old Gifts, Speech Autism Therapy Toys, Talking Flash Cards with 448 Sight Words, Learning Educational Montessori Sensory Toys for Autism Toddlers(Blue)",https://www.amazon.com/dp/B0C3TSGGR7,4.5,0,18.99,29.99,224,False,200,toys,Toys & Games,Learning & Education Toys,True,False,False,SRC-KAGGLE-002,amazon_products.csv
B000FD8KA4,"Ravensburger Fields of Gold 15288 1000 Piece Puzzle for Adults, Every Piece is Unique, Softclick Technology Means Pieces Fit Together Perfectly",https://www.amazon.com/dp/B000FD8KA4,4.4,0,27.64,0.0,227,False,0,toys,Toys & Games,Puzzles,True,False,False,SRC-KAGGLE-002,amazon_products.csv
B09QD4CN5T,Just Toys LLC Sonic the Hedgehog Backpack Hangers - Series 3,https://www.amazon.com/dp/B09QD4CN5T,4.1,0,6.88,0.0,217,False,600,toys,Toys & Games,Toy Figures & Playsets,True,False,False,SRC-KAGGLE-002,amazon_products.csv
B08J4FW142,"Barbie Skipper Babysitters Inc. Accessories Set with Small Toddler Doll & Pink Playhouse, Plus Pinwheel, Teddy Bear & Cup, Gift for 3 to 7 Year Olds",https://www.amazon.com/dp/B08J4FW142,4.7,0,17.22,0.0,221,False,0,toys,Toys & Games,Dolls & Accessories,True,False,False,SRC-KAGGLE-002,amazon_products.csv
B0014ZA6F4,Schylling Mini Tin Tops,https://www.amazon.com/dp/B0014ZA6F4,4.2,2893,13.5,0.0,230,False,200,toys,Toys & Games,Baby & Toddler Toys,False,False,False,SRC-KAGGLE-002,amazon_products.csv
B0BJKJ9RN1,"Cozy Castle 3 in 1 Wooden Climbing Toys for Toddlers, Foldable Pikler Triangle Climber with Ramp for Sliding or Climbing, Oak",https://www.amazon.com/dp/B0BJKJ9RN1,4.2,0,99.99,109.99,270,False,0,toys,Toys & Games,Toys & Games,True,False,False,SRC-KAGGLE-002,amazon_products.csv
B07KB53WG5,"Fine Glass Chess Set Game, Modern Clear Chess Set, Deluxe Chess Set Glass Chess Board Set with Solid Clear & Frosted Chess Glass Pieces | 9.7’’ Crystal Chess Boards Sets, Felt Padding Included",https://www.amazon.com/dp/B07KB53WG5,4.4,0,23.99,0.0,223,False,100,toys,Toys & Games,Games & Accessories,True,False,False,SRC-KAGGLE-002,amazon_products.csv
B0828S8Y1Q,"3D Puzzles for Adults - LED Titanic 35'' Large Ship - New Home Desk Decor - House Warming,Wedding,Anniversary,Valentines Day,Christmas Teacher Gifts 2023 Stocking Stuffers for Adults",https://www.amazon.com/dp/B0828S8Y1Q,4.6,0,45.99,59.99,270,False,200,toys,Toys & Games,Toys & Games,True,False,False,SRC-KAGGLE-002,amazon_products.csv
B08JCJ72XL,"Stress Ball Toys Color Changing, Sensory Squeeze Toys Squishy Balls for Adults Kids Need, Stress Relief Balls for Easter Stuffers Fidget Ball Toys -4 Pack(Pink/Green/Blue/Purple)",https://www.amazon.com/dp/B08JCJ72XL,4.1,0,8.99,10.99,218,False,50,toys,Toys & Games,Novelty Toys & Amusements,True,False,False,SRC-KAGGLE-002,amazon_products.csv
B0BKH94W2M,"STAR WARS The Black Series NED-B & Purge Trooper, OBI-Wan Kenobi 6-Inch Collectible Action Figures Carbonized 2-Pack, Ages 4 and Up (Amazon Exclusive)",https://www.amazon.com/dp/B0BKH94W2M,5.0,4,74.99,0.0,270,False,0,toys,Toys & Games,Toys & Games,False,False,False,SRC-KAGGLE-002,amazon_products.csv
B08T61M735,"Orbeez Water Beads, Soothing Foot Spa with 2,000 Orbeez, The One and Only, Kids Spa Sensory Toys",https://www.amazon.com/dp/B08T61M735,4.1,1805,19.99,29.99,230,False,200,toys,Toys & Games,Baby & Toddler Toys,False,False,False,SRC-KAGGLE-002,amazon_products.csv
B0B7V84G7G,Funko Spirit Halloween Trick 'r Treat Chuckles POP! Figure,https://www.amazon.com/dp/B0B7V84G7G,4.8,0,11.24,14.99,217,False,50,toys,Toys & Games,Toy Figures & Playsets,True,False,False,SRC-KAGGLE-002,amazon_products.csv
B0C2Y6WV3M,IWUTEFET Interactive Activity Pop-Up Toy for Babies and Toddlers - Cause and Effect Toys - Montessori Toy Toddler Infant Toys Interactive Playset -Activity Center Toy Cute Animal Learning Game,https://www.amazon.com/dp/B0C2Y6WV3M,4.6,5,16.99,0.0,230,False,50,toys,Toys & Games,Baby & Toddler Toys,False,False,False,SRC-KAGGLE-002,amazon_products.csv
B0C8HHK7WN,"Piggy-Bank-Toys-for Girls,Large Electronic Coin-Cash-Register for-Toddler-Girls-Toys-Age-6-8,Cool-Stuff-ATM Bank Money Box,Kids-Toys for 2 3 4 5 6 7 8 9 10 11 12 Year Old Girl Christmas-Birthday-Gifts",https://www.amazon.com/dp/B0C8HHK7WN,3.9,0,25.99,29.99,218,False,200,toys,Toys & Games,Novelty Toys & Amusements,True,False,False,SRC-KAGGLE-002,amazon_products.csv
B09XZ5TC8H,"hand2mind Color Changing Plastic 100 Bead Abacus, Abacus for Kids Math, Math Manipulatives Kindergarten, Counting Rack for Kids, Counters for Kids Math, Educational Toys for Elementary Kids (Set of 1)",https://www.amazon.com/dp/B09XZ5TC8H,4.8,49,14.99,0.0,230,False,50,toys,Toys & Games,Baby & Toddler Toys,False,False,False,SRC-KAGGLE-002,amazon_products.csv
B0C4BHDG1L,"Sagrada Artisans - A Strategy Game Based on The Award-Winning Board Game, Sagrada! | Family Board Game for Kids & Adults | Ages 10 and Up | for 2 to 4 Players | Easy to Learn (Deluxe Edition)",https://www.amazon.com/dp/B0C4BHDG1L,3.0,0,74.95,0.0,223,False,50,toys,Toys & Games,Games & Accessories,True,False,False,SRC-KAGGLE-002,amazon_products.csv
B00JORK1QI,"Emily Rose 18 Inch Doll Clothes Pajamas 18-in Doll PJs Gift Set with Teddy Bear Accessory | Compatible with 18"" American Girl Dolls",https://www.amazon.com/dp/B00JORK1QI,4.4,0,15.25,0.0,221,False,0,toys,Toys & Games,Dolls & Accessories,True,False,False,SRC-KAGGLE-002,amazon_products.csv
B08YHTYD47,"Music Box Building Toys for Girls and Boys 8 9 10 11 12+ Year Old - Ideal Gifts for Kids Age 8-12 8-14, STEM Project and Activities, Best Birthday Gifts, Rotate with Music, Ocean",https://www.amazon.com/dp/B08YHTYD47,4.6,0,19.97,0.0,270,False,0,toys,Toys & Games,Toys & Games,True,False,False,SRC-KAGGLE-002,amazon_products.csv
B0BHY5V2G6,"Vintage Puzzles for Adults 1000 Pieces, Movie Puzzles Featuring 50 Memorable Movie Quotes, Retro Inspirational Quotes Jigsaw Puzzles as Movie Gifts",https://www.amazon.com/dp/B0BHY5V2G6,3.4,0,9.99,11.99,227,False,0,toys,Toys & Games,Puzzles,True,False,False,SRC-KAGGLE-002,amazon_products.csv
B09PWKG5R6,theory11 The Beatles Playing Cards (Orange),https://www.amazon.com/dp/B09PWKG5R6,4.7,0,12.92,0.0,223,False,0,toys,Toys & Games,Games & Accessories,True,False,False,SRC-KAGGLE-002,amazon_products.csv
B0009K3184,"Learning Resources Light 'N' Strike Math Game,Multi-color",https://www.amazon.com/dp/B0009K3184,3.8,0,44.99,49.99,224,False,0,toys,Toys & Games,Learning & Education Toys,True,False,False,SRC-KAGGLE-002,amazon_products.csv
B008C0MH7E,"World of Eric Carle, The Very Hungry Caterpillar Activity Toy, Jiggle Caterpillar",https://www.amazon.com/dp/B008C0MH7E,4.6,253,15.0,21.99,230,False,100,toys,Toys & Games,Baby & Toddler Toys,False,False,False,SRC-KAGGLE-002,amazon_products.csv
B07XSMQ8HG,SANNIX 12 Pack Jigsaw Puzzles for Toddlers Wooden Animals Jigsaw Puzzles 9 pcs with 12 Organize Bags for Kids Ages 2 3 4 5 Preschool Educational Puzzles Learning Travel Toys for Boys and Girls,https://www.amazon.com/dp/B07XSMQ8HG,4.6,0,15.99,30.99,270,False,300,toys,Toys & Games,Toys & Games,True,False,False,SRC-KAGGLE-002,amazon_products.csv
B07BJLS1TY,"9 Piece Tegu Magnetic Shape Train Building Block Set, Rainbow",https://www.amazon.com/dp/B07BJLS1TY,4.6,82,54.9,0.0,230,False,0,toys,Toys & Games,Baby & Toddler Toys,False,False,False,SRC-KAGGLE-002,amazon_products.csv
B0BGHTVW2T,"Wooden Puzzle for Adults, AAGOOD Owls Wooden Puzzles Jigsaw Unique Animal Shaped Pieces, Intimate Owls Puzzle Best Gift for Adults, Kids, Toddlers, 302pcs (14×15.3 inches) Large",https://www.amazon.com/dp/B0BGHTVW2T,4.5,0,39.99,0.0,270,False,0,toys,Toys & Games,Toys & Games,True,False,False,SRC-KAGGLE-002,amazon_products.csv
B07FZ1HFFS,Baby Musical Toy Dancing Singing Talking Walking Hip Hop Swing Goose Cool Educational Toy Gift for 1 2 3 Year Toddlers Kids Boys Girls,https://www.amazon.com/dp/B07FZ1HFFS,4.6,0,24.99,0.0,230,False,0,toys,Toys & Games,Baby & Toddler Toys,True,False,False,SRC-KAGGLE-002,amazon_products.csv
B0765ZFGDL,"VTech Zoo Jamz Xylophone, Green",https://www.amazon.com/dp/B0765ZFGDL,4.6,1138,17.99,0.0,230,False,50,toys,Toys & Games,Baby & Toddler Toys,False,False,False,SRC-KAGGLE-002,amazon_products.csv
B0BZJ2BCVL,200 Pcs Miniature Dollhouse Flooring Mini Wooden Dollhouse Floor Boards 1 12 Scale Dollhouse Accessories Geometric Bamboo Doll House Furniture Wood Floor Board for Model Decor (Beige),https://www.amazon.com/dp/B0BZJ2BCVL,4.3,0,13.99,0.0,221,False,50,toys,Toys & Games,Dolls & Accessories,True,False,False,SRC-KAGGLE-002,amazon_products.csv
B0BHQ76RDD,"American 18 inch Doll Accessories-Include Suitcase,Doll Swimming Suit,Swimming Ring,Sunglasses,Camera,etc.Travel Luggage Play Set for 18 Inch Dolls",https://www.amazon.com/dp/B0BHQ76RDD,4.2,0,19.99,24.99,221,False,50,toys,Toys & Games,Dolls & Accessories,True,False,False,SRC-KAGGLE-002,amazon_products.csv
B07N29BVMN,Aurora® Adorable Miyoni® Dalmatian Pup Stuffed Animal - Lifelike Detail - Cherished Companionship - White 11 Inches,https://www.amazon.com/dp/B07N29BVMN,4.7,0,16.15,16.98,229,False,100,toys,Toys & Games,Stuffed Animals & Plush Toys,True,False,False,SRC-KAGGLE-002,amazon_products.csv
B09D1WNR2K,"Buffalo Games - blanc - Lost in Kyoto Japan - 1000 Piece Jigsaw Puzzle,White",https://www.amazon.com/dp/B09D1WNR2K,4.2,0,13.07,14.99,227,False,0,toys,Toys & Games,Puzzles,True,False,False,SRC-KAGGLE-002,amazon_products.csv
B0BZMXV4N7,Blue Watermelon 1000-Piece Adult Jigsaw Puzzle from Cross & Glory - Perfect for Art and Puzzle Lovers | Vibrant Illustrations and Quality Pieces | Challenging and Relaxing | Great Gift Idea,https://www.amazon.com/dp/B0BZMXV4N7,3.7,0,19.95,0.0,227,False,100,toys,Toys & Games,Puzzles,True,False,False,SRC-KAGGLE-002,amazon_products.csv
B09SRJMX8F,Lego Elf Minifigure - with Train and Tools Minifig,https://www.amazon.com/dp/B09SRJMX8F,5.0,0,11.95,0.0,220,False,0,toys,Toys & Games,Building Toys,True,False,False,SRC-KAGGLE-002,amazon_products.csv
B09ZV4YQN6,3X3 Pyramid Speed Cube Carbon Fiber Sticker Puzzle Cube 3X3X3 Speed Cube Triangle Magic Cube Puzzle Toy Magic Cube Puzzles,https://www.amazon.com/dp/B09ZV4YQN6,4.7,0,7.49,0.0,227,False,50,toys,Toys & Games,Puzzles,True,False,False,SRC-KAGGLE-002,amazon_products.csv
B0BWH2LF66,Disney Inspired by Jasmine – Aladdin Disney ILY 4EVER Fashion Pack,https://www.amazon.com/dp/B0BWH2LF66,5.0,0,16.99,0.0,221,False,0,toys,Toys & Games,Dolls & Accessories,True,False,False,SRC-KAGGLE-002,amazon_products.csv
B0BNH3XDR7,Eapura Wooden Baby Sensory Board Sensory Toys for Autistic Children.Busy Cube for Develop Kids fine Motor Skills. Toddler Busy Board with Lock and Key Toy&Light Switch Board for Toddlers 1-3,https://www.amazon.com/dp/B0BNH3XDR7,3.9,11,19.99,22.99,230,False,0,toys,Toys & Games,Baby & Toddler Toys,False,False,False,SRC-KAGGLE-002,amazon_products.csv
B0BKR5VJ3S,"LEGO Superheroes: Captain America Minifig with Jetpack, Tesseract, Mjolnir and Blue Cape",https://www.amazon.com/dp/B0BKR5VJ3S,4.2,0,11.99,13.99,220,False,0,toys,Toys & Games,Building Toys,True,False,False,SRC-KAGGLE-002,amazon_products.csv
B08BYD8HBX,Case Compatible with Leapfrog for LeapStart Go System and for Leapfrog for LeapStart 3D/ for Pre-Kindergarten Activity Book of Level 1 2 3. Storage Carrying Holder Fits for USB Cable（Box Only）,https://www.amazon.com/dp/B08BYD8HBX,4.5,0,21.99,0.0,224,False,0,toys,Toys & Games,Learning & Education Toys,True,False,False,SRC-KAGGLE-002,amazon_products.csv
B098F57G9N,"City Police Mobile Command Center Truck Building Blocks, Mobile Police Unit with Prison, Cop Cars STEM Construction Toy Kit, Birthday Xmas Gifts for Kids, Boys, and Girls Ages 6+ (484 Pieces)",https://www.amazon.com/dp/B098F57G9N,4.0,0,37.99,0.0,220,False,0,toys,Toys & Games,Building Toys,True,False,False,SRC-KAGGLE-002,amazon_products.csv
B0BG7RVJXP,"Mini Claw Machine for Kids|Electronic Arcade Game Indoor Toy for Tiny Stuff Small Fun Cool Things|Candy Vending Machine Toy,Unicorn Toys for Girls,Great Birthday Gift for 6 7 8 9 Year Old",https://www.amazon.com/dp/B0BG7RVJXP,4.1,0,39.98,0.0,223,False,900,toys,Toys & Games,Games & Accessories,True,False,False,SRC-KAGGLE-002,amazon_products.csv
B09HYXTWPR,"Liberty Imports 16 Pack: Compatible Dinosaurs Mini Figures for Jurassic World Building Blocks Toys, Glow in The Dark Toy Mini Figures, Bulk Party Favors for Kids Play",https://www.amazon.com/dp/B09HYXTWPR,4.5,0,23.95,0.0,270,False,50,toys,Toys & Games,Toys & Games,True,False,False,SRC-KAGGLE-002,amazon_products.csv
B08V36SCH9,"Jada Toys Nano Hollywood Rides Fast & Furious 3 PK F9, Black",https://www.amazon.com/dp/B08V36SCH9,4.5,0,11.99,0.0,217,False,0,toys,Toys & Games,Toy Figures & Playsets,True,False,False,SRC-KAGGLE-002,amazon_products.csv
B079FKQPKW,"3D Puzzles for Kids Ages 8-10 Arts Crafts for Kids Ages 8-12 New York Cityline 3D Architecture Crafts for Girls Ages 8-12, Toys Gifts for 8 Year Old Girls Gifts for 10 Year Old Girl Building Model",https://www.amazon.com/dp/B079FKQPKW,4.6,0,19.99,0.0,227,False,100,toys,Toys & Games,Puzzles,True,False,False,SRC-KAGGLE-002,amazon_products.csv
B0BTZZX97V,Ceaco - Lorintheory - I AM Collection - 300 Piece Jigsaw Puzzle,https://www.amazon.com/dp/B0BTZZX97V,5.0,0,9.36,0.0,227,False,0,toys,Toys & Games,Puzzles,True,False,False,SRC-KAGGLE-002,amazon_products.csv
B006X9KUL6,"Educational Insights Magic Moves Electronic Wand, Over 90 Fun Moves Set to Music, Perfect for Preschool Group Activity",https://www.amazon.com/dp/B006X9KUL6,3.8,652,17.39,21.99,230,False,0,toys,Toys & Games,Baby & Toddler Toys,False,False,False,SRC-KAGGLE-002,amazon_products.csv
B0C6MNV4SS,"Military Medical Armored Vehicle Block Set, Military Medical Truck Model Building Kit, Block Toys Gift for Boys or Adults",https://www.amazon.com/dp/B0C6MNV4SS,4.8,0,30.9,0.0,220,False,0,toys,Toys & Games,Building Toys,True,False,False,SRC-KAGGLE-002,amazon_products.csv
B07PPH3F79,BARWA 35 Pack Doll Clothes and Accessories 5 PCS Fashion Dresses 3 PCS Gown Dresses 3 Bikini Swimsuits 5 Outfits 10 Shoes 5 Glasses for 11.5 inch Doll,https://www.amazon.com/dp/B07PPH3F79,4.2,0,14.99,17.99,221,False,50,toys,Toys & Games,Dolls & Accessories,True,False,False,SRC-KAGGLE-002,amazon_products.csv
B0CG8K9FF6,"20pcs Rubber Duck Plug with 4pcs Funny Rubber Ducks + Double-Sided Round Stickers, Self-Adhesive Duck Plug Holders Duck Holder for Dashboard Display (4 Colors)",https://www.amazon.com/dp/B0CG8K9FF6,0.0,0,12.59,0.0,230,False,0,toys,Toys & Games,Baby & Toddler Toys,True,False,True,SRC-KAGGLE-002,amazon_products.csv
B01CU9X8EI,"LEGO Technic Porsche 911 GT3 RS (2,704 Pieces)",https://www.amazon.com/dp/B01CU9X8EI,4.7,0,1115.49,0.0,220,False,0,toys,Toys & Games,Building Toys,True,False,False,SRC-KAGGLE-002,amazon_products.csv
B00TZZQKXW,"MEGA Bloks Fisher Price Toddler Building Blocks, Build N Learn Activity Table with 30 Pieces, Toy Car and Storage, Blue, Portable Gift Ideas for Kids",https://www.amazon.com/dp/B00TZZQKXW,4.7,6328,48.99,0.0,270,False,400,toys,Toys & Games,Toys & Games,False,False,False,SRC-KAGGLE-002,amazon_products.csv
B08T67PPHQ,"Remote Control Car, Toy for 3-8 Year Old Boys, 360° Rotating RC Deformation Robot Car Toy with LED Light, Transform Robot RC Car Age 3 4 5 6 7 8-12 Years Old for Kids, Boys Girls Birthday Gifts (Red)",https://www.amazon.com/dp/B08T67PPHQ,4.2,879,20.99,22.99,270,False,500,toys,Toys & Games,Toys & Games,False,False,False,SRC-KAGGLE-002,amazon_products.csv
B0BTSS665V,16 Pcs Mini Hedgehog Stuffed Animal Bulk Hedgehog Plush Stuffed Toy 4 Inch Decorations DIY Keychain Accessories Kid Children Gifts for Wedding Baby Shower Birthday Party Favors (Beige),https://www.amazon.com/dp/B0BTSS665V,4.4,0,19.99,21.99,229,False,0,toys,Toys & Games,Stuffed Animals & Plush Toys,True,False,False,SRC-KAGGLE-002,amazon_products.csv
B0B63XSXV7,"Y YOFUN Make Your Own Dinosaur Snow Globe - Dinosaur Toys for Kids, Dinosaur Decor, Dinosaur Craft Kit for Girls, Christmas, Birthday Gifts for Boys Age 5 6 7 8 9 10 Years Old",https://www.amazon.com/dp/B0B63XSXV7,4.4,0,19.98,0.0,270,False,0,toys,Toys & Games,Toys & Games,True,False,False,SRC-KAGGLE-002,amazon_products.csv
B0BXKWCKSQ,The Cat Plush Doll 11.8 in Garfield Plush Orange Cat Plush Animals Toy Boys Girls Children Christmas Birthday,https://www.amazon.com/dp/B0BXKWCKSQ,4.7,0,18.8,0.0,229,False,50,toys,Toys & Games,Stuffed Animals & Plush Toys,True,False,False,SRC-KAGGLE-002,amazon_products.csv
B093CYT835,"Wooden Puzzles for Adults,Wooden Animals Shaped Puzzles,Unique Shaped Jigsaw Puzzles,Magic Wooden Jigsaw Puzzles, Wood Puzzles Adult, Unique Puzzles (S-9.25”x6.3”, Butterfly)",https://www.amazon.com/dp/B093CYT835,4.4,0,16.98,0.0,227,False,0,toys,Toys & Games,Puzzles,True,False,False,SRC-KAGGLE-002,amazon_products.csv
B09ZHNDTZ7,Toyvian 6 pcs 1: 12 Scale Dollhouse Chairs Mini Wood Chair Miniature Furniture Photograph Layout Props for Dollhouse Lanscape Garden,https://www.amazon.com/dp/B09ZHNDTZ7,5.0,0,16.99,0.0,221,False,0,toys,Toys & Games,Dolls & Accessories,True,False,False,SRC-KAGGLE-002,amazon_products.csv
B01MSL2SNS,Funko Pop Animation Dragonball Orange Suit Goku and Flying Nimbus Exclusive Vinyl Figure,https://www.amazon.com/dp/B01MSL2SNS,4.9,0,14.93,17.95,217,False,100,toys,Toys & Games,Toy Figures & Playsets,True,False,False,SRC-KAGGLE-002,amazon_products.csv
B08S45XF3X,"Blue's Clues & You! Collectible 4-Piece Pirate Figure Set, Josh, Blue, Magenta, Slippery Soap, Kids Toys for Ages 3 Up by Just Play",https://www.amazon.com/dp/B08S45XF3X,4.8,0,9.39,11.99,270,False,0,toys,Toys & Games,Toys & Games,True,False,False,SRC-KAGGLE-002,amazon_products.csv
B0BKZ52FQ4,"12 Pack 5 Inch Boba Tea Plush Pillow Bubble Tea Plush Cup Shaped Pillows Boba Bubble Tea Keychain Mini Boba Stuffed Animal Small for Wallet Backpack Purse, Bubble Lovers Birthday Party Favors (Lovely)",https://www.amazon.com/dp/B0BKZ52FQ4,4.8,0,27.99,0.0,229,False,50,toys,Toys & Games,Stuffed Animals & Plush Toys,True,False,False,SRC-KAGGLE-002,amazon_products.csv
B08LK9LBTY,"Flybar Maverick 2.0 Foam Pogo Stick for Kids Ages 5 and Up, 40 to 80 Pounds, Outdoor Kids Toys, Pogo Stick for Boys and Girls, Rubber Grip",https://www.amazon.com/dp/B08LK9LBTY,4.5,301,54.99,0.0,270,False,50,toys,Toys & Games,Toys & Games,False,False,False,SRC-KAGGLE-002,amazon_products.csv
B084NHZZ5C,"Kindi Kids Dress Up Friends - Pre-School Play Doll, Marsha Mello Bunny - for Ages 3+ | Changeable Clothes and Removable Shoes for Imaginative Kids - Doll Companion",https://www.amazon.com/dp/B084NHZZ5C,4.8,0,29.56,0.0,221,False,0,toys,Toys & Games,Dolls & Accessories,True,False,False,SRC-KAGGLE-002,amazon_products.csv
B0BLCPWBWK,"PUTYOSH Electronic Learning Book, Interactive Toys for 3 4 5 Year Old Early Education Intelligent Books with Letters, Numbers, Fruits, Animals, Nursery Rhymes, Story and More Toy Gifts for Boys Girls",https://www.amazon.com/dp/B0BLCPWBWK,3.5,2,9.99,10.99,270,False,0,toys,Toys & Games,Toys & Games,False,False,False,SRC-KAGGLE-002,amazon_products.csv
B0BP4PMDZP,"Delusion Tarot Deck: Unique Tarot Cards with Guide Book, Tarot Deck, 78 Original Tarot Cards for Beginners and Experts",https://www.amazon.com/dp/B0BP4PMDZP,4.1,0,49.99,0.0,218,False,50,toys,Toys & Games,Novelty Toys & Amusements,True,False,False,SRC-KAGGLE-002,amazon_products.csv
B0BGNFKN7D,"Bandai Spirits 2607531 EXM-E7r Spinatia (Reaper Specifications), 1/144 Scale, Color-Coded Plastic Model",https://www.amazon.com/dp/B0BGNFKN7D,4.4,0,26.74,28.5,217,False,50,toys,Toys & Games,Toy Figures & Playsets,True,False,False,SRC-KAGGLE-002,amazon_products.csv
B0BDJDH7G7,"Indiana Jones and The Last Crusade Adventure Series Dr. Elsa Schneider Action Figure, 6-inch Action Figures, Toys for Kids Ages 4 and Up",https://www.amazon.com/dp/B0BDJDH7G7,0.0,0,24.99,0.0,217,False,50,toys,Toys & Games,Toy Figures & Playsets,True,False,True,SRC-KAGGLE-002,amazon_products.csv
B09J4WKGRH,"8 Pcs Balancing Bird Gravity with Pyramid Combination, Physical Science Office DesKtop Balance Eagle for Finger,Nostalgic ,Gravity Halloween (Random Color)",https://www.amazon.com/dp/B09J4WKGRH,4.7,0,14.99,0.0,224,False,0,toys,Toys & Games,Learning & Education Toys,True,False,False,SRC-KAGGLE-002,amazon_products.csv
B06W9F6BHJ,Hatchimals Hatchery Nursery Playset,https://www.amazon.com/dp/B06W9F6BHJ,4.6,0,43.99,0.0,221,False,0,toys,Toys & Games,Dolls & Accessories,True,False,False,SRC-KAGGLE-002,amazon_products.csv
B0BSLJQ32Z,"Mxiutery Toss and Catch Ball Game Set,Outdoor Games Toys, Playground Balls, Beach Games Set,Summer Toys for Kids Ages 4-8, Perfect Kids Toys Sets,Playground Sets, Outside Toys for Kids",https://www.amazon.com/dp/B0BSLJQ32Z,4.5,54,25.99,0.0,270,False,0,toys,Toys & Games,Toys & Games,False,False,False,SRC-KAGGLE-002,amazon_products.csv
B08CB22PX3,"Apricot Lamb Baby Unicorn Soft Rattle Toy, Plush Stuffed Animal for Newborn Soft Hand Grip Shaker Over 0 Months (Unicorn, 6 Inches)",https://www.amazon.com/dp/B08CB22PX3,4.7,0,10.99,0.0,270,False,0,toys,Toys & Games,Toys & Games,True,False,False,SRC-KAGGLE-002,amazon_products.csv
B0912CQWR8,"FORTNITE Hasbro Victory Royale Series Meowscles (Shadow) Deluxe Pack Collectible Action Figure with Accessories - Ages 8 and Up, 6-inch",https://www.amazon.com/dp/B0912CQWR8,4.7,0,24.95,38.99,217,False,50,toys,Toys & Games,Toy Figures & Playsets,True,False,False,SRC-KAGGLE-002,amazon_products.csv
B09D1W1MT2,"Buffalo Games - blanc - Sunset Surfer, California - 300 Piece Jigsaw Puzzle",https://www.amazon.com/dp/B09D1W1MT2,4.9,0,11.99,0.0,227,False,0,toys,Toys & Games,Puzzles,True,False,False,SRC-KAGGLE-002,amazon_products.csv
B07RQWYRWJ,"Toymany 9-Piece Realistic Parrot Figurines Set, 2-4"" Macaw & Cockatoo, Educational Toys, Cake Toppers, Gifts for Kids & Toddlers",https://www.amazon.com/dp/B07RQWYRWJ,4.7,0,18.98,0.0,217,False,100,toys,Toys & Games,Toy Figures & Playsets,True,False,False,SRC-KAGGLE-002,amazon_products.csv
B0C5QPHYX2,12 Pcs Kickball Set with Bases Playground Ball Dodgeball Set 6 Bouncing Kickballs and 5 Rubber Baseball Bases 1 Ball Pump Outdoor Camp Picnic School Games,https://www.amazon.com/dp/B0C5QPHYX2,4.0,0,30.99,32.99,270,False,0,toys,Toys & Games,Toys & Games,True,False,False,SRC-KAGGLE-002,amazon_products.csv
B0BNFYQ77B,12pcs Sonic The Hedgehog Action Figures - 2-inch-Tall- Sonic Figures Toys - Sonic Action Figure Collectible Toys-Children’s Birthday Cake Decoration Party Supplies Figure Set,https://www.amazon.com/dp/B0BNFYQ77B,4.0,0,19.99,0.0,217,False,50,toys,Toys & Games,Toy Figures & Playsets,True,False,False,SRC-KAGGLE-002,amazon_products.csv
B07JB1LF3W,Imagimake Make with Shapes | Vehicle Theme Shape Puzzle| Preschool Learning Activities | Toddler Toys | Montessori Toys for 3 Year Old,https://www.amazon.com/dp/B07JB1LF3W,4.6,2992,16.99,19.99,230,False,50,toys,Toys & Games,Baby & Toddler Toys,False,False,False,SRC-KAGGLE-002,amazon_products.csv
B08SSRJVHG,Stress Relief Squeezable Foam Hen Chicken,https://www.amazon.com/dp/B08SSRJVHG,4.3,0,6.49,0.0,218,False,0,toys,Toys & Games,Novelty Toys & Amusements,True,False,False,SRC-KAGGLE-002,amazon_products.csv
B08WZ4Z3MN,"L.O.L. Surprise! Winter Chill Hangout Spaces Furniture Playset with Cozy Babe Doll, 10+ Surprises, Accessories, for LOL Dollhouse Play- Collectible Toy for Kids,Girls Boys Ages 4 5 6 7+ Years",https://www.amazon.com/dp/B08WZ4Z3MN,4.7,0,0.0,0.0,221,False,0,toys,Toys & Games,Dolls & Accessories,True,True,False,SRC-KAGGLE-002,amazon_products.csv
B01LX78NXD,JA-RU Magic Grow Capsules Best Growing Animals Assorted Style Capsules Bath Toys for Kids. 305-1H,https://www.amazon.com/dp/B01LX78NXD,4.2,263,4.68,0.0,230,False,100,toys,Toys & Games,Baby & Toddler Toys,False,False,False,SRC-KAGGLE-002,amazon_products.csv
B07MF7QJ5J,Feleph 16pcs City Train Tracks Curved Road Train Accessories Building Toys Railroad High Speed Non-Powered Set Compatible with Major Brands,https://www.amazon.com/dp/B07MF7QJ5J,4.6,0,15.99,0.0,220,False,0,toys,Toys & Games,Building Toys,True,False,False,SRC-KAGGLE-002,amazon_products.csv
B00KZ1JGMC,"Watchover Voodoo - String Voodoo Doll Keychain – Novelty Voodoo Doll for Bag, Luggage or Car Mirror - Ultimate Devil Voodoo Keychain, 5 inches",https://www.amazon.com/dp/B00KZ1JGMC,4.7,0,13.99,0.0,221,False,50,toys,Toys & Games,Dolls & Accessories,True,False,False,SRC-KAGGLE-002,amazon_products.csv
B07H3CFHR4,"Boley Great Sea Creatures 8-Pack: 7-10"" Soft Plastic Ocean Animals - Shark, Whale, Dolphin Figurines - Sensory Toys & Party Favors for Kids",https://www.amazon.com/dp/B07H3CFHR4,4.8,0,23.99,0.0,217,False,100,toys,Toys & Games,Toy Figures & Playsets,True,False,False,SRC-KAGGLE-002,amazon_products.csv
B0BYYRCJP6,"Capybara Stuffed Animal, 7.8 inch Small Capybara Plush Toy, Realistic Cute Stuffed Capybara Plushie Gift for Kids, Brown",https://www.amazon.com/dp/B0BYYRCJP6,4.5,0,8.88,0.0,229,False,100,toys,Toys & Games,Stuffed Animals & Plush Toys,True,False,False,SRC-KAGGLE-002,amazon_products.csv
B00BR3EN6Q,Manhattan Toy Zoo Animal Winkel Lion Multicolor Rattle & Sensory Teether for Baby and Toddler,https://www.amazon.com/dp/B00BR3EN6Q,4.8,1003,13.83,17.99,230,False,0,toys,Toys & Games,Baby & Toddler Toys,False,False,False,SRC-KAGGLE-002,amazon_products.csv
B0BBSJ4MDH,"My First Bear Stuffed Animal - Pink Plush Bear 15""",https://www.amazon.com/dp/B0BBSJ4MDH,4.2,0,24.99,0.0,270,False,0,toys,Toys & Games,Toys & Games,True,False,False,SRC-KAGGLE-002,amazon_products.csv
B09NR4F29H,"5 Surprise Monster Trucks Glow Riders Series 2 by ZURU (2 Pack) Glow in The Dark, Miniature Mystery Collectible Capsules, Mini Toy Truck, Battle Toys for Boys, Kids, Teens",https://www.amazon.com/dp/B09NR4F29H,4.5,362,11.99,0.0,270,False,100,toys,Toys & Games,Toys & Games,False,False,False,SRC-KAGGLE-002,amazon_products.csv
B0BJCXDLDJ,"Anya Forger Action Figure, for Desktop Decorations/Collectibles, Gifts for Fans, Friends",https://www.amazon.com/dp/B0BJCXDLDJ,4.5,0,19.99,0.0,217,False,0,toys,Toys & Games,Toy Figures & Playsets,True,False,False,SRC-KAGGLE-002,amazon_products.csv
B09C3LH1BY,Atomic Mass Games Star Wars: X-Wing 2nd Edition - BTA-NR2-Y Wing | Expansion | Tabletop | 2 Players | Ages 14+ | 45+ Minutes | German,https://www.amazon.com/dp/B09C3LH1BY,4.1,7,53.04,0.0,270,False,0,toys,Toys & Games,Toys & Games,False,False,False,SRC-KAGGLE-002,amazon_products.csv
B09Y1CZN3J,"MIKNEKE Montessori Lock and Key Toys Set for Toddlers, Toy Keys Preschool Learning Activities, Wooden Montessori Materials Learning & Education Toys for 3+ Year Old Kids",https://www.amazon.com/dp/B09Y1CZN3J,4.4,109,22.99,0.0,230,False,200,toys,Toys & Games,Baby & Toddler Toys,False,False,False,SRC-KAGGLE-002,amazon_products.csv
B07T9K8VZT,"Godel Texas Hold'em Poker Mat | Portable Poker Table Top, Black and Champagne Gold, 70 x 35 Inch, Water Repellent, Noise Reduction, and Premium Carrying Bag for Games Everywhere",https://www.amazon.com/dp/B07T9K8VZT,4.9,0,69.99,0.0,223,False,100,toys,Toys & Games,Games & Accessories,True,False,False,SRC-KAGGLE-002,amazon_products.csv
B06ZZX4GYK,6 Pairs of Shoes + 2 Pairs of Socks Fits for 18 inch Doll Shoes American Dolls Accessories Get Panda or Unicorn Shoes and Boots or Skates,https://www.amazon.com/dp/B06ZZX4GYK,4.6,0,18.78,19.78,221,True,200,toys,Toys & Games,Dolls & Accessories,True,False,False,SRC-KAGGLE-002,amazon_products.csv
B0C4VLJPKF,Gabby’s Dollhouse DIY Paint Your Own Figurines Arts and Crafts Set for Girls,https://www.amazon.com/dp/B0C4VLJPKF,4.6,0,19.99,0.0,221,False,50,toys,Toys & Games,Dolls & Accessories,True,False,False,SRC-KAGGLE-002,amazon_products.csv
B0CB64D6H1,"HOBBOY 300 Pcs Number Learning Education Toys Props for 3-8 Year Old Girls Boys Birthday, Toys for Kids Ages 3+ Develops Early Math Skills, Preschool Math Games",https://www.amazon.com/dp/B0CB64D6H1,4.6,40,12.59,13.99,230,False,900,toys,Toys & Games,Baby & Toddler Toys,False,False,False,SRC-KAGGLE-002,amazon_products.csv
B07KZBPCPS,"Factory Entertainment Warner Bros. Revos, Beetlejuice",https://www.amazon.com/dp/B07KZBPCPS,5.0,0,4.99,14.99,218,False,0,toys,Toys & Games,Novelty Toys & Amusements,True,False,False,SRC-KAGGLE-002,amazon_products.csv
B0762BMN35,"Bobs Burgers Kuchi Kopi Glow in the Dark 5"" Vinyl Figure",https://www.amazon.com/dp/B0762BMN35,4.6,0,25.56,0.0,217,False,500,toys,Toys & Games,Toy Figures & Playsets,True,False,False,SRC-KAGGLE-002,amazon_products.csv
B07QWT8XDJ,Activ Life Kid’s Flying Rings [2 Pack] They Fly Straight & Don’t Hurt! 80% Lighter Than Standard Frisbees - Replace Screen Time with Healthy Family Fun - Get Outside & Play! Proudly Made in The USA,https://www.amazon.com/dp/B07QWT8XDJ,4.5,0,14.99,27.99,270,False,50,toys,Toys & Games,Toys & Games,True,False,False,SRC-KAGGLE-002,amazon_products.csv
B0CBRLQWKL,"SYHLN Busy Board Montessori Toys for 1 2 3 Year Old Boys Gifts,Car Airplane Educational Preschool Learning Activities Travel Toys for Toddlers 1-3,One First Christmas Birthday Boys Girls Gifts Age 1-2",https://www.amazon.com/dp/B0CBRLQWKL,5.0,15,21.99,0.0,270,False,200,toys,Toys & Games,Toys & Games,False,False,False,SRC-KAGGLE-002,amazon_products.csv
B0BZ1FBCMM,"POP One Piece - Jinbe Funko Vinyl Figure (Bundled with Compatible Box Protector Case), Multicolor, 3.75 inches",https://www.amazon.com/dp/B0BZ1FBCMM,4.7,0,12.69,0.0,217,False,0,toys,Toys & Games,Toy Figures & Playsets,True,False,False,SRC-KAGGLE-002,amazon_products.csv
B093C3XB94,Sumind 7 Pieces Chattering Teeth Wind up Walking Teeth Toys with Eyes Funny Joke Toys Teeth for Party Halloween Christmas Desktop Decoration,https://www.amazon.com/dp/B093C3XB94,4.3,0,11.99,0.0,218,False,0,toys,Toys & Games,Novelty Toys & Amusements,True,False,False,SRC-KAGGLE-002,amazon_products.csv
B071W1BXP2,K'NEX Kid Education Classroom Collection Building Set,https://www.amazon.com/dp/B071W1BXP2,4.5,0,67.34,0.0,220,False,0,toys,Toys & Games,Building Toys,True,False,False,SRC-KAGGLE-002,amazon_products.csv
B09SCV9VDP,"2pcs/Set Drawing Projector for Kids with Flashlight Slide Projector, Projector Drawing Table for Kids Tracing with Light Music Sketcher Desk for Early Art Learning Games Gifts (Pink)",https://www.amazon.com/dp/B09SCV9VDP,3.5,0,24.99,0.0,270,False,0,toys,Toys & Games,Toys & Games,True,False,False,SRC-KAGGLE-002,amazon_products.csv
B07NJQVVSF,"edxeducation Transparent Attribute Blocks - Mini Jar Set of 60 - Colorful, Plastic Shapes - Light Box Accessory - Sensory Play - Math Manipulative for Kids",https://www.amazon.com/dp/B07NJQVVSF,4.7,134,12.76,0.0,230,False,200,toys,Toys & Games,Baby & Toddler Toys,False,False,False,SRC-KAGGLE-002,amazon_products.csv
B00HGA8H4S,"Ravensburger Vintage Games 1000 Piece Jigsaw Puzzle for Adults – Every piece is unique, Softclick technology Means Pieces Fit Together Perfectly",https://www.amazon.com/dp/B00HGA8H4S,4.8,0,19.58,24.99,227,False,100,toys,Toys & Games,Puzzles,True,False,False,SRC-KAGGLE-002,amazon_products.csv
B00A9V1H1G,"Mulberry Teether - 100% Silicone Teething Ring for Infants, Babies & Toddlers - Textured Baby Silicone Teether - Ages 6 Months+ - Punchy Pink",https://www.amazon.com/dp/B00A9V1H1G,4.4,0,16.5,0.0,270,False,0,toys,Toys & Games,Toys & Games,True,False,False,SRC-KAGGLE-002,amazon_products.csv
B08B77Q738,"Funko Pop! TV: The Office - Customizable Chrome Dundie Award, Amazon Exclusive Collectible Vinyl Figure (52077)",https://www.amazon.com/dp/B08B77Q738,4.8,0,29.7,0.0,217,False,50,toys,Toys & Games,Toy Figures & Playsets,True,False,False,SRC-KAGGLE-002,amazon_products.csv
B09CFYQ1Q5,Mattel Elite Collection Action Figure Seth Rollins 6-inch Posable Collectible for Fans Ages 8 Years Old & Up,https://www.amazon.com/dp/B09CFYQ1Q5,4.7,0,22.99,0.0,217,False,100,toys,Toys & Games,Toy Figures & Playsets,True,False,False,SRC-KAGGLE-002,amazon_products.csv
B09XB2HWKT,"Pimple Popping Toy, Stress Relief Squeeze Acne Funny Toys Soft Elastic Tricky Toys Decompression Relax Toy, with Refillable Pimple Pus Pimple Popper Toy for April Fool's Gifts",https://www.amazon.com/dp/B09XB2HWKT,3.1,0,13.32,0.0,218,False,0,toys,Toys & Games,Novelty Toys & Amusements,True,False,False,SRC-KAGGLE-002,amazon_products.csv
B083L1LND9,"Ridley’s Costume Cats Memory Game – Includes 50 Matching Cards and Instructions – Memory Card Game Featuring Well-Dressed Cats – Fun for All Ages, Makes a Great Gift Idea",https://www.amazon.com/dp/B083L1LND9,4.7,0,15.1,17.9,223,False,0,toys,Toys & Games,Games & Accessories,True,False,False,SRC-KAGGLE-002,amazon_products.csv
B09X4FYMM1,iDventure Cluebox - Cambridge Labyrinth - Escape Room Game - Puzzle Box - 3D Wooden Puzzle - Gift Box - Maze Puzzle - 3D Puzzles for Adults - Brain Teaser - Birthday Gift Gadget for Men - Money Box,https://www.amazon.com/dp/B09X4FYMM1,4.7,0,54.99,0.0,227,False,200,toys,Toys & Games,Puzzles,True,False,False,SRC-KAGGLE-002,amazon_products.csv
B00VXMY36G,"Infantino Press & Stay Sensory Blocks for Babies Age grade 6m+ , 24-Piece Set, Multicolor",https://www.amazon.com/dp/B00VXMY36G,4.4,6451,16.99,0.0,270,False,1000,toys,Toys & Games,Toys & Games,False,False,False,SRC-KAGGLE-002,amazon_products.csv
B08JRXDG86,Squishmallow Plush Stuffed Toy Baby Yoda The Child,https://www.amazon.com/dp/B08JRXDG86,4.6,0,38.84,0.0,229,False,0,toys,Toys & Games,Stuffed Animals & Plush Toys,True,False,False,SRC-KAGGLE-002,amazon_products.csv
B0C2TDZ6WX,"Anime Cat Plush Genshin Plush Scaramouche Stuffed Animal Cute Soft Stuff plushie Gift for Kids Xmas Gifts 9""",https://www.amazon.com/dp/B0C2TDZ6WX,5.0,0,17.99,0.0,229,False,0,toys,Toys & Games,Stuffed Animals & Plush Toys,True,False,False,SRC-KAGGLE-002,amazon_products.csv
B09BP1KXD6,"MGA Entertainment Na Na Na Surprise Camping Doll Myra Woods - Deer-Inspired 7.5"" Fashion Doll with Brown Hair and -Plush Deer Sleeping Bag, 2-in-1 Gift, Toy for Kids Ages 5 6 7 8+ Years",https://www.amazon.com/dp/B09BP1KXD6,4.7,0,0.0,0.0,221,False,0,toys,Toys & Games,Dolls & Accessories,True,True,False,SRC-KAGGLE-002,amazon_products.csv
B0C37LPRZ7,Quick Push Console with Instant Sound Feedback | Handheld Fast Speed Pushing Game | Pop The Target Interactive Educational Sensory Fidget Toy for Kids Adults | Fun Gift for Children 3-12,https://www.amazon.com/dp/B0C37LPRZ7,4.3,0,14.99,0.0,218,True,900,toys,Toys & Games,Novelty Toys & Amusements,True,False,False,SRC-KAGGLE-002,amazon_products.csv
B0CB3NYH98,BonBon Kids Waterproof Touch Screen Smart Watch with 24 Puzzle Games HD Camera Music Player Pedometer Alarm Clock and Selfie Cam - Great Learning Toy for Kids (Black),https://www.amazon.com/dp/B0CB3NYH98,4.6,4,13.95,0.0,270,False,0,toys,Toys & Games,Toys & Games,False,False,False,SRC-KAGGLE-002,amazon_products.csv
B00083D754,The First Years First Baby Rattle - Sensory Toys with Soft Textures and Crinkle Sounds - Infant Toys Ages 3 Months and Up,https://www.amazon.com/dp/B00083D754,4.8,9018,8.99,9.49,230,False,1000,toys,Toys & Games,Baby & Toddler Toys,False,False,False,SRC-KAGGLE-002,amazon_products.csv
B004US4A6I,LEGO Series 4 Collectible Minifigure Lawn Gnome,https://www.amazon.com/dp/B004US4A6I,4.6,0,20.88,21.87,220,False,0,toys,Toys & Games,Building Toys,True,False,False,SRC-KAGGLE-002,amazon_products.csv
B0BZHXMCV6,"Preschool Montessori Toys for Kids, Human Body Busy Book for Kids Toys Ages 4-8 Birthday Gifts for 4-8 Year Olds Boys Girls Kindergarten Learning Activities Educational Toys for Kids 5-7 Travel Toys",https://www.amazon.com/dp/B0BZHXMCV6,4.5,33,14.99,0.0,270,False,100,toys,Toys & Games,Toys & Games,False,False,False,SRC-KAGGLE-002,amazon_products.csv
B0CB68CSR7,Halloween Wooden Puzzles Wooden Jigsaw Puzzles for Kids Aged 3+ Toddlers Development Montessori Toys Basket Stuffers Party Favors Set of 5,https://www.amazon.com/dp/B0CB68CSR7,0.0,0,18.99,0.0,227,False,50,toys,Toys & Games,Puzzles,True,False,True,SRC-KAGGLE-002,amazon_products.csv
B088H2DYSC,"Gamenote Jigsaw Puzzle Board with Cover Mat - Portable Large Puzzle Table with Drawers for Adults, Wooden Smooth Plateau Work Surface (1000 Pieces)",https://www.amazon.com/dp/B088H2DYSC,4.6,0,49.99,0.0,227,False,100,toys,Toys & Games,Puzzles,True,False,False,SRC-KAGGLE-002,amazon_products.csv
B08VDCR85J,Miniature Dollhouse Furniture Accessories Games Poker Playing Cards 1 12 Scale,https://www.amazon.com/dp/B08VDCR85J,4.0,0,5.49,0.0,221,False,0,toys,Toys & Games,Dolls & Accessories,True,False,False,SRC-KAGGLE-002,amazon_products.csv
B0C6YDR2DF,"Color Sorting Toys for Toddlers, Wooden Acorns Counting Toys with Bowls Tweezer Spoon Color Learning Activities Teaching Toy Color Matching Game Montessori Toys Gift for Kids Boys Girls",https://www.amazon.com/dp/B0C6YDR2DF,4.7,10,19.99,0.0,230,False,50,toys,Toys & Games,Baby & Toddler Toys,False,False,False,SRC-KAGGLE-002,amazon_products.csv
B081RHNDQJ,"Studio Ghibli via Bluefin Benelic Heen Desk Duster Plush - Howl's Moving Castle - Official Studio Ghibli Merchandise, 8 inches",https://www.amazon.com/dp/B081RHNDQJ,4.1,0,0.0,0.0,229,False,0,toys,Toys & Games,Stuffed Animals & Plush Toys,True,True,False,SRC-KAGGLE-002,amazon_products.csv
B08WYTJXDK,"Lalaloopsy Sweetie Candy Ribbon & Pet Puppy, 13"" Taffy Candy-Inspired Doll with Pink/Yellow Outfit & Accessories, Reusable House Playset- Gifts for Kids, Toys for Girls Ages 3 4 5+ to 103",https://www.amazon.com/dp/B08WYTJXDK,4.8,0,29.99,0.0,221,False,50,toys,Toys & Games,Dolls & Accessories,True,False,False,SRC-KAGGLE-002,amazon_products.csv
B09F9R7YLR,"Growinlove Baby Crawling Crab Musical Toy, Toddler Electronic Light Up Crawling Toy with Automatically Avoid Obstacle, Walking Crab Toy for Toddler Babies Boys Girls",https://www.amazon.com/dp/B09F9R7YLR,4.3,1165,17.98,0.0,230,False,200,toys,Toys & Games,Baby & Toddler Toys,False,False,False,SRC-KAGGLE-002,amazon_products.csv
B07Q5WMB3C,12 Inches Giant Rainbow Unicorn Squishy Toy Soft Jumbo Slow Rising Collection Gift Decor Stress Relief Toy (Rainbow Unicorn),https://www.amazon.com/dp/B07Q5WMB3C,4.5,0,24.97,0.0,221,False,0,toys,Toys & Games,Dolls & Accessories,True,False,False,SRC-KAGGLE-002,amazon_products.csv
B09XWS8Q46,"LEGO City Mars Spacecraft Exploration Missions 60354 Interactive Digital Building Toy Set - with Astronaut Minifigures and Spaceship, Traverse The Stars, Great Gift for Kids, Boys, and Girls Ages 6+",https://www.amazon.com/dp/B09XWS8Q46,4.6,217,25.0,39.99,270,False,400,toys,Toys & Games,Toys & Games,False,False,False,SRC-KAGGLE-002,amazon_products.csv
B07FLZ4Q6T,"Yuanhe Set of 4 Solid Wood Domino Trays, Domino Tiles Rack, Domino Holder, Mexican Train Trays",https://www.amazon.com/dp/B07FLZ4Q6T,4.4,0,9.69,0.0,223,False,200,toys,Toys & Games,Games & Accessories,True,False,False,SRC-KAGGLE-002,amazon_products.csv
B0C3QRKQDC,Miniature Wine Glasses 12pcs Miniature Red Wine Goblet Cups Charms Tiny Wine Goblet Model for Crafts Mini Kitchen Decor Accessories Dollhouse Wine Glass,https://www.amazon.com/dp/B0C3QRKQDC,0.0,0,8.59,0.0,221,False,0,toys,Toys & Games,Dolls & Accessories,True,False,True,SRC-KAGGLE-002,amazon_products.csv
B00XRDONWS,Dominion Cornucopia and Guilds Card Game,https://www.amazon.com/dp/B00XRDONWS,4.8,0,34.3,44.95,223,False,50,toys,Toys & Games,Games & Accessories,True,False,False,SRC-KAGGLE-002,amazon_products.csv
B0C997SZ5S,"Weighted Axolotl Plush Toy, Pink Axolotl Stuffed Animals Cute Axolotl Plush Pillow, Cute Weighted Stuffed Animals Gifts for Girls & Boys Age 3-12 (9.8"" | 0.75 lbs, Pink Axolotl)",https://www.amazon.com/dp/B0C997SZ5S,4.8,0,9.99,0.0,229,False,50,toys,Toys & Games,Stuffed Animals & Plush Toys,True,False,False,SRC-KAGGLE-002,amazon_products.csv
B0C38WQ84C,"RC Cars Kids Remote Control Car, Double Sided RC Truck with 360 Flips, 4WD 2.4Ghz Remote Control Truck with Wheel Lights and Headlights RC Car Toys Gifts for 6 Year Old Girl Boys (Red)",https://www.amazon.com/dp/B0C38WQ84C,4.9,0,19.76,28.99,270,False,0,toys,Toys & Games,Toys & Games,True,False,False,SRC-KAGGLE-002,amazon_products.csv
B01MTEB7SA,Polly Plastics Rock Tumbler Tumbling Media Grit Kit & Plastic Filler Pellets,https://www.amazon.com/dp/B01MTEB7SA,4.7,0,34.95,0.0,224,False,0,toys,Toys & Games,Learning & Education Toys,True,False,False,SRC-KAGGLE-002,amazon_products.csv
B0BP2SPG43,"979PCS Dinosaur Building Blocks - STEM Construction Toy Set for Kids 5-12 | 12 Models Bricks Kit | Ideal Gifts for Boys and Girls, Perfect for Christmas & Birthdays",https://www.amazon.com/dp/B0BP2SPG43,5.0,0,24.99,0.0,270,False,0,toys,Toys & Games,Toys & Games,True,False,False,SRC-KAGGLE-002,amazon_products.csv
B0CF95V2D5,"MISINI 220907 MOC Sports Car Building Set, 1:8 Scale Supercar Building Block Model Set, Colletible Building Toy for Adults, Gift for Race Cars Fans - 4500 PCS",https://www.amazon.com/dp/B0CF95V2D5,0.0,0,169.99,0.0,220,False,0,toys,Toys & Games,Building Toys,True,False,True,SRC-KAGGLE-002,amazon_products.csv
B08MBCMZDT,"Kids Smartwatch PlayZoom 2 with Swivel Selfie Camera, STEM Learning, 20+ Games, Audio Bedtime Stories, Store Music for Kids Toddlers Boys Girls",https://www.amazon.com/dp/B08MBCMZDT,4.2,4163,24.99,65.0,270,False,0,toys,Toys & Games,Toys & Games,False,False,False,SRC-KAGGLE-002,amazon_products.csv
B01N3YB2D8,LEGO Minecraft The Mushroom Island 21129,https://www.amazon.com/dp/B01N3YB2D8,4.7,0,89.5,0.0,220,False,0,toys,Toys & Games,Building Toys,True,False,False,SRC-KAGGLE-002,amazon_products.csv
B07PX3WGP1,LEGO Speed Champions 1974 Porsche 911 Turbo 3.0 75895 Building Kit (180 Pieces),https://www.amazon.com/dp/B07PX3WGP1,4.8,0,42.98,47.95,220,False,300,toys,Toys & Games,Building Toys,True,False,False,SRC-KAGGLE-002,amazon_products.csv
B0BT8BFKZD,Playmobil WILTOPIA - Ostrich Keepers,https://www.amazon.com/dp/B0BT8BFKZD,0.0,0,17.99,0.0,217,False,0,toys,Toys & Games,Toy Figures & Playsets,True,False,True,SRC-KAGGLE-002,amazon_products.csv
B08B41H579,Halloween Floppy Stuffed Animal Plush Toys Comes Hat and Pumpkin Sitting Too Cute to Spook Gift for Her Gift for Him 12 inch (Pug),https://www.amazon.com/dp/B08B41H579,4.8,0,22.99,25.99,229,False,0,toys,Toys & Games,Stuffed Animals & Plush Toys,True,False,False,SRC-KAGGLE-002,amazon_products.csv
B089P14ZQ5,PLAYSTEM Rubber Band Aeroplane Seaplane STEM Kit,https://www.amazon.com/dp/B089P14ZQ5,3.6,0,16.99,0.0,218,False,0,toys,Toys & Games,Novelty Toys & Amusements,True,False,False,SRC-KAGGLE-002,amazon_products.csv
B00460UK4G,"Yu Gi Oh Legendary Collection Ultra Rare God Card Set of 3 Egyptian God Cards Slifer, Obelisk Ra (Limited Edition) Ultra Rare Version",https://www.amazon.com/dp/B00460UK4G,4.5,0,4.97,8.3,223,False,100,toys,Toys & Games,Games & Accessories,True,False,False,SRC-KAGGLE-002,amazon_products.csv
B086XKR1YM,"Lil' Rider Electric Motorcycle for Kids – 3-Wheel Battery Powered Motorbike for Kids Ages 3-6 – Fun Decals- Reverse- and Headlights (Pink), Large",https://www.amazon.com/dp/B086XKR1YM,4.3,601,69.95,0.0,270,False,200,toys,Toys & Games,Toys & Games,False,False,False,SRC-KAGGLE-002,amazon_products.csv
B09N988WXL,Jigsaw Puzzles 1000 Pieces for Adults - London Illustrated Theme 1000 Piece Puzzle - Adults and Kids Jigsaw Puzzle London Including King Charles III and Queen Elizabeth II - 100% Recycled by bopster,https://www.amazon.com/dp/B09N988WXL,4.6,0,18.99,0.0,227,False,0,toys,Toys & Games,Puzzles,True,False,False,SRC-KAGGLE-002,amazon_products.csv
B0B4BCZ2BM,Digital Standard Abacus-20 cm-Professional 13-Column Soroban Calculator (Functional and Educational Tool),https://www.amazon.com/dp/B0B4BCZ2BM,4.6,46,11.99,0.0,230,False,50,toys,Toys & Games,Baby & Toddler Toys,False,False,False,SRC-KAGGLE-002,amazon_products.csv
B0B31NPBYZ,Montessori Toys for Babies 6-12 Months Baby Silicon Sensory Travel Pull String Teething Toys for 3-6 Months 1 Year Old Hang on Stroller Crib Car Seat Fat Brain Fidget Toys Gift for Infant Toddler,https://www.amazon.com/dp/B0B31NPBYZ,4.8,255,11.99,0.0,230,False,200,toys,Toys & Games,Baby & Toddler Toys,False,False,False,SRC-KAGGLE-002,amazon_products.csv
B0C9R1RKKY,"48 Pcs Squishy Stress Balls for Kids,Dinosaur Sea Animals Sensory Squeeze Balls Filled with Water Beads to Relax for Kids Boys Girls Party Favors Birthday Gifts (Animal)",https://www.amazon.com/dp/B0C9R1RKKY,0.0,0,16.99,0.0,230,False,0,toys,Toys & Games,Baby & Toddler Toys,True,False,True,SRC-KAGGLE-002,amazon_products.csv
B095W9HS3N,"BBtinker Wooden Fire Station Playset, Multicolor 3-Level Pretend Play Dollhouse with Figures, Truck, Helicopter and Accessories, Preschool Learning Educational Toys for Toddlers Kids Age 3 and up",https://www.amazon.com/dp/B095W9HS3N,4.3,90,36.99,0.0,270,False,100,toys,Toys & Games,Toys & Games,False,False,False,SRC-KAGGLE-002,amazon_products.csv
B08SF86HN6,"Bristol 1350 Board Game of Strategy, Deceit, and Luck for 1-9 Players",https://www.amazon.com/dp/B08SF86HN6,4.7,0,24.99,27.99,223,False,100,toys,Toys & Games,Games & Accessories,True,False,False,SRC-KAGGLE-002,amazon_products.csv
B0054YBK5Q,Fruits Knob Puzzle,https://www.amazon.com/dp/B0054YBK5Q,5.0,0,10.99,0.0,227,False,0,toys,Toys & Games,Puzzles,True,False,False,SRC-KAGGLE-002,amazon_products.csv
B00UB7OV7K,"Gamewright Dragonwood A Game of Dice & Daring Board Game Multi-colored, 5""",https://www.amazon.com/dp/B00UB7OV7K,4.8,0,18.99,0.0,223,False,400,toys,Toys & Games,Games & Accessories,True,False,False,SRC-KAGGLE-002,amazon_products.csv
B0B2V3S8FS,Machamp VMAX - 073/189 - Ultra Rare - Sword & Shield - Astral Radiance,https://www.amazon.com/dp/B0B2V3S8FS,4.5,0,7.25,9.99,223,False,100,toys,Toys & Games,Games & Accessories,True,False,False,SRC-KAGGLE-002,amazon_products.csv
B0C7SLHJHP,"Transformers 1.65"" 18-Pack Series 2 Die-Cast Collectible Figures, Toys for Kids and Adults",https://www.amazon.com/dp/B0C7SLHJHP,4.6,3,19.97,24.99,270,False,200,toys,Toys & Games,Toys & Games,False,False,False,SRC-KAGGLE-002,amazon_products.csv
B001UGOAQS,"Spongebob Squarepants (Shocked) - LEGO Spongebob 2"" Figure",https://www.amazon.com/dp/B001UGOAQS,4.4,0,19.99,0.0,220,False,0,toys,Toys & Games,Building Toys,True,False,False,SRC-KAGGLE-002,amazon_products.csv
B00XQ219I6,Bicycle Karnival RED Dose Deck Playing Cards -Redux Edition (Ltd Ed),https://www.amazon.com/dp/B00XQ219I6,4.8,0,12.0,0.0,223,False,0,toys,Toys & Games,Games & Accessories,True,False,False,SRC-KAGGLE-002,amazon_products.csv
B09KGHTNLW,Dollhouse Miniature Musical Instruments Set Mini Accessories Piano Violin Trumpet Guitar Saxophone Drum Doll House Accessory Miniatures 1 12 Scale for Model Music Room Decor,https://www.amazon.com/dp/B09KGHTNLW,4.5,0,10.69,0.0,221,False,0,toys,Toys & Games,Dolls & Accessories,True,False,False,SRC-KAGGLE-002,amazon_products.csv
B0BS93L3PQ,"GOLDGE Outdoor Games for Kids 3-7, Potato Sack Race Bags, 3 Legged Race Bands, Yard Games, Carnival Games Party, Camping Games, Egg Spoon Relay, Field Day Games, Easter Games Activities",https://www.amazon.com/dp/B0BS93L3PQ,4.4,0,24.99,0.0,270,False,50,toys,Toys & Games,Toys & Games,True,False,False,SRC-KAGGLE-002,amazon_products.csv
B0BSVST57Y,Let's Play 25 Games - Dice Games,https://www.amazon.com/dp/B0BSVST57Y,4.2,0,9.99,0.0,223,False,50,toys,Toys & Games,Games & Accessories,True,False,False,SRC-KAGGLE-002,amazon_products.csv
B00Y08Z2LU,"labebe - Wooden Rocking Horse, Baby Wood Ride On Toys for 18 Months Up, White Rocker Toy for Kid, Toddler Ride Animal Indoor/Outdoor, Boy&Girl Rocking Animal, Infant Ride Toy, Christmas/Birthday Gift",https://www.amazon.com/dp/B00Y08Z2LU,4.6,395,69.99,0.0,230,False,50,toys,Toys & Games,Baby & Toddler Toys,False,False,False,SRC-KAGGLE-002,amazon_products.csv
B09WW3S4T3,"STEM Projects Toys for Kids Ages 8-12, Solar Robot Science Kits Gifts for 8-14 Year Old Teen Boys Girls, 120Pcs Building Experiments for Teenage Ages 9 10 11 13",https://www.amazon.com/dp/B09WW3S4T3,4.3,0,22.99,24.99,270,False,1000,toys,Toys & Games,Toys & Games,True,False,False,SRC-KAGGLE-002,amazon_products.csv
B07Y1XX8L8,Green Hills Jack Skellington Plush Doll Nightmare Before Christmas Pumpkin King Plush Stuffed Toy Baby Dolls - 8 Inches,https://www.amazon.com/dp/B07Y1XX8L8,4.8,0,13.5,0.0,229,False,50,toys,Toys & Games,Stuffed Animals & Plush Toys,True,False,False,SRC-KAGGLE-002,amazon_products.csv
B0B9YRC85J,"Ty Squish A Boo Cobb - Black Spider - Small (10"")",https://www.amazon.com/dp/B0B9YRC85J,4.5,0,19.99,0.0,229,False,0,toys,Toys & Games,Stuffed Animals & Plush Toys,True,False,False,SRC-KAGGLE-002,amazon_products.csv
B00OD8KK9Q,Bulk Box (250 Capsules) - Series 6,https://www.amazon.com/dp/B00OD8KK9Q,4.4,0,69.98,0.0,218,False,50,toys,Toys & Games,Novelty Toys & Amusements,True,False,False,SRC-KAGGLE-002,amazon_products.csv
B0CF239G28,"Action Figure with 6 Character, Action Figures Toys for Kids Ages 3 and Up & Collector & Fans, Cake Decorations(6 pcs)",https://www.amazon.com/dp/B0CF239G28,4.8,0,22.99,0.0,217,False,50,toys,Toys & Games,Toy Figures & Playsets,True,False,False,SRC-KAGGLE-002,amazon_products.csv
B07VN9RHPB,Forgotten Doll with Sound,https://www.amazon.com/dp/B07VN9RHPB,4.7,0,24.99,0.0,221,False,100,toys,Toys & Games,Dolls & Accessories,True,False,False,SRC-KAGGLE-002,amazon_products.csv
B0C1RG72W2,"Atoylink Wooden Activity Cube for Toddlers 1-3, 5 in 1 Ocean Animal Shape Sorter Bead Maze Montessori Toys Baby 6-12 Months Educational Learning Toys for 1 Year Old Boy Girl Birthday Gift",https://www.amazon.com/dp/B0C1RG72W2,4.5,23,20.99,0.0,230,False,200,toys,Toys & Games,Baby & Toddler Toys,False,False,False,SRC-KAGGLE-002,amazon_products.csv
B0919XV386,ROBOTIME 3D Puzzle Wooden Craft Kits for Adults DIY Model Building Kit Best Gift for Kids (Five-Storied Pagoda),https://www.amazon.com/dp/B0919XV386,4.6,0,29.99,0.0,227,False,100,toys,Toys & Games,Puzzles,True,False,False,SRC-KAGGLE-002,amazon_products.csv
B091M8YLPQ,"BePuzzled | Roses in Vase Original 3D Crystal Puzzle, Ages 12 and Up",https://www.amazon.com/dp/B091M8YLPQ,4.5,0,10.99,16.51,270,False,100,toys,Toys & Games,Toys & Games,True,False,False,SRC-KAGGLE-002,amazon_products.csv
B07PT1WBWM,"LINCOLN LOGS – Classic Farmhouse, 268 Pieces, Real Wood Logs - Ages 3+ - Best Retro Building Gift Set for Boys/Girls - Creative Construction Engineering - Preschool Education Toy",https://www.amazon.com/dp/B07PT1WBWM,4.8,0,109.99,0.0,220,False,0,toys,Toys & Games,Building Toys,True,False,False,SRC-KAGGLE-002,amazon_products.csv
B09WHZDMFT,"Yinghezu 8 Pack Chew Baby Teething Toys for 0-12 Months, Freezable BPA Free Silicone Baby Molar Teether Chew Toys, Hammer Wrench Spanner Pliers Hand Saw Shape Baby Girl's Boy Car Seat Toy",https://www.amazon.com/dp/B09WHZDMFT,4.7,95,15.99,0.0,230,False,100,toys,Toys & Games,Baby & Toddler Toys,False,False,False,SRC-KAGGLE-002,amazon_products.csv
B0CB9Y3QQZ,"16pcs Doll Clothes and Accessories for 5.3 inch - 6 inch Chelsea Dolls Include 3 Tops, 3 Pants for Boy Dolls and 5 Dresses, 3 Bikinis for Girl Dolls and 2 Pairs Shoes (No Doll)",https://www.amazon.com/dp/B0CB9Y3QQZ,0.0,0,9.99,0.0,221,False,0,toys,Toys & Games,Dolls & Accessories,True,False,True,SRC-KAGGLE-002,amazon_products.csv
B0BV27KW94,"Bear Plush Keychain Toys for Kids with Purple Heart 5"" Stuffed Teddy Plushie Backpack Purse Pendant Gift for Girls",https://www.amazon.com/dp/B0BV27KW94,4.2,0,8.49,8.99,229,False,100,toys,Toys & Games,Stuffed Animals & Plush Toys,True,False,False,SRC-KAGGLE-002,amazon_products.csv
B0CBJG6ZWM,"KIZZYEA Montessori Toys for 1 2 3 4 Year Old Toddler, Wooden Beads Sequencing Toy, Lacing Beads, Stacking Block & Matching Shape Stacker Toy, Preschool Learning Toy Birthday Gift for Kids Boys Girls",https://www.amazon.com/dp/B0CBJG6ZWM,3.7,8,10.99,0.0,230,False,800,toys,Toys & Games,Baby & Toddler Toys,False,False,False,SRC-KAGGLE-002,amazon_products.csv
B072TCB3NZ,Crayola Silly Putty Variety Pack,https://www.amazon.com/dp/B072TCB3NZ,4.6,0,0.0,0.0,218,False,0,toys,Toys & Games,Novelty Toys & Amusements,True,True,False,SRC-KAGGLE-002,amazon_products.csv
