ds,trend,yhat_lower,yhat_upper,trend_lower,trend_upper,multiplicative_terms,multiplicative_terms_lower,multiplicative_terms_upper,weekly,weekly_lower,weekly_upper,yearly,yearly_lower,yearly_upper,additive_terms,additive_terms_lower,additive_terms_upper,yhat,category_id,category_name,keyword,source_id,model
2021-08-15,4.2169913,11.024011711863139,26.603214178186146,4.2169913,4.2169913,3.4103288733340946,3.4103288733340946,3.4103288733340946,3.7883333552070786,3.7883333552070786,3.7883333552070786,-0.3780044818729835,-0.3780044818729835,-0.3780044818729835,0.0,0.0,0.0,18.598318488988678,electronics,Electronics,headphones,SRC-TRENDS-001,prophet
2021-08-22,4.227424001153846,11.765028481616225,27.677776836917634,4.227424001153846,4.227424001153846,3.745722988278316,3.745722988278316,3.745722988278316,3.7883333552070786,3.7883333552070786,3.7883333552070786,-0.04261036692876265,-0.04261036692876265,-0.04261036692876265,0.0,0.0,0.0,20.062183263475305,electronics,Electronics,headphones,SRC-TRENDS-001,prophet
2021-08-29,4.237856702307693,12.546557475596332,28.51720164462452,4.237856702307693,4.237856702307693,3.8036505880731983,3.8036505880731983,3.8036505880731983,3.7883333552070786,3.7883333552070786,3.7883333552070786,0.01531723286611994,0.01531723286611994,0.01531723286611994,0.0,0.0,0.0,20.357182840210292,electronics,Electronics,headphones,SRC-TRENDS-001,prophet
2021-09-05,4.248289403461539,10.945908709101882,27.478631502995388,4.248289403461539,4.248289403461539,3.5375794648759205,3.5375794648759205,3.5375794648759205,3.7883333552070786,3.7883333552070786,3.7883333552070786,-0.25075389033115825,-0.25075389033115825,-0.25075389033115825,0.0,0.0,0.0,19.27695075799705,electronics,Electronics,headphones,SRC-TRENDS-001,prophet
2021-09-12,4.2587221046153845,9.973565824500032,25.99681461275708,4.2587221046153845,4.2587221046153845,3.2168573152252065,3.2168573152252065,3.2168573152252065,3.7883333552070786,3.7883333552070786,3.7883333552070786,-0.5714760399818719,-0.5714760399818719,-0.5714760399818719,0.0,0.0,0.0,17.958423460358674,electronics,Electronics,headphones,SRC-TRENDS-001,prophet
2021-09-19,4.269154805769231,9.32737190375446,26.236659479064496,4.269154805769231,4.269154805769231,3.1634276575441747,3.1634276575441747,3.1634276575441747,3.7883333552070786,3.7883333552070786,3.7883333552070786,-0.6249056976629039,-0.6249056976629039,-0.6249056976629039,0.0,0.0,0.0,17.774317192677245,electronics,Electronics,headphones,SRC-TRENDS-001,prophet
2021-09-26,4.279587506923077,10.843002403783016,26.72805421885445,4.279587506923077,4.279587506923077,3.3878472898432435,3.3878472898432435,3.3878472898432435,3.7883333552070786,3.7883333552070786,3.7883333552070786,-0.40048606536383496,-0.40048606536383496,-0.40048606536383496,0.0,0.0,0.0,18.778176443899426,electronics,Electronics,headphones,SRC-TRENDS-001,prophet
2021-10-03,4.290020208076924,11.857116902994305,27.172380460331752,4.290020208076924,4.290020208076924,3.5598696941117334,3.5598696941117334,3.5598696941117334,3.7883333552070786,3.7883333552070786,3.7883333552070786,-0.22846366109534533,-0.22846366109534533,-0.22846366109534533,0.0,0.0,0.0,19.56193313393688,electronics,Electronics,headphones,SRC-TRENDS-001,prophet
2021-10-10,4.30045290923077,11.235581384312438,27.622833227982714,4.30045290923077,4.30045290923077,3.385928007029709,3.385928007029709,3.385928007029709,3.7883333552070786,3.7883333552070786,3.7883333552070786,-0.4024053481773695,-0.4024053481773695,-0.4024053481773695,0.0,0.0,0.0,18.861476857507625,electronics,Electronics,headphones,SRC-TRENDS-001,prophet
2021-10-17,4.310885605289249,9.236653533922114,25.15816685733206,4.310885605289249,4.310885605289249,2.9822505447480547,2.9822505447480547,2.9822505447480547,3.7883333552070786,3.7883333552070786,3.7883333552070786,-0.8060828104590239,-0.8060828104590239,-0.8060828104590239,0.0,0.0,0.0,17.16702655000966,electronics,Electronics,headphones,SRC-TRENDS-001,prophet
2021-10-24,4.321318301347728,8.100375697991977,24.136430778663886,4.321318301347728,4.321318301347728,2.808215708351698,2.808215708351698,2.808215708351698,3.7883333552070786,3.7883333552070786,3.7883333552070786,-0.9801176468553808,-0.9801176468553808,-0.9801176468553808,0.0,0.0,0.0,16.456512235980092,electronics,Electronics,headphones,SRC-TRENDS-001,prophet
2021-10-31,4.331750997406207,10.139748553791172,26.21591230787389,4.331750997406207,4.331750997406207,3.2093996291675073,3.2093996291675073,3.2093996291675073,3.7883333552070786,3.7883333552070786,3.7883333552070786,-0.578933726039571,-0.578933726039571,-0.578933726039571,0.0,0.0,0.0,18.234071042127667,electronics,Electronics,headphones,SRC-TRENDS-001,prophet
2021-11-07,4.342183693464687,14.24525531119551,30.35390420149792,4.342183693464687,4.342183693464687,4.059016586192934,4.059016586192934,4.059016586192934,3.7883333552070786,3.7883333552070786,3.7883333552070786,0.27068323098585534,0.27068323098585534,0.27068323098585534,0.0,0.0,0.0,21.967179325534346,electronics,Electronics,headphones,SRC-TRENDS-001,prophet
2021-11-14,4.352616389523166,17.34366020653866,33.79932336356259,4.352616389523166,4.352616389523166,4.875473226735341,4.875473226735341,4.875473226735341,3.7883333552070786,3.7883333552070786,3.7883333552070786,1.087139871528263,1.087139871528263,1.087139871528263,0.0,0.0,0.0,25.573681062892806,electronics,Electronics,headphones,SRC-TRENDS-001,prophet
2021-11-21,4.363049085581645,19.11948361657149,35.94254413415039,4.363049085581645,4.363049085581645,5.269984884243349,5.269984884243349,5.269984884243349,3.7883333552070786,3.7883333552070786,3.7883333552070786,1.4816515290362702,1.4816515290362702,1.4816515290362702,0.0,0.0,0.0,27.35625181580868,electronics,Electronics,headphones,SRC-TRENDS-001,prophet
2021-11-28,4.373481781640124,19.58691862349219,35.2302416022405,4.373481781640124,4.373481781640124,5.244408951163038,5.244408951163038,5.244408951163038,3.7883333552070786,3.7883333552070786,3.7883333552070786,1.4560755959559595,1.4560755959559595,1.4560755959559595,0.0,0.0,0.0,27.309808785022064,electronics,Electronics,headphones,SRC-TRENDS-001,prophet
2021-12-05,4.383914477698603,18.512427530937497,34.370027003018855,4.383914477698603,4.383914477698603,5.069415224825975,5.069415224825975,5.069415224825975,3.7883333552070786,3.7883333552070786,3.7883333552070786,1.2810818696188964,1.2810818696188964,1.2810818696188964,0.0,0.0,0.0,26.607797275278916,electronics,Electronics,headphones,SRC-TRENDS-001,prophet
2021-12-12,4.394347173757082,18.579253954099602,34.80846097884555,4.394347173757082,4.394347173757082,4.9442217218008615,4.9442217218008615,4.9442217218008615,3.7883333552070786,3.7883333552070786,3.7883333552070786,1.155888366593783,1.155888366593783,1.155888366593783,0.0,0.0,0.0,26.120973923381072,electronics,Electronics,headphones,SRC-TRENDS-001,prophet
2021-12-19,4.404779868849926,17.648835260707656,33.38103455087894,4.404779868849926,4.404779868849926,4.827138735064998,4.827138735064998,4.827138735064998,3.7883333552070786,3.7883333552070786,3.7883333552070786,1.0388053798579195,1.0388053798579195,1.0388053798579195,0.0,0.0,0.0,25.667263393209925,electronics,Electronics,headphones,SRC-TRENDS-001,prophet
2021-12-26,4.415212563942769,15.93067434908288,32.81616683560277,4.415212563942769,4.415212563942769,4.5686001323441054,4.5686001323441054,4.5686001323441054,3.7883333552070786,3.7883333552070786,3.7883333552070786,0.7802667771370267,0.7802667771370267,0.7802667771370267,0.0,0.0,0.0,24.586553267899063,electronics,Electronics,headphones,SRC-TRENDS-001,prophet
2022-01-02,4.425645259035612,15.0392310583059,30.490861159384416,4.425645259035612,4.425645259035612,4.131415621546166,4.131415621546166,4.131415621546166,3.7883333552070786,3.7883333552070786,3.7883333552070786,0.34308226633908756,0.34308226633908756,0.34308226633908756,0.0,0.0,0.0,22.709825217637068,electronics,Electronics,headphones,SRC-TRENDS-001,prophet
2022-01-09,4.4360779541284545,12.250199876719444,28.35482224259635,4.4360779541284545,4.4360779541284545,3.6432906397136975,3.6432906397136975,3.6432906397136975,3.7883333552070786,3.7883333552070786,3.7883333552070786,-0.145042715493381,-0.145042715493381,-0.145042715493381,0.0,0.0,0.0,20.597999241444942,electronics,Electronics,headphones,SRC-TRENDS-001,prophet
2022-01-16,4.446510649221298,10.698632739056926,26.920504040496866,4.446510649221298,4.446510649221298,3.2711961934576923,3.2711961934576923,3.2711961934576923,3.7883333552070786,3.7883333552070786,3.7883333552070786,-0.5171371617493862,-0.5171371617493862,-0.5171371617493862,0.0,0.0,0.0,18.9919193591231,electronics,Electronics,headphones,SRC-TRENDS-001,prophet
2022-01-23,4.4569433443141415,10.269464988365607,26.850391060827306,4.4569433443141415,4.4569433443141415,3.094591383779851,3.094591383779851,3.094591383779851,3.7883333552070786,3.7883333552070786,3.7883333552070786,-0.6937419714272278,-0.6937419714272278,-0.6937419714272278,0.0,0.0,0.0,18.249361815623637,electronics,Electronics,headphones,SRC-TRENDS-001,prophet
2022-01-30,4.467376039406985,10.019019923236868,25.99348127068761,4.467376039406985,4.467376039406985,3.0890455335578517,3.0890455335578517,3.0890455335578517,3.7883333552070786,3.7883333552070786,3.7883333552070786,-0.699287821649227,-0.699287821649227,-0.699287821649227,0.0,0.0,0.0,18.2673040406605,electronics,Electronics,headphones,SRC-TRENDS-001,prophet
2022-02-06,4.4778087344998285,10.799023337934742,26.579962923688523,4.4778087344998285,4.4778087344998285,3.16983358024366,3.16983358024366,3.16983358024366,3.7883333552070786,3.7883333552070786,3.7883333552070786,-0.6184997749634181,-0.6184997749634181,-0.6184997749634181,0.0,0.0,0.0,18.671717227025752,electronics,Electronics,headphones,SRC-TRENDS-001,prophet
2022-02-13,4.4882414302154405,10.670385670301885,27.00044448736966,4.4882414302154405,4.4882414302154405,3.222533724451641,3.222533724451641,3.222533724451641,3.7883333552070786,3.7883333552070786,3.7883333552070786,-0.5657996307554372,-0.5657996307554372,-0.5657996307554372,0.0,0.0,0.0,18.951750802565765,electronics,Electronics,headphones,SRC-TRENDS-001,prophet
2022-02-20,4.498674125931052,9.817819115537107,27.33710416887351,4.498674125931052,4.498674125931052,3.1475748469006577,3.1475748469006577,3.1475748469006577,3.7883333552070786,3.7883333552070786,3.7883333552070786,-0.640758508306421,-0.640758508306421,-0.640758508306421,0.0,0.0,0.0,18.65858764911443,electronics,Electronics,headphones,SRC-TRENDS-001,prophet
2022-02-27,4.509106821646664,10.025194002816486,26.344168361554996,4.509106821646664,4.509106821646664,2.9612756916625402,2.9612756916625402,2.9612756916625402,3.7883333552070786,3.7883333552070786,3.7883333552070786,-0.8270576635445381,-0.8270576635445381,-0.8270576635445381,0.0,0.0,0.0,17.861815243698665,electronics,Electronics,headphones,SRC-TRENDS-001,prophet
2022-03-06,4.519539517362276,9.241405586762514,25.085192123816544,4.519539517362276,4.519539517362276,2.869467806729811,2.869467806729811,2.869467806729811,3.7883333552070786,3.7883333552070786,3.7883333552070786,-0.9188655484772671,-0.9188655484772671,-0.9188655484772671,0.0,0.0,0.0,17.488212663676514,electronics,Electronics,headphones,SRC-TRENDS-001,prophet
2022-03-13,4.529972213077887,11.170201972158765,26.860354299497363,4.529972213077887,4.529972213077887,3.163498712127474,3.163498712127474,3.163498712127474,3.7883333552070786,3.7883333552070786,3.7883333552070786,-0.6248346430796046,-0.6248346430796046,-0.6248346430796046,0.0,0.0,0.0,18.860533475123024,electronics,Electronics,headphones,SRC-TRENDS-001,prophet
2022-03-20,4.540404908793499,14.120736466299805,30.734499041190208,4.540404908793499,4.540404908793499,3.951109417476615,3.951109417476615,3.951109417476615,3.7883333552070786,3.7883333552070786,3.7883333552070786,0.16277606226953645,0.16277606226953645,0.16277606226953645,0.0,0.0,0.0,22.480041503084543,electronics,Electronics,headphones,SRC-TRENDS-001,prophet
2022-03-27,4.55083760450911,19.529395364819536,35.47716888763554,4.55083760450911,4.55083760450911,4.972525073887558,4.972525073887558,4.972525073887558,3.7883333552070786,3.7883333552070786,3.7883333552070786,1.1841917186804793,1.1841917186804793,1.1841917186804793,0.0,0.0,0.0,27.17999170012105,electronics,Electronics,headphones,SRC-TRENDS-001,prophet
2022-04-03,4.561270300224721,23.121891271163005,38.85899512798244,4.561270300224721,4.561270300224721,5.740202961673216,5.740202961673216,5.740202961673216,3.7883333552070786,3.7883333552070786,3.7883333552070786,1.9518696064661372,1.9518696064661372,1.9518696064661372,0.0,0.0,0.0,30.743887586566743,electronics,Electronics,headphones,SRC-TRENDS-001,prophet
2022-04-10,4.571702993114133,23.810590895741345,39.1986422035028,4.571702993114133,4.571702993114133,5.919598109883858,5.919598109883858,5.919598109883858,3.7883333552070786,3.7883333552070786,3.7883333552070786,2.131264754676779,2.131264754676779,2.131264754676779,0.0,0.0,0.0,31.634347390102935,electronics,Electronics,headphones,SRC-TRENDS-001,prophet
2022-04-17,4.582135686003546,21.47233037612779,38.417683464665835,4.582135686003546,4.582135686003546,5.583792683073784,5.583792683073784,5.583792683073784,3.7883333552070786,3.7883333552070786,3.7883333552070786,1.7954593278667055,1.7954593278667055,1.7954593278667055,0.0,0.0,0.0,30.16783140236142,electronics,Electronics,headphones,SRC-TRENDS-001,prophet
2022-04-24,4.592568378892957,20.348289282078916,35.66129568370225,4.592568378892957,4.592568378892957,5.084176998102659,5.084176998102659,5.084176998102659,3.7883333552070786,3.7883333552070786,3.7883333552070786,1.2958436428955813,1.2958436428955813,1.2958436428955813,0.0,0.0,0.0,27.94199889307415,electronics,Electronics,headphones,SRC-TRENDS-001,prophet
2022-05-01,4.603001071782368,18.353587792921022,33.97369420702721,4.603001071782368,4.603001071782368,4.689936708661142,4.689936708661142,4.689936708661142,3.7883333552070786,3.7883333552070786,3.7883333552070786,0.9016033534540633,0.9016033534540633,0.9016033534540633,0.0,0.0,0.0,26.190784768341075,electronics,Electronics,headphones,SRC-TRENDS-001,prophet
2022-05-08,4.61343376467178,16.425130588708097,33.736930812343374,4.61343376467178,4.61343376467178,4.391701204976874,4.391701204976874,4.391701204976874,3.7883333552070786,3.7883333552070786,3.7883333552070786,0.6033678497697955,0.6033678497697955,0.6033678497697955,0.0,0.0,0.0,24.87425638806183,electronics,Electronics,headphones,SRC-TRENDS-001,prophet
2022-05-15,4.623866457561192,15.444129757219294,31.398367678474088,4.623866457561192,4.623866457561192,4.0518270860998875,4.0518270860998875,4.0518270860998875,3.7883333552070786,3.7883333552070786,3.7883333552070786,0.2634937308928086,0.2634937308928086,0.2634937308928086,0.0,0.0,0.0,23.358973812816366,electronics,Electronics,headphones,SRC-TRENDS-001,prophet
2022-05-22,4.6342991504506035,13.345232522980055,29.6972926347668,4.6342991504506035,4.6342991504506035,3.6709534364003424,3.6709534364003424,3.6709534364003424,3.7883333552070786,3.7883333552070786,3.7883333552070786,-0.11737991880673579,-0.11737991880673579,-0.11737991880673579,0.0,0.0,0.0,21.646595542104436,electronics,Electronics,headphones,SRC-TRENDS-001,prophet
2022-05-29,4.644731843340015,11.850598494870304,28.668045243613413,4.644731843340015,4.644731843340015,3.4243077895364546,3.4243077895364546,3.4243077895364546,3.7883333552070786,3.7883333552070786,3.7883333552070786,-0.36402556567062383,-0.36402556567062383,-0.36402556567062383,0.0,0.0,0.0,20.549723274797245,electronics,Electronics,headphones,SRC-TRENDS-001,prophet
2022-06-05,4.655164537667638,12.45763871396025,28.400540927290532,4.655164537667638,4.655164537667638,3.4318996350639175,3.4318996350639175,3.4318996350639175,3.7883333552070786,3.7883333552070786,3.7883333552070786,-0.35643372014316105,-0.35643372014316105,-0.35643372014316105,0.0,0.0,0.0,20.631222015651694,electronics,Electronics,headphones,SRC-TRENDS-001,prophet
2022-06-12,4.665597231995259,13.044375569718708,29.198346704579848,4.665597231995259,4.665597231995259,3.569190379096322,3.569190379096322,3.569190379096322,3.7883333552070786,3.7883333552070786,3.7883333552070786,-0.21914297611075578,-0.21914297611075578,-0.21914297611075578,0.0,0.0,0.0,21.318001985171172,electronics,Electronics,headphones,SRC-TRENDS-001,prophet
2022-06-19,4.676029926322882,13.459521167251536,29.64263442439044,4.676029926322882,4.676029926322882,3.572805338592026,3.572805338592026,3.572805338592026,3.7883333552070786,3.7883333552070786,3.7883333552070786,-0.21552801661505244,-0.21552801661505244,-0.21552801661505244,0.0,0.0,0.0,21.382574610505355,electronics,Electronics,headphones,SRC-TRENDS-001,prophet
2022-06-26,4.686462620650503,11.355971604322914,28.39399851822741,4.686462620650503,4.686462620650503,3.3226041199647094,3.3226041199647094,3.3226041199647094,3.7883333552070786,3.7883333552070786,3.7883333552070786,-0.46572923524236903,-0.46572923524236903,-0.46572923524236903,0.0,0.0,0.0,20.257722632084473,electronics,Electronics,headphones,SRC-TRENDS-001,prophet
2022-07-03,4.696895314978126,10.056319814440627,25.950319068217528,4.696895314978126,4.696895314978126,2.961163847365526,2.961163847365526,2.961163847365526,3.7883333552070786,3.7883333552070786,3.7883333552070786,-0.827169507841552,-0.827169507841552,-0.827169507841552,0.0,0.0,0.0,18.605171916551868,electronics,Electronics,headphones,SRC-TRENDS-001,prophet
2022-07-10,4.707328009305748,9.701868980690511,25.2960460265968,4.707328009305748,4.707328009305748,2.718035596231802,2.718035596231802,2.718035596231802,3.7883333552070786,3.7883333552070786,3.7883333552070786,-1.0702977589752765,-1.0702977589752765,-1.0702977589752765,0.0,0.0,0.0,17.50201310173776,electronics,Electronics,headphones,SRC-TRENDS-001,prophet
2022-07-17,4.7177607036333695,9.599644452903997,25.686100616717738,4.7177607036333695,4.7177607036333695,2.669786358358362,2.669786358358362,2.669786358358362,3.7883333552070786,3.7883333552070786,3.7883333552070786,-1.118546996848717,-1.118546996848717,-1.118546996848717,0.0,0.0,0.0,17.313173872192888,electronics,Electronics,headphones,SRC-TRENDS-001,prophet
2022-07-24,4.728193397960992,9.287407092200922,25.7715843061207,4.728193397960992,4.728193397960992,2.725309123795907,2.725309123795907,2.725309123795907,3.7883333552070786,3.7883333552070786,3.7883333552070786,-1.0630242314111717,-1.0630242314111717,-1.0630242314111717,0.0,0.0,0.0,17.613982004495657,electronics,Electronics,headphones,SRC-TRENDS-001,prophet
2022-07-31,4.738626092288614,9.712210772908357,25.801360103885376,4.738626092288614,4.738626092288614,2.8157539584183793,2.8157539584183793,2.8157539584183793,3.7883333552070786,3.7883333552070786,3.7883333552070786,-0.9725793967886989,-0.9725793967886989,-0.9725793967886989,0.0,0.0,0.0,18.081431269114894,electronics,Electronics,headphones,SRC-TRENDS-001,prophet
2022-08-07,4.747677980808544,10.679755453429944,26.757364164629646,4.747677980808544,4.747677980808544,3.002012330943301,3.002012330943301,3.002012330943301,3.7883333552070786,3.7883333552070786,3.7883333552070786,-0.7863210242637775,-0.7863210242637775,-0.7863210242637775,0.0,0.0,0.0,19.000265822543785,electronics,Electronics,headphones,SRC-TRENDS-001,prophet
2022-08-14,4.756729869328473,13.177651695419017,28.591102888839433,4.756729869328473,4.756729869328473,3.340547497726277,3.340547497726277,3.340547497726277,3.7883333552070786,3.7883333552070786,3.7883333552070786,-0.44778585748080113,-0.44778585748080113,-0.44778585748080113,0.0,0.0,0.0,20.646811931673543,electronics,Electronics,headphones,SRC-TRENDS-001,prophet
2022-08-21,4.765781757848403,14.341896229097049,30.4555887959976,4.765781757848403,4.765781757848403,3.699909776584799,3.699909776584799,3.699909776584799,3.7883333552070786,3.7883333552070786,3.7883333552070786,-0.08842357862227967,-0.08842357862227967,-0.08842357862227967,0.0,0.0,0.0,22.398744276781198,electronics,Electronics,headphones,SRC-TRENDS-001,prophet
2022-08-28,4.774833646368333,14.677670271319752,31.166620309600283,4.774833646368333,4.774833646368333,3.8202902499687497,3.8202902499687497,3.8202902499687497,3.7883333552070786,3.7883333552070786,3.7883333552070786,0.0319568947616711,0.0319568947616711,0.0319568947616711,0.0,0.0,0.0,23.01608407081201,electronics,Electronics,headphones,SRC-TRENDS-001,prophet
2022-09-04,4.783885534888263,13.591299827291072,29.930163849368586,4.783885534888263,4.783885534888263,3.5999035729004873,3.5999035729004873,3.5999035729004873,3.7883333552070786,3.7883333552070786,3.7883333552070786,-0.18842978230659116,-0.18842978230659116,-0.18842978230659116,0.0,0.0,0.0,22.00541216427948,electronics,Electronics,headphones,SRC-TRENDS-001,prophet
2022-09-11,4.792937423408192,12.409391015666392,28.026328540821254,4.792937423408192,4.792937423408192,3.261342868791059,3.261342868791059,3.261342868791059,3.7883333552070786,3.7883333552070786,3.7883333552070786,-0.5269904864160195,-0.5269904864160195,-0.5269904864160195,0.0,0.0,0.0,20.424349709802296,electronics,Electronics,headphones,SRC-TRENDS-001,prophet
2022-09-18,4.801989311928122,12.146358564009276,27.967920533315475,4.801989311928122,4.801989311928122,3.1472470429682646,3.1472470429682646,3.1472470429682646,3.7883333552070786,3.7883333552070786,3.7883333552070786,-0.6410863122388138,-0.6410863122388138,-0.6410863122388138,0.0,0.0,0.0,19.915035974259116,electronics,Electronics,headphones,SRC-TRENDS-001,prophet
2022-09-25,4.811041200448052,12.244787332802543,28.783829338059867,4.811041200448052,4.811041200448052,3.339739799098038,3.339739799098038,3.339739799098038,3.7883333552070786,3.7883333552070786,3.7883333552070786,-0.4485935561090403,-0.4485935561090403,-0.4485935561090403,0.0,0.0,0.0,20.878666972684815,electronics,Electronics,headphones,SRC-TRENDS-001,prophet
2022-10-02,4.81725402492952,14.267507953144861,30.647335341891136,4.81725402492952,4.81725402492952,3.5501537552640223,3.5501537552640223,3.5501537552640223,3.7883333552070786,3.7883333552070786,3.7883333552070786,-0.23817959994305643,-0.23817959994305643,-0.23817959994305643,0.0,0.0,0.0,21.91924649159378,electronics,Electronics,headphones,SRC-TRENDS-001,prophet
2022-10-09,4.823466849410988,12.723103048890387,29.56029799171257,4.823466849410988,4.823466849410988,3.4435430350613414,3.4435430350613414,3.4435430350613414,3.7883333552070786,3.7883333552070786,3.7883333552070786,-0.344790320145737,-0.344790320145737,-0.344790320145737,0.0,0.0,0.0,21.433282523549465,electronics,Electronics,headphones,SRC-TRENDS-001,prophet
2022-10-16,4.829679673892456,12.104409027056438,27.85796850629279,4.829679673892456,4.829679673892456,3.0522940196810198,3.0522940196810198,3.0522940196810198,3.7883333552070786,3.7883333552070786,3.7883333552070786,-0.7360393355260586,-0.7360393355260586,-0.7360393355260586,0.0,0.0,0.0,19.571282059489377,electronics,Electronics,headphones,SRC-TRENDS-001,prophet
2022-10-23,4.835892498373925,10.790760190617899,26.24702957987841,4.835892498373925,4.835892498373925,2.801833389338528,2.801833389338528,2.801833389338528,3.7883333552070786,3.7883333552070786,3.7883333552070786,-0.9864999658685505,-0.9864999658685505,-0.9864999658685505,0.0,0.0,0.0,18.3852575675697,electronics,Electronics,headphones,SRC-TRENDS-001,prophet
2022-10-30,4.842105322855392,12.088909186343212,28.088647892387545,4.842105322855392,4.842105322855392,3.0944951057573435,3.0944951057573435,3.0944951057573435,3.7883333552070786,3.7883333552070786,3.7883333552070786,-0.693838249449735,-0.693838249449735,-0.693838249449735,0.0,0.0,0.0,19.825976545992987,electronics,Electronics,headphones,SRC-TRENDS-001,prophet
2022-11-06,4.848318147336861,15.95893930382093,31.45844990666947,4.848318147336861,4.848318147336861,3.8943049137783743,3.8943049137783743,3.8943049137783743,3.7883333552070786,3.7883333552070786,3.7883333552070786,0.10597155857129588,0.10597155857129588,0.10597155857129588,0.0,0.0,0.0,23.72914733207166,electronics,Electronics,headphones,SRC-TRENDS-001,prophet
2022-11-13,4.854530971818329,19.309398103464588,35.8337881436612,4.854530971818329,4.854530971818329,4.7539235959025525,4.7539235959025525,4.7539235959025525,3.7883333552070786,3.7883333552070786,3.7883333552070786,0.965590240695474,0.965590240695474,0.965590240695474,0.0,0.0,0.0,27.932600305785236,electronics,Electronics,headphones,SRC-TRENDS-001,prophet
2022-11-20,4.860743796299798,22.573794733507135,38.94944908154475,4.860743796299798,4.860743796299798,5.23570227239516,5.23570227239516,5.23570227239516,3.7883333552070786,3.7883333552070786,3.7883333552070786,1.447368917188081,1.447368917188081,1.447368917188081,0.0,0.0,0.0,30.310151136117323,electronics,Electronics,headphones,SRC-TRENDS-001,prophet
2022-11-27,4.866331004704342,22.480197448618874,38.42743310239859,4.866331004704342,4.866331004704342,5.268704525210089,5.268704525210089,5.268704525210089,3.7883333552070786,3.7883333552070786,3.7883333552070786,1.4803711700030109,1.4803711700030109,1.4803711700030109,0.0,0.0,0.0,30.50559119036027,electronics,Electronics,headphones,SRC-TRENDS-001,prophet
2022-12-04,4.871918213108888,21.57180508322624,37.848117999108446,4.871918213108888,4.871918213108888,5.09966016443791,5.09966016443791,5.09966016443791,3.7883333552070786,3.7883333552070786,3.7883333552070786,1.311326809230831,1.311326809230831,1.311326809230831,0.0,0.0,0.0,29.717045448899807,electronics,Electronics,headphones,SRC-TRENDS-001,prophet
2022-12-11,4.877505421513432,20.79639608634131,37.144043690300705,4.877505421513432,4.877505421513432,4.961973169847095,4.961973169847095,4.961973169847095,3.7883333552070786,3.7883333552070786,3.7883333552070786,1.1736398146400162,1.1736398146400162,1.1736398146400162,0.0,0.0,0.0,29.07955645884683,electronics,Electronics,headphones,SRC-TRENDS-001,prophet
2022-12-18,4.883092629917978,20.6375639244746,36.821217795021724,4.883092629917978,4.883092629917978,4.8545701557300855,4.8545701557300855,4.8545701557300855,3.7883333552070786,3.7883333552070786,3.7883333552070786,1.0662368005230074,1.0662368005230074,1.0662368005230074,0.0,0.0,0.0,28.588408378783328,electronics,Electronics,headphones,SRC-TRENDS-001,prophet
2022-12-25,4.888679838322523,19.25400850328549,35.84808529743181,4.888679838322523,4.888679838322523,4.629300889464826,4.629300889464826,4.629300889464826,3.7883333552070786,3.7883333552070786,3.7883333552070786,0.8409675342577476,0.8409675342577476,0.8409675342577476,0.0,0.0,0.0,27.519849762177742,electronics,Electronics,headphones,SRC-TRENDS-001,prophet
2023-01-01,4.894267046727068,17.1395627477724,33.269535417100066,4.894267046727068,4.894267046727068,4.218381320922338,4.218381320922338,4.218381320922338,3.7883333552070786,3.7883333552070786,3.7883333552070786,0.43004796571525994,0.43004796571525994,0.43004796571525994,0.0,0.0,0.0,25.54015173624627,electronics,Electronics,headphones,SRC-TRENDS-001,prophet
2023-01-08,4.899854255131613,15.29655845591834,30.810905723704558,4.899854255131613,4.899854255131613,3.7260650449462585,3.7260650449462585,3.7260650449462585,3.7883333552070786,3.7883333552070786,3.7883333552070786,-0.06226831026081993,-0.06226831026081993,-0.06226831026081993,0.0,0.0,0.0,23.157029920508702,electronics,Electronics,headphones,SRC-TRENDS-001,prophet
2023-01-15,4.905441463536158,13.262762767810113,29.474409930896147,4.905441463536158,4.905441463536158,3.3240318476114386,3.3240318476114386,3.3240318476114386,3.7883333552070786,3.7883333552070786,3.7883333552070786,-0.46430150759564015,-0.46430150759564015,-0.46430150759564015,0.0,0.0,0.0,21.21128511492401,electronics,Electronics,headphones,SRC-TRENDS-001,prophet
2023-01-22,4.911028671940703,11.89355648958565,28.295863514361407,4.911028671940703,4.911028671940703,3.1118337815971238,3.1118337815971238,3.1118337815971238,3.7883333552070786,3.7883333552070786,3.7883333552070786,-0.676499573609955,-0.676499573609955,-0.676499573609955,0.0,0.0,0.0,20.193333595677842,electronics,Electronics,headphones,SRC-TRENDS-001,prophet
2023-01-29,4.916615877863868,11.482676227762983,27.648815461005555,4.916615877863868,4.916615877863868,3.080752241068422,3.080752241068422,3.080752241068422,3.7883333552070786,3.7883333552070786,3.7883333552070786,-0.7075811141386565,-0.7075811141386565,-0.7075811141386565,0.0,0.0,0.0,20.06349126206557,electronics,Electronics,headphones,SRC-TRENDS-001,prophet
2023-02-05,4.922203083787034,12.381405605119129,28.55413603504509,4.922203083787034,4.922203083787034,3.1539606082845397,3.1539606082845397,3.1539606082845397,3.7883333552070786,3.7883333552070786,3.7883333552070786,-0.6343727469225386,-0.6343727469225386,-0.6343727469225386,0.0,0.0,0.0,20.446637716028025,electronics,Electronics,headphones,SRC-TRENDS-001,prophet
2023-02-12,4.927790289710199,12.564514142568601,29.21253216839438,4.927790289710199,4.927790289710199,3.220438937471137,3.220438937471137,3.220438937471137,3.7883333552070786,3.7883333552070786,3.7883333552070786,-0.5678944177359415,-0.5678944177359415,-0.5678944177359415,0.0,0.0,0.0,20.797438014385097,electronics,Electronics,headphones,SRC-TRENDS-001,prophet
2023-02-19,4.933377495633364,12.643111006486984,28.875785689133927,4.933377495633364,4.933377495633364,3.1719861318744846,3.1719861318744846,3.1719861318744846,3.7883333552070786,3.7883333552070786,3.7883333552070786,-0.6163472233325941,-0.6163472233325941,-0.6163472233325941,0.0,0.0,0.0,20.581982495084073,electronics,Electronics,headphones,SRC-TRENDS-001,prophet
2023-02-26,4.938964701556529,11.163864264237437,28.163937426784795,4.938964701556529,4.938964701556529,2.995882395328594,2.995882395328594,2.995882395328594,3.7883333552070786,3.7883333552070786,3.7883333552070786,-0.7924509598784847,-0.7924509598784847,-0.7924509598784847,0.0,0.0,0.0,19.735522102099075,electronics,Electronics,headphones,SRC-TRENDS-001,prophet
2023-03-05,4.944551907479694,11.626995285886007,27.66646751125215,4.944551907479694,4.944551907479694,2.8652617474039817,2.8652617474039817,2.8652617474039817,3.7883333552070786,3.7883333552070786,3.7883333552070786,-0.9230716078030968,-0.9230716078030968,-0.9230716078030968,0.0,0.0,0.0,19.111987346034653,electronics,Electronics,headphones,SRC-TRENDS-001,prophet
2023-03-12,4.950139113402859,12.228089178037502,28.162155799382596,4.950139113402859,4.950139113402859,3.0734188916435383,3.0734188916435383,3.0734188916435383,3.7883333552070786,3.7883333552070786,3.7883333552070786,-0.7149144635635404,-0.7149144635635404,-0.7149144635635404,0.0,0.0,0.0,20.1639901807988,electronics,Electronics,headphones,SRC-TRENDS-001,prophet
2023-03-19,4.955726319326024,15.436123328713187,31.613177271092578,4.955726319326024,4.955726319326024,3.781056295934233,3.781056295934233,3.781056295934233,3.7883333552070786,3.7883333552070786,3.7883333552070786,-0.007277059272845457,-0.007277059272845457,-0.007277059272845457,0.0,0.0,0.0,23.69360651994067,electronics,Electronics,headphones,SRC-TRENDS-001,prophet
2023-03-26,4.961323651701881,20.895770539965646,36.28645676677432,4.961323651701881,4.961323651701881,4.794346571233949,4.794346571233949,4.794346571233949,3.7883333552070786,3.7883333552070786,3.7883333552070786,1.0060132160268707,1.0060132160268707,1.0060132160268707,0.0,0.0,0.0,28.74762869002069,electronics,Electronics,headphones,SRC-TRENDS-001,prophet
2023-04-02,4.966920984077739,25.077870004012944,40.578669440980335,4.966920984077739,4.966920984077739,5.641443445038061,5.641443445038061,5.641443445038061,3.7883333552070786,3.7883333552070786,3.7883333552070786,1.8531100898309831,1.8531100898309831,1.8531100898309831,0.0,0.0,0.0,32.9875248117251,electronics,Electronics,headphones,SRC-TRENDS-001,prophet
2023-04-09,4.972518316453596,26.662359069502088,42.48943834853296,4.972518316453596,4.972518316453596,5.932908174654341,5.932908174654341,5.932908174654341,3.7883333552070786,3.7883333552070786,3.7883333552070786,2.144574819447262,2.144574819447262,2.144574819447262,0.0,0.0,0.0,34.474012884759574,electronics,Electronics,headphones,SRC-TRENDS-001,prophet
2023-04-16,4.978115648829454,25.433793294090318,41.51103967342788,4.978115648829454,4.978115648829454,5.666920356148188,5.666920356148188,5.666920356148188,3.7883333552070786,3.7883333552070786,3.7883333552070786,1.8785870009411092,1.8785870009411092,1.8785870009411092,0.0,0.0,0.0,33.18870055444093,electronics,Electronics,headphones,SRC-TRENDS-001,prophet
2023-04-23,4.983712981205311,22.67025791041431,38.97105917916688,4.983712981205311,4.983712981205311,5.169924490857699,5.169924490857699,5.169924490857699,3.7883333552070786,3.7883333552070786,3.7883333552070786,1.3815911356506203,1.3815911356506203,1.3815911356506203,0.0,0.0,0.0,30.749132778144087,electronics,Electronics,headphones,SRC-TRENDS-001,prophet
2023-04-30,4.989310313581168,20.406778308875968,35.703427543607894,4.989310313581168,4.989310313581168,4.749686523738423,4.749686523738423,4.749686523738423,3.7883333552070786,3.7883333552070786,3.7883333552070786,0.9613531685313441,0.9613531685313441,0.9613531685313441,0.0,0.0,0.0,28.686970272746766,electronics,Electronics,headphones,SRC-TRENDS-001,prophet
2023-05-07,4.994907645957026,18.982240589671363,35.4244678465365,4.994907645957026,4.994907645957026,4.444624466736871,4.444624466736871,4.444624466736871,3.7883333552070786,3.7883333552070786,3.7883333552070786,0.6562911115297925,0.6562911115297925,0.6562911115297925,0.0,0.0,0.0,27.19539637826869,electronics,Electronics,headphones,SRC-TRENDS-001,prophet
2023-05-14,5.0005049783328825,17.590255821580964,33.701443742444944,5.0005049783328825,5.0005049783328825,4.118565326520159,4.118565326520159,4.118565326520159,3.7883333552070786,3.7883333552070786,3.7883333552070786,0.3302319713130806,0.3302319713130806,0.3302319713130806,0.0,0.0,0.0,25.59541139718613,electronics,Electronics,headphones,SRC-TRENDS-001,prophet
2023-05-21,5.0062022020241255,15.447807466836815,31.71915801359301,5.0062022020241255,5.0062022020241255,3.7351316197400983,3.7351316197400983,3.7351316197400983,3.7883333552070786,3.7883333552070786,3.7883333552070786,-0.05320173546697965,-0.05320173546697965,-0.05320173546697965,0.0,0.0,0.0,23.705026341616943,electronics,Electronics,headphones,SRC-TRENDS-001,prophet
2023-05-28,5.011899425715367,14.71066314424065,30.102755754083898,5.011899425715367,5.011899425715367,3.4503714385203557,3.4503714385203557,3.4503714385203557,3.7883333552070786,3.7883333552070786,3.7883333552070786,-0.3379619166867228,-0.3379619166867228,-0.3379619166867228,0.0,0.0,0.0,22.30481405694024,electronics,Electronics,headphones,SRC-TRENDS-001,prophet
2023-06-04,5.017596649406609,14.0932172973187,30.527190109367556,5.017596649406609,5.017596649406609,3.414160889193389,3.414160889193389,3.414160889193389,3.7883333552070786,3.7883333552070786,3.7883333552070786,-0.3741724660136897,-0.3741724660136897,-0.3741724660136897,0.0,0.0,0.0,22.148478887558444,electronics,Electronics,headphones,SRC-TRENDS-001,prophet
2023-06-11,5.023293873097852,14.824138214584337,30.96147183535377,5.023293873097852,5.023293873097852,3.5471871854877204,3.5471871854877204,3.5471871854877204,3.7883333552070786,3.7883333552070786,3.7883333552070786,-0.24114616971935784,-0.24114616971935784,-0.24114616971935784,0.0,0.0,0.0,22.84185752868953,electronics,Electronics,headphones,SRC-TRENDS-001,prophet
2023-06-18,5.028991096789093,14.776462900738553,30.721373953871808,5.028991096789093,5.028991096789093,3.5909472940175733,3.5909472940175733,3.5909472940175733,3.7883333552070786,3.7883333552070786,3.7883333552070786,-0.19738606118950516,-0.19738606118950516,-0.19738606118950516,0.0,0.0,0.0,23.08783306744235,electronics,Electronics,headphones,SRC-TRENDS-001,prophet
2023-06-25,5.034688320480335,13.869093278136967,30.402262632346137,5.034688320480335,5.034688320480335,3.382313024245153,3.382313024245153,3.382313024245153,3.7883333552070786,3.7883333552070786,3.7883333552070786,-0.4060203309619257,-0.4060203309619257,-0.4060203309619257,0.0,0.0,0.0,22.063580199855927,electronics,Electronics,headphones,SRC-TRENDS-001,prophet
2023-07-02,5.040385544171578,11.812472901703352,28.802644620874386,5.040385544171578,5.040385544171578,3.0226399057258355,3.0226399057258355,3.0226399057258355,3.7883333552070786,3.7883333552070786,3.7883333552070786,-0.7656934494812432,-0.7656934494812432,-0.7656934494812432,0.0,0.0,0.0,20.27565603022822,electronics,Electronics,headphones,SRC-TRENDS-001,prophet
2023-07-09,5.046082767862819,11.17182926897865,27.05316531639704,5.046082767862819,5.046082767862819,2.746435611393013,2.746435611393013,2.746435611393013,3.7883333552070786,3.7883333552070786,3.7883333552070786,-1.0418977438140653,-1.0418977438140653,-1.0418977438140653,0.0,0.0,0.0,18.904824179557888,electronics,Electronics,headphones,SRC-TRENDS-001,prophet
2023-07-16,5.051780005470588,10.598231960798211,26.339196041908966,5.051780005470588,5.051780005470588,2.6671973418180848,2.6671973418180848,2.6671973418180848,3.7883333552070786,3.7883333552070786,3.7883333552070786,-1.1211360133889936,-1.1211360133889936,-1.1211360133889936,0.0,0.0,0.0,18.525874207511492,electronics,Electronics,headphones,SRC-TRENDS-001,prophet
2023-07-23,5.057477243078357,10.705424967110504,26.314303495366488,5.057477243078357,5.057477243078357,2.712598305887025,2.712598305887025,2.712598305887025,3.7883333552070786,3.7883333552070786,3.7883333552070786,-1.0757350493200533,-1.0757350493200533,-1.0757350493200533,0.0,0.0,0.0,18.77638144471489,electronics,Electronics,headphones,SRC-TRENDS-001,prophet
2023-07-30,5.0631744806861265,10.642780039231333,27.633698224603414,5.0631744806861265,5.0631744806861265,2.795590878728717,2.795590878728717,2.795590878728717,3.7883333552070786,3.7883333552070786,3.7883333552070786,-0.9927424764783613,-0.9927424764783613,-0.9927424764783613,0.0,0.0,0.0,19.21773887630427,electronics,Electronics,headphones,SRC-TRENDS-001,prophet
2023-08-06,5.068871718293896,12.448856716537602,28.236939018096063,5.068871718293896,5.068871718293896,2.9574052763228718,2.9574052763228718,2.9574052763228718,3.7883333552070786,3.7883333552070786,3.7883333552070786,-0.8309280788842067,-0.8309280788842067,-0.8309280788842067,0.0,0.0,0.0,20.059579682980047,electronics,Electronics,headphones,SRC-TRENDS-001,prophet
2023-08-13,5.074568955901666,12.76378281637648,29.622975409777826,5.074568955901666,5.074568955901666,3.2718614593964443,3.2718614593964443,3.2718614593964443,3.7883333552070786,3.7883333552070786,3.7883333552070786,-0.5164718958106342,-0.5164718958106342,-0.5164718958106342,0.0,0.0,0.0,21.67785554576598,electronics,Electronics,headphones,SRC-TRENDS-001,prophet
2023-08-20,5.080266193509435,15.153038421680648,31.244844572995074,5.080266193509435,5.080266193509435,3.646022469462956,3.646022469462956,3.646022469462956,3.7883333552070786,3.7883333552070786,3.7883333552070786,-0.1423108857441227,-0.1423108857441227,-0.1423108857441227,0.0,0.0,0.0,23.603030885897876,electronics,Electronics,headphones,SRC-TRENDS-001,prophet
2023-08-27,5.085963431117204,16.806589449857785,33.00559374029488,5.085963431117204,5.085963431117204,3.82507187627533,3.82507187627533,3.82507187627533,3.7883333552070786,3.7883333552070786,3.7883333552070786,0.03673852106825126,0.03673852106825126,0.03673852106825126,0.0,0.0,0.0,24.5401391152484,electronics,Electronics,headphones,SRC-TRENDS-001,prophet
2023-09-03,5.091660668724973,15.681708407361743,31.521494396740003,5.091660668724973,5.091660668724973,3.6580724555062574,3.6580724555062574,3.6580724555062574,3.7883333552070786,3.7883333552070786,3.7883333552070786,-0.13026089970082072,-0.13026089970082072,-0.13026089970082072,0.0,0.0,0.0,23.71732431377237,electronics,Electronics,headphones,SRC-TRENDS-001,prophet
2023-09-10,5.097357906332743,14.047220236151128,30.75849164751877,5.097357906332743,5.097357906332743,3.3137674222594407,3.3137674222594407,3.3137674222594407,3.7883333552070786,3.7883333552070786,3.7883333552070786,-0.474565932947638,-0.474565932947638,-0.474565932947638,0.0,0.0,0.0,21.988816475934772,electronics,Electronics,headphones,SRC-TRENDS-001,prophet
2023-09-17,5.103055116297236,13.054899925599365,29.19400592928254,5.103055116297236,5.103055116297236,3.1419801322419456,3.1419801322419456,3.1419801322419456,3.7883333552070786,3.7883333552070786,3.7883333552070786,-0.6463532229651328,-0.6463532229651328,-0.6463532229651328,0.0,0.0,0.0,21.13675290543876,electronics,Electronics,headphones,SRC-TRENDS-001,prophet
2023-09-24,5.108752326261729,14.212022300586586,29.911858976190675,5.108752326261729,5.108752326261729,3.2923625478988727,3.2923625478988727,3.2923625478988727,3.7883333552070786,3.7883333552070786,3.7883333552070786,-0.4959708073082058,-0.4959708073082058,-0.4959708073082058,0.0,0.0,0.0,21.928617151737086,electronics,Electronics,headphones,SRC-TRENDS-001,prophet
2023-10-01,5.114449536226221,15.24216529733198,31.495190937395208,5.114449536226221,5.114449536226221,3.529222561041334,3.529222561041334,3.529222561041334,3.7883333552070786,3.7883333552070786,3.7883333552070786,-0.25911079416574445,-0.25911079416574445,-0.25911079416574445,0.0,0.0,0.0,23.16448022678319,electronics,Electronics,headphones,SRC-TRENDS-001,prophet
2023-10-08,5.120146746190715,15.20462541225607,30.8248650078696,5.120146746190715,5.120146746190715,3.4908858957901945,3.4908858957901945,3.4908858957901945,3.7883333552070786,3.7883333552070786,3.7883333552070786,-0.2974474594168837,-0.2974474594168837,-0.2974474594168837,0.0,0.0,0.0,22.993994806843936,electronics,Electronics,headphones,SRC-TRENDS-001,prophet
2023-10-15,5.125843956155207,13.277390515359278,29.014679180522176,5.125843956155207,5.125843956155207,3.1268868972269144,3.1268868972269144,3.1268868972269144,3.7883333552070786,3.7883333552070786,3.7883333552070786,-0.661446457980164,-0.661446457980164,-0.661446457980164,0.0,0.0,0.0,21.153778259886693,electronics,Electronics,headphones,SRC-TRENDS-001,prophet
2023-10-22,5.1315411661197,11.303763924214321,27.57715951350753,5.1315411661197,5.1315411661197,2.814081841810393,2.814081841810393,2.814081841810393,3.7883333552070786,3.7883333552070786,3.7883333552070786,-0.9742515133966858,-0.9742515133966858,-0.9742515133966858,0.0,0.0,0.0,19.572117982199675,electronics,Electronics,headphones,SRC-TRENDS-001,prophet
2023-10-29,5.137238376084192,12.823058632427067,28.418391702073595,5.137238376084192,5.137238376084192,2.9969826387950342,2.9969826387950342,2.9969826387950342,3.7883333552070786,3.7883333552070786,3.7883333552070786,-0.7913507164120444,-0.7913507164120444,-0.7913507164120444,0.0,0.0,0.0,20.53345260056011,electronics,Electronics,headphones,SRC-TRENDS-001,prophet
2023-11-05,5.142935586048685,16.313400954906594,33.08728613634795,5.142935586048685,5.142935586048685,3.7314450316976795,3.7314450316976795,3.7314450316976795,3.7883333552070786,3.7883333552070786,3.7883333552070786,-0.056888323509398944,-0.056888323509398944,-0.056888323509398944,0.0,0.0,0.0,24.333517026951245,electronics,Electronics,headphones,SRC-TRENDS-001,prophet
2023-11-12,5.148632630772151,21.255431958302303,37.33494144755984,5.148632630772151,5.148632630772151,4.619211623393369,4.619211623393369,4.619211623393369,3.7883333552070786,3.7883333552070786,3.7883333552070786,0.8308782681862905,0.8308782681862905,0.8308782681862905,0.0,0.0,0.0,28.93125632341725,electronics,Electronics,headphones,SRC-TRENDS-001,prophet
2023-11-19,5.154329675495617,23.33580177215391,39.53365574778844,5.154329675495617,5.154329675495617,5.186178302911963,5.186178302911963,5.186178302911963,3.7883333552070786,3.7883333552070786,3.7883333552070786,1.3978449477048844,1.3978449477048844,1.3978449477048844,0.0,0.0,0.0,31.885602404606246,electronics,Electronics,headphones,SRC-TRENDS-001,prophet
2023-11-26,5.160026720219083,25.05440095906651,40.89042647695509,5.160026720219083,5.160026720219083,5.286643242582474,5.286643242582474,5.286643242582474,3.7883333552070786,3.7883333552070786,3.7883333552070786,1.4983098873753948,1.4983098873753948,1.4983098873753948,0.0,0.0,0.0,32.4392471122103,electronics,Electronics,headphones,SRC-TRENDS-001,prophet
2023-12-03,5.165723764942548,23.692156156798067,39.93307049795059,5.165723764942548,5.165723764942548,5.131638685114553,5.131638685114553,5.131638685114553,3.7883333552070786,3.7883333552070786,3.7883333552070786,1.3433053299074749,1.3433053299074749,1.3433053299074749,0.0,0.0,0.0,31.674351673737327,electronics,Electronics,headphones,SRC-TRENDS-001,prophet
2023-12-10,5.171420809666015,22.51883055070557,38.245358801836325,5.171420809666015,5.171420809666015,4.981122754332011,4.981122754332011,4.981122754332011,3.7883333552070786,3.7883333552070786,3.7883333552070786,1.1927893991249328,1.1927893991249328,1.1927893991249328,0.0,0.0,0.0,30.930902676919473,electronics,Electronics,headphones,SRC-TRENDS-001,prophet
2023-12-17,5.17711785438948,22.416803414732865,38.20217052005728,5.17711785438948,5.17711785438948,4.877974237367823,4.877974237367823,4.877974237367823,3.7883333552070786,3.7883333552070786,3.7883333552070786,1.0896408821607442,1.0896408821607442,1.0896408821607442,0.0,0.0,0.0,30.430965371918344,electronics,Electronics,headphones,SRC-TRENDS-001,prophet
2023-12-24,5.182814899112946,21.299119930272507,37.07042208386191,5.182814899112946,5.182814899112946,4.683557093932398,4.683557093932398,4.683557093932398,3.7883333552070786,3.7883333552070786,3.7883333552070786,0.8952237387253191,0.8952237387253191,0.8952237387253191,0.0,0.0,0.0,29.456824386391915,electronics,Electronics,headphones,SRC-TRENDS-001,prophet
2023-12-31,5.188511943836412,19.632745212785128,35.452018447874224,5.188511943836412,5.188511943836412,4.302568898751127,4.302568898751127,4.302568898751127,3.7883333552070786,3.7883333552070786,3.7883333552070786,0.514235543544048,0.514235543544048,0.514235543544048,0.0,0.0,0.0,27.51244206418571,electronics,Electronics,headphones,SRC-TRENDS-001,prophet
2024-01-07,5.194208934204358,17.97696126276695,33.00398204974245,5.194208934204358,5.194208934204358,3.811951497394555,3.811951497394555,3.811951497394555,3.7883333552070786,3.7883333552070786,3.7883333552070786,0.023618142187476522,0.023618142187476522,0.023618142187476522,0.0,0.0,0.0,24.994281458724835,electronics,Electronics,headphones,SRC-TRENDS-001,prophet
2024-01-14,5.199905924572304,14.999050114965597,30.59136108313839,5.199905924572304,5.199905924572304,3.3832288277494085,3.3832288277494085,3.3832288277494085,3.7883333552070786,3.7883333552070786,3.7883333552070786,-0.40510452745766967,-0.40510452745766967,-0.40510452745766967,0.0,0.0,0.0,22.792377550170265,electronics,Electronics,headphones,SRC-TRENDS-001,prophet
2024-01-21,5.205602914940251,13.475559033456918,29.36497808464515,5.205602914940251,5.205602914940251,3.1350169230969613,3.1350169230969613,3.1350169230969613,3.7883333552070786,3.7883333552070786,3.7883333552070786,-0.6533164321101173,-0.6533164321101173,-0.6533164321101173,0.0,0.0,0.0,21.52525614820081,electronics,Electronics,headphones,SRC-TRENDS-001,prophet
2024-01-28,5.211299905308198,13.441950811868086,29.365007556451566,5.211299905308198,5.211299905308198,3.075869693764244,3.075869693764244,3.075869693764244,3.7883333552070786,3.7883333552070786,3.7883333552070786,-0.7124636614428349,-0.7124636614428349,-0.7124636614428349,0.0,0.0,0.0,21.240579349162154,electronics,Electronics,headphones,SRC-TRENDS-001,prophet
2024-02-04,5.216996895676145,13.761387523786576,29.380668420922007,5.216996895676145,5.216996895676145,3.1378929617311857,3.1378929617311857,3.1378929617311857,3.7883333552070786,3.7883333552070786,3.7883333552070786,-0.6504403934758928,-0.6504403934758928,-0.6504403934758928,0.0,0.0,0.0,21.587374735991766,electronics,Electronics,headphones,SRC-TRENDS-001,prophet
2024-02-11,5.222693886044091,14.631362516968226,30.141339020099405,5.222693886044091,5.222693886044091,3.2144408924734322,3.2144408924734322,3.2144408924734322,3.7883333552070786,3.7883333552070786,3.7883333552070786,-0.5738924627336462,-0.5738924627336462,-0.5738924627336462,0.0,0.0,0.0,22.010734682215194,electronics,Electronics,headphones,SRC-TRENDS-001,prophet
2024-02-18,5.228390876412037,13.854129211473953,29.575536067276506,5.228390876412037,5.228390876412037,3.1917879725624156,3.1917879725624156,3.1917879725624156,3.7883333552070786,3.7883333552070786,3.7883333552070786,-0.596545382644663,-0.596545382644663,-0.596545382644663,0.0,0.0,0.0,21.916305991599046,electronics,Electronics,headphones,SRC-TRENDS-001,prophet
2024-02-25,5.234087866779985,13.123113871003307,29.056762288375392,5.234087866779985,5.234087866779985,3.0315489196349104,3.0315489196349104,3.0315489196349104,3.7883333552070786,3.7883333552070786,3.7883333552070786,-0.7567844355721679,-0.7567844355721679,-0.7567844355721679,0.0,0.0,0.0,21.101481284591042,electronics,Electronics,headphones,SRC-TRENDS-001,prophet
2024-03-03,5.239784856791302,12.101066788666504,28.050921442638998,5.239784856791302,5.239784856791302,2.8722055463117,2.8722055463117,2.8722055463117,3.7883333552070786,3.7883333552070786,3.7883333552070786,-0.9161278088953785,-0.9161278088953785,-0.9161278088953785,0.0,0.0,0.0,20.289523983947337,electronics,Electronics,headphones,SRC-TRENDS-001,prophet
2024-03-10,5.245481846802619,13.12996381271931,29.18241701921562,5.245481846802619,5.245481846802619,3.0002989077673017,3.0002989077673017,3.0002989077673017,3.7883333552070786,3.7883333552070786,3.7883333552070786,-0.7880344474397768,-0.7880344474397768,-0.7880344474397768,0.0,0.0,0.0,20.983495302477728,electronics,Electronics,headphones,SRC-TRENDS-001,prophet
2024-03-17,5.251178836813937,16.188736054782886,32.180757212617685,5.251178836813937,5.251178836813937,3.621584354021901,3.621584354021901,3.621584354021901,3.7883333552070786,3.7883333552070786,3.7883333552070786,-0.16674900118517724,-0.16674900118517724,-0.16674900118517724,0.0,0.0,0.0,24.268765952390215,electronics,Electronics,headphones,SRC-TRENDS-001,prophet
2024-03-24,5.256875826825254,21.577196110670005,37.172040294976554,5.256875826825254,5.256875826825254,4.610636276245165,4.610636276245165,4.610636276245165,3.7883333552070786,3.7883333552070786,3.7883333552070786,0.8223029210380861,0.8223029210380861,0.8223029210380861,0.0,0.0,0.0,29.494418213702062,electronics,Electronics,headphones,SRC-TRENDS-001,prophet
2024-03-31,5.26257281683657,26.005863819828402,41.604410131720094,5.26257281683657,5.26257281683657,5.5238183335063455,5.5238183335063455,5.5238183335063455,3.7883333552070786,3.7883333552070786,3.7883333552070786,1.735484978299267,1.735484978299267,1.735484978299267,0.0,0.0,0.0,34.33206902389055,electronics,Electronics,headphones,SRC-TRENDS-001,prophet
2024-04-07,5.268269806847887,28.42618816750972,44.15187591114961,5.268269806847887,5.268269806847887,5.927478652839169,5.927478652839169,5.927478652839169,3.7883333552070786,3.7883333552070786,3.7883333552070786,2.139145297632091,2.139145297632091,2.139145297632091,0.0,0.0,0.0,36.49582662433587,electronics,Electronics,headphones,SRC-TRENDS-001,prophet
2024-04-14,5.273966796859204,27.3502738986081,43.03782431683382,5.273966796859204,5.273966796859204,5.742771852369105,5.742771852369105,5.742771852369105,3.7883333552070786,3.7883333552070786,3.7883333552070786,1.9544384971620268,1.9544384971620268,1.9544384971620268,0.0,0.0,0.0,35.561154868191494,electronics,Electronics,headphones,SRC-TRENDS-001,prophet
2024-04-21,5.279663786870521,25.362892791530793,40.85107376853814,5.279663786870521,5.279663786870521,5.258959003896723,5.258959003896723,5.258959003896723,3.7883333552070786,3.7883333552070786,3.7883333552070786,1.4706256486896443,1.4706256486896443,1.4706256486896443,0.0,0.0,0.0,33.045199196380715,electronics,Electronics,headphones,SRC-TRENDS-001,prophet
2024-04-28,5.285360776881838,22.776821551215345,38.18360962231124,5.285360776881838,5.285360776881838,4.813632862903843,4.813632862903843,4.813632862903843,3.7883333552070786,3.7883333552070786,3.7883333552070786,1.0252995076967644,1.0252995076967644,1.0252995076967644,0.0,0.0,0.0,30.72714710478324,electronics,Electronics,headphones,SRC-TRENDS-001,prophet
2024-05-05,5.291057792864557,21.365126607307246,36.95347251653188,5.291057792864557,5.291057792864557,4.496541764066034,4.496541764066034,4.496541764066034,3.7883333552070786,3.7883333552070786,3.7883333552070786,0.7082084088589553,0.7082084088589553,0.7082084088589553,0.0,0.0,0.0,29.082520134567087,electronics,Electronics,headphones,SRC-TRENDS-001,prophet
2024-05-12,5.296754808847275,19.64836148872515,35.82430916406451,5.296754808847275,5.296754808847275,4.1828534134302515,4.1828534134302515,4.1828534134302515,3.7883333552070786,3.7883333552070786,3.7883333552070786,0.3945200582231728,0.3945200582231728,0.3945200582231728,0.0,0.0,0.0,27.4523037411372,electronics,Electronics,headphones,SRC-TRENDS-001,prophet
2024-05-19,5.302451824829994,17.839308012243663,33.496601172778036,5.302451824829994,5.302451824829994,3.802461802294392,3.802461802294392,3.802461802294392,3.7883333552070786,3.7883333552070786,3.7883333552070786,0.014128447087313145,0.014128447087313145,0.014128447087313145,0.0,0.0,0.0,25.46482234725224,electronics,Electronics,headphones,SRC-TRENDS-001,prophet
2024-05-26,5.308148840812713,15.601444767318643,31.50243188381714,5.308148840812713,5.308148840812713,3.4850677659664147,3.4850677659664147,3.4850677659664147,3.7883333552070786,3.7883333552070786,3.7883333552070786,-0.3032655892406637,-0.3032655892406637,-0.3032655892406637,0.0,0.0,0.0,23.80740726288109,electronics,Electronics,headphones,SRC-TRENDS-001,prophet
2024-06-02,5.313845856795431,15.099304264063278,31.37017387194109,5.313845856795431,5.313845856795431,3.402375956129904,3.402375956129904,3.402375956129904,3.7883333552070786,3.7883333552070786,3.7883333552070786,-0.3859573990771747,-0.3859573990771747,-0.3859573990771747,0.0,0.0,0.0,23.39354723453671,electronics,Electronics,headphones,SRC-TRENDS-001,prophet
2024-06-09,5.3195428727781495,16.269550782600064,31.519160305861266,5.3195428727781495,5.3195428727781495,3.5220465829394323,3.5220465829394323,3.5220465829394323,3.7883333552070786,3.7883333552070786,3.7883333552070786,-0.26628677226764613,-0.26628677226764613,-0.26628677226764613,0.0,0.0,0.0,24.055220670646243,electronics,Electronics,headphones,SRC-TRENDS-001,prophet
2024-06-16,5.325239888760868,16.56846853290417,32.32023979929639,5.325239888760868,5.325239888760868,3.600231921549584,3.600231921549584,3.600231921549584,3.7883333552070786,3.7883333552070786,3.7883333552070786,-0.18810143365749443,-0.18810143365749443,-0.18810143365749443,0.0,0.0,0.0,24.4973385261869,electronics,Electronics,headphones,SRC-TRENDS-001,prophet
2024-06-23,5.330936904743587,15.660862156917387,31.343281806064184,5.330936904743587,5.330936904743587,3.4368118951980096,3.4368118951980096,3.4368118951980096,3.7883333552070786,3.7883333552070786,3.7883333552070786,-0.35152146000906914,-0.35152146000906914,-0.35152146000906914,0.0,0.0,0.0,23.652364271516404,electronics,Electronics,headphones,SRC-TRENDS-001,prophet
2024-06-30,5.336633922002397,13.4250140630392,29.71411484312847,5.336633922002397,5.336633922002397,3.0871723855248323,3.0871723855248323,3.0871723855248323,3.7883333552070786,3.7883333552070786,3.7883333552070786,-0.7011609696822463,-0.7011609696822463,-0.7011609696822463,0.0,0.0,0.0,21.81174279766328,electronics,Electronics,headphones,SRC-TRENDS-001,prophet
2024-07-07,5.342330939261207,11.918624098220194,28.380405001216907,5.342330939261207,5.342330939261207,2.7816969524464463,2.7816969524464463,2.7816969524464463,3.7883333552070786,3.7883333552070786,3.7883333552070786,-1.0066364027606323,-1.0066364027606323,-1.0066364027606323,0.0,0.0,0.0,20.203076631964468,electronics,Electronics,headphones,SRC-TRENDS-001,prophet
2024-07-14,5.348027956520016,11.257160866998031,27.73510520044628,5.348027956520016,5.348027956520016,2.668607281293008,2.668607281293008,2.668607281293008,3.7883333552070786,3.7883333552070786,3.7883333552070786,-1.1197260739140706,-1.1197260739140706,-1.1197260739140706,0.0,0.0,0.0,19.6198143018479,electronics,Electronics,headphones,SRC-TRENDS-001,prophet
2024-07-21,5.353724973778826,12.125213570239024,27.744954310500276,5.353724973778826,5.353724973778826,2.700650155798144,2.700650155798144,2.700650155798144,3.7883333552070786,3.7883333552070786,3.7883333552070786,-1.0876831994089342,-1.0876831994089342,-1.0876831994089342,0.0,0.0,0.0,19.812263158315027,electronics,Electronics,headphones,SRC-TRENDS-001,prophet
2024-07-28,5.359421991037635,11.955747778675468,27.668213952437686,5.359421991037635,5.359421991037635,2.7778094287230264,2.7778094287230264,2.7778094287230264,3.7883333552070786,3.7883333552070786,3.7883333552070786,-1.010523926484052,-1.010523926484052,-1.010523926484052,0.0,0.0,0.0,20.246874930247515,electronics,Electronics,headphones,SRC-TRENDS-001,prophet
2024-08-04,5.365119008296445,13.393350162475679,28.751573342158878,5.365119008296445,5.365119008296445,2.9181816924877584,2.9181816924877584,2.9181816924877584,3.7883333552070786,3.7883333552070786,3.7883333552070786,-0.8701516627193204,-0.8701516627193204,-0.8701516627193204,0.0,0.0,0.0,21.02151107632521,electronics,Electronics,headphones,SRC-TRENDS-001,prophet
2024-08-11,5.370816025555255,14.732761562336304,30.57177697350668,5.370816025555255,5.370816025555255,3.205610821670488,3.205610821670488,3.205610821670488,3.7883333552070786,3.7883333552070786,3.7883333552070786,-0.58272253353659,-0.58272253353659,-0.58272253353659,0.0,0.0,0.0,22.587561998276463,electronics,Electronics,headphones,SRC-TRENDS-001,prophet
2024-08-18,5.376513042814065,16.43049780134869,32.08509342164475,5.376513042814065,5.376513042814065,3.585629467649156,3.585629467649156,3.585629467649156,3.7883333552070786,3.7883333552070786,3.7883333552070786,-0.2027038875579227,-0.2027038875579227,-0.2027038875579227,0.0,0.0,0.0,24.654696642328204,electronics,Electronics,headphones,SRC-TRENDS-001,prophet
2024-08-25,5.378342176611336,17.433488942833915,34.278679220745865,5.378342176611336,5.378342176611336,3.8178468124069367,3.8178468124069367,3.8178468124069367,3.7883333552070786,3.7883333552070786,3.7883333552070786,0.02951345719985793,0.02951345719985793,0.02951345719985793,0.0,0.0,0.0,25.91202871162071,electronics,Electronics,headphones,SRC-TRENDS-001,prophet
2024-09-01,5.380171310408607,17.602567022436833,34.08542579074368,5.380171310408607,5.380171310408607,3.7100157468547605,3.7100157468547605,3.7100157468547605,3.7883333552070786,3.7883333552070786,3.7883333552070786,-0.07831760835231827,-0.07831760835231827,-0.07831760835231827,0.0,0.0,0.0,25.340691592800752,electronics,Electronics,headphones,SRC-TRENDS-001,prophet
2024-09-08,5.382000444205878,15.980439938943245,31.420138788335834,5.382000444205878,5.382000444205878,3.372287569300636,3.372287569300636,3.372287569300636,3.7883333552070786,3.7883333552070786,3.7883333552070786,-0.41604578590644253,-0.41604578590644253,-0.41604578590644253,0.0,0.0,0.0,23.53165364017186,electronics,Electronics,headphones,SRC-TRENDS-001,prophet
2024-09-15,5.38382957800315,13.63571293521295,30.50642782234517,5.38382957800315,5.38382957800315,3.1481647973099522,3.1481647973099522,3.1481647973099522,3.7883333552070786,3.7883333552070786,3.7883333552070786,-0.6401685578971263,-0.6401685578971263,-0.6401685578971263,0.0,0.0,0.0,22.333012330188765,electronics,Electronics,headphones,SRC-TRENDS-001,prophet
2024-09-22,5.385658711800421,14.913881063931544,30.890526475681895,5.385658711800421,5.385658711800421,3.2481438624577694,3.2481438624577694,3.2481438624577694,3.7883333552070786,3.7883333552070786,3.7883333552070786,-0.5401894927493092,-0.5401894927493092,-0.5401894927493092,0.0,0.0,0.0,22.879053001827177,electronics,Electronics,headphones,SRC-TRENDS-001,prophet
2024-09-29,5.3874878455976924,16.102447619539216,31.858733519134425,5.3874878455976924,5.3874878455976924,3.498582513302545,3.498582513302545,3.498582513302545,3.7883333552070786,3.7883333552070786,3.7883333552070786,-0.2897508419045334,-0.2897508419045334,-0.2897508419045334,0.0,0.0,0.0,24.23605861283578,electronics,Electronics,headphones,SRC-TRENDS-001,prophet
2024-10-06,5.389316979394963,16.454270053056586,32.475562965785635,5.389316979394963,5.389316979394963,3.5265461140059253,3.5265461140059253,3.5265461140059253,3.7883333552070786,3.7883333552070786,3.7883333552070786,-0.2617872412011535,-0.2617872412011535,-0.2617872412011535,0.0,0.0,0.0,24.394991830226424,electronics,Electronics,headphones,SRC-TRENDS-001,prophet
2024-10-13,5.391146113192235,14.965006617148449,30.466044244027742,5.391146113192235,5.391146113192235,3.2028979617390636,3.2028979617390636,3.2028979617390636,3.7883333552070786,3.7883333552070786,3.7883333552070786,-0.5854353934680151,-0.5854353934680151,-0.5854353934680151,0.0,0.0,0.0,22.65843701057312,electronics,Electronics,headphones,SRC-TRENDS-001,prophet
2024-10-20,5.392975246989505,12.547854985846616,29.213876174991395,5.392975246989505,5.392975246989505,2.84330015127048,2.84330015127048,2.84330015127048,3.7883333552070786,3.7883333552070786,3.7883333552070786,-0.9450332039365986,-0.9450332039365986,-0.9450332039365986,0.0,0.0,0.0,20.726822582552717,electronics,Electronics,headphones,SRC-TRENDS-001,prophet
2024-10-27,5.386391193094468,13.152577412288737,29.496247651185126,5.386391193094468,5.386391193094468,2.9184095899333427,2.9184095899333427,2.9184095899333427,3.7883333552070786,3.7883333552070786,3.7883333552070786,-0.8699237652737362,-0.8699237652737362,-0.8699237652737362,0.0,0.0,0.0,21.106086906153863,electronics,Electronics,headphones,SRC-TRENDS-001,prophet
2024-11-03,5.379807139199432,17.106154126497145,32.13524008135325,5.379807139199432,5.379807139199432,3.5736758870110044,3.5736758870110044,3.5736758870110044,3.7883333552070786,3.7883333552070786,3.7883333552070786,-0.2146574681960743,-0.2146574681960743,-0.2146574681960743,0.0,0.0,0.0,24.605494189326098,electronics,Electronics,headphones,SRC-TRENDS-001,prophet
2024-11-10,5.373223085304395,20.915321058961986,38.06204107548822,5.373223085304395,5.373223085304395,4.473266551439595,4.473266551439595,4.473266551439595,3.7883333552070786,3.7883333552070786,3.7883333552070786,0.6849331962325169,0.6849331962325169,0.6849331962325169,0.0,0.0,0.0,29.409082186219607,electronics,Electronics,headphones,SRC-TRENDS-001,prophet
2024-11-17,5.36663903140936,24.496047034165517,41.29389091789132,5.36663903140936,5.36663903140936,5.120723805583168,5.120723805583168,5.120723805583168,3.7883333552070786,3.7883333552070786,3.7883333552070786,1.33239045037609,1.33239045037609,1.33239045037609,0.0,0.0,0.0,32.847715275519064,electronics,Electronics,headphones,SRC-TRENDS-001,prophet
2024-11-24,5.360054977514323,25.292293083816872,41.663159854812,5.360054977514323,5.360054977514323,5.296333142759132,5.296333142759132,5.296333142759132,3.7883333552070786,3.7883333552070786,3.7883333552070786,1.5079997875520534,1.5079997875520534,1.5079997875520534,0.0,0.0,0.0,33.748691801934484,electronics,Electronics,headphones,SRC-TRENDS-001,prophet
2024-12-01,5.353470923619287,24.868197327811682,40.58996589669092,5.353470923619287,5.353470923619287,5.164447411894753,5.164447411894753,5.164447411894753,3.7883333552070786,3.7883333552070786,3.7883333552070786,1.3761140566876742,1.3761140566876742,1.3761140566876742,0.0,0.0,0.0,33.00118997975872,electronics,Electronics,headphones,SRC-TRENDS-001,prophet
2024-12-08,5.34688686972425,23.841131497996894,40.1445655325031,5.34688686972425,5.34688686972425,5.002325256883357,5.002325256883357,5.002325256883357,3.7883333552070786,3.7883333552070786,3.7883333552070786,1.2139919016762786,1.2139919016762786,1.2139919016762786,0.0,0.0,0.0,32.093754103843864,electronics,Electronics,headphones,SRC-TRENDS-001,prophet
2024-12-15,5.340302815829214,23.308191049531466,40.283270288995524,5.340302815829214,5.340302815829214,4.89831065820248,4.89831065820248,4.89831065820248,3.7883333552070786,3.7883333552070786,3.7883333552070786,1.1099773029954008,1.1099773029954008,1.1099773029954008,0.0,0.0,0.0,31.498765016634167,electronics,Electronics,headphones,SRC-TRENDS-001,prophet
2024-12-22,5.328849806549562,21.920150467425096,38.559514086954344,5.328849806549562,5.328849806549562,4.73133334176307,4.73133334176307,4.73133334176307,3.7883333552070786,3.7883333552070786,3.7883333552070786,0.9429999865559912,0.9429999865559912,0.9429999865559912,0.0,0.0,0.0,30.54141456952519,electronics,Electronics,headphones,SRC-TRENDS-001,prophet
2024-12-29,5.31739679726991,20.735888550440563,37.30788063315614,5.31739679726991,5.31739679726991,4.382993028393674,4.382993028393674,4.382993028393674,3.7883333552070786,3.7883333552070786,3.7883333552070786,0.5946596731865958,0.5946596731865958,0.5946596731865958,0.0,0.0,0.0,28.623509888906778,electronics,Electronics,headphones,SRC-TRENDS-001,prophet
2025-01-05,5.305943787990258,17.692820405649936,34.44962041243466,5.305943787990258,5.305943787990258,3.8999906236286224,3.8999906236286224,3.8999906236286224,3.7883333552070786,3.7883333552070786,3.7883333552070786,0.11165726842154358,0.11165726842154358,0.11165726842154358,0.0,0.0,0.0,25.9990748106528,electronics,Electronics,headphones,SRC-TRENDS-001,prophet
2025-01-12,5.294490778710607,15.980799769599612,31.99328637942405,5.294490778710607,5.294490778710607,3.448501784144316,3.448501784144316,3.448501784144316,3.7883333552070786,3.7883333552070786,3.7883333552070786,-0.3398315710627622,-0.3398315710627622,-0.3398315710627622,0.0,0.0,0.0,23.552551675229765,electronics,Electronics,headphones,SRC-TRENDS-001,prophet
2025-01-19,5.283037769430956,14.648765750592561,29.410406706560746,5.283037769430956,5.283037769430956,3.164420362000373,3.164420362000373,3.164420362000373,3.7883333552070786,3.7883333552070786,3.7883333552070786,-0.6239129932067053,-0.6239129932067053,-0.6239129932067053,0.0,0.0,0.0,22.0007900602353,electronics,Electronics,headphones,SRC-TRENDS-001,prophet
2025-01-26,5.271584760151303,13.546084511264377,28.925565108617306,5.271584760151303,5.271584760151303,3.07494295977384,3.07494295977384,3.07494295977384,3.7883333552070786,3.7883333552070786,3.7883333552070786,-0.7133903954332385,-0.7133903954332385,-0.7133903954332385,0.0,0.0,0.0,21.48140720522962,electronics,Electronics,headphones,SRC-TRENDS-001,prophet
2025-02-02,5.2601317508716505,13.335505679726339,29.50290985454138,5.2601317508716505,5.2601317508716505,3.1223304155458957,3.1223304155458957,3.1223304155458957,3.7883333552070786,3.7883333552070786,3.7883333552070786,-0.6660029396611826,-0.6660029396611826,-0.6660029396611826,0.0,0.0,0.0,21.684001106396895,electronics,Electronics,headphones,SRC-TRENDS-001,prophet
2025-02-09,5.248678741592,14.223568016935463,30.252915487585884,5.248678741592,5.248678741592,3.205101766367754,3.205101766367754,3.205101766367754,3.7883333552070786,3.7883333552070786,3.7883333552070786,-0.5832315888393244,-0.5832315888393244,-0.5832315888393244,0.0,0.0,0.0,22.0712282473654,electronics,Electronics,headphones,SRC-TRENDS-001,prophet
2025-02-16,5.237225732619308,13.835865892280367,29.892134769260057,5.237225732619308,5.237225732619308,3.206698614414055,3.206698614414055,3.206698614414055,3.7883333552070786,3.7883333552070786,3.7883333552070786,-0.5816347407930236,-0.5816347407930236,-0.5816347407930236,0.0,0.0,0.0,22.031430232783276,electronics,Electronics,headphones,SRC-TRENDS-001,prophet
2025-02-23,5.225772723646616,12.972284648852865,28.918021365937516,5.225772723646616,5.225772723646616,3.066777551156215,3.066777551156215,3.066777551156215,3.7883333552070786,3.7883333552070786,3.7883333552070786,-0.7215558040508638,-0.7215558040508638,-0.7215558040508638,0.0,0.0,0.0,21.252055199970528,electronics,Electronics,headphones,SRC-TRENDS-001,prophet
2025-03-02,5.214319714673923,12.08680029169454,27.99835182551655,5.214319714673923,5.214319714673923,2.8885070538342212,2.8885070538342212,2.8885070538342212,3.7883333552070786,3.7883333552070786,3.7883333552070786,-0.8998263013728571,-0.8998263013728571,-0.8998263013728571,0.0,0.0,0.0,20.275918991456393,electronics,Electronics,headphones,SRC-TRENDS-001,prophet
2025-03-09,5.202866705701231,11.975093606642789,28.407213230838543,5.202866705701231,5.202866705701231,2.943862683799701,2.943862683799701,2.943862683799701,3.7883333552070786,3.7883333552070786,3.7883333552070786,-0.8444706714073774,-0.8444706714073774,-0.8444706714073774,0.0,0.0,0.0,20.519391849398968,electronics,Electronics,headphones,SRC-TRENDS-001,prophet
2025-03-16,5.19141369672854,15.621693831579767,31.364052243556298,5.19141369672854,5.19141369672854,3.4747899595667073,3.4747899595667073,3.4747899595667073,3.7883333552070786,3.7883333552070786,3.7883333552070786,-0.3135433956403714,-0.3135433956403714,-0.3135433956403714,0.0,0.0,0.0,23.230485886077954,electronics,Electronics,headphones,SRC-TRENDS-001,prophet
2025-03-23,5.179960687755848,19.85568608697611,36.242092677016664,5.179960687755848,5.179960687755848,4.424490662725615,4.424490662725615,4.424490662725615,3.7883333552070786,3.7883333552070786,3.7883333552070786,0.6361573075185367,0.6361573075185367,0.6361573075185367,0.0,0.0,0.0,28.098648384017356,electronics,Electronics,headphones,SRC-TRENDS-001,prophet
2025-03-30,5.168507678783156,25.412039394413757,40.950448746438745,5.168507678783156,5.168507678783156,5.388896471662256,5.388896471662256,5.388896471662256,3.7883333552070786,3.7883333552070786,3.7883333552070786,1.6005631164551777,1.6005631164551777,1.6005631164551777,0.0,0.0,0.0,33.02106047273698,electronics,Electronics,headphones,SRC-TRENDS-001,prophet
2025-04-06,5.157054669810464,27.671946023490676,43.573573975468804,5.157054669810464,5.157054669810464,5.902202249792466,5.902202249792466,5.902202249792466,3.7883333552070786,3.7883333552070786,3.7883333552070786,2.113868894585387,2.113868894585387,2.113868894585387,0.0,0.0,0.0,35.59503434426853,electronics,Electronics,headphones,SRC-TRENDS-001,prophet
2025-04-13,5.162669135453156,27.27038516179592,43.64912316125549,5.162669135453156,5.162669135453156,5.808972713063374,5.808972713063374,5.808972713063374,3.7883333552070786,3.7883333552070786,3.7883333552070786,2.020639357856296,2.020639357856296,2.020639357856296,0.0,0.0,0.0,35.152473269875024,electronics,Electronics,headphones,SRC-TRENDS-001,prophet
2025-04-20,5.168283601095849,24.617665627027442,40.28241862169432,5.168283601095849,5.168283601095849,5.349998294663332,5.349998294663332,5.349998294663332,3.7883333552070786,3.7883333552070786,3.7883333552070786,1.5616649394562534,1.5616649394562534,1.5616649394562534,0.0,0.0,0.0,32.818592053295106,electronics,Electronics,headphones,SRC-TRENDS-001,prophet
2025-04-27,5.173898066738542,21.783532123599194,38.53516919354237,5.173898066738542,5.173898066738542,4.882319223802183,4.882319223802183,4.882319223802183,3.7883333552070786,3.7883333552070786,3.7883333552070786,1.093985868595104,1.093985868595104,1.093985868595104,0.0,0.0,0.0,30.434520059969074,electronics,Electronics,headphones,SRC-TRENDS-001,prophet
2025-05-04,5.179512532381235,20.781196516978355,36.21678350159092,5.179512532381235,5.179512532381235,4.5483716016356075,4.5483716016356075,4.5483716016356075,3.7883333552070786,3.7883333552070786,3.7883333552070786,0.7600382464285291,0.7600382464285291,0.7600382464285291,0.0,0.0,0.0,28.737860244979775,electronics,Electronics,headphones,SRC-TRENDS-001,prophet
2025-05-11,5.185126998023927,19.88195704248759,35.46535764562563,5.185126998023927,5.185126998023927,4.244369703106505,4.244369703106505,4.244369703106505,3.7883333552070786,3.7883333552070786,3.7883333552070786,0.4560363478994266,0.4560363478994266,0.4560363478994266,0.0,0.0,0.0,27.192722935196265,electronics,Electronics,headphones,SRC-TRENDS-001,prophet
2025-05-18,5.190741463666621,16.902729317045324,33.12868746594702,5.190741463666621,5.190741463666621,3.871654946616885,3.871654946616885,3.871654946616885,3.7883333552070786,3.7883333552070786,3.7883333552070786,0.08332159140980652,0.08332159140980652,0.08332159140980652,0.0,0.0,0.0,25.28750132808086,electronics,Electronics,headphones,SRC-TRENDS-001,prophet
2025-05-25,5.196355929309313,15.665285938302437,31.84501686827997,5.196355929309313,5.196355929309313,3.527875774081178,3.527875774081178,3.527875774081178,3.7883333552070786,3.7883333552070786,3.7883333552070786,-0.26045758112590045,-0.26045758112590045,-0.26045758112590045,0.0,0.0,0.0,23.528454125822723,electronics,Electronics,headphones,SRC-TRENDS-001,prophet
2025-06-01,5.2019703949520055,14.637306832746336,30.726292985637006,5.2019703949520055,5.2019703949520055,3.397700710720583,3.397700710720583,3.397700710720583,3.7883333552070786,3.7883333552070786,3.7883333552070786,-0.39063264448649515,-0.39063264448649515,-0.39063264448649515,0.0,0.0,0.0,22.87670890302787,electronics,Electronics,headphones,SRC-TRENDS-001,prophet
2025-06-08,5.207584860594702,15.311513374401965,32.10951285955914,5.207584860594702,5.207584860594702,3.4954516561317925,3.4954516561317925,3.4954516561317925,3.7883333552070786,3.7883333552070786,3.7883333552070786,-0.29288169907528583,-0.29288169907528583,-0.29288169907528583,0.0,0.0,0.0,23.410445986007304,electronics,Electronics,headphones,SRC-TRENDS-001,prophet
2025-06-15,5.304878668545091,16.83603090808666,32.390526406357374,5.304878668545091,5.304878668545091,3.601029683503337,3.601029683503337,3.601029683503337,3.7883333552070786,3.7883333552070786,3.7883333552070786,-0.18730367170374096,-0.18730367170374096,-0.18730367170374096,0.0,0.0,0.0,24.407904221359622,electronics,Electronics,headphones,SRC-TRENDS-001,prophet
2025-06-22,5.4021724764954735,15.909076668166207,32.77494685236938,5.4021724764954735,5.4021724764954735,3.484847932784336,3.484847932784336,3.484847932784336,3.7883333552070786,3.7883333552070786,3.7883333552070786,-0.3034854224227428,-0.3034854224227428,-0.3034854224227428,0.0,0.0,0.0,24.22792206375516,electronics,Electronics,headphones,SRC-TRENDS-001,prophet
2025-06-29,5.499466284445859,14.920510392237869,29.97022847962717,5.499466284445859,5.499466284445859,3.153388452350698,3.153388452350698,3.153388452350698,3.7883333552070786,3.7883333552070786,3.7883333552070786,-0.6349449028563806,-0.6349449028563806,-0.6349449028563806,0.0,0.0,0.0,22.841419759909428,electronics,Electronics,headphones,SRC-TRENDS-001,prophet
2025-07-06,5.596760092396244,13.072916885258373,29.32566862851902,5.596760092396244,5.596760092396244,2.8237073421012084,2.8237073421012084,2.8237073421012084,3.7883333552070786,3.7883333552070786,3.7883333552070786,-0.9646260131058699,-0.9646260131058699,-0.9646260131058699,0.0,0.0,0.0,21.400372657274556,electronics,Electronics,headphones,SRC-TRENDS-001,prophet
2025-07-13,5.694053900346627,12.864499712522617,28.504452134979708,5.694053900346627,5.694053900346627,2.6747921810264326,2.6747921810264326,2.6747921810264326,3.7883333552070786,3.7883333552070786,3.7883333552070786,-1.1135411741806458,-1.1135411741806458,-1.1135411741806458,0.0,0.0,0.0,20.924464751336846,electronics,Electronics,headphones,SRC-TRENDS-001,prophet
2025-07-20,5.791347708297012,13.250512021235238,29.5662594694529,5.791347708297012,5.791347708297012,2.6897376832885693,2.6897376832885693,2.6897376832885693,3.7883333552070786,3.7883333552070786,3.7883333552070786,-1.0985956719185093,-1.0985956719185093,-1.0985956719185093,0.0,0.0,0.0,21.368553876330385,electronics,Electronics,headphones,SRC-TRENDS-001,prophet
2025-07-27,5.8886415162473975,13.953777603254123,30.137324981741344,5.8886415162473975,5.8886415162473975,2.7618057152518967,2.7618057152518967,2.7618057152518967,3.7883333552070786,3.7883333552070786,3.7883333552070786,-1.026527639955182,-1.026527639955182,-1.026527639955182,0.0,0.0,0.0,22.151925310889055,electronics,Electronics,headphones,SRC-TRENDS-001,prophet
2025-08-03,5.98593532419778,15.782809214580693,31.053393705657786,5.98593532419778,5.98593532419778,2.884069141138874,2.884069141138874,2.884069141138874,3.7883333552070786,3.7883333552070786,3.7883333552070786,-0.9042642140682045,-0.9042642140682045,-0.9042642140682045,0.0,0.0,0.0,23.24978667356972,electronics,Electronics,headphones,SRC-TRENDS-001,prophet
2025-08-10,6.084618878455861,17.554988530935752,32.98627052549002,6.084618878455861,6.084618878455861,3.1429144027303044,3.1429144027303044,3.1429144027303044,3.7883333552070786,3.7883333552070786,3.7883333552070786,-0.6454189524767743,-0.6454189524767743,-0.6454189524767743,0.0,0.0,0.0,25.2080551866795,electronics,Electronics,headphones,SRC-TRENDS-001,prophet
2025-08-17,6.183302432713939,19.613853989075505,35.691006084901524,6.183302432713939,6.183302432713939,3.5204128696782986,3.5204128696782986,3.5204128696782986,3.7883333552070786,3.7883333552070786,3.7883333552070786,-0.26792048552878,-0.26792048552878,-0.26792048552878,0.0,0.0,0.0,27.95107989395322,electronics,Electronics,headphones,SRC-TRENDS-001,prophet
2025-08-24,6.281985986972013,21.80536633604299,38.15551789195145,6.281985986972013,6.281985986972013,3.798864821445988,3.798864821445988,3.798864821445988,3.7883333552070786,3.7883333552070786,3.7883333552070786,0.010531466238909562,0.010531466238909562,0.010531466238909562,0.0,0.0,0.0,30.146401561696653,electronics,Electronics,headphones,SRC-TRENDS-001,prophet
2025-08-31,6.380669541230091,23.02599238815734,37.98967048166906,6.380669541230091,6.380669541230091,3.753899265714093,3.753899265714093,3.753899265714093,3.7883333552070786,3.7883333552070786,3.7883333552070786,-0.03443408949298546,-0.03443408949298546,-0.03443408949298546,0.0,0.0,0.0,30.333060246818007,electronics,Electronics,headphones,SRC-TRENDS-001,prophet
2025-09-07,6.479353095488169,20.734970895022848,36.61114522018044,6.479353095488169,6.479353095488169,3.434817530216246,3.434817530216246,3.434817530216246,3.7883333552070786,3.7883333552070786,3.7883333552070786,-0.35351582499083267,-0.35351582499083267,-0.35351582499083267,0.0,0.0,0.0,28.73474869233183,electronics,Electronics,headphones,SRC-TRENDS-001,prophet
2025-09-14,6.5780366497462435,19.724766337808276,35.14448768214903,6.5780366497462435,6.5780366497462435,3.165855399110181,3.165855399110181,3.165855399110181,3.7883333552070786,3.7883333552070786,3.7883333552070786,-0.6224779560968974,-0.6224779560968974,-0.6224779560968974,0.0,0.0,0.0,27.403149492890034,electronics,Electronics,headphones,SRC-TRENDS-001,prophet
2025-09-21,6.676720204004321,19.59579634877608,36.21399025412911,6.676720204004321,6.676720204004321,3.2093461865591655,3.2093461865591655,3.2093461865591655,3.7883333552070786,3.7883333552070786,3.7883333552070786,-0.5789871686479132,-0.5789871686479132,-0.5789871686479132,0.0,0.0,0.0,28.104626729448125,electronics,Electronics,headphones,SRC-TRENDS-001,prophet
2025-09-28,6.775403758262399,21.93523039665942,38.29700758305175,6.775403758262399,6.775403758262399,3.4601215136596974,3.4601215136596974,3.4601215136596974,3.7883333552070786,3.7883333552070786,3.7883333552070786,-0.328211841547381,-0.328211841547381,-0.328211841547381,0.0,0.0,0.0,30.219124065956894,electronics,Electronics,headphones,SRC-TRENDS-001,prophet
2025-10-05,6.87408731252048,23.821220004582713,39.14407476774636,6.87408731252048,6.87408731252048,3.549645093708877,3.549645093708877,3.549645093708877,3.7883333552070786,3.7883333552070786,3.7883333552070786,-0.23868826149820138,-0.23868826149820138,-0.23868826149820138,0.0,0.0,0.0,31.274657615135244,electronics,Electronics,headphones,SRC-TRENDS-001,prophet
2025-10-12,6.972770866778555,21.742126376045245,37.30435693904676,6.972770866778555,6.972770866778555,3.277284495820871,3.277284495820871,3.277284495820871,3.7883333552070786,3.7883333552070786,3.7883333552070786,-0.5110488593862078,-0.5110488593862078,-0.5110488593862078,0.0,0.0,0.0,29.824524721383366,electronics,Electronics,headphones,SRC-TRENDS-001,prophet
2025-10-19,7.071454421036632,19.06285413971737,35.32904841055406,7.071454421036632,7.071454421036632,2.887352299476658,2.887352299476658,2.887352299476658,3.7883333552070786,3.7883333552070786,3.7883333552070786,-0.9009810557304206,-0.9009810557304206,-0.9009810557304206,0.0,0.0,0.0,27.48923460426113,electronics,Electronics,headphones,SRC-TRENDS-001,prophet
2025-10-26,7.17013797529471,19.967794834498875,35.867826641443386,7.17013797529471,7.17013797529471,2.859771910767712,2.859771910767712,2.859771910767712,3.7883333552070786,3.7883333552070786,3.7883333552070786,-0.9285614444393664,-0.9285614444393664,-0.9285614444393664,0.0,0.0,0.0,27.6750971533714,electronics,Electronics,headphones,SRC-TRENDS-001,prophet
2025-11-02,7.268821529552786,24.30399132577227,40.06988697872489,7.268821529552786,7.268821529552786,3.4241559749533983,3.4241559749533983,3.4241559749533983,3.7883333552070786,3.7883333552070786,3.7883333552070786,-0.3641773802536804,-0.3641773802536804,-0.3641773802536804,0.0,0.0,0.0,32.15840020084086,electronics,Electronics,headphones,SRC-TRENDS-001,prophet
2025-11-09,7.367505083810863,31.18565550076489,46.97131419480434,7.367505083810863,7.367505083810863,4.318429374306135,4.318429374306135,4.318429374306135,3.7883333552070786,3.7883333552070786,3.7883333552070786,0.5300960190990563,0.5300960190990563,0.5300960190990563,0.0,0.0,0.0,39.183555453089475,electronics,Electronics,headphones,SRC-TRENDS-001,prophet
2025-11-16,7.466188638068941,37.42044648317898,53.65289272199704,7.466188638068941,7.466188638068941,5.039079412567391,5.039079412567391,5.039079412567391,3.7883333552070786,3.7883333552070786,3.7883333552070786,1.2507460573603129,1.2507460573603129,1.2507460573603129,0.0,0.0,0.0,45.088906094506704,electronics,Electronics,headphones,SRC-TRENDS-001,prophet
2025-11-23,7.564872192327019,39.202523767833554,55.912080584730916,7.564872192327019,7.564872192327019,5.295920319305937,5.295920319305937,5.295920319305937,3.7883333552070786,3.7883333552070786,3.7883333552070786,1.5075869640988586,1.5075869640988586,1.5075869640988586,0.0,0.0,0.0,47.62783254862413,electronics,Electronics,headphones,SRC-TRENDS-001,prophet
2025-11-30,7.6635557465850965,39.23159321467011,55.2759809310815,7.6635557465850965,7.6635557465850965,5.1968991046672,5.1968991046672,5.1968991046672,3.7883333552070786,3.7883333552070786,3.7883333552070786,1.4085657494601218,1.4085657494601218,1.4085657494601218,0.0,0.0,0.0,47.490281744580365,electronics,Electronics,headphones,SRC-TRENDS-001,prophet
2025-12-07,7.762239300843174,38.879457526467036,54.707234498539194,7.762239300843174,7.762239300843174,5.026014022930511,5.026014022930511,5.026014022930511,3.7883333552070786,3.7883333552070786,3.7883333552070786,1.2376806677234324,1.2376806677234324,1.2376806677234324,0.0,0.0,0.0,46.77536287622329,electronics,Electronics,headphones,SRC-TRENDS-001,prophet
2025-12-14,7.8609228551012515,38.571165348642275,54.074557524196145,7.8609228551012515,7.8609228551012515,4.916605844789302,4.916605844789302,4.916605844789302,3.7883333552070786,3.7883333552070786,3.7883333552070786,1.1282724895822231,1.1282724895822231,1.1282724895822231,0.0,0.0,0.0,46.50998210992987,electronics,Electronics,headphones,SRC-TRENDS-001,prophet
2025-12-21,7.959606409359327,38.02168913103352,53.962386332036964,7.959606409359327,7.959606409359327,4.772812305368909,4.772812305368909,4.772812305368909,3.7883333552070786,3.7883333552070786,3.7883333552070786,0.9844789501618301,0.9844789501618301,0.9844789501618301,0.0,0.0,0.0,45.94931382584276,electronics,Electronics,headphones,SRC-TRENDS-001,prophet
2025-12-28,8.058289963617405,36.134381138372845,52.01911355358718,8.058289963617405,8.058289963617405,4.458776271968774,4.458776271968774,4.458776271968774,3.7883333552070786,3.7883333552070786,3.7883333552070786,0.6704429167616954,0.6704429167616954,0.6704429167616954,0.0,0.0,0.0,43.98840204603881,electronics,Electronics,headphones,SRC-TRENDS-001,prophet
2026-01-04,8.156973517875482,32.33436916112483,48.90382013471313,8.156973517875482,8.156973517875482,3.989148033730949,3.989148033730949,3.989148033730949,3.7883333552070786,3.7883333552070786,3.7883333552070786,0.20081467852387036,0.20081467852387036,0.20081467852387036,0.0,0.0,0.0,40.69634838790388,electronics,Electronics,headphones,SRC-TRENDS-001,prophet
2026-01-11,8.255657072133559,29.830425334673073,45.69420250192059,8.255657072133559,8.255657072133559,3.519435486371296,3.519435486371296,3.519435486371296,3.7883333552070786,3.7883333552070786,3.7883333552070786,-0.26889786883578226,-0.26889786883578226,-0.26889786883578226,0.0,0.0,0.0,37.310909535112565,electronics,Electronics,headphones,SRC-TRENDS-001,prophet
2026-01-18,8.354340626391634,26.903507803023132,42.756572328254826,8.354340626391634,8.354340626391634,3.200248745358443,3.200248745358443,3.200248745358443,3.7883333552070786,3.7883333552070786,3.7883333552070786,-0.5880846098486353,-0.5880846098486353,-0.5880846098486353,0.0,0.0,0.0,35.09030873429854,electronics,Electronics,headphones,SRC-TRENDS-001,prophet
2026-01-25,8.453024180649715,26.183575543381664,43.362756654810525,8.453024180649715,8.453024180649715,3.0784816985025407,3.0784816985025407,3.0784816985025407,3.7883333552070786,3.7883333552070786,3.7883333552070786,-0.7098516567045379,-0.7098516567045379,-0.7098516567045379,0.0,0.0,0.0,34.4755044177793,electronics,Electronics,headphones,SRC-TRENDS-001,prophet
2026-02-01,8.551707734907794,26.859796956639364,43.045324961779706,8.551707734907794,8.551707734907794,3.107953821362859,3.107953821362859,3.107953821362859,3.7883333552070786,3.7883333552070786,3.7883333552070786,-0.6803795338442195,-0.6803795338442195,-0.6803795338442195,0.0,0.0,0.0,35.130020468792786,electronics,Electronics,headphones,SRC-TRENDS-001,prophet
2026-02-08,8.650391289165867,28.109799587620618,44.2958083852419,8.650391289165867,8.650391289165867,3.1930521776842005,3.1930521776842005,3.1930521776842005,3.7883333552070786,3.7883333552070786,3.7883333552070786,-0.5952811775228782,-0.5952811775228782,-0.5952811775228782,0.0,0.0,0.0,36.271542032857376,electronics,Electronics,headphones,SRC-TRENDS-001,prophet
2026-02-15,8.749074843423946,28.69146983872184,44.545213571272264,8.749074843423946,8.749074843423946,3.2166398873436846,3.2166398873436846,3.2166398873436846,3.7883333552070786,3.7883333552070786,3.7883333552070786,-0.5716934678633938,-0.5716934678633938,-0.5716934678633938,0.0,0.0,0.0,36.89169796213661,electronics,Electronics,headphones,SRC-TRENDS-001,prophet
2026-02-22,8.847758397682023,28.037063210599086,44.73849416330488,8.847758397682023,8.847758397682023,3.100263135891808,3.100263135891808,3.100263135891808,3.7883333552070786,3.7883333552070786,3.7883333552070786,-0.6880702193152703,-0.6880702193152703,-0.6880702193152703,0.0,0.0,0.0,36.27813759329277,electronics,Electronics,headphones,SRC-TRENDS-001,prophet
2026-03-01,8.946441951940102,27.13763273164653,42.88766786711758,8.946441951940102,8.946441951940102,2.9122999963957454,2.9122999963957454,2.9122999963957454,3.7883333552070786,3.7883333552070786,3.7883333552070786,-0.8760333588113329,-0.8760333588113329,-0.8760333588113329,0.0,0.0,0.0,35.001164816330004,electronics,Electronics,headphones,SRC-TRENDS-001,prophet
2026-03-08,9.045125506198175,27.287171380188077,42.62248001148068,9.045125506198175,9.045125506198175,2.9034461298107237,2.9034461298107237,2.9034461298107237,3.7883333552070786,3.7883333552070786,3.7883333552070786,-0.8848872253963548,-0.8848872253963548,-0.8848872253963548,0.0,0.0,0.0,35.30716015082153,electronics,Electronics,headphones,SRC-TRENDS-001,prophet
2026-03-15,9.143809060456254,31.833357074591266,47.97754497236311,9.143809060456254,9.143809060456254,3.342381376813768,3.342381376813768,3.342381376813768,3.7883333552070786,3.7883333552070786,3.7883333552070786,-0.4459519783933108,-0.4459519783933108,-0.4459519783933108,0.0,0.0,0.0,39.70590617726623,electronics,Electronics,headphones,SRC-TRENDS-001,prophet
2026-03-22,9.242492614714335,40.576460525423926,56.537761078767865,9.242492614714335,9.242492614714335,4.239011500565039,4.239011500565039,4.239011500565039,3.7883333552070786,3.7883333552070786,3.7883333552070786,0.4506781453579605,0.4506781453579605,0.4506781453579605,0.0,0.0,0.0,48.42152510237584,electronics,Electronics,headphones,SRC-TRENDS-001,prophet
2026-03-29,9.34117616897241,50.23273482706273,65.93701505164121,9.34117616897241,9.34117616897241,5.238674291143589,5.238674291143589,5.238674291143589,3.7883333552070786,3.7883333552070786,3.7883333552070786,1.4503409359365098,1.4503409359365098,1.4503409359365098,0.0,0.0,0.0,58.276555614411336,electronics,Electronics,headphones,SRC-TRENDS-001,prophet
2026-04-05,9.439859723230487,56.67460193715242,72.07893178559804,9.439859723230487,9.439859723230487,5.85641366733335,5.85641366733335,5.85641366733335,3.7883333552070786,3.7883333552070786,3.7883333552070786,2.068080312126271,2.068080312126271,2.068080312126271,0.0,0.0,0.0,64.72358322406713,electronics,Electronics,headphones,SRC-TRENDS-001,prophet
2026-04-12,9.538543277488564,57.62520387144482,73.75160082586329,9.538543277488564,9.538543277488564,5.863191921113839,5.863191921113839,5.863191921113839,3.7883333552070786,3.7883333552070786,3.7883333552070786,2.074858565906761,2.074858565906761,2.074858565906761,0.0,0.0,0.0,65.46485316125424,electronics,Electronics,headphones,SRC-TRENDS-001,prophet
2026-04-19,9.637226831746643,53.989798838828,69.98462917950634,9.637226831746643,9.637226831746643,5.441439446016009,5.441439446016009,5.441439446016009,3.7883333552070786,3.7883333552070786,3.7883333552070786,1.6531060908089303,1.6531060908089303,1.6531060908089303,0.0,0.0,0.0,62.07761306421671,electronics,Electronics,headphones,SRC-TRENDS-001,prophet
2026-04-26,9.735910386004717,50.02699005076283,65.65753166694789,9.735910386004717,9.735910386004717,4.956022446744033,4.956022446744033,4.956022446744033,3.7883333552070786,3.7883333552070786,3.7883333552070786,1.1676890915369544,1.1676890915369544,1.1676890915369544,0.0,0.0,0.0,57.98730079853245,electronics,Electronics,headphones,SRC-TRENDS-001,prophet
2026-05-03,9.834593940262796,47.1406669399671,63.449644776385284,9.834593940262796,9.834593940262796,4.601115294754154,4.601115294754154,4.601115294754154,3.7883333552070786,3.7883333552070786,3.7883333552070786,0.8127819395470749,0.8127819395470749,0.8127819395470749,0.0,0.0,0.0,55.08469453650246,electronics,Electronics,headphones,SRC-TRENDS-001,prophet
2026-05-10,9.933277494520873,44.772577060221074,60.938255137482734,9.933277494520873,9.933277494520873,4.303059963320656,4.303059963320656,4.303059963320656,3.7883333552070786,3.7883333552070786,3.7883333552070786,0.514726608113578,0.514726608113578,0.514726608113578,0.0,0.0,0.0,52.67676618574776,electronics,Electronics,headphones,SRC-TRENDS-001,prophet
2026-05-17,10.031961048778951,41.75747068855517,57.287124110601056,10.031961048778951,10.031961048778951,3.9414833012145483,3.9414833012145483,3.9414833012145483,3.7883333552070786,3.7883333552070786,3.7883333552070786,0.1531499460074699,0.1531499460074699,0.1531499460074699,0.0,0.0,0.0,49.57276800097598,electronics,Electronics,headphones,SRC-TRENDS-001,prophet
2026-05-24,10.130644603037029,38.27726028926002,54.15883609283531,10.130644603037029,10.130644603037029,3.578016573402752,3.578016573402752,3.578016573402752,3.7883333552070786,3.7883333552070786,3.7883333552070786,-0.21031678180432684,-0.21031678180432684,-0.21031678180432684,0.0,0.0,0.0,46.378258891956655,electronics,Electronics,headphones,SRC-TRENDS-001,prophet
2026-05-31,10.229328157295106,36.62213217776096,52.56837669928726,10.229328157295106,10.229328157295106,3.401020623840466,3.401020623840466,3.401020623840466,3.7883333552070786,3.7883333552070786,3.7883333552070786,-0.3873127313666128,-0.3873127313666128,-0.3873127313666128,0.0,0.0,0.0,45.019484188287755,electronics,Electronics,headphones,SRC-TRENDS-001,prophet
2026-06-07,10.328011711553184,38.599921398287655,54.10866003520412,10.328011711553184,10.328011711553184,3.469139277186154,3.469139277186154,3.469139277186154,3.7883333552070786,3.7883333552070786,3.7883333552070786,-0.31919407802092487,-0.31919407802092487,-0.31919407802092487,0.0,0.0,0.0,46.157322795340924,electronics,Electronics,headphones,SRC-TRENDS-001,prophet
2026-06-14,10.426695265811258,39.99165566026685,55.619604427219954,10.426695265811258,10.426695265811258,3.59403238312561,3.59403238312561,3.59403238312561,3.7883333552070786,3.7883333552070786,3.7883333552070786,-0.1943009720814689,-0.1943009720814689,-0.1943009720814689,0.0,0.0,0.0,47.900575700119404,electronics,Electronics,headphones,SRC-TRENDS-001,prophet
2026-06-21,10.525378820069337,39.51584072271927,55.79253007383517,10.525378820069337,10.525378820069337,3.525382829862701,3.525382829862701,3.525382829862701,3.7883333552070786,3.7883333552070786,3.7883333552070786,-0.262950525344378,-0.262950525344378,-0.262950525344378,0.0,0.0,0.0,47.63136859014231,electronics,Electronics,headphones,SRC-TRENDS-001,prophet
2026-06-28,10.624062374327412,37.25231993522859,52.59093404630951,10.624062374327412,10.624062374327412,3.219800252339999,3.219800252339999,3.219800252339999,3.7883333552070786,3.7883333552070786,3.7883333552070786,-0.5685331028670798,-0.5685331028670798,-0.5685331028670798,0.0,0.0,0.0,44.831421088062704,electronics,Electronics,headphones,SRC-TRENDS-001,prophet
2026-07-05,10.72274592858549,33.36342479687265,49.10405725959061,10.72274592858549,10.72274592858549,2.872100958383321,2.872100958383321,2.872100958383321,3.7883333552070786,3.7883333552070786,3.7883333552070786,-0.9162323968237578,-0.9162323968237578,-0.9162323968237578,0.0,0.0,0.0,41.51955478657673,electronics,Electronics,headphones,SRC-TRENDS-001,prophet
2026-07-12,10.821429482843573,31.657392114287834,47.441052471208465,10.821429482843573,10.821429482843573,2.686468885460777,2.686468885460777,2.686468885460777,3.7883333552070786,3.7883333552070786,3.7883333552070786,-1.1018644697463018,-1.1018644697463018,-1.1018644697463018,0.0,0.0,0.0,39.89286308471074,electronics,Electronics,headphones,SRC-TRENDS-001,prophet
2026-07-19,10.920113037101645,31.922704298998948,48.504382854980925,10.920113037101645,10.920113037101645,2.6803028022563358,2.6803028022563358,2.6803028022563358,3.7883333552070786,3.7883333552070786,3.7883333552070786,-1.1080305529507428,-1.1080305529507428,-1.1080305529507428,0.0,0.0,0.0,40.18932261140113,electronics,Electronics,headphones,SRC-TRENDS-001,prophet
2026-07-26,11.018796591359722,33.744650689002334,49.63125191660914,11.018796591359722,11.018796591359722,2.747076647536333,2.747076647536333,2.747076647536333,3.7883333552070786,3.7883333552070786,3.7883333552070786,-1.0412567076707455,-1.0412567076707455,-1.0412567076707455,0.0,0.0,0.0,41.28827539143696,electronics,Electronics,headphones,SRC-TRENDS-001,prophet
2026-08-02,11.117480145617801,35.209306113274906,50.603440415569764,11.117480145617801,11.117480145617801,2.854622227890017,2.854622227890017,2.854622227890017,3.7883333552070786,3.7883333552070786,3.7883333552070786,-0.9337111273170613,-0.9337111273170613,-0.9337111273170613,0.0,0.0,0.0,42.85368608742432,electronics,Electronics,headphones,SRC-TRENDS-001,prophet
2026-08-09,11.216163699875878,37.69094459493287,54.551426105634086,11.216163699875878,11.216163699875878,3.084641250978665,3.084641250978665,3.084641250978665,3.7883333552070786,3.7883333552070786,3.7883333552070786,-0.7036921042284139,-0.7036921042284139,-0.7036921042284139,0.0,0.0,0.0,45.8140049262425,electronics,Electronics,headphones,SRC-TRENDS-001,prophet
2026-08-16,11.314847254133955,42.20062529539119,58.903104513940605,11.314847254133955,11.314847254133955,3.4520970191497726,3.4520970191497726,3.4520970191497726,3.7883333552070786,3.7883333552070786,3.7883333552070786,-0.3362363360573058,-0.3362363360573058,-0.3362363360573058,0.0,0.0,0.0,50.374797732264774,electronics,Electronics,headphones,SRC-TRENDS-001,prophet
2026-08-23,11.413530808392034,46.08341733087422,62.477150160846186,11.413530808392034,11.413530808392034,3.7687496307067607,3.7687496307067607,3.7687496307067607,3.7883333552070786,3.7883333552070786,3.7883333552070786,-0.01958372450031804,-0.01958372450031804,-0.01958372450031804,0.0,0.0,0.0,54.42827082757975,electronics,Electronics,headphones,SRC-TRENDS-001,prophet
2026-08-30,11.512214362650111,46.891756980496616,63.153370769736476,11.51105195579597,11.512970998810172,3.7881892778541557,3.7881892778541557,3.7881892778541557,3.7883333552070786,3.7883333552070786,3.7883333552070786,-0.0001440773529227668,-0.0001440773529227668,-0.0001440773529227668,0.0,0.0,0.0,55.122661375599876,electronics,Electronics,headphones,SRC-TRENDS-001,prophet
2026-09-06,11.610897916908183,44.45124342682262,59.69773408348573,11.607938346287012,11.614408251215261,3.499114334998617,3.499114334998617,3.499114334998617,3.7883333552070786,3.7883333552070786,3.7883333552070786,-0.2892190202084618,-0.2892190202084618,-0.2892190202084618,0.0,0.0,0.0,52.23875726016718,electronics,Electronics,headphones,SRC-TRENDS-001,prophet
2026-09-13,11.709581471166262,41.40067927107882,56.929558013318676,11.70344664029497,11.716689463416857,3.1946260686617203,3.1946260686617203,3.1946260686617203,3.7883333552070786,3.7883333552070786,3.7883333552070786,-0.5937072865453579,-0.5937072865453579,-0.5937072865453579,0.0,0.0,0.0,49.11731569207226,electronics,Electronics,headphones,SRC-TRENDS-001,prophet
2026-09-20,11.808265025424339,41.651989726557886,57.32813983576029,11.798122519655362,11.820111700603167,3.177975067796102,3.177975067796102,3.177975067796102,3.7883333552070786,3.7883333552070786,3.7883333552070786,-0.6103582874109768,-0.6103582874109768,-0.6103582874109768,0.0,0.0,0.0,49.33463687015159,electronics,Electronics,headphones,SRC-TRENDS-001,prophet
2026-09-27,11.906948579682416,44.68095224145018,60.8584304080026,11.891636895883568,11.923764078398483,3.4160240832176294,3.4160240832176294,3.4160240832176294,3.7883333552070786,3.7883333552070786,3.7883333552070786,-0.37230927198944924,-0.37230927198944924,-0.37230927198944924,0.0,0.0,0.0,52.58137168551149,electronics,Electronics,headphones,SRC-TRENDS-001,prophet
2026-10-04,12.005632133940495,46.62129529391972,62.46235813247849,11.986651935053782,12.02733427565118,3.559856907428525,3.559856907428525,3.559856907428525,3.7883333552070786,3.7883333552070786,3.7883333552070786,-0.22847644777855358,-0.22847644777855358,-0.22847644777855358,0.0,0.0,0.0,54.74396461399443,electronics,Electronics,headphones,SRC-TRENDS-001,prophet
2026-10-11,12.104315688198577,44.2924169924469,61.438610870621865,12.079987715259904,12.133284458429612,3.3472003107035704,3.3472003107035704,3.3472003107035704,3.7883333552070786,3.7883333552070786,3.7883333552070786,-0.4411330445035084,-0.4411330445035084,-0.4411330445035084,0.0,0.0,0.0,52.619884920590955,electronics,Electronics,headphones,SRC-TRENDS-001,prophet
2026-10-18,12.202999242456656,39.88349772890581,56.23265395165499,12.171119802570297,12.237652699240247,2.9437052400199284,2.9437052400199284,2.9437052400199284,3.7883333552070786,3.7883333552070786,3.7883333552070786,-0.8446281151871502,-0.8446281151871502,-0.8446281151871502,0.0,0.0,0.0,48.12503205643553,electronics,Electronics,headphones,SRC-TRENDS-001,prophet
2026-10-25,12.301682796714728,39.0136166294462,54.884881601458325,12.263105406750595,12.343247742511133,2.8214795315704855,2.8214795315704855,2.8214795315704855,3.7883333552070786,3.7883333552070786,3.7883333552070786,-0.9668538236365931,-0.9668538236365931,-0.9668538236365931,0.0,0.0,0.0,47.0106290115181,electronics,Electronics,headphones,SRC-TRENDS-001,prophet
2026-11-01,12.400366350972805,45.33054985525281,60.82507497048957,12.354998507581945,12.449299843298482,3.285858524366055,3.285858524366055,3.285858524366055,3.788333355207078,3.788333355207078,3.788333355207078,-0.5024748308410234,-0.5024748308410234,-0.5024748308410234,0.0,0.0,0.0,53.1462158305788,electronics,Electronics,headphones,SRC-TRENDS-001,prophet
2026-11-08,12.499049905230883,56.0578238279338,73.11796536316326,12.445888766359788,12.555787206179515,4.1573912814994145,4.1573912814994145,4.1573912814994145,3.7883333552070786,3.7883333552070786,3.7883333552070786,0.36905792629233536,0.36905792629233536,0.36905792629233536,0.0,0.0,0.0,64.46249100826384,electronics,Electronics,headphones,SRC-TRENDS-001,prophet
2021-08-15,11.613551,39.71224619233102,52.29295929774683,11.613551,11.613551,2.9730089975456284,2.9730089975456284,2.9730089975456284,3.182817684216486,3.182817684216486,3.182817684216486,-0.2098086866708575,-0.2098086866708575,-0.2098086866708575,0.0,0.0,0.0,46.14074261645503,home_kitchen,Home & Kitchen,air fryer,SRC-TRENDS-001,prophet
2021-08-22,11.796621438461537,40.206488753266356,52.51367010105807,11.796621438461537,11.796621438461537,2.9364559382840074,2.9364559382840074,2.9364559382840074,3.182817684216486,3.182817684216486,3.182817684216486,-0.2463617459324788,-0.2463617459324788,-0.2463617459324788,0.0,0.0,0.0,46.43688051312035,home_kitchen,Home & Kitchen,air fryer,SRC-TRENDS-001,prophet
2021-08-29,11.979691876923077,40.751311984439134,53.01284601750734,11.979691876923077,11.979691876923077,2.903050080015289,2.903050080015289,2.903050080015289,3.182817684216486,3.182817684216486,3.182817684216486,-0.27976760420119695,-0.27976760420119695,-0.27976760420119695,0.0,0.0,0.0,46.757337338783124,home_kitchen,Home & Kitchen,air fryer,SRC-TRENDS-001,prophet
2021-09-05,12.162762315384615,40.21582008891689,52.335726086161856,12.162762315384615,12.162762315384615,2.8265251860791283,2.8265251860791283,2.8265251860791283,3.182817684216486,3.182817684216486,3.182817684216486,-0.3562924981373578,-0.3562924981373578,-0.3562924981373578,0.0,0.0,0.0,46.541116332113326,home_kitchen,Home & Kitchen,air fryer,SRC-TRENDS-001,prophet
2021-09-12,12.345832753846153,39.572832012933475,51.548699169725644,12.345832753846153,12.345832753846153,2.6973426745913214,2.6973426745913214,2.6973426745913214,3.182817684216486,3.182817684216486,3.182817684216486,-0.4854750096251649,-0.4854750096251649,-0.4854750096251649,0.0,0.0,0.0,45.646774294162675,home_kitchen,Home & Kitchen,air fryer,SRC-TRENDS-001,prophet
2021-09-19,12.528903192307691,38.18263461192958,51.34710379017653,12.528903192307691,12.528903192307691,2.5883499860362944,2.5883499860362944,2.5883499860362944,3.182817684216486,3.182817684216486,3.182817684216486,-0.5944676981801917,-0.5944676981801917,-0.5944676981801917,0.0,0.0,0.0,44.95808959516739,home_kitchen,Home & Kitchen,air fryer,SRC-TRENDS-001,prophet
2021-09-26,12.71197363076923,39.31344135091557,51.79120792030717,12.71197363076923,12.71197363076923,2.5881285957429663,2.5881285957429663,2.5881285957429663,3.182817684216486,3.182817684216486,3.182817684216486,-0.5946890884735195,-0.5946890884735195,-0.5946890884735195,0.0,0.0,0.0,45.61219609289361,home_kitchen,Home & Kitchen,air fryer,SRC-TRENDS-001,prophet
2021-10-03,12.895044069230769,41.69923423257975,53.50324862780871,12.895044069230769,12.895044069230769,2.6843752369720444,2.6843752369720444,2.6843752369720444,3.182817684216486,3.182817684216486,3.182817684216486,-0.4984424472444416,-0.4984424472444416,-0.4984424472444416,0.0,0.0,0.0,47.51018104833707,home_kitchen,Home & Kitchen,air fryer,SRC-TRENDS-001,prophet
2021-10-10,13.078114507692307,43.118848372841285,55.17731448342174,13.078114507692307,13.078114507692307,2.7555010773488773,2.7555010773488773,2.7555010773488773,3.182817684216486,3.182817684216486,3.182817684216486,-0.42731660686760875,-0.42731660686760875,-0.42731660686760875,0.0,0.0,0.0,49.11487312333044,home_kitchen,Home & Kitchen,air fryer,SRC-TRENDS-001,prophet
2021-10-17,13.261184946486235,43.15167006962243,55.57836119717301,13.261184946486235,13.261184946486235,2.7166356668197977,2.7166356668197977,2.7166356668197977,3.182817684216486,3.182817684216486,3.182817684216486,-0.4661820173966884,-0.4661820173966884,-0.4661820173966884,0.0,0.0,0.0,49.28699295640453,home_kitchen,Home & Kitchen,air fryer,SRC-TRENDS-001,prophet
2021-10-24,13.444255385280163,43.15018606303324,55.51043997068407,13.444255385280163,13.444255385280163,2.6572439653111664,2.6572439653111664,2.6572439653111664,3.182817684216486,3.182817684216486,3.182817684216486,-0.5255737189053192,-0.5255737189053192,-0.5255737189053192,0.0,0.0,0.0,49.16892187591803,home_kitchen,Home & Kitchen,air fryer,SRC-TRENDS-001,prophet
2021-10-31,13.627325824074088,45.37402930464931,57.85621966123981,13.627325824074088,13.627325824074088,2.774217224578762,2.774217224578762,2.774217224578762,3.182817684216486,3.182817684216486,3.182817684216486,-0.4086004596377241,-0.4086004596377241,-0.4086004596377241,0.0,0.0,0.0,51.4324878501674,home_kitchen,Home & Kitchen,air fryer,SRC-TRENDS-001,prophet
2021-11-07,13.810396262868016,51.12065280938295,62.957488472519394,13.810396262868016,13.810396262868016,3.133011260016289,3.133011260016289,3.133011260016289,3.182817684216486,3.182817684216486,3.182817684216486,-0.04980642420019646,-0.04980642420019646,-0.04980642420019646,0.0,0.0,0.0,57.07852325972039,home_kitchen,Home & Kitchen,air fryer,SRC-TRENDS-001,prophet
2021-11-14,13.993466701661944,56.602175121127715,69.65717159367587,13.993466701661944,13.993466701661944,3.527976322253794,3.527976322253794,3.527976322253794,3.182817684216486,3.182817684216486,3.182817684216486,0.3451586380373085,0.3451586380373085,0.3451586380373085,0.0,0.0,0.0,63.36208589137218,home_kitchen,Home & Kitchen,air fryer,SRC-TRENDS-001,prophet
2021-11-21,14.176537140455869,59.49702286764079,72.1629063931149,14.176537140455869,14.176537140455869,3.648398305041616,3.648398305041616,3.648398305041616,3.182817684216486,3.182817684216486,3.182817684216486,0.4655806208251302,0.4655806208251302,0.4655806208251302,0.0,0.0,0.0,65.89819121505458,home_kitchen,Home & Kitchen,air fryer,SRC-TRENDS-001,prophet
2021-11-28,14.359607579249797,57.19465916740251,69.40884160404171,14.359607579249797,14.359607579249797,3.415543684451623,3.415543684451623,3.415543684451623,3.1828176842164857,3.1828176842164857,3.1828176842164857,0.23272600023513706,0.23272600023513706,0.23272600023513706,0.0,0.0,0.0,63.4054745577601,home_kitchen,Home & Kitchen,air fryer,SRC-TRENDS-001,prophet
2021-12-05,14.542678018043725,53.68047423557068,66.17261953916775,14.542678018043725,14.542678018043725,3.1211071949207136,3.1211071949207136,3.1211071949207136,3.182817684216486,3.182817684216486,3.182817684216486,-0.06171048929577194,-0.06171048929577194,-0.06171048929577194,0.0,0.0,0.0,59.9319350135753,home_kitchen,Home & Kitchen,air fryer,SRC-TRENDS-001,prophet
2021-12-12,14.72574845683765,54.96125146089,67.3244951152412,14.72574845683765,14.72574845683765,3.1732290843661533,3.1732290843661533,3.1732290843661533,3.182817684216486,3.182817684216486,3.182817684216486,-0.009588599850332447,-0.009588599850332447,-0.009588599850332447,0.0,0.0,0.0,61.45392174913488,home_kitchen,Home & Kitchen,air fryer,SRC-TRENDS-001,prophet
2021-12-19,14.89912988640081,63.71824810415986,76.3126395209582,14.89912988640081,14.89912988640081,3.6827507240243245,3.6827507240243245,3.6827507240243245,3.182817684216486,3.182817684216486,3.182817684216486,0.49993303980783826,0.49993303980783826,0.49993303980783826,0.0,0.0,0.0,69.76891126287585,home_kitchen,Home & Kitchen,air fryer,SRC-TRENDS-001,prophet
2021-12-26,15.072511315963968,73.6760836848775,86.32457136881837,15.072511315963968,15.072511315963968,4.323876661086901,4.323876661086901,4.323876661086901,3.182817684216486,3.182817684216486,3.182817684216486,1.1410589768704154,1.1410589768704154,1.1410589768704154,0.0,0.0,0.0,80.24419121902878,home_kitchen,Home & Kitchen,air fryer,SRC-TRENDS-001,prophet
2022-01-02,15.245892745527126,79.59495873453416,91.81962932765006,15.245892745527126,15.245892745527126,4.631295874246878,4.631295874246878,4.631295874246878,3.182817684216486,3.182817684216486,3.182817684216486,1.448478190030392,1.448478190030392,1.448478190030392,0.0,0.0,0.0,85.85413291709732,home_kitchen,Home & Kitchen,air fryer,SRC-TRENDS-001,prophet
2022-01-09,15.419274175090283,77.54449079460552,89.84478916425256,15.419274175090283,15.419274175090283,4.43422687777429,4.43422687777429,4.43422687777429,3.182817684216486,3.182817684216486,3.182817684216486,1.2514091935578044,1.2514091935578044,1.2514091935578044,0.0,0.0,0.0,83.79183415804661,home_kitchen,Home & Kitchen,air fryer,SRC-TRENDS-001,prophet
2022-01-16,15.59265560465344,71.84116571855954,83.75617854829859,15.59265560465344,15.59265560465344,3.9853426656143753,3.9853426656143753,3.9853426656143753,3.182817684216486,3.182817684216486,3.182817684216486,0.802524981397889,0.802524981397889,0.802524981397889,0.0,0.0,0.0,77.73473125610991,home_kitchen,Home & Kitchen,air fryer,SRC-TRENDS-001,prophet
2022-01-23,15.766037034216602,67.72291285149413,79.57057364294917,15.766037034216602,15.766037034216602,3.674516958825723,3.674516958825723,3.674516958825723,3.182817684216486,3.182817684216486,3.182817684216486,0.49169927460923685,0.49169927460923685,0.49169927460923685,0.0,0.0,0.0,73.69860748991992,home_kitchen,Home & Kitchen,air fryer,SRC-TRENDS-001,prophet
2022-01-30,15.93941846377976,67.91433510502384,80.08563067880073,15.93941846377976,15.93941846377976,3.6507314620361155,3.6507314620361155,3.6507314620361155,3.182817684216486,3.182817684216486,3.182817684216486,0.46791377781962973,0.46791377781962973,0.46791377781962973,0.0,0.0,0.0,74.12995493605989,home_kitchen,Home & Kitchen,air fryer,SRC-TRENDS-001,prophet
2022-02-06,16.112799893342917,69.74774724466135,82.36263345675982,16.112799893342917,16.112799893342917,3.738593709348253,3.738593709348253,3.738593709348253,3.182817684216486,3.182817684216486,3.182817684216486,0.5557760251317672,0.5557760251317672,0.5557760251317672,0.0,0.0,0.0,76.35201221458195,home_kitchen,Home & Kitchen,air fryer,SRC-TRENDS-001,prophet
2022-02-13,16.08588928059838,68.86311955587543,81.28272261052331,16.08588928059838,16.08588928059838,3.6883109987740763,3.6883109987740763,3.6883109987740763,3.182817684216486,3.182817684216486,3.182817684216486,0.5054933145575902,0.5054933145575902,0.5054933145575902,0.0,0.0,0.0,75.4156516392914,home_kitchen,Home & Kitchen,air fryer,SRC-TRENDS-001,prophet
2022-02-20,16.05897866785385,64.81730092264772,77.14032294443011,16.05897866785385,16.05897866785385,3.4501486003724118,3.4501486003724118,3.4501486003724118,3.182817684216486,3.182817684216486,3.182817684216486,0.26733091615592597,0.26733091615592597,0.26733091615592597,0.0,0.0,0.0,71.46484144216024,home_kitchen,Home & Kitchen,air fryer,SRC-TRENDS-001,prophet
2022-02-27,16.032068055109313,61.1598695553453,73.44059432354376,16.032068055109313,16.032068055109313,3.1887942745693882,3.1887942745693882,3.1887942745693882,3.182817684216486,3.182817684216486,3.182817684216486,0.005976590352902045,0.005976590352902045,0.005976590352902045,0.0,0.0,0.0,67.15503487874868,home_kitchen,Home & Kitchen,air fryer,SRC-TRENDS-001,prophet
2022-03-06,16.00515744236478,58.61780975444655,71.27208544871417,16.00515744236478,16.00515744236478,3.074671834882275,3.074671834882275,3.074671834882275,3.182817684216486,3.182817684216486,3.182817684216486,-0.10814584933421112,-0.10814584933421112,-0.10814584933421112,0.0,0.0,0.0,65.2157642432602,home_kitchen,Home & Kitchen,air fryer,SRC-TRENDS-001,prophet
2022-03-13,15.978246829620247,59.7280031142668,72.0430965411152,15.978246829620247,15.978246829620247,3.1166167858066274,3.1166167858066274,3.1166167858066274,3.1828176842164857,3.1828176842164857,3.1828176842164857,-0.06620089840985814,-0.06620089840985814,-0.06620089840985814,0.0,0.0,0.0,65.77631910657624,home_kitchen,Home & Kitchen,air fryer,SRC-TRENDS-001,prophet
2022-03-20,15.951336216875712,60.74829337723858,72.877481031267,15.951336216875712,15.951336216875712,3.200586930901184,3.200586930901184,3.200586930901184,3.182817684216486,3.182817684216486,3.182817684216486,0.017769246684698176,0.017769246684698176,0.017769246684698176,0.0,0.0,0.0,67.00497444301885,home_kitchen,Home & Kitchen,air fryer,SRC-TRENDS-001,prophet
2022-03-27,15.924425604131176,61.06135973453281,73.5654258135192,15.924425604131176,15.924425604131176,3.2392913447131217,3.2392913447131217,3.2392913447131217,3.182817684216486,3.182817684216486,3.182817684216486,0.05647366049663542,0.05647366049663542,0.05647366049663542,0.0,0.0,0.0,67.50827963312132,home_kitchen,Home & Kitchen,air fryer,SRC-TRENDS-001,prophet
2022-04-03,15.897514991386643,61.30728018010441,73.90762226116173,15.897514991386643,15.897514991386643,3.2387458788226278,3.2387458788226278,3.2387458788226278,3.182817684216486,3.182817684216486,3.182817684216486,0.05592819460614179,0.05592819460614179,0.05592819460614179,0.0,0.0,0.0,67.38552615326108,home_kitchen,Home & Kitchen,air fryer,SRC-TRENDS-001,prophet
2022-04-10,15.87060438103824,61.363453595792905,73.47674827010044,15.87060438103824,15.87060438103824,3.2324202353947085,3.2324202353947085,3.2324202353947085,3.182817684216486,3.182817684216486,3.182817684216486,0.0496025511782229,0.0496025511782229,0.0496025511782229,0.0,0.0,0.0,67.17106713025015,home_kitchen,Home & Kitchen,air fryer,SRC-TRENDS-001,prophet
2022-04-17,15.843693770689832,60.71248871613962,73.10667905830552,15.843693770689832,15.843693770689832,3.205307882803945,3.205307882803945,3.205307882803945,3.182817684216486,3.182817684216486,3.182817684216486,0.02249019858745924,0.02249019858745924,0.02249019858745924,0.0,0.0,0.0,66.6276103066137,home_kitchen,Home & Kitchen,air fryer,SRC-TRENDS-001,prophet
2022-04-24,15.816783160341426,59.107920389951836,71.08538680925618,15.816783160341426,15.816783160341426,3.115978250987136,3.115978250987136,3.115978250987136,3.182817684216486,3.182817684216486,3.182817684216486,-0.06683943322934953,-0.06683943322934953,-0.06683943322934953,0.0,0.0,0.0,65.1015354885449,home_kitchen,Home & Kitchen,air fryer,SRC-TRENDS-001,prophet
2022-05-01,15.789872549993019,57.01949731926313,69.47956406333576,15.789872549993019,15.789872549993019,2.9732185987829878,2.9732185987829878,2.9732185987829878,3.182817684216486,3.182817684216486,3.182817684216486,-0.20959908543349787,-0.20959908543349787,-0.20959908543349787,0.0,0.0,0.0,62.73661528804522,home_kitchen,Home & Kitchen,air fryer,SRC-TRENDS-001,prophet
2022-05-08,15.762961939644615,54.702668300678,67.25906320557385,15.762961939644615,15.762961939644615,2.849797648104917,2.849797648104917,2.849797648104917,3.182817684216486,3.182817684216486,3.182817684216486,-0.33302003611156944,-0.33302003611156944,-0.33302003611156944,0.0,0.0,0.0,60.68421380241116,home_kitchen,Home & Kitchen,air fryer,SRC-TRENDS-001,prophet
2022-05-15,15.736051329296208,54.29844207138422,66.24936041569201,15.736051329296208,15.736051329296208,2.808314985804648,2.808314985804648,2.808314985804648,3.182817684216486,3.182817684216486,3.182817684216486,-0.37450269841183814,-0.37450269841183814,-0.37450269841183814,0.0,0.0,0.0,59.9278400947499,home_kitchen,Home & Kitchen,air fryer,SRC-TRENDS-001,prophet
2022-05-22,15.709140718947804,54.20442184536002,66.21286989618099,15.709140718947804,15.709140718947804,2.8358823730947575,2.8358823730947575,2.8358823730947575,3.182817684216486,3.182817684216486,3.182817684216486,-0.3469353111217282,-0.3469353111217282,-0.3469353111217282,0.0,0.0,0.0,60.258415980276986,home_kitchen,Home & Kitchen,air fryer,SRC-TRENDS-001,prophet
2022-05-29,15.682230108599398,54.452069282863505,66.75516294662985,15.682230108599398,15.682230108599398,2.871007055751212,2.871007055751212,2.871007055751212,3.182817684216486,3.182817684216486,3.182817684216486,-0.31181062846527396,-0.31181062846527396,-0.31181062846527396,0.0,0.0,0.0,60.70602340030237,home_kitchen,Home & Kitchen,air fryer,SRC-TRENDS-001,prophet
2022-06-05,15.655320949481416,54.6492819358721,66.40112988807407,15.655320949481416,15.655320949481416,2.8829365436819256,2.8829365436819256,2.8829365436819256,3.182817684216486,3.182817684216486,3.182817684216486,-0.2998811405345603,-0.2998811405345603,-0.2998811405345603,0.0,0.0,0.0,60.78861781781061,home_kitchen,Home & Kitchen,air fryer,SRC-TRENDS-001,prophet
2022-06-12,15.628411790363433,55.462099271534555,67.79493318999072,15.628411790363433,15.628411790363433,2.8994589913904547,2.8994589913904547,2.8994589913904547,3.1828176842164857,3.1828176842164857,3.1828176842164857,-0.2833586928260311,-0.2833586928260311,-0.2833586928260311,0.0,0.0,0.0,60.94235087708528,home_kitchen,Home & Kitchen,air fryer,SRC-TRENDS-001,prophet
2022-06-19,15.60150263124545,55.09794027501252,67.50991822691833,15.60150263124545,15.60150263124545,2.9544056263520515,2.9544056263520515,2.9544056263520515,3.182817684216486,3.182817684216486,3.182817684216486,-0.22841205786443414,-0.22841205786443414,-0.22841205786443414,0.0,0.0,0.0,61.69466978454334,home_kitchen,Home & Kitchen,air fryer,SRC-TRENDS-001,prophet
2022-06-26,15.574593472127468,56.47489013233371,69.40231457204575,15.574593472127468,15.574593472127468,3.032771456859902,3.032771456859902,3.032771456859902,3.182817684216486,3.182817684216486,3.182817684216486,-0.1500462273565843,-0.1500462273565843,-0.1500462273565843,0.0,0.0,0.0,62.8087760065922,home_kitchen,Home & Kitchen,air fryer,SRC-TRENDS-001,prophet
2022-07-03,15.547684313009485,57.46946336593509,69.78730671486252,15.547684313009485,15.547684313009485,3.086870729332122,3.086870729332122,3.086870729332122,3.182817684216486,3.182817684216486,3.182817684216486,-0.09594695488436399,-0.09594695488436399,-0.09594695488436399,0.0,0.0,0.0,63.54137592773467,home_kitchen,Home & Kitchen,air fryer,SRC-TRENDS-001,prophet
2022-07-10,15.520775153891503,57.31363532375369,69.39677629000245,15.520775153891503,15.520775153891503,3.095504954447299,3.095504954447299,3.095504954447299,3.182817684216486,3.182817684216486,3.182817684216486,-0.08731272976918653,-0.08731272976918653,-0.08731272976918653,0.0,0.0,0.0,63.56541153962519,home_kitchen,Home & Kitchen,air fryer,SRC-TRENDS-001,prophet
2022-07-17,15.49386599477352,57.210455771570246,69.58892475139895,15.49386599477352,15.49386599477352,3.082730039771726,3.082730039771726,3.082730039771726,3.182817684216486,3.182817684216486,3.182817684216486,-0.1000876444447602,-0.1000876444447602,-0.1000876444447602,0.0,0.0,0.0,63.25727212905949,home_kitchen,Home & Kitchen,air fryer,SRC-TRENDS-001,prophet
2022-07-24,15.466956835655537,56.93667208938228,69.20001974912672,15.466956835655537,15.466956835655537,3.0754411045889736,3.0754411045889736,3.0754411045889736,3.182817684216486,3.182817684216486,3.182817684216486,-0.10737657962751232,-0.10737657962751232,-0.10737657962751232,0.0,0.0,0.0,63.03467165093398,home_kitchen,Home & Kitchen,air fryer,SRC-TRENDS-001,prophet
2022-07-31,15.440047676537555,56.71908026857775,68.64800839592681,15.440047676537555,15.440047676537555,3.0658234295613145,3.0658234295613145,3.0658234295613145,3.182817684216486,3.182817684216486,3.182817684216486,-0.11699425465517127,-0.11699425465517127,-0.11699425465517127,0.0,0.0,0.0,62.77650759681013,home_kitchen,Home & Kitchen,air fryer,SRC-TRENDS-001,prophet
2022-08-07,15.413138518436542,56.001196823963824,68.16821392410877,15.413138518436542,15.413138518436542,3.032243284588186,3.032243284588186,3.032243284588186,3.182817684216486,3.182817684216486,3.182817684216486,-0.15057439962829944,-0.15057439962829944,-0.15057439962829944,0.0,0.0,0.0,62.14952428539325,home_kitchen,Home & Kitchen,air fryer,SRC-TRENDS-001,prophet
2022-08-14,15.386229360335529,54.70934034623173,67.05591513047733,15.386229360335529,15.386229360335529,2.981540856179082,2.981540856179082,2.981540856179082,3.182817684216486,3.182817684216486,3.182817684216486,-0.20127682803740354,-0.20127682803740354,-0.20127682803740354,0.0,0.0,0.0,61.26090082071805,home_kitchen,Home & Kitchen,air fryer,SRC-TRENDS-001,prophet
2022-08-21,15.359320202234517,54.42424042532065,66.755482400142,15.359320202234517,15.359320202234517,2.9417161409218413,2.9417161409218413,2.9417161409218413,3.182817684216486,3.182817684216486,3.182817684216486,-0.24110154329464462,-0.24110154329464462,-0.24110154329464462,0.0,0.0,0.0,60.542080354734715,home_kitchen,Home & Kitchen,air fryer,SRC-TRENDS-001,prophet
2022-08-28,15.332411044133504,53.653566399291236,66.19830387912923,15.332411044133504,15.332411044133504,2.9108230626734315,2.9108230626734315,2.9108230626734315,3.182817684216486,3.182817684216486,3.182817684216486,-0.27199462154305426,-0.27199462154305426,-0.27199462154305426,0.0,0.0,0.0,59.96234671778614,home_kitchen,Home & Kitchen,air fryer,SRC-TRENDS-001,prophet
2022-09-04,15.305501886032491,53.27796034784809,65.03087104285217,15.305501886032491,15.305501886032491,2.8448598472155204,2.8448598472155204,2.8448598472155204,3.182817684216486,3.182817684216486,3.182817684216486,-0.33795783700096554,-0.33795783700096554,-0.33795783700096554,0.0,0.0,0.0,58.84750964308775,home_kitchen,Home & Kitchen,air fryer,SRC-TRENDS-001,prophet
2022-09-11,15.278592727931478,50.85308223609069,63.211772474596195,15.278592727931478,15.278592727931478,2.7219296800475536,2.7219296800475536,2.7219296800475536,3.182817684216486,3.182817684216486,3.182817684216486,-0.46088800416893255,-0.46088800416893255,-0.46088800416893255,0.0,0.0,0.0,56.865847743446885,home_kitchen,Home & Kitchen,air fryer,SRC-TRENDS-001,prophet
2022-09-18,15.251683569830465,48.41384849675561,60.760386052625016,15.251683569830465,15.251683569830465,2.6016286772612185,2.6016286772612185,2.6016286772612185,3.182817684216486,3.182817684216486,3.182817684216486,-0.5811890069552677,-0.5811890069552677,-0.5811890069552677,0.0,0.0,0.0,54.930900921615155,home_kitchen,Home & Kitchen,air fryer,SRC-TRENDS-001,prophet
2022-09-25,15.22477441172945,48.74540254470989,60.484929042285195,15.22477441172945,15.22477441172945,2.5788632193888854,2.5788632193888854,2.5788632193888854,3.1828176842164857,3.1828176842164857,3.1828176842164857,-0.6039544648276003,-0.6039544648276003,-0.6039544648276003,0.0,0.0,0.0,54.487385165631586,home_kitchen,Home & Kitchen,air fryer,SRC-TRENDS-001,prophet
2022-10-02,15.197865252423465,49.57931399394053,61.577122090031615,15.197865252423465,15.197865252423465,2.664898004213674,2.664898004213674,2.664898004213674,3.182817684216486,3.182817684216486,3.182817684216486,-0.5179196800028117,-0.5179196800028117,-0.5179196800028117,0.0,0.0,0.0,55.698626031915104,home_kitchen,Home & Kitchen,air fryer,SRC-TRENDS-001,prophet
2022-10-09,15.170956093117482,50.697615205335,63.42832227969151,15.170956093117482,15.170956093117482,2.7503096615995446,2.7503096615995446,2.7503096615995446,3.182817684216486,3.182817684216486,3.182817684216486,-0.4325080226169413,-0.4325080226169413,-0.4325080226169413,0.0,0.0,0.0,56.895783211720975,home_kitchen,Home & Kitchen,air fryer,SRC-TRENDS-001,prophet
2022-10-16,15.144046933811497,50.16322138070335,62.40796055494393,15.144046933811497,15.144046933811497,2.7301407617362674,2.7301407617362674,2.7301407617362674,3.182817684216486,3.182817684216486,3.182817684216486,-0.45267692248021846,-0.45267692248021846,-0.45267692248021846,0.0,0.0,0.0,56.4894267654574,home_kitchen,Home & Kitchen,air fryer,SRC-TRENDS-001,prophet
2022-10-23,15.117137774505515,49.19043178919393,61.184854519278474,15.117137774505515,15.117137774505515,2.6603635867903384,2.6603635867903384,2.6603635867903384,3.182817684216486,3.182817684216486,3.182817684216486,-0.5224540974261477,-0.5224540974261477,-0.5224540974261477,0.0,0.0,0.0,55.33422064629272,home_kitchen,Home & Kitchen,air fryer,SRC-TRENDS-001,prophet
2022-10-30,15.09022861519953,50.0884844048599,62.62881493543127,15.09022861519953,15.09022861519953,2.7339904784515716,2.7339904784515716,2.7339904784515716,3.1828176842164853,3.1828176842164853,3.1828176842164853,-0.4488272057649139,-0.4488272057649139,-0.4488272057649139,0.0,0.0,0.0,56.34676996681249,home_kitchen,Home & Kitchen,air fryer,SRC-TRENDS-001,prophet
2022-11-06,15.063319455893549,55.45593964602866,67.52158828459831,15.063319455893549,15.063319455893549,3.0571836612308907,3.0571836612308907,3.0571836612308907,3.182817684216486,3.182817684216486,3.182817684216486,-0.1256340229855952,-0.1256340229855952,-0.1256340229855952,0.0,0.0,0.0,61.114653580352694,home_kitchen,Home & Kitchen,air fryer,SRC-TRENDS-001,prophet
2022-11-13,15.036410296587565,61.23157187403435,73.23265757223048,15.036410296587565,15.036410296587565,3.4698082332037767,3.4698082332037767,3.4698082332037767,3.182817684216486,3.182817684216486,3.182817684216486,0.2869905489872911,0.2869905489872911,0.2869905489872911,0.0,0.0,0.0,67.20987054151715,home_kitchen,Home & Kitchen,air fryer,SRC-TRENDS-001,prophet
2022-11-20,15.009501137281584,63.57294162082517,76.23787759400989,15.009501137281584,15.009501137281584,3.655660567170552,3.655660567170552,3.655660567170552,3.182817684216486,3.182817684216486,3.182817684216486,0.47284288295406596,0.47284288295406596,0.47284288295406596,0.0,0.0,0.0,69.87914257774342,home_kitchen,Home & Kitchen,air fryer,SRC-TRENDS-001,prophet
2022-11-27,14.982591979341928,60.815152386418546,73.8059111575322,14.982591979341928,14.982591979341928,3.473981228514644,3.473981228514644,3.473981228514644,3.182817684216486,3.182817684216486,3.182817684216486,0.29116354429815783,0.29116354429815783,0.29116354429815783,0.0,0.0,0.0,67.03183527006985,home_kitchen,Home & Kitchen,air fryer,SRC-TRENDS-001,prophet
2022-12-04,14.955682821402275,56.141441304875976,68.45535860320815,14.955682821402275,14.955682821402275,3.1582493039399626,3.1582493039399626,3.1582493039399626,3.182817684216486,3.182817684216486,3.182817684216486,-0.02456838027652375,-0.02456838027652375,-0.02456838027652375,0.0,0.0,0.0,62.18945768204287,home_kitchen,Home & Kitchen,air fryer,SRC-TRENDS-001,prophet
2022-12-11,14.928773663462621,55.55314101729528,67.58627858567964,14.928773663462621,14.928773663462621,3.127372307634122,3.127372307634122,3.127372307634122,3.182817684216486,3.182817684216486,3.182817684216486,-0.055445376582364286,-0.055445376582364286,-0.055445376582364286,0.0,0.0,0.0,61.616607005513224,home_kitchen,Home & Kitchen,air fryer,SRC-TRENDS-001,prophet
2022-12-18,14.901864505522969,62.18572719466121,74.48078444502035,14.901864505522969,14.901864505522969,3.5682363344699297,3.5682363344699297,3.5682363344699297,3.182817684216486,3.182817684216486,3.182817684216486,0.3854186502534436,0.3854186502534436,0.3854186502534436,0.0,0.0,0.0,68.0752388854778,home_kitchen,Home & Kitchen,air fryer,SRC-TRENDS-001,prophet
2022-12-25,14.874955347583315,71.20757451689961,84.02319644394784,14.874955347583315,14.874955347583315,4.222208411589398,4.222208411589398,4.222208411589398,3.182817684216486,3.182817684216486,3.182817684216486,1.0393907273729122,1.0393907273729122,1.0393907273729122,0.0,0.0,0.0,77.6801169381663,home_kitchen,Home & Kitchen,air fryer,SRC-TRENDS-001,prophet
2023-01-01,14.848046189643663,77.38302931707909,90.00466105910854,14.848046189643663,14.848046189643663,4.614579972461949,4.614579972461949,4.614579972461949,3.182817684216486,3.182817684216486,3.182817684216486,1.431762288245463,1.431762288245463,1.431762288245463,0.0,0.0,0.0,83.36554276656327,home_kitchen,Home & Kitchen,air fryer,SRC-TRENDS-001,prophet
2023-01-08,14.82113703170401,75.22969907502987,87.66530253566108,14.82113703170401,14.82113703170401,4.499424043922242,4.499424043922242,4.499424043922242,3.182817684216486,3.182817684216486,3.182817684216486,1.3166063597057558,1.3166063597057558,1.3166063597057558,0.0,0.0,0.0,81.50771735041937,home_kitchen,Home & Kitchen,air fryer,SRC-TRENDS-001,prophet
2023-01-15,14.794227873764356,68.58835645958843,80.49798936240408,14.794227873764356,14.794227873764356,4.065161373123399,4.065161373123399,4.065161373123399,3.182817684216486,3.182817684216486,3.182817684216486,0.8823436889069127,0.8823436889069127,0.8823436889069127,0.0,0.0,0.0,74.93515157137672,home_kitchen,Home & Kitchen,air fryer,SRC-TRENDS-001,prophet
2023-01-22,14.7673187158247,62.990159581038355,75.63219129748933,14.7673187158247,14.7673187158247,3.7083624855871875,3.7083624855871875,3.7083624855871875,3.182817684216486,3.182817684216486,3.182817684216486,0.5255448013707013,0.5255448013707013,0.5255448013707013,0.0,0.0,0.0,69.52988945429858,home_kitchen,Home & Kitchen,air fryer,SRC-TRENDS-001,prophet
2023-01-29,14.725504454808124,62.27690193043717,74.40807864917096,14.725504454808124,14.725504454808124,3.638779700310767,3.638779700310767,3.638779700310767,3.182817684216486,3.182817684216486,3.182817684216486,0.4559620160942809,0.4559620160942809,0.4559620160942809,0.0,0.0,0.0,68.3083711417997,home_kitchen,Home & Kitchen,air fryer,SRC-TRENDS-001,prophet
2023-02-05,14.683690193791548,63.112252437153856,75.64020683604615,14.683690193791548,14.683690193791548,3.7273980811565615,3.7273980811565615,3.7273980811565615,3.182817684216486,3.182817684216486,3.182817684216486,0.5445803969400752,0.5445803969400752,0.5445803969400752,0.0,0.0,0.0,69.41564884642759,home_kitchen,Home & Kitchen,air fryer,SRC-TRENDS-001,prophet
2023-02-12,14.641875932774973,62.94108115457825,75.54327381777786,14.641875932774973,14.641875932774973,3.7132250875777864,3.7132250875777864,3.7132250875777864,3.182817684216486,3.182817684216486,3.182817684216486,0.5304074033613007,0.5304074033613007,0.5304074033613007,0.0,0.0,0.0,69.01045697555641,home_kitchen,Home & Kitchen,air fryer,SRC-TRENDS-001,prophet
2023-02-19,14.600061671758397,59.95786917241368,71.77896745319092,14.600061671758397,14.600061671758397,3.5006355479450013,3.5006355479450013,3.5006355479450013,3.182817684216486,3.182817684216486,3.182817684216486,0.3178178637285155,0.3178178637285155,0.3178178637285155,0.0,0.0,0.0,65.70955656210516,home_kitchen,Home & Kitchen,air fryer,SRC-TRENDS-001,prophet
2023-02-26,14.55824741074182,55.368242649185895,67.79465752984464,14.55824741074182,14.55824741074182,3.227906194674764,3.227906194674764,3.227906194674764,3.1828176842164857,3.1828176842164857,3.1828176842164857,0.045088510458278025,0.045088510458278025,0.045088510458278025,0.0,0.0,0.0,61.55090441148319,home_kitchen,Home & Kitchen,air fryer,SRC-TRENDS-001,prophet
2023-03-05,14.516433149725245,53.218230451348816,65.32714477587837,14.516433149725245,14.516433149725245,3.081475950228906,3.081475950228906,3.081475950228906,3.182817684216486,3.182817684216486,3.182817684216486,-0.10134173398758006,-0.10134173398758006,-0.10134173398758006,0.0,0.0,0.0,59.24847278370924,home_kitchen,Home & Kitchen,air fryer,SRC-TRENDS-001,prophet
2023-03-12,14.474618888708669,53.099760036371336,65.39851370516054,14.474618888708669,14.474618888708669,3.10227486350762,3.10227486350762,3.10227486350762,3.182817684216486,3.182817684216486,3.182817684216486,-0.08054282070886626,-0.08054282070886626,-0.08054282070886626,0.0,0.0,0.0,59.37886522600218,home_kitchen,Home & Kitchen,air fryer,SRC-TRENDS-001,prophet
2023-03-19,14.432804627692095,54.46819271024089,66.56649905102458,14.432804627692095,14.432804627692095,3.1876690965392998,3.1876690965392998,3.1876690965392998,3.182817684216486,3.182817684216486,3.182817684216486,0.004851412322813886,0.004851412322813886,0.004851412322813886,0.0,0.0,0.0,60.43980991577558,home_kitchen,Home & Kitchen,air fryer,SRC-TRENDS-001,prophet
2023-03-26,14.385887528598595,54.49037917928559,66.96837252868583,14.385887528598595,14.385887528598595,3.2363993395037367,3.2363993395037367,3.2363993395037367,3.1828176842164853,3.1828176842164853,3.1828176842164853,0.05358165528725123,0.05358165528725123,0.05358165528725123,0.0,0.0,0.0,60.94436442433013,home_kitchen,Home & Kitchen,air fryer,SRC-TRENDS-001,prophet
2023-04-02,14.338970429505096,54.74599494090843,66.30872179996496,14.338970429505096,14.338970429505096,3.239820424496184,3.239820424496184,3.239820424496184,3.182817684216486,3.182817684216486,3.182817684216486,0.05700274027969787,0.05700274027969787,0.05700274027969787,0.0,0.0,0.0,60.794659693262524,home_kitchen,Home & Kitchen,air fryer,SRC-TRENDS-001,prophet
2023-04-09,14.292053330411598,54.58430591682319,66.68422846574424,14.292053330411598,14.292053330411598,3.2338779627984726,3.2338779627984726,3.2338779627984726,3.182817684216486,3.182817684216486,3.182817684216486,0.05106027858198657,0.05106027858198657,0.05106027858198657,0.0,0.0,0.0,60.51080963877018,home_kitchen,Home & Kitchen,air fryer,SRC-TRENDS-001,prophet
2023-04-16,14.245136231318098,54.50586320118034,65.96172851201638,14.245136231318098,14.245136231318098,3.213780656603185,3.213780656603185,3.213780656603185,3.182817684216486,3.182817684216486,3.182817684216486,0.030962972386699254,0.030962972386699254,0.030962972386699254,0.0,0.0,0.0,60.02587950220539,home_kitchen,Home & Kitchen,air fryer,SRC-TRENDS-001,prophet
2023-04-23,14.1982191322246,52.81899720658853,64.57014076200181,14.1982191322246,14.1982191322246,3.1371602458565246,3.1371602458565246,3.1371602458565246,3.182817684216486,3.182817684216486,3.182817684216486,-0.045657438359961625,-0.045657438359961625,-0.045657438359961625,0.0,0.0,0.0,58.74030775579913,home_kitchen,Home & Kitchen,air fryer,SRC-TRENDS-001,prophet
2023-04-30,14.151302033131099,50.48097821660556,62.57698481963577,14.151302033131099,14.151302033131099,2.9998149311826774,2.9998149311826774,2.9998149311826774,3.182817684216486,3.182817684216486,3.182817684216486,-0.18300275303380847,-0.18300275303380847,-0.18300275303380847,0.0,0.0,0.0,56.602589167793546,home_kitchen,Home & Kitchen,air fryer,SRC-TRENDS-001,prophet
2023-05-07,14.1043849340376,48.20889550524521,60.834203697700154,14.1043849340376,14.1043849340376,2.866806547081029,2.866806547081029,2.866806547081029,3.182817684216486,3.182817684216486,3.182817684216486,-0.31601113713545714,-0.31601113713545714,-0.31601113713545714,0.0,0.0,0.0,54.53892800548762,home_kitchen,Home & Kitchen,air fryer,SRC-TRENDS-001,prophet
2023-05-14,14.057467834944093,47.02857701117622,59.48330431227975,14.057467834944093,14.057467834944093,2.8092297476663717,2.8092297476663717,2.8092297476663717,3.182817684216486,3.182817684216486,3.182817684216486,-0.3735879365501141,-0.3735879365501141,-0.3735879365501141,0.0,0.0,0.0,53.54812465373222,home_kitchen,Home & Kitchen,air fryer,SRC-TRENDS-001,prophet
2023-05-21,14.01054239436021,47.57387035572219,59.952349880929624,14.01054239436021,14.01054239436021,2.8286050990196006,2.8286050990196006,2.8286050990196006,3.182817684216486,3.182817684216486,3.182817684216486,-0.35421258519688537,-0.35421258519688537,-0.35421258519688537,0.0,0.0,0.0,53.64083405107778,home_kitchen,Home & Kitchen,air fryer,SRC-TRENDS-001,prophet
2023-05-28,13.963616953776326,47.822677776478095,60.013689272853846,13.963616953776326,13.963616953776326,2.8664175699055363,2.8664175699055363,2.8664175699055363,3.182817684216486,3.182817684216486,3.182817684216486,-0.3164001143109498,-0.3164001143109498,-0.3164001143109498,0.0,0.0,0.0,53.98917392951161,home_kitchen,Home & Kitchen,air fryer,SRC-TRENDS-001,prophet
2023-06-04,13.916691513192442,48.296789138194995,60.16551198466407,13.916691513192442,13.916691513192442,2.88178947340057,2.88178947340057,2.88178947340057,3.182817684216486,3.182817684216486,3.182817684216486,-0.30102821081591635,-0.30102821081591635,-0.30102821081591635,0.0,0.0,0.0,54.02166662047347,home_kitchen,Home & Kitchen,air fryer,SRC-TRENDS-001,prophet
2023-06-11,13.869766072608558,47.83988941127911,60.282138823029605,13.869766072608558,13.869766072608558,2.8941879887335933,2.8941879887335933,2.8941879887335933,3.1828176842164857,3.1828176842164857,3.1828176842164857,-0.28862969548289213,-0.28862969548289213,-0.28862969548289213,0.0,0.0,0.0,54.01147644649695,home_kitchen,Home & Kitchen,air fryer,SRC-TRENDS-001,prophet
2023-06-18,13.822840632024674,47.919421984644195,60.533563999829234,13.822840632024674,13.822840632024674,2.941707980283188,2.941707980283188,2.941707980283188,3.182817684216486,3.182817684216486,3.182817684216486,-0.241109703933298,-0.241109703933298,-0.241109703933298,0.0,0.0,0.0,54.485601229434366,home_kitchen,Home & Kitchen,air fryer,SRC-TRENDS-001,prophet
2023-06-25,13.775915191440792,48.914972434003296,61.48587454310909,13.775915191440792,13.775915191440792,3.019207240557627,3.019207240557627,3.019207240557627,3.182817684216486,3.182817684216486,3.182817684216486,-0.16361044365885904,-0.16361044365885904,-0.16361044365885904,0.0,0.0,0.0,55.368258082746635,home_kitchen,Home & Kitchen,air fryer,SRC-TRENDS-001,prophet
2023-07-02,13.728989750856908,49.46270856382537,61.67408552272711,13.728989750856908,13.728989750856908,3.0806246738862173,3.0806246738862173,3.0806246738862173,3.182817684216486,3.182817684216486,3.182817684216486,-0.10219301033026901,-0.10219301033026901,-0.10219301033026901,0.0,0.0,0.0,56.02285432487769,home_kitchen,Home & Kitchen,air fryer,SRC-TRENDS-001,prophet
2023-07-09,13.68206431027302,49.84217086916567,62.336999789009305,13.68206431027302,13.68206431027302,3.0966023926954103,3.0966023926954103,3.0966023926954103,3.182817684216486,3.182817684216486,3.182817684216486,-0.08621529152107588,-0.08621529152107588,-0.08621529152107588,0.0,0.0,0.0,56.04997739047693,home_kitchen,Home & Kitchen,air fryer,SRC-TRENDS-001,prophet
2023-07-16,13.635138352868136,49.89186129068608,61.68885582621737,13.635138352868136,13.635138352868136,3.085003984750556,3.085003984750556,3.085003984750556,3.182817684216486,3.182817684216486,3.182817684216486,-0.09781369946593013,-0.09781369946593013,-0.09781369946593013,0.0,0.0,0.0,55.69959450409147,home_kitchen,Home & Kitchen,air fryer,SRC-TRENDS-001,prophet
2023-07-23,13.588212395463254,48.9297190526629,61.50360378565658,13.588212395463254,13.588212395463254,3.076231595798728,3.076231595798728,3.076231595798728,3.1828176842164857,3.1828176842164857,3.1828176842164857,-0.10658608841775745,-0.10658608841775745,-0.10658608841775745,0.0,0.0,0.0,55.38870069681123,home_kitchen,Home & Kitchen,air fryer,SRC-TRENDS-001,prophet
2023-07-30,13.54128643805837,48.8075224990845,61.8301695411207,13.54128643805837,13.54128643805837,3.0688742210687687,3.0688742210687687,3.0688742210687687,3.1828176842164857,3.1828176842164857,3.1828176842164857,-0.11394346314771692,-0.11394346314771692,-0.11394346314771692,0.0,0.0,0.0,55.09779130792383,home_kitchen,Home & Kitchen,air fryer,SRC-TRENDS-001,prophet
2023-08-06,13.494360480653484,47.90559920269099,60.728293609391166,13.494360480653484,13.494360480653484,3.04020442036784,3.04020442036784,3.04020442036784,3.182817684216486,3.182817684216486,3.182817684216486,-0.14261326384864548,-0.14261326384864548,-0.14261326384864548,0.0,0.0,0.0,54.519974863973296,home_kitchen,Home & Kitchen,air fryer,SRC-TRENDS-001,prophet
2023-08-13,13.4474345232486,47.83661299809627,59.875618240902924,13.4474345232486,13.4474345232486,2.9905129621569246,2.9905129621569246,2.9905129621569246,3.182817684216486,3.182817684216486,3.182817684216486,-0.1923047220595613,-0.1923047220595613,-0.1923047220595613,0.0,0.0,0.0,53.66216177278006,home_kitchen,Home & Kitchen,air fryer,SRC-TRENDS-001,prophet
2023-08-20,13.400508565843715,46.905970651705914,58.916658441633274,13.400508565843715,13.400508565843715,2.9474039981974345,2.9474039981974345,2.9474039981974345,3.182817684216486,3.182817684216486,3.182817684216486,-0.23541368601905177,-0.23541368601905177,-0.23541368601905177,0.0,0.0,0.0,52.89722109069045,home_kitchen,Home & Kitchen,air fryer,SRC-TRENDS-001,prophet
2023-08-27,13.353582608438833,46.421326212941395,58.38865093962769,13.353582608438833,13.353582608438833,2.917421129806673,2.917421129806673,2.917421129806673,3.182817684216486,3.182817684216486,3.182817684216486,-0.26539655440981275,-0.26539655440981275,-0.26539655440981275,0.0,0.0,0.0,52.31160666891719,home_kitchen,Home & Kitchen,air fryer,SRC-TRENDS-001,prophet
2023-09-03,13.306656651033949,45.04545542917563,57.994764038778385,13.306656651033949,13.306656651033949,2.861123031949389,2.861123031949389,2.861123031949389,3.182817684216486,3.182817684216486,3.182817684216486,-0.3216946522670969,-0.3216946522670969,-0.3216946522670969,0.0,0.0,0.0,51.3786384735497,home_kitchen,Home & Kitchen,air fryer,SRC-TRENDS-001,prophet
2023-09-10,13.259730693629063,43.59540197287811,56.19657638776371,13.259730693629063,13.259730693629063,2.7464758356303367,2.7464758356303367,2.7464758356303367,3.182817684216486,3.182817684216486,3.182817684216486,-0.436341848586149,-0.436341848586149,-0.436341848586149,0.0,0.0,0.0,49.67726063064717,home_kitchen,Home & Kitchen,air fryer,SRC-TRENDS-001,prophet
2023-09-17,13.212804699624048,41.51794947268124,53.878242189206084,13.212804699624048,13.212804699624048,2.6182652930562123,2.6182652930562123,2.6182652930562123,3.182817684216486,3.182817684216486,3.182817684216486,-0.5645523911602739,-0.5645523911602739,-0.5645523911602739,0.0,0.0,0.0,47.8074326685797,home_kitchen,Home & Kitchen,air fryer,SRC-TRENDS-001,prophet
2023-09-24,13.165878705619033,40.80865496799865,53.12623949946266,13.165878705619033,13.165878705619033,2.573447809711543,2.573447809711543,2.573447809711543,3.182817684216486,3.182817684216486,3.182817684216486,-0.6093698745049428,-0.6093698745049428,-0.6093698745049428,0.0,0.0,0.0,47.04758042352218,home_kitchen,Home & Kitchen,air fryer,SRC-TRENDS-001,prophet
2023-10-01,13.118952711614018,41.572740746893906,53.86029163329344,13.118952711614018,13.118952711614018,2.645406400575845,2.645406400575845,2.645406400575845,3.182817684216486,3.182817684216486,3.182817684216486,-0.5374112836406412,-0.5374112836406412,-0.5374112836406412,0.0,0.0,0.0,47.823914183769574,home_kitchen,Home & Kitchen,air fryer,SRC-TRENDS-001,prophet
2023-10-08,13.072026717609,43.54529782770807,54.93736408456037,13.072026717609,13.072026717609,2.741263260189733,2.741263260189733,2.741263260189733,3.182817684216486,3.182817684216486,3.182817684216486,-0.4415544240267528,-0.4415544240267528,-0.4415544240267528,0.0,0.0,0.0,48.90589329480914,home_kitchen,Home & Kitchen,air fryer,SRC-TRENDS-001,prophet
2023-10-15,13.025100723603986,42.3699168183078,54.608162412893016,13.025100723603986,13.025100723603986,2.741624706273183,2.741624706273183,2.741624706273183,3.182817684216486,3.182817684216486,3.182817684216486,-0.4411929779433027,-0.4411929779433027,-0.4411929779433027,0.0,0.0,0.0,48.73503866913339,home_kitchen,Home & Kitchen,air fryer,SRC-TRENDS-001,prophet
2023-10-22,12.97817472959897,41.22609607494285,54.302484012614514,12.97817472959897,12.97817472959897,2.668293764475804,2.668293764475804,2.668293764475804,3.182817684216486,3.182817684216486,3.182817684216486,-0.5145239197406821,-0.5145239197406821,-0.5145239197406821,0.0,0.0,0.0,47.607757434865356,home_kitchen,Home & Kitchen,air fryer,SRC-TRENDS-001,prophet
2023-10-29,12.931248735593956,41.81532929993018,53.608316387197185,12.931248735593956,12.931248735593956,2.7025267770477477,2.7025267770477477,2.7025267770477477,3.182817684216486,3.182817684216486,3.182817684216486,-0.4802909071687384,-0.4802909071687384,-0.4802909071687384,0.0,0.0,0.0,47.87829470420145,home_kitchen,Home & Kitchen,air fryer,SRC-TRENDS-001,prophet
2023-11-05,12.88432274158894,45.12450838837759,57.64317851719532,12.88432274158894,12.88432274158894,2.984704708839251,2.984704708839251,2.984704708839251,3.182817684216486,3.182817684216486,3.182817684216486,-0.19811297537723466,-0.19811297537723466,-0.19811297537723466,0.0,0.0,0.0,51.3402214986141,home_kitchen,Home & Kitchen,air fryer,SRC-TRENDS-001,prophet
2023-11-12,12.837396739782728,50.3525329098889,62.27268998470618,12.837396739782728,12.837396739782728,3.4039062266115145,3.4039062266115145,3.4039062266115145,3.182817684216486,3.182817684216486,3.182817684216486,0.2210885423950282,0.2210885423950282,0.2210885423950282,0.0,0.0,0.0,56.53469143581151,home_kitchen,Home & Kitchen,air fryer,SRC-TRENDS-001,prophet
2023-11-19,12.790470737976515,53.31611041136566,65.93395276656977,12.790470737976515,12.790470737976515,3.6500802488786412,3.6500802488786412,3.6500802488786412,3.182817684216486,3.182817684216486,3.182817684216486,0.4672625646621553,0.4672625646621553,0.4672625646621553,0.0,0.0,0.0,59.476715352524806,home_kitchen,Home & Kitchen,air fryer,SRC-TRENDS-001,prophet
2023-11-26,12.743544736170298,51.69143923267452,63.869954155795114,12.743544736170298,12.743544736170298,3.5275702844407064,3.5275702844407064,3.5275702844407064,3.182817684216486,3.182817684216486,3.182817684216486,0.3447526002242207,0.3447526002242207,0.3447526002242207,0.0,0.0,0.0,57.697294465925424,home_kitchen,Home & Kitchen,air fryer,SRC-TRENDS-001,prophet
2023-12-03,12.696618734364085,47.24795418952181,59.85692749602838,12.696618734364085,12.696618734364085,3.2051539942121083,3.2051539942121083,3.2051539942121083,3.182817684216486,3.182817684216486,3.182817684216486,0.022336309995622507,0.022336309995622507,0.022336309995622507,0.0,0.0,0.0,53.391236983799416,home_kitchen,Home & Kitchen,air fryer,SRC-TRENDS-001,prophet
2023-12-10,12.64969273255787,45.311517778025525,58.22187943094356,12.64969273255787,12.64969273255787,3.0978869048019755,3.0978869048019755,3.0978869048019755,3.182817684216486,3.182817684216486,3.182817684216486,-0.08493077941451008,-0.08493077941451008,-0.08493077941451008,0.0,0.0,0.0,51.83701019851762,home_kitchen,Home & Kitchen,air fryer,SRC-TRENDS-001,prophet
2023-12-17,12.602766730751657,50.20696270243747,62.48822193847601,12.602766730751657,12.602766730751657,3.461162128606073,3.461162128606073,3.461162128606073,3.182817684216486,3.182817684216486,3.182817684216486,0.2783444443895873,0.2783444443895873,0.2783444443895873,0.0,0.0,0.0,56.22298565488587,home_kitchen,Home & Kitchen,air fryer,SRC-TRENDS-001,prophet
2023-12-24,12.555840728945444,58.0533872645849,70.1586440819166,12.555840728945444,12.555840728945444,4.111510352080173,4.111510352080173,4.111510352080173,3.1828176842164857,3.1828176842164857,3.1828176842164857,0.9286926678636874,0.9286926678636874,0.9286926678636874,0.0,0.0,0.0,64.1793098650745,home_kitchen,Home & Kitchen,air fryer,SRC-TRENDS-001,prophet
2023-12-31,12.508914727139231,62.94918696876235,75.92747806553712,12.508914727139231,12.508914727139231,4.580384846123274,4.580384846123274,4.580384846123274,3.182817684216486,3.182817684216486,3.182817684216486,1.3975671619067882,1.3975671619067882,1.3975671619067882,0.0,0.0,0.0,69.80455818477601,home_kitchen,Home & Kitchen,air fryer,SRC-TRENDS-001,prophet
2024-01-07,12.461988725604032,63.52093650030031,75.49029610982066,12.461988725604032,12.461988725604032,4.553842952935363,4.553842952935363,4.553842952935363,3.182817684216486,3.182817684216486,3.182817684216486,1.3710252687188769,1.3710252687188769,1.3710252687188769,0.0,0.0,0.0,69.2119282632559,home_kitchen,Home & Kitchen,air fryer,SRC-TRENDS-001,prophet
2024-01-14,12.415062724068832,57.906908989614465,69.86663198874892,12.415062724068832,12.415062724068832,4.148034153646313,4.148034153646313,4.148034153646313,3.182817684216486,3.182817684216486,3.182817684216486,0.9652164694298269,0.9652164694298269,0.9652164694298269,0.0,0.0,0.0,63.91316692316757,home_kitchen,Home & Kitchen,air fryer,SRC-TRENDS-001,prophet
2024-01-21,12.368136722533633,52.62117015669018,65.03347933454297,12.368136722533633,12.368136722533633,3.752386370370819,3.752386370370819,3.752386370370819,3.182817684216486,3.182817684216486,3.182817684216486,0.5695686861543333,0.5695686861543333,0.5695686861543333,0.0,0.0,0.0,58.778164387051646,home_kitchen,Home & Kitchen,air fryer,SRC-TRENDS-001,prophet
2024-01-28,12.321210720998433,51.037593682194654,63.303132248685614,12.321210720998433,12.321210720998433,3.6322457703586197,3.6322457703586197,3.6322457703586197,3.182817684216486,3.182817684216486,3.182817684216486,0.4494280861421334,0.4494280861421334,0.4494280861421334,0.0,0.0,0.0,57.07487624804227,home_kitchen,Home & Kitchen,air fryer,SRC-TRENDS-001,prophet
2024-02-04,12.274284719463235,51.76550324129531,64.14433297783195,12.274284719463235,12.274284719463235,3.7124007195086053,3.7124007195086053,3.7124007195086053,3.182817684216486,3.182817684216486,3.182817684216486,0.5295830352921194,0.5295830352921194,0.5295830352921194,0.0,0.0,0.0,57.84134814345203,home_kitchen,Home & Kitchen,air fryer,SRC-TRENDS-001,prophet
2024-02-11,12.227358717928036,51.54029429882165,63.85480238191597,12.227358717928036,12.227358717928036,3.7311054744641474,3.7311054744641474,3.7311054744641474,3.182817684216486,3.182817684216486,3.182817684216486,0.5482877902476617,0.5482877902476617,0.5482877902476617,0.0,0.0,0.0,57.84892376862625,home_kitchen,Home & Kitchen,air fryer,SRC-TRENDS-001,prophet
2024-02-18,12.180432716392836,48.5940774946367,61.2496119992691,12.180432716392836,12.180432716392836,3.5490819199157677,3.5490819199157677,3.5490819199157677,3.182817684216486,3.182817684216486,3.182817684216486,0.36626423569928174,0.36626423569928174,0.36626423569928174,0.0,0.0,0.0,55.409786246893155,home_kitchen,Home & Kitchen,air fryer,SRC-TRENDS-001,prophet
2024-02-25,12.133506714857642,46.10970515422393,58.189465732831835,12.133506714857642,12.133506714857642,3.2715045006017327,3.2715045006017327,3.2715045006017327,3.182817684216486,3.182817684216486,3.182817684216486,0.08868681638524653,0.08868681638524653,0.08868681638524653,0.0,0.0,0.0,51.82832854059576,home_kitchen,Home & Kitchen,air fryer,SRC-TRENDS-001,prophet
2024-03-03,12.092938842937826,43.306823229463255,55.49281945156531,12.092938842937826,12.092938842937826,3.0940401630886756,3.0940401630886756,3.0940401630886756,3.182817684216486,3.182817684216486,3.182817684216486,-0.08877752112780998,-0.08877752112780998,-0.08877752112780998,0.0,0.0,0.0,49.50897731276256,home_kitchen,Home & Kitchen,air fryer,SRC-TRENDS-001,prophet
2024-03-10,12.052370971018012,42.92938852232509,55.54816925944851,12.052370971018012,12.052370971018012,3.0899624911227805,3.0899624911227805,3.0899624911227805,3.182817684216486,3.182817684216486,3.182817684216486,-0.09285519309370581,-0.09285519309370581,-0.09285519309370581,0.0,0.0,0.0,49.293745200560714,home_kitchen,Home & Kitchen,air fryer,SRC-TRENDS-001,prophet
2024-03-17,12.011803099098199,43.806844456998036,56.28059495518422,12.011803099098199,12.011803099098199,3.173283218968633,3.173283218968633,3.173283218968633,3.182817684216486,3.182817684216486,3.182817684216486,-0.009534465247852592,-0.009534465247852592,-0.009534465247852592,0.0,0.0,0.0,50.128656303021934,home_kitchen,Home & Kitchen,air fryer,SRC-TRENDS-001,prophet
2024-03-24,11.971235227178385,44.86368618489652,57.015739709919835,11.971235227178385,11.971235227178385,3.2319339013398958,3.2319339013398958,3.2319339013398958,3.182817684216486,3.182817684216486,3.182817684216486,0.04911621712341015,0.04911621712341015,0.04911621712341015,0.0,0.0,0.0,50.66147619881062,home_kitchen,Home & Kitchen,air fryer,SRC-TRENDS-001,prophet
2024-03-31,11.930667355258569,44.363649189814915,56.50697452233527,11.930667355258569,11.930667355258569,3.2407417207849845,3.2407417207849845,3.2407417207849845,3.182817684216486,3.182817684216486,3.182817684216486,0.057924036568498205,0.057924036568498205,0.057924036568498205,0.0,0.0,0.0,50.59487881025246,home_kitchen,Home & Kitchen,air fryer,SRC-TRENDS-001,prophet
2024-04-07,11.890099483338753,44.54186901427995,56.9318470397669,11.890099483338753,11.890099483338753,3.235012828851348,3.235012828851348,3.235012828851348,3.1828176842164857,3.1828176842164857,3.1828176842164857,0.05219514463486233,0.05219514463486233,0.05219514463486233,0.0,0.0,0.0,50.3547238482584,home_kitchen,Home & Kitchen,air fryer,SRC-TRENDS-001,prophet
2024-04-14,11.84953161141894,43.9201086512198,56.163407078731815,11.84953161141894,11.84953161141894,3.220332557238102,3.220332557238102,3.220332557238102,3.182817684216486,3.182817684216486,3.182817684216486,0.03751487302161575,0.03751487302161575,0.03751487302161575,0.0,0.0,0.0,50.00896404769342,home_kitchen,Home & Kitchen,air fryer,SRC-TRENDS-001,prophet
2024-04-21,11.808963739499125,42.715708287201394,55.54084450963586,11.808963739499125,11.808963739499125,3.1561860625305416,3.1561860625305416,3.1561860625305416,3.182817684216486,3.182817684216486,3.182817684216486,-0.02663162168594431,-0.02663162168594431,-0.02663162168594431,0.0,0.0,0.0,49.08025050703481,home_kitchen,Home & Kitchen,air fryer,SRC-TRENDS-001,prophet
2024-04-28,11.768395867579315,41.25971220773631,53.60821282651614,11.768395867579315,11.768395867579315,3.0265288386760165,3.0265288386760165,3.0265288386760165,3.182817684216486,3.182817684216486,3.182817684216486,-0.15628884554046968,-0.15628884554046968,-0.15628884554046968,0.0,0.0,0.0,47.38578534576377,home_kitchen,Home & Kitchen,air fryer,SRC-TRENDS-001,prophet
2024-05-05,11.757642562967193,39.68945292201358,51.78919294543383,11.757642562967193,11.757642562967193,2.8864370755001776,2.8864370755001776,2.8864370755001776,3.182817684216486,3.182817684216486,3.182817684216486,-0.29638060871630834,-0.29638060871630834,-0.29638060871630834,0.0,0.0,0.0,45.69533797719463,home_kitchen,Home & Kitchen,air fryer,SRC-TRENDS-001,prophet
2024-05-12,11.746889258355072,38.81360996095475,50.71555257882972,11.746889258355072,11.746889258355072,2.812782091762694,2.812782091762694,2.812782091762694,3.182817684216486,3.182817684216486,3.182817684216486,-0.3700355924537924,-0.3700355924537924,-0.3700355924537924,0.0,0.0,0.0,44.78832899817577,home_kitchen,Home & Kitchen,air fryer,SRC-TRENDS-001,prophet
2024-05-19,11.736135953742949,38.17886556920999,50.83029974782778,11.736135953742949,11.736135953742949,2.821854479307144,2.821854479307144,2.821854479307144,3.182817684216486,3.182817684216486,3.182817684216486,-0.3609632049093421,-0.3609632049093421,-0.3609632049093421,0.0,0.0,0.0,44.85380376457011,home_kitchen,Home & Kitchen,air fryer,SRC-TRENDS-001,prophet
2024-05-26,11.725382649130827,39.29872399010225,51.687067126360986,11.725382649130827,11.725382649130827,2.8609203289234184,2.8609203289234184,2.8609203289234184,3.182817684216486,3.182817684216486,3.182817684216486,-0.3218973552930674,-0.3218973552930674,-0.3218973552930674,0.0,0.0,0.0,45.27076823443514,home_kitchen,Home & Kitchen,air fryer,SRC-TRENDS-001,prophet
2024-06-02,11.714629344518706,39.024177406403396,51.333346353749576,11.714629344518706,11.714629344518706,2.8804914895467957,2.8804914895467957,2.8804914895467957,3.182817684216486,3.182817684216486,3.182817684216486,-0.3023261946696904,-0.3023261946696904,-0.3023261946696904,0.0,0.0,0.0,45.458519474599996,home_kitchen,Home & Kitchen,air fryer,SRC-TRENDS-001,prophet
2024-06-09,11.703876039906582,39.39066552885068,52.02666101011037,11.703876039906582,11.703876039906582,2.8901768404855206,2.8901768404855206,2.8901768404855206,3.182817684216486,3.182817684216486,3.182817684216486,-0.2926408437309656,-0.2926408437309656,-0.2926408437309656,0.0,0.0,0.0,45.53014751435798,home_kitchen,Home & Kitchen,air fryer,SRC-TRENDS-001,prophet
2024-06-16,11.693122735294462,39.926653551619346,51.767813444976724,11.693122735294462,11.693122735294462,2.930095677236044,2.930095677236044,2.930095677236044,3.182817684216486,3.182817684216486,3.182817684216486,-0.2527220069804419,-0.2527220069804419,-0.2527220069804419,0.0,0.0,0.0,45.955091115371275,home_kitchen,Home & Kitchen,air fryer,SRC-TRENDS-001,prophet
2024-06-23,11.682369430682332,40.766837515636226,52.7250673883605,11.682369430682332,11.682369430682332,3.0050746822834538,3.0050746822834538,3.0050746822834538,3.182817684216486,3.182817684216486,3.182817684216486,-0.1777430019330322,-0.1777430019330322,-0.1777430019330322,0.0,0.0,0.0,46.788762035907965,home_kitchen,Home & Kitchen,air fryer,SRC-TRENDS-001,prophet
2024-06-30,11.671616128440506,41.3604074749814,53.4318567459549,11.671616128440506,11.671616128440506,3.072779103050175,3.072779103050175,3.072779103050175,3.182817684216486,3.182817684216486,3.182817684216486,-0.11003858116631038,-0.11003858116631038,-0.11003858116631038,0.0,0.0,0.0,47.53591426673589,home_kitchen,Home & Kitchen,air fryer,SRC-TRENDS-001,prophet
2024-07-07,11.660862826198679,41.889368043559614,54.35560405873575,11.660862826198679,11.660862826198679,3.0967843249132665,3.0967843249132665,3.0967843249132665,3.182817684216486,3.182817684216486,3.182817684216486,-0.08603335930321954,-0.08603335930321954,-0.08603335930321954,0.0,0.0,0.0,47.77204004133456,home_kitchen,Home & Kitchen,air fryer,SRC-TRENDS-001,prophet
2024-07-14,11.650109523956855,41.50749783790081,53.78997625590536,11.650109523956855,11.650109523956855,3.087474903859877,3.087474903859877,3.087474903859877,3.182817684216486,3.182817684216486,3.182817684216486,-0.09534278035660933,-0.09534278035660933,-0.09534278035660933,0.0,0.0,0.0,47.61953030639258,home_kitchen,Home & Kitchen,air fryer,SRC-TRENDS-001,prophet
2024-07-21,11.63935622171503,41.57772776213583,53.62541396625795,11.63935622171503,11.63935622171503,3.07713754472843,3.07713754472843,3.07713754472843,3.182817684216486,3.182817684216486,3.182817684216486,-0.1056801394880561,-0.1056801394880561,-0.1056801394880561,0.0,0.0,0.0,47.45525624802279,home_kitchen,Home & Kitchen,air fryer,SRC-TRENDS-001,prophet
2024-07-28,11.628602919473202,40.8241233464469,53.52326862870351,11.628602919473202,11.628602919473202,3.07116810139963,3.07116810139963,3.07116810139963,3.182817684216486,3.182817684216486,3.182817684216486,-0.11164958281685561,-0.11164958281685561,-0.11164958281685561,0.0,0.0,0.0,47.34199726960191,home_kitchen,Home & Kitchen,air fryer,SRC-TRENDS-001,prophet
2024-08-04,11.617849617231377,41.2382846358477,53.14789355866349,11.617849617231377,11.617849617231377,3.0474003535026255,3.0474003535026255,3.0474003535026255,3.182817684216486,3.182817684216486,3.182817684216486,-0.13541733071386042,-0.13541733071386042,-0.13541733071386042,0.0,0.0,0.0,47.02208864772262,home_kitchen,Home & Kitchen,air fryer,SRC-TRENDS-001,prophet
2024-08-11,11.607096314989551,40.30210552253636,52.80786489820123,11.607096314989551,11.607096314989551,2.999758408957224,2.999758408957224,2.999758408957224,3.182817684216486,3.182817684216486,3.182817684216486,-0.18305927525926186,-0.18305927525926186,-0.18305927525926186,0.0,0.0,0.0,46.42558108945587,home_kitchen,Home & Kitchen,air fryer,SRC-TRENDS-001,prophet
2024-08-18,11.596343012747724,39.593690107099036,51.8156416629509,11.596343012747724,11.596343012747724,2.9536639086177514,2.9536639086177514,2.9536639086177514,3.182817684216486,3.182817684216486,3.182817684216486,-0.2291537755987348,-0.2291537755987348,-0.2291537755987348,0.0,0.0,0.0,45.84804284145232,home_kitchen,Home & Kitchen,air fryer,SRC-TRENDS-001,prophet
2024-08-25,11.585589713670718,39.1402232562951,51.260792240715894,11.585589713670718,11.585589713670718,2.9231703381891068,2.9231703381891068,2.9231703381891068,3.182817684216486,3.182817684216486,3.182817684216486,-0.2596473460273794,-0.2596473460273794,-0.2596473460273794,0.0,0.0,0.0,45.45224191510179,home_kitchen,Home & Kitchen,air fryer,SRC-TRENDS-001,prophet
2024-09-01,11.574836414593715,38.83900679577927,51.32408049808516,11.574836414593715,11.574836414593715,2.875288159767278,2.875288159767278,2.875288159767278,3.1828176842164857,3.1828176842164857,3.1828176842164857,-0.30752952444920756,-0.30752952444920756,-0.30752952444920756,0.0,0.0,0.0,44.85582650871815,home_kitchen,Home & Kitchen,air fryer,SRC-TRENDS-001,prophet
2024-09-08,11.56408311551671,37.500002934614315,49.60967871037022,11.56408311551671,11.56408311551671,2.7704139041846276,2.7704139041846276,2.7704139041846276,3.182817684216486,3.182817684216486,3.182817684216486,-0.41240378003185824,-0.41240378003185824,-0.41240378003185824,0.0,0.0,0.0,43.60137976789089,home_kitchen,Home & Kitchen,air fryer,SRC-TRENDS-001,prophet
2024-09-15,11.553329816439707,35.62595765486171,47.95742239246873,11.553329816439707,11.553329816439707,2.637744583538727,2.637744583538727,2.637744583538727,3.182817684216486,3.182817684216486,3.182817684216486,-0.545073100677759,-0.545073100677759,-0.545073100677759,0.0,0.0,0.0,42.028062961590024,home_kitchen,Home & Kitchen,air fryer,SRC-TRENDS-001,prophet
2024-09-22,11.5425765173627,35.287341964573805,47.55669453349997,11.5425765173627,11.5425765173627,2.5721504675952325,2.5721504675952325,2.5721504675952325,3.182817684216486,3.182817684216486,3.182817684216486,-0.6106672166212538,-0.6106672166212538,-0.6106672166212538,0.0,0.0,0.0,41.23182010375092,home_kitchen,Home & Kitchen,air fryer,SRC-TRENDS-001,prophet
2024-09-29,11.531823218285698,36.3861875898317,48.36285279036967,11.531823218285698,11.531823218285698,2.6267774271421716,2.6267774271421716,2.6267774271421716,3.182817684216486,3.182817684216486,3.182817684216486,-0.5560402570743144,-0.5560402570743144,-0.5560402570743144,0.0,0.0,0.0,41.82335614187256,home_kitchen,Home & Kitchen,air fryer,SRC-TRENDS-001,prophet
2024-10-06,11.521069919208692,36.83540768233663,49.49479679217239,11.521069919208692,11.521069919208692,2.7287478842528596,2.7287478842528596,2.7287478842528596,3.182817684216486,3.182817684216486,3.182817684216486,-0.45406979996362606,-0.45406979996362606,-0.45406979996362606,0.0,0.0,0.0,42.959165085578675,home_kitchen,Home & Kitchen,air fryer,SRC-TRENDS-001,prophet
2024-10-13,11.51031662013169,37.07792070351533,49.215472986010056,11.51031662013169,11.51031662013169,2.7502547262700046,2.7502547262700046,2.7502547262700046,3.182817684216486,3.182817684216486,3.182817684216486,-0.4325629579464814,-0.4325629579464814,-0.4325629579464814,0.0,0.0,0.0,43.16661930551305,home_kitchen,Home & Kitchen,air fryer,SRC-TRENDS-001,prophet
2024-10-20,11.499563321054696,36.1079817977124,48.69950736464707,11.499563321054696,11.499563321054696,2.6797504310138853,2.6797504310138853,2.6797504310138853,3.182817684216486,3.182817684216486,3.182817684216486,-0.5030672532026003,-0.5030672532026003,-0.5030672532026003,0.0,0.0,0.0,42.315523087122486,home_kitchen,Home & Kitchen,air fryer,SRC-TRENDS-001,prophet
2024-10-27,11.488810022167808,36.65637052910211,48.56687981139086,11.488810022167808,11.488810022167808,2.679723771988857,2.679723771988857,2.679723771988857,3.182817684216486,3.182817684216486,3.182817684216486,-0.503093912227629,-0.503093912227629,-0.503093912227629,0.0,0.0,0.0,42.27564735043471,home_kitchen,Home & Kitchen,air fryer,SRC-TRENDS-001,prophet
2024-11-03,11.478056723280924,38.56753824235612,51.334252328500824,11.478056723280924,11.478056723280924,2.9172189285297025,2.9172189285297025,2.9172189285297025,3.182817684216486,3.182817684216486,3.182817684216486,-0.2655987556867835,-0.2655987556867835,-0.2655987556867835,0.0,0.0,0.0,44.96206105917365,home_kitchen,Home & Kitchen,air fryer,SRC-TRENDS-001,prophet
2024-11-10,11.467303424394037,43.18761282787411,56.23310445980884,11.467303424394037,11.467303424394037,3.3321701588114063,3.3321701588114063,3.3321701588114063,3.182817684216486,3.182817684216486,3.182817684216486,0.14935247459492024,0.14935247459492024,0.14935247459492024,0.0,0.0,0.0,49.6783096971957,home_kitchen,Home & Kitchen,air fryer,SRC-TRENDS-001,prophet
2024-11-17,11.456550125507151,47.158065986898805,59.47082012805629,11.456550125507151,11.456550125507151,3.631654499748512,3.631654499748512,3.631654499748512,3.182817684216486,3.182817684216486,3.182817684216486,0.4488368155320257,0.4488368155320257,0.4488368155320257,0.0,0.0,0.0,53.06278194039958,home_kitchen,Home & Kitchen,air fryer,SRC-TRENDS-001,prophet
2024-11-24,11.445796826620267,46.33426311760984,58.45012052059067,11.445796826620267,11.445796826620267,3.574030173494858,3.574030173494858,3.574030173494858,3.182817684216486,3.182817684216486,3.182817684216486,0.3912124892783724,0.3912124892783724,0.3912124892783724,0.0,0.0,0.0,52.35342004465279,home_kitchen,Home & Kitchen,air fryer,SRC-TRENDS-001,prophet
2024-12-01,11.435043527733379,42.953861717215716,54.5338073471587,11.435043527733379,11.435043527733379,3.2593802266639162,3.2593802266639162,3.2593802266639162,3.182817684216486,3.182817684216486,3.182817684216486,0.07656254244743041,0.07656254244743041,0.07656254244743041,0.0,0.0,0.0,48.70619829306875,home_kitchen,Home & Kitchen,air fryer,SRC-TRENDS-001,prophet
2024-12-08,11.424290228846495,40.57984063064443,52.526440433633226,11.424290228846495,11.424290228846495,3.0847132055403588,3.0847132055403588,3.0847132055403588,3.182817684216486,3.182817684216486,3.182817684216486,-0.09810447867612695,-0.09810447867612695,-0.09810447867612695,0.0,0.0,0.0,46.66494916169496,home_kitchen,Home & Kitchen,air fryer,SRC-TRENDS-001,prophet
2024-12-15,11.413536929959601,43.9665899228904,55.849445229453686,11.413536929959601,11.413536929959601,3.364093360102488,3.364093360102488,3.364093360102488,3.182817684216486,3.182817684216486,3.182817684216486,0.18127567588600224,0.18127567588600224,0.18127567588600224,0.0,0.0,0.0,49.80974073132123,home_kitchen,Home & Kitchen,air fryer,SRC-TRENDS-001,prophet
2024-12-22,11.402783646081636,50.87482677941168,63.20351896549232,11.402783646081636,11.402783646081636,3.9945594044698227,3.9945594044698227,3.9945594044698227,3.182817684216486,3.182817684216486,3.182817684216486,0.8117417202533365,0.8117417202533365,0.8117417202533365,0.0,0.0,0.0,56.951880296671725,home_kitchen,Home & Kitchen,air fryer,SRC-TRENDS-001,prophet
2024-12-29,11.392030362203668,57.13340579386111,69.29539266595852,11.392030362203668,11.392030362203668,4.5291071064348305,4.5291071064348305,4.5291071064348305,3.182817684216486,3.182817684216486,3.182817684216486,1.3462894222183448,1.3462894222183448,1.3462894222183448,0.0,0.0,0.0,62.987756032381654,home_kitchen,Home & Kitchen,air fryer,SRC-TRENDS-001,prophet
2025-01-05,11.381277078325702,57.80475808150437,70.12757623243338,11.381277078325702,11.381277078325702,4.59536768998177,4.59536768998177,4.59536768998177,3.182817684216486,3.182817684216486,3.182817684216486,1.4125500057652838,1.4125500057652838,1.4125500057652838,0.0,0.0,0.0,63.682430034793754,home_kitchen,Home & Kitchen,air fryer,SRC-TRENDS-001,prophet
2025-01-12,11.370523794447736,53.695694220258034,65.59072985990468,11.370523794447736,11.370523794447736,4.231627988512107,4.231627988512107,4.231627988512107,3.182817684216486,3.182817684216486,3.182817684216486,1.0488103042956216,1.0488103042956216,1.0488103042956216,0.0,0.0,0.0,59.486350527075665,home_kitchen,Home & Kitchen,air fryer,SRC-TRENDS-001,prophet
2025-01-19,11.359770510569769,48.10345545371006,60.96198976512347,11.359770510569769,11.359770510569769,3.8062254187237397,3.8062254187237397,3.8062254187237397,3.182817684216486,3.182817684216486,3.182817684216486,0.6234077345072538,0.6234077345072538,0.6234077345072538,0.0,0.0,0.0,54.59761777876878,home_kitchen,Home & Kitchen,air fryer,SRC-TRENDS-001,prophet
2025-01-26,11.349017226691805,46.25237263335411,58.58279568583117,11.349017226691805,11.349017226691805,3.632639451345411,3.632639451345411,3.632639451345411,3.182817684216486,3.182817684216486,3.182817684216486,0.4498217671289254,0.4498217671289254,0.4498217671289254,0.0,0.0,0.0,52.57590493837114,home_kitchen,Home & Kitchen,air fryer,SRC-TRENDS-001,prophet
2025-02-02,11.338263942813837,47.50339711518643,59.144586113855254,11.338263942813837,11.338263942813837,3.6950471973336576,3.6950471973336576,3.6950471973336576,3.1828176842164857,3.1828176842164857,3.1828176842164857,0.5122295131171719,0.5122295131171719,0.5122295131171719,0.0,0.0,0.0,53.23368434733737,home_kitchen,Home & Kitchen,air fryer,SRC-TRENDS-001,prophet
2025-02-09,11.327510658935873,47.95555292480738,60.01298381319032,11.327510658935873,11.327510658935873,3.741841436073866,3.741841436073866,3.741841436073866,3.182817684216486,3.182817684216486,3.182817684216486,0.5590237518573795,0.5590237518573795,0.5590237518573795,0.0,0.0,0.0,53.7132594101105,home_kitchen,Home & Kitchen,air fryer,SRC-TRENDS-001,prophet
2025-02-16,11.319510719942521,45.72173501772284,58.090065856784264,11.319510719942521,11.319510719942521,3.594227980324587,3.594227980324587,3.594227980324587,3.182817684216486,3.182817684216486,3.182817684216486,0.4114102961081013,0.4114102961081013,0.4114102961081013,0.0,0.0,0.0,52.00441287314404,home_kitchen,Home & Kitchen,air fryer,SRC-TRENDS-001,prophet
2025-02-23,11.311510780949172,42.76676044115932,55.528761824232184,11.311510780949172,11.311510780949172,3.318687111477651,3.318687111477651,3.318687111477651,3.182817684216486,3.182817684216486,3.182817684216486,0.13586942726116485,0.13586942726116485,0.13586942726116485,0.0,0.0,0.0,48.85087582102569,home_kitchen,Home & Kitchen,air fryer,SRC-TRENDS-001,prophet
2025-03-02,11.30351084195582,40.23494285335658,52.75058669606896,11.30351084195582,11.30351084195582,3.112613326290842,3.112613326290842,3.112613326290842,3.182817684216486,3.182817684216486,3.182817684216486,-0.07020435792564439,-0.07020435792564439,-0.07020435792564439,0.0,0.0,0.0,46.48696932250052,home_kitchen,Home & Kitchen,air fryer,SRC-TRENDS-001,prophet
2025-03-09,11.295510902962471,39.573257018506055,52.14801681878756,11.295510902962471,11.295510902962471,3.080491604404785,3.080491604404785,3.080491604404785,3.182817684216486,3.182817684216486,3.182817684216486,-0.102326079811701,-0.102326079811701,-0.102326079811701,0.0,0.0,0.0,46.09123740700108,home_kitchen,Home & Kitchen,air fryer,SRC-TRENDS-001,prophet
2025-03-16,11.287510963969119,40.151010770799836,52.874302497522166,11.287510963969119,11.287510963969119,3.15782579625228,3.15782579625228,3.15782579625228,3.182817684216486,3.182817684216486,3.182817684216486,-0.024991887964206205,-0.024991887964206205,-0.024991887964206205,0.0,0.0,0.0,46.93150426147124,home_kitchen,Home & Kitchen,air fryer,SRC-TRENDS-001,prophet
2025-03-23,11.279511024975768,41.199386220107286,53.66918251250485,11.279511024975768,11.279511024975768,3.2256978280913415,3.2256978280913415,3.2256978280913415,3.182817684216486,3.182817684216486,3.182817684216486,0.042880143874855614,0.042880143874855614,0.042880143874855614,0.0,0.0,0.0,47.663805240172444,home_kitchen,Home & Kitchen,air fryer,SRC-TRENDS-001,prophet
2025-03-30,11.271511085982418,41.888118669264934,54.08371017558881,11.271511085982418,11.271511085982418,3.2413103092365327,3.2413103092365327,3.2413103092365327,3.182817684216486,3.182817684216486,3.182817684216486,0.05849262502004682,0.05849262502004682,0.05849262502004682,0.0,0.0,0.0,47.805976169651096,home_kitchen,Home & Kitchen,air fryer,SRC-TRENDS-001,prophet
2025-04-06,11.263511146989066,41.48432373948511,53.61172348769015,11.263511146989066,11.263511146989066,3.2360192607708824,3.2360192607708824,3.2360192607708824,3.182817684216486,3.182817684216486,3.182817684216486,0.053201576554396335,0.053201576554396335,0.053201576554396335,0.0,0.0,0.0,47.71245016255322,home_kitchen,Home & Kitchen,air fryer,SRC-TRENDS-001,prophet
2025-04-13,11.261829112226485,41.021438572142756,53.3654428155413,11.261829112226485,11.261829112226485,3.225232955405751,3.225232955405751,3.225232955405751,3.182817684216486,3.182817684216486,3.182817684216486,0.04241527118926493,0.04241527118926493,0.04241527118926493,0.0,0.0,0.0,47.583851503127235,home_kitchen,Home & Kitchen,air fryer,SRC-TRENDS-001,prophet
2025-04-20,11.260147077463904,40.829671750075406,53.0480780724817,11.260147077463904,11.260147077463904,3.172897469571158,3.172897469571158,3.172897469571158,3.182817684216486,3.182817684216486,3.182817684216486,-0.00992021464532792,-0.00992021464532792,-0.00992021464532792,0.0,0.0,0.0,46.98743924654819,home_kitchen,Home & Kitchen,air fryer,SRC-TRENDS-001,prophet
2025-04-27,11.258465042701323,39.54994099273583,51.87044396331008,11.258465042701323,11.258465042701323,3.0528396411417282,3.0528396411417282,3.0528396411417282,3.182817684216486,3.182817684216486,3.182817684216486,-0.1299780430747577,-0.1299780430747577,-0.1299780430747577,0.0,0.0,0.0,45.628753423468325,home_kitchen,Home & Kitchen,air fryer,SRC-TRENDS-001,prophet
2025-05-04,11.25678300793874,37.92842657767581,49.643978623651016,11.25678300793874,11.25678300793874,2.9083744489854286,2.9083744489854286,2.9083744489854286,3.182817684216486,3.182817684216486,3.182817684216486,-0.2744432352310576,-0.2744432352310576,-0.2744432352310576,0.0,0.0,0.0,43.99572308600111,home_kitchen,Home & Kitchen,air fryer,SRC-TRENDS-001,prophet
2025-05-11,11.255100973176159,37.61618194823102,49.13440795153968,11.255100973176159,11.255100973176159,2.819184891506045,2.819184891506045,2.819184891506045,3.182817684216486,3.182817684216486,3.182817684216486,-0.3636327927104407,-0.3636327927104407,-0.3636327927104407,0.0,0.0,0.0,42.98531158912937,home_kitchen,Home & Kitchen,air fryer,SRC-TRENDS-001,prophet
2025-05-18,11.253418938413578,36.570669206229454,49.43406590859051,11.253418938413578,11.253418938413578,2.8160441157598584,2.8160441157598584,2.8160441157598584,3.1828176842164857,3.1828176842164857,3.1828176842164857,-0.3667735684566272,-0.3667735684566272,-0.3667735684566272,0.0,0.0,0.0,42.94354312211369,home_kitchen,Home & Kitchen,air fryer,SRC-TRENDS-001,prophet
2025-05-25,11.251736903650995,37.080076507596296,49.11209491795586,11.251736903650995,11.251736903650995,2.8546123399235857,2.8546123399235857,2.8546123399235857,3.182817684216486,3.182817684216486,3.182817684216486,-0.32820534429290016,-0.32820534429290016,-0.32820534429290016,0.0,0.0,0.0,43.37108391438672,home_kitchen,Home & Kitchen,air fryer,SRC-TRENDS-001,prophet
2025-06-01,11.250054868888414,37.11941191989134,49.74587878201766,11.250054868888414,11.250054868888414,2.8787840558312547,2.8787840558312547,2.8787840558312547,3.182817684216486,3.182817684216486,3.182817684216486,-0.30403362838523135,-0.30403362838523135,-0.30403362838523135,0.0,0.0,0.0,43.63653345267116,home_kitchen,Home & Kitchen,air fryer,SRC-TRENDS-001,prophet
2025-06-08,11.248372834125835,37.31612217441564,50.389667456826,11.248372834125835,11.248372834125835,2.887244825381906,2.887244825381906,2.887244825381906,3.182817684216486,3.182817684216486,3.182817684216486,-0.29557285883458007,-0.29557285883458007,-0.29557285883458007,0.0,0.0,0.0,43.72517909342206,home_kitchen,Home & Kitchen,air fryer,SRC-TRENDS-001,prophet
2025-06-15,11.2606770655171,37.54791719256052,50.341190767416855,11.2606770655171,11.2606770655171,2.9197511541851418,2.9197511541851418,2.9197511541851418,3.182817684216486,3.182817684216486,3.182817684216486,-0.26306653003134406,-0.26306653003134406,-0.26306653003134406,0.0,0.0,0.0,44.13905192446681,home_kitchen,Home & Kitchen,air fryer,SRC-TRENDS-001,prophet
2025-06-22,11.272981296908362,38.81790256341923,50.965501108896206,11.272981296908362,11.272981296908362,2.9906889886283237,2.9906889886283237,2.9906889886283237,3.1828176842164853,3.1828176842164853,3.1828176842164853,-0.1921286955881617,-0.1921286955881617,-0.1921286955881617,0.0,0.0,0.0,44.98696233058524,home_kitchen,Home & Kitchen,air fryer,SRC-TRENDS-001,prophet
2025-06-29,11.285285528299628,40.09262170632065,52.50571681271414,11.285285528299628,11.285285528299628,3.0633902191710725,3.0633902191710725,3.0633902191710725,3.182817684216486,3.182817684216486,3.182817684216486,-0.11942746504541304,-0.11942746504541304,-0.11942746504541304,0.0,0.0,0.0,45.856518836245556,home_kitchen,Home & Kitchen,air fryer,SRC-TRENDS-001,prophet
2025-07-06,11.297589759690894,40.31298680318583,52.249637309154515,11.297589759690894,11.297589759690894,3.0958372814596387,3.0958372814596387,3.0958372814596387,3.1828176842164857,3.1828176842164857,3.1828176842164857,-0.08698040275684699,-0.08698040275684699,-0.08698040275684699,0.0,0.0,0.0,46.27308932837861,home_kitchen,Home & Kitchen,air fryer,SRC-TRENDS-001,prophet
2025-07-13,11.309893991082157,40.10367603338698,52.48764752916607,11.309893991082157,11.309893991082157,3.090004230511532,3.090004230511532,3.090004230511532,3.182817684216486,3.182817684216486,3.182817684216486,-0.09281345370495428,-0.09281345370495428,-0.09281345370495428,0.0,0.0,0.0,46.25751427016298,home_kitchen,Home & Kitchen,air fryer,SRC-TRENDS-001,prophet
2025-07-20,11.322198222473421,40.32821331893879,52.415930120079395,11.322198222473421,11.322198222473421,3.0782739146782436,3.0782739146782436,3.0782739146782436,3.182817684216486,3.182817684216486,3.182817684216486,-0.1045437695382421,-0.1045437695382421,-0.1045437695382421,0.0,0.0,0.0,46.17502566752973,home_kitchen,Home & Kitchen,air fryer,SRC-TRENDS-001,prophet
2025-07-27,11.334502453864687,39.33412089330796,52.66500133516331,11.334502453864687,11.334502453864687,3.0728403611665733,3.0728403611665733,3.0728403611665733,3.182817684216486,3.182817684216486,3.182817684216486,-0.1099773230499122,-0.1099773230499122,-0.1099773230499122,0.0,0.0,0.0,46.163619067841665,home_kitchen,Home & Kitchen,air fryer,SRC-TRENDS-001,prophet
2025-08-03,11.346806685255952,39.849490318050954,51.632996947307326,11.346806685255952,11.346806685255952,3.053726994975544,3.053726994975544,3.053726994975544,3.182817684216486,3.182817684216486,3.182817684216486,-0.12909068924094233,-0.12909068924094233,-0.12909068924094233,0.0,0.0,0.0,45.996856566791024,home_kitchen,Home & Kitchen,air fryer,SRC-TRENDS-001,prophet
2025-08-10,11.404827924339527,38.998792110508475,51.75281130237927,11.404827924339527,11.404827924339527,3.009084360054545,3.009084360054545,3.009084360054545,3.182817684216486,3.182817684216486,3.182817684216486,-0.1737333241619407,-0.1737333241619407,-0.1737333241619407,0.0,0.0,0.0,45.72291726058294,home_kitchen,Home & Kitchen,air fryer,SRC-TRENDS-001,prophet
2025-08-17,11.4628491634231,39.18540106419179,51.2318112172497,11.4628491634231,11.4628491634231,2.9605761692263926,2.9605761692263926,2.9605761692263926,3.1828176842164857,3.1828176842164857,3.1828176842164857,-0.22224151499009337,-0.22224151499009337,-0.22224151499009337,0.0,0.0,0.0,45.399487228090216,home_kitchen,Home & Kitchen,air fryer,SRC-TRENDS-001,prophet
2025-08-24,11.52087040250667,38.92643707174115,51.180009484526344,11.52087040250667,11.52087040250667,2.928399598863396,2.928399598863396,2.928399598863396,3.182817684216486,3.182817684216486,3.182817684216486,-0.25441808535308963,-0.25441808535308963,-0.25441808535308963,0.0,0.0,0.0,45.25858266776437,home_kitchen,Home & Kitchen,air fryer,SRC-TRENDS-001,prophet
2025-08-31,11.578891641590243,38.92525746513555,51.37588713242753,11.578891641590243,11.578891641590243,2.887426290522324,2.887426290522324,2.887426290522324,3.182817684216486,3.182817684216486,3.182817684216486,-0.29539139369416184,-0.29539139369416184,-0.29539139369416184,0.0,0.0,0.0,45.0120877826271,home_kitchen,Home & Kitchen,air fryer,SRC-TRENDS-001,prophet
2025-09-07,11.636912880673814,38.06239806389273,50.213317607669744,11.636912880673814,11.636912880673814,2.793250100374997,2.793250100374997,2.793250100374997,3.182817684216486,3.182817684216486,3.182817684216486,-0.38956758384148865,-0.38956758384148865,-0.38956758384148865,0.0,0.0,0.0,44.141720952671044,home_kitchen,Home & Kitchen,air fryer,SRC-TRENDS-001,prophet
2025-09-14,11.694934119757386,36.014234220341955,48.453966528013424,11.694934119757386,11.694934119757386,2.6594769890201606,2.6594769890201606,2.6594769890201606,3.182817684216486,3.182817684216486,3.182817684216486,-0.5233406951963253,-0.5233406951963253,-0.5233406951963253,0.0,0.0,0.0,42.7973422993589,home_kitchen,Home & Kitchen,air fryer,SRC-TRENDS-001,prophet
2025-09-21,11.752955358840959,36.01074070734928,48.341099812113946,11.752955358840959,11.752955358840959,2.5750767740356544,2.5750767740356544,2.5750767740356544,3.182817684216486,3.182817684216486,3.182817684216486,-0.6077409101808312,-0.6077409101808312,-0.6077409101808312,0.0,0.0,0.0,42.01771772967019,home_kitchen,Home & Kitchen,air fryer,SRC-TRENDS-001,prophet
2025-09-28,11.81097659792453,36.20951171246056,48.46720740256888,11.81097659792453,11.81097659792453,2.609845113016031,2.609845113016031,2.609845113016031,3.182817684216486,3.182817684216486,3.182817684216486,-0.5729725712004545,-0.5729725712004545,-0.5729725712004545,0.0,0.0,0.0,42.63579615196457,home_kitchen,Home & Kitchen,air fryer,SRC-TRENDS-001,prophet
2025-10-05,11.868997837008104,37.717429937109664,50.1788016241753,11.868997837008104,11.868997837008104,2.713322741806068,2.713322741806068,2.713322741806068,3.182817684216486,3.182817684216486,3.182817684216486,-0.46949494241041834,-0.46949494241041834,-0.46949494241041834,0.0,0.0,0.0,44.07341959060922,home_kitchen,Home & Kitchen,air fryer,SRC-TRENDS-001,prophet
2025-10-12,11.927019076091677,38.80369395465917,50.75756948906723,11.927019076091677,11.927019076091677,2.755406263636785,2.755406263636785,2.755406263636785,3.182817684216486,3.182817684216486,3.182817684216486,-0.42741142057970066,-0.42741142057970066,-0.42741142057970066,0.0,0.0,0.0,44.790802144870106,home_kitchen,Home & Kitchen,air fryer,SRC-TRENDS-001,prophet
2025-10-19,11.985040315175247,38.475113452284134,50.74593464225421,11.985040315175247,11.985040315175247,2.6934123602846936,2.6934123602846936,2.6934123602846936,3.182817684216486,3.182817684216486,3.182817684216486,-0.4894053239317924,-0.4894053239317924,-0.4894053239317924,0.0,0.0,0.0,44.26569603857862,home_kitchen,Home & Kitchen,air fryer,SRC-TRENDS-001,prophet
2025-10-26,12.04306155425882,38.24317245304431,50.53902829414363,12.04306155425882,12.04306155425882,2.6651708326483616,2.6651708326483616,2.6651708326483616,3.182817684216486,3.182817684216486,3.182817684216486,-0.5176468515681244,-0.5176468515681244,-0.5176468515681244,0.0,0.0,0.0,44.13987794445827,home_kitchen,Home & Kitchen,air fryer,SRC-TRENDS-001,prophet
2025-11-02,12.101082793342393,40.78274897910088,52.58753717455928,12.101082793342393,12.101082793342393,2.8561136247580627,2.8561136247580627,2.8561136247580627,3.182817684216486,3.182817684216486,3.182817684216486,-0.32670405945842307,-0.32670405945842307,-0.32670405945842307,0.0,0.0,0.0,46.66315023373296,home_kitchen,Home & Kitchen,air fryer,SRC-TRENDS-001,prophet
2025-11-09,12.159104032425965,45.639516391245664,58.123953262076114,12.159104032425965,12.159104032425965,3.2566269803160592,3.2566269803160592,3.2566269803160592,3.182817684216486,3.182817684216486,3.182817684216486,0.07380929609957307,0.07380929609957307,0.07380929609957307,0.0,0.0,0.0,51.75677028089415,home_kitchen,Home & Kitchen,air fryer,SRC-TRENDS-001,prophet
2025-11-16,12.217125271509536,50.021751292912775,62.14861665078539,12.217125271509536,12.217125271509536,3.6008251348103126,3.6008251348103126,3.6008251348103126,3.182817684216486,3.182817684216486,3.182817684216486,0.4180074505938264,0.4180074505938264,0.4180074505938264,0.0,0.0,0.0,56.20885702428734,home_kitchen,Home & Kitchen,air fryer,SRC-TRENDS-001,prophet
2025-11-23,12.275146510593109,49.92326112180331,62.64628683912369,12.275146510593109,12.275146510593109,3.6113899843646404,3.6113899843646404,3.6113899843646404,3.182817684216486,3.182817684216486,3.182817684216486,0.4285723001481544,0.4285723001481544,0.4285723001481544,0.0,0.0,0.0,56.605487675557626,home_kitchen,Home & Kitchen,air fryer,SRC-TRENDS-001,prophet
2025-11-30,12.333167749676683,47.46426427277757,59.59686271172784,12.333167749676683,12.333167749676683,3.3183001298541823,3.3183001298541823,3.3183001298541823,3.1828176842164857,3.1828176842164857,3.1828176842164857,0.13548244563769643,0.13548244563769643,0.13548244563769643,0.0,0.0,0.0,53.25831989494223,home_kitchen,Home & Kitchen,air fryer,SRC-TRENDS-001,prophet
2025-12-07,12.391188988760256,44.51110655852243,57.21390424669368,12.391188988760256,12.391188988760256,3.08725808545453,3.08725808545453,3.08725808545453,3.1828176842164853,3.1828176842164853,3.1828176842164853,-0.09555959876195566,-0.09555959876195566,-0.09555959876195566,0.0,0.0,0.0,50.64598738270549,home_kitchen,Home & Kitchen,air fryer,SRC-TRENDS-001,prophet
2025-12-14,12.449210227843828,47.31124703005228,59.56373606884628,12.449210227843828,12.449210227843828,3.27924766561428,3.27924766561428,3.27924766561428,3.182817684216486,3.182817684216486,3.182817684216486,0.0964299813977943,0.0964299813977943,0.0964299813977943,0.0,0.0,0.0,53.27325380624212,home_kitchen,Home & Kitchen,air fryer,SRC-TRENDS-001,prophet
2025-12-21,12.507231466927399,54.063628517666565,67.56376784438645,12.507231466927399,12.507231466927399,3.8743231924633434,3.8743231924633434,3.8743231924633434,3.182817684216486,3.182817684216486,3.182817684216486,0.6915055082468579,0.6915055082468579,0.6915055082468579,0.0,0.0,0.0,60.96428841275154,home_kitchen,Home & Kitchen,air fryer,SRC-TRENDS-001,prophet
2025-12-28,12.565252706010972,62.32294728416746,74.86124199711897,12.565252706010972,12.565252706010972,4.461668066438985,4.461668066438985,4.461668066438985,3.182817684216486,3.182817684216486,3.182817684216486,1.2788503822224992,1.2788503822224992,1.2788503822224992,0.0,0.0,0.0,68.62723945115617,home_kitchen,Home & Kitchen,air fryer,SRC-TRENDS-001,prophet
2026-01-04,12.623273945094542,64.89901098897111,77.39644105370303,12.623273945094542,12.623273945094542,4.62220771227333,4.62220771227333,4.62220771227333,3.182817684216486,3.182817684216486,3.182817684216486,1.4393900280568435,1.4393900280568435,1.4393900280568435,0.0,0.0,0.0,70.97066812824951,home_kitchen,Home & Kitchen,air fryer,SRC-TRENDS-001,prophet
2026-01-11,12.681295184178115,61.21927757319601,73.52395710252259,12.681295184178115,12.681295184178115,4.313445460497806,4.313445460497806,4.313445460497806,3.182817684216486,3.182817684216486,3.182817684216486,1.1306277762813197,1.1306277762813197,1.1306277762813197,0.0,0.0,0.0,67.3813703296039,home_kitchen,Home & Kitchen,air fryer,SRC-TRENDS-001,prophet
2026-01-18,12.739316423261688,55.573726235490525,67.98287821621071,12.739316423261688,12.739316423261688,3.8690948419613393,3.8690948419613393,3.8690948419613393,3.182817684216486,3.182817684216486,3.182817684216486,0.6862771577448536,0.6862771577448536,0.6862771577448536,0.0,0.0,0.0,62.02893988661686,home_kitchen,Home & Kitchen,air fryer,SRC-TRENDS-001,prophet
2026-01-25,12.79733766234526,52.82198076572425,65.37358723056975,12.79733766234526,12.79733766234526,3.6412512249159903,3.6412512249159903,3.6412512249159903,3.182817684216486,3.182817684216486,3.182817684216486,0.45843354069950415,0.45843354069950415,0.45843354069950415,0.0,0.0,0.0,59.395659101023476,home_kitchen,Home & Kitchen,air fryer,SRC-TRENDS-001,prophet
2026-02-01,12.855358901428831,54.12446481888551,66.72962934040656,12.855358901428831,12.855358901428831,3.67694773466971,3.67694773466971,3.67694773466971,3.182817684216486,3.182817684216486,3.182817684216486,0.49413005045322456,0.49413005045322456,0.49413005045322456,0.0,0.0,0.0,60.123841692403666,home_kitchen,Home & Kitchen,air fryer,SRC-TRENDS-001,prophet
2026-02-08,12.913380140512404,54.554014966623846,67.24156122442629,12.913380140512404,12.913380140512404,3.7456270420213036,3.7456270420213036,3.7456270420213036,3.182817684216486,3.182817684216486,3.182817684216486,0.562809357804818,0.562809357804818,0.562809357804818,0.0,0.0,0.0,61.282085998716525,home_kitchen,Home & Kitchen,air fryer,SRC-TRENDS-001,prophet
2026-02-15,12.971401379595976,54.21552937904554,65.8242829254041,12.971401379595976,12.971401379595976,3.634915902514634,3.634915902514634,3.634915902514634,3.182817684216486,3.182817684216486,3.182817684216486,0.452098218298148,0.452098218298148,0.452098218298148,0.0,0.0,0.0,60.121354532189656,home_kitchen,Home & Kitchen,air fryer,SRC-TRENDS-001,prophet
2026-02-22,13.029422618679549,50.42522189703451,63.09406442853105,13.029422618679549,13.029422618679549,3.3683895954273178,3.3683895954273178,3.3683895954273178,3.182817684216486,3.182817684216486,3.182817684216486,0.18557191121083152,0.18557191121083152,0.18557191121083152,0.0,0.0,0.0,56.9175942018651,home_kitchen,Home & Kitchen,air fryer,SRC-TRENDS-001,prophet
2026-03-01,13.08744385776312,47.87014920745816,60.03486804241509,13.08744385776312,13.08744385776312,3.1372479166865253,3.1372479166865253,3.1372479166865253,3.182817684216486,3.182817684216486,3.182817684216486,-0.04556976752996056,-0.04556976752996056,-0.04556976752996056,0.0,0.0,0.0,54.145999835282325,home_kitchen,Home & Kitchen,air fryer,SRC-TRENDS-001,prophet
2026-03-08,13.145465096846692,47.39294786191855,59.15295396478623,13.145465096846692,13.145465096846692,3.074653928370145,3.074653928370145,3.074653928370145,3.182817684216486,3.182817684216486,3.182817684216486,-0.10816375584634086,-0.10816375584634086,-0.10816375584634086,0.0,0.0,0.0,53.563220997119004,home_kitchen,Home & Kitchen,air fryer,SRC-TRENDS-001,prophet
2026-03-15,13.203486335930265,48.43098037120545,60.90086749417821,13.203486335930265,13.203486335930265,3.1418118565838977,3.1418118565838977,3.1418118565838977,3.182817684216486,3.182817684216486,3.182817684216486,-0.041005827632588504,-0.041005827632588504,-0.041005827632588504,0.0,0.0,0.0,54.686356254399456,home_kitchen,Home & Kitchen,air fryer,SRC-TRENDS-001,prophet
2026-03-22,13.261507575013837,49.83975679855725,61.89940388478998,13.261507575013837,13.261507575013837,3.217567954116931,3.217567954116931,3.217567954116931,3.182817684216486,3.182817684216486,3.182817684216486,0.034750269900444775,0.034750269900444775,0.034750269900444775,0.0,0.0,0.0,55.93130937165729,home_kitchen,Home & Kitchen,air fryer,SRC-TRENDS-001,prophet
2026-03-29,13.319528814097408,50.69435637471843,62.81662789647668,13.319528814097408,13.319528814097408,3.241279525737217,3.241279525737217,3.241279525737217,3.182817684216486,3.182817684216486,3.182817684216486,0.05846184152073057,0.05846184152073057,0.05846184152073057,0.0,0.0,0.0,56.491844851698254,home_kitchen,Home & Kitchen,air fryer,SRC-TRENDS-001,prophet
2026-04-05,13.37755005318098,50.67322408170133,62.49053473145196,13.37755005318098,13.37755005318098,3.2370259084542825,3.2370259084542825,3.2370259084542825,3.182817684216486,3.182817684216486,3.182817684216486,0.05420822423779639,0.05420822423779639,0.05420822423779639,0.0,0.0,0.0,56.68102616697178,home_kitchen,Home & Kitchen,air fryer,SRC-TRENDS-001,prophet
2026-04-12,13.435571292264553,50.754264296109675,63.09755282853514,13.435571292264553,13.435571292264553,3.2287816347549185,3.2287816347549185,3.2287816347549185,3.182817684216486,3.182817684216486,3.182817684216486,0.045963950538432885,0.045963950538432885,0.045963950538432885,0.0,0.0,0.0,56.81609713316875,home_kitchen,Home & Kitchen,air fryer,SRC-TRENDS-001,prophet
2026-04-19,13.493592531348126,50.281106769622404,62.8430440885584,13.493592531348126,13.493592531348126,3.18722945264874,3.18722945264874,3.18722945264874,3.182817684216486,3.182817684216486,3.182817684216486,0.00441176843225408,0.00441176843225408,0.00441176843225408,0.0,0.0,0.0,56.50076806930194,home_kitchen,Home & Kitchen,air fryer,SRC-TRENDS-001,prophet
2026-04-26,13.551613770431697,49.55857097806085,61.56983404189308,13.551613770431697,13.551613770431697,3.078255846344522,3.078255846344522,3.078255846344522,3.182817684216486,3.182817684216486,3.182817684216486,-0.10456183787196399,-0.10456183787196399,-0.10456183787196399,0.0,0.0,0.0,55.266948086666,home_kitchen,Home & Kitchen,air fryer,SRC-TRENDS-001,prophet
2026-05-03,13.60963500951527,47.2722044871271,59.5383730435911,13.60963500951527,13.60963500951527,2.9322263022808666,2.9322263022808666,2.9322263022808666,3.1828176842164857,3.1828176842164857,3.1828176842164857,-0.25059138193561914,-0.25059138193561914,-0.25059138193561914,0.0,0.0,0.0,53.51616474885845,home_kitchen,Home & Kitchen,air fryer,SRC-TRENDS-001,prophet
2026-05-10,13.667656248598842,46.832913496768136,58.52152153335479,13.667656248598842,13.667656248598842,2.8285636865421924,2.8285636865421924,2.8285636865421924,3.182817684216486,3.182817684216486,3.182817684216486,-0.35425399767429366,-0.35425399767429366,-0.35425399767429366,0.0,0.0,0.0,52.32749239352702,home_kitchen,Home & Kitchen,air fryer,SRC-TRENDS-001,prophet
2026-05-17,13.72567748768242,46.18325638736894,58.575125798039885,13.72567748768242,13.72567748768242,2.8115947804782735,2.8115947804782735,2.8115947804782735,3.182817684216486,3.182817684216486,3.182817684216486,-0.3712229037382127,-0.3712229037382127,-0.3712229037382127,0.0,0.0,0.0,52.316720670578455,home_kitchen,Home & Kitchen,air fryer,SRC-TRENDS-001,prophet
2026-05-24,13.78369872676599,47.239574396599814,59.47530795607202,13.78369872676599,13.78369872676599,2.847668942331379,2.847668942331379,2.847668942331379,3.182817684216486,3.182817684216486,3.182817684216486,-0.33514874188510696,-0.33514874188510696,-0.33514874188510696,0.0,0.0,0.0,53.03510950143007,home_kitchen,Home & Kitchen,air fryer,SRC-TRENDS-001,prophet
2026-05-31,13.841719965849563,47.57850553903846,59.789304784019905,13.841719965849563,13.841719965849563,2.876447372094169,2.876447372094169,2.876447372094169,3.182817684216486,3.182817684216486,3.182817684216486,-0.30637031212231686,-0.30637031212231686,-0.30637031212231686,0.0,0.0,0.0,53.65669898688093,home_kitchen,Home & Kitchen,air fryer,SRC-TRENDS-001,prophet
2026-06-07,13.899741204933136,47.837846501795006,60.267886427055785,13.899741204933136,13.899741204933136,2.885163376505873,2.885163376505873,2.885163376505873,3.182817684216486,3.182817684216486,3.182817684216486,-0.29765430771061263,-0.29765430771061263,-0.29765430771061263,0.0,0.0,0.0,54.002765472315836,home_kitchen,Home & Kitchen,air fryer,SRC-TRENDS-001,prophet
2026-06-14,13.957762444016709,48.40986823327605,61.00905833314079,13.957762444016709,13.957762444016709,2.910794890857911,2.910794890857911,2.910794890857911,3.182817684216486,3.182817684216486,3.182817684216486,-0.27202279335857477,-0.27202279335857477,-0.27202279335857477,0.0,0.0,0.0,54.58594605386897,home_kitchen,Home & Kitchen,air fryer,SRC-TRENDS-001,prophet
2026-06-21,14.015783683100281,49.883088233525164,62.07233073967471,14.015783683100281,14.015783683100281,2.9763743320254514,2.9763743320254514,2.9763743320254514,3.182817684216486,3.182817684216486,3.182817684216486,-0.2064433521910348,-0.2064433521910348,-0.2064433521910348,0.0,0.0,0.0,55.732002480701105,home_kitchen,Home & Kitchen,air fryer,SRC-TRENDS-001,prophet
2026-06-28,14.073804922183852,51.23231994682471,63.440042385601785,14.073804922183852,14.073804922183852,3.0525763183795127,3.0525763183795127,3.0525763183795127,3.182817684216486,3.182817684216486,3.182817684216486,-0.13024136583697335,-0.13024136583697335,-0.13024136583697335,0.0,0.0,0.0,57.035168537135306,home_kitchen,Home & Kitchen,air fryer,SRC-TRENDS-001,prophet
2026-07-05,14.131826161267425,52.0734982520187,64.17710535613504,14.131826161267425,14.131826161267425,3.0935751254932784,3.0935751254932784,3.0935751254932784,3.182817684216486,3.182817684216486,3.182817684216486,-0.08924255872320797,-0.08924255872320797,-0.08924255872320797,0.0,0.0,0.0,57.849692051559494,home_kitchen,Home & Kitchen,air fryer,SRC-TRENDS-001,prophet
2026-07-12,14.189847400350997,51.60845269716205,64.11476361550783,14.189847400350997,14.189847400350997,3.0924151942078373,3.0924151942078373,3.0924151942078373,3.182817684216486,3.182817684216486,3.182817684216486,-0.0904024900086486,-0.0904024900086486,-0.0904024900086486,0.0,0.0,0.0,58.070747104687,home_kitchen,Home & Kitchen,air fryer,SRC-TRENDS-001,prophet
2026-07-19,14.247868639434568,52.36789519824883,64.5273186397186,14.247868639434568,14.247868639434568,3.0797176587162145,3.0797176587162145,3.0797176587162145,3.182817684216486,3.182817684216486,3.182817684216486,-0.10310002550027134,-0.10310002550027134,-0.10310002550027134,0.0,0.0,0.0,58.127281287370174,home_kitchen,Home & Kitchen,air fryer,SRC-TRENDS-001,prophet
2026-07-26,14.30588987851814,52.6771465378193,64.64471928921616,14.30588987851814,14.30588987851814,3.0740488991175887,3.0740488991175887,3.0740488991175887,3.182817684216486,3.182817684216486,3.182817684216486,-0.1087687850988972,-0.1087687850988972,-0.1087687850988972,0.0,0.0,0.0,58.28289491047428,home_kitchen,Home & Kitchen,air fryer,SRC-TRENDS-001,prophet
2026-08-02,14.363911117601713,52.78434809668258,64.62676407412727,14.363911117601713,14.363911117601713,3.059125602918126,3.059125602918126,3.059125602918126,3.182817684216486,3.182817684216486,3.182817684216486,-0.12369208129835972,-0.12369208129835972,-0.12369208129835972,0.0,0.0,0.0,58.30491937549743,home_kitchen,Home & Kitchen,air fryer,SRC-TRENDS-001,prophet
2026-08-09,14.421932356685286,51.67769461826996,63.70653655748829,14.421932356685286,14.421932356685286,3.0182855260092563,3.0182855260092563,3.0182855260092563,3.182817684216486,3.182817684216486,3.182817684216486,-0.1645321582072298,-0.1645321582072298,-0.1645321582072298,0.0,0.0,0.0,57.951442045953044,home_kitchen,Home & Kitchen,air fryer,SRC-TRENDS-001,prophet
2026-08-16,14.479953595768858,51.43304012640973,63.32890603960421,14.479953595768858,14.479953595768858,2.968156574051317,2.968156574051317,2.968156574051317,3.182817684216486,3.182817684216486,3.182817684216486,-0.21466111016516848,-0.21466111016516848,-0.21466111016516848,0.0,0.0,0.0,57.45872305300821,home_kitchen,Home & Kitchen,air fryer,SRC-TRENDS-001,prophet
2026-08-23,14.53797483485243,51.00542466531164,63.420770952168844,14.53797483485243,14.539246468823615,2.9334223959967463,2.9334223959967463,2.9334223959967463,3.182817684216486,3.182817684216486,3.182817684216486,-0.2493952882197396,-0.2493952882197396,-0.2493952882197396,0.0,0.0,0.0,57.18399580784564,home_kitchen,Home & Kitchen,air fryer,SRC-TRENDS-001,prophet
2026-08-30,14.595996073936002,50.750007953906305,62.91807475099147,14.594937989341616,14.602527544136892,2.8976944361251746,2.8976944361251746,2.8976944361251746,3.182817684216486,3.182817684216486,3.182817684216486,-0.2851232480913115,-0.2851232480913115,-0.2851232480913115,0.0,0.0,0.0,56.89073268708525,home_kitchen,Home & Kitchen,air fryer,SRC-TRENDS-001,prophet
2026-09-06,14.654017313019574,49.722965855340085,61.97040135891919,14.646850998222503,14.668161616072913,2.8145803730559438,2.8145803730559438,2.8145803730559438,3.182817684216486,3.182817684216486,3.182817684216486,-0.36823731116054187,-0.36823731116054187,-0.36823731116054187,0.0,0.0,0.0,55.89892682866647,home_kitchen,Home & Kitchen,air fryer,SRC-TRENDS-001,prophet
2026-09-13,14.712038552103145,47.502573895343495,59.71804272649567,14.696580221896474,14.73463721070951,2.682827252360446,2.682827252360446,2.682827252360446,3.182817684216486,3.182817684216486,3.182817684216486,-0.4999904318560399,-0.4999904318560399,-0.4999904318560399,0.0,0.0,0.0,54.18189651746298,home_kitchen,Home & Kitchen,air fryer,SRC-TRENDS-001,prophet
2026-09-20,14.770059791186718,47.472608494878266,59.46710343741486,14.742088795552093,14.810544950784607,2.5821718543126493,2.5821718543126493,2.5821718543126493,3.182817684216486,3.182817684216486,3.182817684216486,-0.6006458299038366,-0.6006458299038366,-0.6006458299038366,0.0,0.0,0.0,52.90889247050403,home_kitchen,Home & Kitchen,air fryer,SRC-TRENDS-001,prophet
2026-09-27,14.82808103027029,47.46673678935704,59.49059995141655,14.789615724561598,14.882077800724522,2.595365101886805,2.595365101886805,2.595365101886805,3.1828176842164857,3.1828176842164857,3.1828176842164857,-0.5874525823296807,-0.5874525823296807,-0.5874525823296807,0.0,0.0,0.0,53.31236506418354,home_kitchen,Home & Kitchen,air fryer,SRC-TRENDS-001,prophet
2026-10-04,14.886102269353863,49.03020767107593,60.99555940436704,14.832730467423056,14.956313888425607,2.695687149043275,2.695687149043275,2.695687149043275,3.1828176842164857,3.1828176842164857,3.1828176842164857,-0.4871305351732109,-0.4871305351732109,-0.4871305351732109,0.0,0.0,0.0,55.01437685619501,home_kitchen,Home & Kitchen,air fryer,SRC-TRENDS-001,prophet
2026-10-11,14.944123508437436,50.037570317995446,61.88297403348372,14.878626222373976,15.033802177930689,2.7566791968636903,2.7566791968636903,2.7566791968636903,3.182817684216486,3.182817684216486,3.182817684216486,-0.4261384873527956,-0.4261384873527956,-0.4261384873527956,0.0,0.0,0.0,56.14027789950854,home_kitchen,Home & Kitchen,air fryer,SRC-TRENDS-001,prophet
2026-10-18,15.002144747521006,49.47230071910156,61.80143967240349,14.919396429338361,15.11148249516004,2.7079780221296925,2.7079780221296925,2.7079780221296925,3.182817684216486,3.182817684216486,3.182817684216486,-0.4748396620867936,-0.4748396620867936,-0.4748396620867936,0.0,0.0,0.0,55.6276230086163,home_kitchen,Home & Kitchen,air fryer,SRC-TRENDS-001,prophet
2026-10-25,15.060165986604579,48.74325419096396,61.264591110655466,14.961517150477263,15.188295141272887,2.6581815255007903,2.6581815255007903,2.6581815255007903,3.182817684216486,3.182817684216486,3.182817684216486,-0.5246361587156959,-0.5246361587156959,-0.5246361587156959,0.0,0.0,0.0,55.09282098317225,home_kitchen,Home & Kitchen,air fryer,SRC-TRENDS-001,prophet
2026-11-01,15.118187225688152,51.597667016230076,63.578794346204795,15.003412071134852,15.264270523204674,2.802479105419672,2.802479105419672,2.802479105419672,3.182817684216486,3.182817684216486,3.182817684216486,-0.38033857879681365,-0.38033857879681365,-0.38033857879681365,0.0,0.0,0.0,57.486591037501796,home_kitchen,Home & Kitchen,air fryer,SRC-TRENDS-001,prophet
2026-11-08,15.176208464771722,56.73431104404212,69.47953649518726,15.043890283263014,15.338225993832816,3.17935229754839,3.17935229754839,3.17935229754839,3.182817684216486,3.182817684216486,3.182817684216486,-0.0034653866680957462,-0.0034653866680957462,-0.0034653866680957462,0.0,0.0,0.0,63.42672171531702,home_kitchen,Home & Kitchen,air fryer,SRC-TRENDS-001,prophet
2021-08-15,6.0193265,10.080497937591138,22.68223179634503,6.0193265,6.0193265,1.6650989676714514,1.6650989676714514,1.6650989676714514,1.745038002189263,1.745038002189263,1.745038002189263,-0.07993903451781145,-0.07993903451781145,-0.07993903451781145,0.0,0.0,0.0,16.04210084122741,clothing,Clothing & Accessories,running shoes,SRC-TRENDS-001,prophet
2021-08-22,5.987695008461539,11.888396995011375,24.741977595194257,5.987695008461539,5.987695008461539,1.9985660748005962,1.9985660748005962,1.9985660748005962,1.745038002189263,1.745038002189263,1.745038002189263,0.25352807261133326,0.25352807261133326,0.25352807261133326,0.0,0.0,0.0,17.954499118625638,clothing,Clothing & Accessories,running shoes,SRC-TRENDS-001,prophet
2021-08-29,5.956063516923077,11.935712205411647,24.715193832894077,5.956063516923077,5.956063516923077,2.0882716647112716,2.0882716647112716,2.0882716647112716,1.745038002189263,1.745038002189263,1.745038002189263,0.3432336625220087,0.3432336625220087,0.3432336625220087,0.0,0.0,0.0,18.3939421925341,clothing,Clothing & Accessories,running shoes,SRC-TRENDS-001,prophet
2021-09-05,5.924432025384616,10.550900383557087,23.81429910417124,5.924432025384616,5.924432025384616,1.853016300191431,1.853016300191431,1.853016300191431,1.745038002189263,1.745038002189263,1.745038002189263,0.10797829800216804,0.10797829800216804,0.10797829800216804,0.0,0.0,0.0,16.902501137798442,clothing,Clothing & Accessories,running shoes,SRC-TRENDS-001,prophet
2021-09-12,5.892800533846154,8.559797782854597,21.588616977287767,5.892800533846154,5.892800533846154,1.4979354486980183,1.4979354486980183,1.4979354486980183,1.745038002189263,1.745038002189263,1.745038002189263,-0.2471025534912448,-0.2471025534912448,-0.2471025534912448,0.0,0.0,0.0,14.719835345600915,clothing,Clothing & Accessories,running shoes,SRC-TRENDS-001,prophet
2021-09-19,5.861169042307693,7.132987284002643,19.582304797383216,5.861169042307693,5.861169042307693,1.321258027671047,1.321258027671047,1.321258027671047,1.745038002189263,1.745038002189263,1.745038002189263,-0.423779974518216,-0.423779974518216,-0.423779974518216,0.0,0.0,0.0,13.605285690993755,clothing,Clothing & Accessories,running shoes,SRC-TRENDS-001,prophet
2021-09-26,5.82953755076923,7.428689034366061,20.297021604338024,5.82953755076923,5.82953755076923,1.392364028474566,1.392364028474566,1.392364028474566,1.745038002189263,1.745038002189263,1.745038002189263,-0.35267397371469683,-0.35267397371469683,-0.35267397371469683,0.0,0.0,0.0,13.946375939102031,clothing,Clothing & Accessories,running shoes,SRC-TRENDS-001,prophet
2021-10-03,5.79790605923077,8.349048273343964,21.109010708109114,5.79790605923077,5.79790605923077,1.4902620707383447,1.4902620707383447,1.4902620707383447,1.745038002189263,1.745038002189263,1.745038002189263,-0.2547759314509183,-0.2547759314509183,-0.2547759314509183,0.0,0.0,0.0,14.438305549006412,clothing,Clothing & Accessories,running shoes,SRC-TRENDS-001,prophet
2021-10-10,5.766274567692308,7.284776492454052,20.438669482499602,5.766274567692308,5.766274567692308,1.3835387922554645,1.3835387922554645,1.3835387922554645,1.745038002189263,1.745038002189263,1.745038002189263,-0.36149920993379836,-0.36149920993379836,-0.36149920993379836,0.0,0.0,0.0,13.744139118890725,clothing,Clothing & Accessories,running shoes,SRC-TRENDS-001,prophet
2021-10-17,5.734643077965909,6.006348456070405,18.778990983093482,5.734643077965909,5.734643077965909,1.1162805962093982,1.1162805962093982,1.1162805962093982,1.745038002189263,1.745038002189263,1.745038002189263,-0.6287574059798648,-0.6287574059798648,-0.6287574059798648,0.0,0.0,0.0,12.136113872085792,clothing,Clothing & Accessories,running shoes,SRC-TRENDS-001,prophet
2021-10-24,5.703011588239511,4.350814649792868,17.556242418624006,5.703011588239511,5.703011588239511,0.9595751749977053,0.9595751749977053,0.9595751749977053,1.745038002189263,1.745038002189263,1.745038002189263,-0.7854628271915577,-0.7854628271915577,-0.7854628271915577,0.0,0.0,0.0,11.175479931038382,clothing,Clothing & Accessories,running shoes,SRC-TRENDS-001,prophet
2021-10-31,5.671380098513112,5.130528426623877,18.531641391782554,5.671380098513112,5.671380098513112,1.0964394687549701,1.0964394687549701,1.0964394687549701,1.745038002189263,1.745038002189263,1.745038002189263,-0.648598533434293,-0.648598533434293,-0.648598533434293,0.0,0.0,0.0,11.88970508083434,clothing,Clothing & Accessories,running shoes,SRC-TRENDS-001,prophet
2021-11-07,5.639748608786714,7.1270497196542735,19.852586865845282,5.639748608786714,5.639748608786714,1.4193485363361047,1.4193485363361047,1.4193485363361047,1.745038002189263,1.745038002189263,1.745038002189263,-0.32568946585315844,-0.32568946585315844,-0.32568946585315844,0.0,0.0,0.0,13.64451754197172,clothing,Clothing & Accessories,running shoes,SRC-TRENDS-001,prophet
2021-11-14,5.608117119060315,7.810595891293306,20.99125669431012,5.608117119060315,5.608117119060315,1.6617753988420918,1.6617753988420918,1.6617753988420918,1.745038002189263,1.745038002189263,1.745038002189263,-0.08326260334717106,-0.08326260334717106,-0.08326260334717106,0.0,0.0,0.0,14.927548181339933,clothing,Clothing & Accessories,running shoes,SRC-TRENDS-001,prophet
2021-11-21,5.576485629333917,8.810929893539646,21.162674042183024,5.576485629333917,5.576485629333917,1.678957294737228,1.678957294737228,1.678957294737228,1.745038002189263,1.745038002189263,1.745038002189263,-0.06608070745203518,-0.06608070745203518,-0.06608070745203518,0.0,0.0,0.0,14.93916685570142,clothing,Clothing & Accessories,running shoes,SRC-TRENDS-001,prophet
2021-11-28,5.544854139607519,7.540764467758428,21.01800594519264,5.544854139607519,5.544854139607519,1.5470328664700745,1.5470328664700745,1.5470328664700745,1.745038002189263,1.745038002189263,1.745038002189263,-0.19800513571918826,-0.19800513571918826,-0.19800513571918826,0.0,0.0,0.0,14.122925733363,clothing,Clothing & Accessories,running shoes,SRC-TRENDS-001,prophet
2021-12-05,5.51322264988112,6.7531225142599824,20.120176255713016,5.51322264988112,5.51322264988112,1.4119901806895245,1.4119901806895245,1.4119901806895245,1.745038002189263,1.745038002189263,1.745038002189263,-0.33304782149973866,-0.33304782149973866,-0.33304782149973866,0.0,0.0,0.0,13.297838895468344,clothing,Clothing & Accessories,running shoes,SRC-TRENDS-001,prophet
2021-12-12,5.481591160154721,6.101101278005108,19.517104844788747,5.481591160154721,5.481591160154721,1.3221726647053391,1.3221726647053391,1.3221726647053391,1.745038002189263,1.745038002189263,1.745038002189263,-0.42286533748392396,-0.42286533748392396,-0.42286533748392396,0.0,0.0,0.0,12.72920115120172,clothing,Clothing & Accessories,running shoes,SRC-TRENDS-001,prophet
2021-12-19,5.449959668662947,5.63306699999236,18.532294996912366,5.449959668662947,5.449959668662947,1.2423162763079882,1.2423162763079882,1.2423162763079882,1.745038002189263,1.745038002189263,1.745038002189263,-0.5027217258812747,-0.5027217258812747,-0.5027217258812747,0.0,0.0,0.0,12.220533270265017,clothing,Clothing & Accessories,running shoes,SRC-TRENDS-001,prophet
2021-12-26,5.418328177171173,5.495262724856948,18.743802536792135,5.418328177171173,5.418328177171173,1.1682159404608945,1.1682159404608945,1.1682159404608945,1.745038002189263,1.745038002189263,1.745038002189263,-0.5768220617283686,-0.5768220617283686,-0.5768220617283686,0.0,0.0,0.0,11.748105524390958,clothing,Clothing & Accessories,running shoes,SRC-TRENDS-001,prophet
2022-01-02,5.386696685679398,4.642985578680498,18.077862110676104,5.386696685679398,5.386696685679398,1.141738307144843,1.141738307144843,1.141738307144843,1.745038002189263,1.745038002189263,1.745038002189263,-0.6032996950444198,-0.6032996950444198,-0.6032996950444198,0.0,0.0,0.0,11.53689464068973,clothing,Clothing & Accessories,running shoes,SRC-TRENDS-001,prophet
2022-01-09,5.355065194187623,5.06391577322962,17.4235359031661,5.355065194187623,5.355065194187623,1.153676120468087,1.153676120468087,1.153676120468087,1.745038002189263,1.745038002189263,1.745038002189263,-0.5913618817211762,-0.5913618817211762,-0.5913618817211762,0.0,0.0,0.0,11.533076032271683,clothing,Clothing & Accessories,running shoes,SRC-TRENDS-001,prophet
2022-01-16,5.323433702695849,4.81706483198933,17.54301211536974,5.323433702695849,5.323433702695849,1.1196253208386753,1.1196253208386753,1.1196253208386753,1.745038002189263,1.745038002189263,1.745038002189263,-0.6254126813505876,-0.6254126813505876,-0.6254126813505876,0.0,0.0,0.0,11.283684870040105,clothing,Clothing & Accessories,running shoes,SRC-TRENDS-001,prophet
2022-01-23,5.291802211204074,3.9403592536133876,17.1784364131129,5.291802211204074,5.291802211204074,1.0127264415372657,1.0127264415372657,1.0127264415372657,1.745038002189263,1.745038002189263,1.745038002189263,-0.7323115606519974,-0.7323115606519974,-0.7323115606519974,0.0,0.0,0.0,10.650950233875811,clothing,Clothing & Accessories,running shoes,SRC-TRENDS-001,prophet
2022-01-30,5.2601707197123,3.6256263161332014,16.71738256923946,5.2601707197123,5.2601707197123,0.9695352813173891,0.9695352813173891,0.9695352813173891,1.745038002189263,1.745038002189263,1.745038002189263,-0.7755027208718739,-0.7755027208718739,-0.7755027208718739,0.0,0.0,0.0,10.360091818226056,clothing,Clothing & Accessories,running shoes,SRC-TRENDS-001,prophet
2022-02-06,5.228539228220526,4.862675236426934,17.825443019065197,5.228539228220526,5.228539228220526,1.1592819400388084,1.1592819400388084,1.1592819400388084,1.745038002189263,1.745038002189263,1.745038002189263,-0.5857560621504546,-0.5857560621504546,-0.5857560621504546,0.0,0.0,0.0,11.289890328281032,clothing,Clothing & Accessories,running shoes,SRC-TRENDS-001,prophet
2022-02-13,5.196907775092741,6.861694712851646,19.470773098992716,5.196907775092741,5.196907775092741,1.5222412247721073,1.5222412247721073,1.5222412247721073,1.745038002189263,1.745038002189263,1.745038002189263,-0.22279677741715573,-0.22279677741715573,-0.22279677741715573,0.0,0.0,0.0,13.107855031677602,clothing,Clothing & Accessories,running shoes,SRC-TRENDS-001,prophet
2022-02-20,5.165276321964956,7.668341342295044,21.194161853500823,5.165276321964956,5.165276321964956,1.7349268455800972,1.7349268455800972,1.7349268455800972,1.745038002189263,1.745038002189263,1.745038002189263,-0.010111156609165589,-0.010111156609165589,-0.010111156609165589,0.0,0.0,0.0,14.126652877781183,clothing,Clothing & Accessories,running shoes,SRC-TRENDS-001,prophet
2022-02-27,5.133644868837171,6.419473252668035,19.72272838729447,5.133644868837171,5.133644868837171,1.5495950485879595,1.5495950485879595,1.5495950485879595,1.745038002189263,1.745038002189263,1.745038002189263,-0.19544295360130365,-0.19544295360130365,-0.19544295360130365,0.0,0.0,0.0,13.088715538796237,clothing,Clothing & Accessories,running shoes,SRC-TRENDS-001,prophet
2022-03-06,5.102013415709386,4.5221180114381045,17.594512124899317,5.102013415709386,5.102013415709386,1.1688580717826098,1.1688580717826098,1.1688580717826098,1.745038002189263,1.745038002189263,1.745038002189263,-0.5761799304066532,-0.5761799304066532,-0.5761799304066532,0.0,0.0,0.0,11.065542979004466,clothing,Clothing & Accessories,running shoes,SRC-TRENDS-001,prophet
2022-03-13,5.070381962581602,4.465878332428814,16.836390839969265,5.070381962581602,5.070381962581602,1.167562824951502,1.167562824951502,1.167562824951502,1.745038002189263,1.745038002189263,1.745038002189263,-0.5774751772377611,-0.5774751772377611,-0.5774751772377611,0.0,0.0,0.0,10.990371450396518,clothing,Clothing & Accessories,running shoes,SRC-TRENDS-001,prophet
2022-03-20,5.038750509453818,8.773295444292367,21.21543447037813,5.038750509453818,5.038750509453818,1.9366440838915762,1.9366440838915762,1.9366440838915762,1.745038002189263,1.745038002189263,1.745038002189263,0.1916060817023132,0.1916060817023132,0.1916060817023132,0.0,0.0,0.0,14.79701687379322,clothing,Clothing & Accessories,running shoes,SRC-TRENDS-001,prophet
2022-03-27,5.007119056326033,14.545607803001577,27.130728707205552,5.007119056326033,5.007119056326033,3.2098939612316646,3.2098939612316646,3.2098939612316646,1.745038002189263,1.745038002189263,1.745038002189263,1.4648559590424015,1.4648559590424015,1.4648559590424015,0.0,0.0,0.0,21.079440278394955,clothing,Clothing & Accessories,running shoes,SRC-TRENDS-001,prophet
2022-04-03,4.975487603198249,19.460879747085855,32.72179077421024,4.975487603198249,4.975487603198249,4.225792767324277,4.225792767324277,4.225792767324277,1.745038002189263,1.745038002189263,1.745038002189263,2.4807547651350137,2.4807547651350137,2.4807547651350137,0.0,0.0,0.0,26.00086713070501,clothing,Clothing & Accessories,running shoes,SRC-TRENDS-001,prophet
2022-04-10,4.975521600070464,20.742013848852835,33.556148641773426,4.975521600070464,4.975521600070464,4.410692581664362,4.410692581664362,4.410692581664362,1.745038002189263,1.745038002189263,1.745038002189263,2.6656545794750994,2.6656545794750994,2.6656545794750994,0.0,0.0,0.0,26.921017811412057,clothing,Clothing & Accessories,running shoes,SRC-TRENDS-001,prophet
2022-04-17,4.97555559694268,17.774844135193685,30.69324205889568,4.97555559694268,4.97555559694268,3.8821397253471472,3.8821397253471472,3.8821397253471472,1.745038002189263,1.745038002189263,1.745038002189263,2.137101723157884,2.137101723157884,2.137101723157884,0.0,0.0,0.0,24.291357635507197,clothing,Clothing & Accessories,running shoes,SRC-TRENDS-001,prophet
2022-04-24,4.975589593814895,15.029626855748749,27.42063880991205,4.975589593814895,4.975589593814895,3.2533501254357127,3.2533501254357127,3.2533501254357127,1.745038002189263,1.745038002189263,1.745038002189263,1.5083121232464494,1.5083121232464494,1.5083121232464494,0.0,0.0,0.0,21.16292462296921,clothing,Clothing & Accessories,running shoes,SRC-TRENDS-001,prophet
2022-05-01,4.9756235906871105,13.178598338262821,26.46826106691348,4.9756235906871105,4.9756235906871105,2.983072646036476,2.983072646036476,2.983072646036476,1.745038002189263,1.745038002189263,1.745038002189263,1.238034643847213,1.238034643847213,1.238034643847213,0.0,0.0,0.0,19.81827022103962,clothing,Clothing & Accessories,running shoes,SRC-TRENDS-001,prophet
2022-05-08,4.9756575875593265,13.25307460242413,26.18474644654925,4.9756575875593265,4.9756575875593265,2.9886792607407116,2.9886792607407116,2.9886792607407116,1.745038002189263,1.745038002189263,1.745038002189263,1.2436412585514485,1.2436412585514485,1.2436412585514485,0.0,0.0,0.0,19.846302228045047,clothing,Clothing & Accessories,running shoes,SRC-TRENDS-001,prophet
2022-05-15,4.975691584431542,12.78053512446567,26.444272752572658,4.975691584431542,4.975691584431542,2.893644403078685,2.893644403078685,2.893644403078685,1.745038002189263,1.745038002189263,1.745038002189263,1.1486064008894223,1.1486064008894223,1.1486064008894223,0.0,0.0,0.0,19.37357368916759,clothing,Clothing & Accessories,running shoes,SRC-TRENDS-001,prophet
2022-05-22,4.975725581303758,10.640475668142019,23.830764176253016,4.975725581303758,4.975725581303758,2.5444791175698356,2.5444791175698356,2.5444791175698356,1.745038002189263,1.745038002189263,1.745038002189263,0.7994411153805725,0.7994411153805725,0.7994411153805725,0.0,0.0,0.0,17.6363554176892,clothing,Clothing & Accessories,running shoes,SRC-TRENDS-001,prophet
2022-05-29,4.975759578175973,9.238559039459043,22.30671139642517,4.975759578175973,4.975759578175973,2.171486812069457,2.171486812069457,2.171486812069457,1.745038002189263,1.745038002189263,1.745038002189263,0.426448809880194,0.426448809880194,0.426448809880194,0.0,0.0,0.0,15.780555882213381,clothing,Clothing & Accessories,running shoes,SRC-TRENDS-001,prophet
2022-06-05,4.975965619325111,8.73788731851803,21.312563898625296,4.975965619325111,4.975965619325111,2.0497246754263334,2.0497246754263334,2.0497246754263334,1.745038002189263,1.745038002189263,1.745038002189263,0.30468667323707044,0.30468667323707044,0.30468667323707044,0.0,0.0,0.0,15.175325133328867,clothing,Clothing & Accessories,running shoes,SRC-TRENDS-001,prophet
2022-06-12,4.976171660474249,8.989261125870085,22.374364247799438,4.976171660474249,4.976171660474249,2.1230786767298424,2.1230786767298424,2.1230786767298424,1.745038002189263,1.745038002189263,1.745038002189263,0.37804067454057944,0.37804067454057944,0.37804067454057944,0.0,0.0,0.0,15.540975604574461,clothing,Clothing & Accessories,running shoes,SRC-TRENDS-001,prophet
2022-06-19,4.976377701623388,8.740051535539207,21.972311360150297,4.976377701623388,4.976377701623388,2.0603694315918935,2.0603694315918935,2.0603694315918935,1.745038002189263,1.745038002189263,1.745038002189263,0.3153314294026305,0.3153314294026305,0.3153314294026305,0.0,0.0,0.0,15.229554198103742,clothing,Clothing & Accessories,running shoes,SRC-TRENDS-001,prophet
2022-06-26,4.976583742772527,6.662663206853905,19.57044211355995,4.976583742772527,4.976583742772527,1.6557293732583185,1.6557293732583185,1.6557293732583185,1.745038002189263,1.745038002189263,1.745038002189263,-0.08930862893094471,-0.08930862893094471,-0.08930862893094471,0.0,0.0,0.0,13.21645962416082,clothing,Clothing & Accessories,running shoes,SRC-TRENDS-001,prophet
2022-07-03,4.9767897839216655,3.607043550569616,16.506729297523375,4.9767897839216655,4.9767897839216655,1.0749643711795542,1.0749643711795542,1.0749643711795542,1.745038002189263,1.745038002189263,1.745038002189263,-0.6700736310097086,-0.6700736310097086,-0.6700736310097086,0.0,0.0,0.0,10.326661484487849,clothing,Clothing & Accessories,running shoes,SRC-TRENDS-001,prophet
2022-07-10,4.976995825070804,1.5585109575347968,14.68340738730028,4.976995825070804,4.976995825070804,0.6685825962116814,0.6685825962116814,0.6685825962116814,1.745038002189263,1.745038002189263,1.745038002189263,-1.0764554059775817,-1.0764554059775817,-1.0764554059775817,0.0,0.0,0.0,8.30452861513134,clothing,Clothing & Accessories,running shoes,SRC-TRENDS-001,prophet
2022-07-17,4.977201866219942,1.6702790136485004,14.39541075637606,4.977201866219942,4.977201866219942,0.6078916223345829,0.6078916223345829,0.6078916223345829,1.745038002189263,1.745038002189263,1.745038002189263,-1.1371463798546801,-1.1371463798546801,-1.1371463798546801,0.0,0.0,0.0,8.002801183363097,clothing,Clothing & Accessories,running shoes,SRC-TRENDS-001,prophet
2022-07-24,4.977407907369081,1.9820381653957808,14.917000229869618,4.977407907369081,4.977407907369081,0.7788177227383587,0.7788177227383587,0.7788177227383587,1.745038002189263,1.745038002189263,1.745038002189263,-0.9662202794509043,-0.9662202794509043,-0.9662202794509043,0.0,0.0,0.0,8.853901398926167,clothing,Clothing & Accessories,running shoes,SRC-TRENDS-001,prophet
2022-07-31,4.977613948518219,3.5716154721989937,16.58074508668443,4.977613948518219,4.977613948518219,1.0042492576740139,1.0042492576740139,1.0042492576740139,1.745038002189263,1.745038002189263,1.745038002189263,-0.7407887445152492,-0.7407887445152492,-0.7407887445152492,0.0,0.0,0.0,9.976379061305458,clothing,Clothing & Accessories,running shoes,SRC-TRENDS-001,prophet
2022-08-07,4.977819989419842,4.755694039938239,17.785685024788958,4.977819989419842,4.977819989419842,1.2582389208317424,1.2582389208317424,1.2582389208317424,1.745038002189263,1.745038002189263,1.745038002189263,-0.4867990813575206,-0.4867990813575206,-0.4867990813575206,0.0,0.0,0.0,11.24110684100214,clothing,Clothing & Accessories,running shoes,SRC-TRENDS-001,prophet
2022-08-14,4.978026030321465,6.696419438118606,19.59972460319163,4.978026030321465,4.978026030321465,1.5977724345540714,1.5977724345540714,1.5977724345540714,1.745038002189263,1.745038002189263,1.745038002189263,-0.14726556763519166,-0.14726556763519166,-0.14726556763519166,0.0,0.0,0.0,12.931778800061732,clothing,Clothing & Accessories,running shoes,SRC-TRENDS-001,prophet
2022-08-21,4.978232071223088,8.294035655814332,21.364515886481477,4.978232071223088,4.978232071223088,1.9506458687708208,1.9506458687708208,1.9506458687708208,1.745038002189263,1.745038002189263,1.745038002189263,0.20560786658155794,0.20560786658155794,0.20560786658155794,0.0,0.0,0.0,14.688999894736812,clothing,Clothing & Accessories,running shoes,SRC-TRENDS-001,prophet
2022-08-28,4.97843811212471,8.654691562018783,22.040285746649328,4.97843811212471,4.97843811212471,2.097554019122362,2.097554019122362,2.097554019122362,1.745038002189263,1.745038002189263,1.745038002189263,0.3525160169330991,0.3525160169330991,0.3525160169330991,0.0,0.0,0.0,15.42098098316384,clothing,Clothing & Accessories,running shoes,SRC-TRENDS-001,prophet
2022-09-04,4.978644153026333,7.660305892007567,20.843289183953075,4.978644153026333,4.978644153026333,1.9128952624462539,1.9128952624462539,1.9128952624462539,1.745038002189263,1.745038002189263,1.745038002189263,0.16785726025699094,0.16785726025699094,0.16785726025699094,0.0,0.0,0.0,14.502268966756148,clothing,Clothing & Accessories,running shoes,SRC-TRENDS-001,prophet
2022-09-11,4.978850193927956,6.234487187984604,19.56773141285539,4.978850193927956,4.978850193927956,1.555400958431565,1.555400958431565,1.555400958431565,1.745038002189263,1.745038002189263,1.745038002189263,-0.18963704375769808,-0.18963704375769808,-0.18963704375769808,0.0,0.0,0.0,12.722958557450681,clothing,Clothing & Accessories,running shoes,SRC-TRENDS-001,prophet
2022-09-18,4.979056234829579,5.109673962193344,17.76864420734957,4.979056234829579,4.979056234829579,1.3320593986831613,1.3320593986831613,1.3320593986831613,1.745038002189263,1.745038002189263,1.745038002189263,-0.41297860350610194,-0.41297860350610194,-0.41297860350610194,0.0,0.0,0.0,11.611454889006312,clothing,Clothing & Accessories,running shoes,SRC-TRENDS-001,prophet
2022-09-25,4.979262275731202,5.897895880574151,18.107140556505023,4.979262275731202,4.979262275731202,1.3690120764788016,1.3690120764788016,1.3690120764788016,1.745038002189263,1.745038002189263,1.745038002189263,-0.37602592571046134,-0.37602592571046134,-0.37602592571046134,0.0,0.0,0.0,11.795932463162538,clothing,Clothing & Accessories,running shoes,SRC-TRENDS-001,prophet
2022-10-02,4.979468314836819,5.89311632587187,19.41920954181941,4.979468314836819,4.979468314836819,1.4837595202135085,1.4837595202135085,1.4837595202135085,1.745038002189263,1.745038002189263,1.745038002189263,-0.26127848197575454,-0.26127848197575454,-0.26127848197575454,0.0,0.0,0.0,12.367801832577465,clothing,Clothing & Accessories,running shoes,SRC-TRENDS-001,prophet
2022-10-09,4.9796743539424355,5.700833649083191,18.48374228382038,4.9796743539424355,4.9796743539424355,1.4199836537207666,1.4199836537207666,1.4199836537207666,1.745038002189263,1.745038002189263,1.745038002189263,-0.3250543484684965,-0.3250543484684965,-0.3250543484684965,0.0,0.0,0.0,12.050730537393212,clothing,Clothing & Accessories,running shoes,SRC-TRENDS-001,prophet
2022-10-16,4.979880393048053,3.8303704992958942,17.068718575994144,4.979880393048053,4.979880393048053,1.1645585172688082,1.1645585172688082,1.1645585172688082,1.745038002189263,1.745038002189263,1.745038002189263,-0.5804794849204548,-0.5804794849204548,-0.5804794849204548,0.0,0.0,0.0,10.779242519752104,clothing,Clothing & Accessories,running shoes,SRC-TRENDS-001,prophet
2022-10-23,4.980086432153671,3.2823028902052136,16.453940854413936,4.980086432153671,4.980086432153671,0.9677794028345555,0.9677794028345555,0.9677794028345555,1.745038002189263,1.745038002189263,1.745038002189263,-0.7772585993547075,-0.7772585993547075,-0.7772585993547075,0.0,0.0,0.0,9.799711505527824,clothing,Clothing & Accessories,running shoes,SRC-TRENDS-001,prophet
2022-10-30,4.980292471259289,3.823387494751976,16.761168638983357,4.980292471259289,4.980292471259289,1.051578124052425,1.051578124052425,1.051578124052425,1.745038002189263,1.745038002189263,1.745038002189263,-0.6934598781368381,-0.6934598781368381,-0.6934598781368381,0.0,0.0,0.0,10.217459085418547,clothing,Clothing & Accessories,running shoes,SRC-TRENDS-001,prophet
2022-11-06,4.980498510364906,5.474218884706363,17.953019428260674,4.980498510364906,4.980498510364906,1.3600536854618932,1.3600536854618932,1.3600536854618932,1.745038002189263,1.745038002189263,1.745038002189263,-0.38498431672737,-0.38498431672737,-0.38498431672737,0.0,0.0,0.0,11.754243864824165,clothing,Clothing & Accessories,running shoes,SRC-TRENDS-001,prophet
2022-11-13,4.980704549470523,6.182882044825773,19.894770028374893,4.980704549470523,4.980704549470523,1.63398959627406,1.63398959627406,1.63398959627406,1.745038002189263,1.745038002189263,1.745038002189263,-0.11104840591520283,-0.11104840591520283,-0.11104840591520283,0.0,0.0,0.0,13.119123965420236,clothing,Clothing & Accessories,running shoes,SRC-TRENDS-001,prophet
2022-11-20,4.98091058857614,6.550088324937258,20.00060218179707,4.98091058857614,4.98091058857614,1.6912212918285685,1.6912212918285685,1.6912212918285685,1.745038002189263,1.745038002189263,1.745038002189263,-0.053816710360694534,-0.053816710360694534,-0.053816710360694534,0.0,0.0,0.0,13.404732628670477,clothing,Clothing & Accessories,running shoes,SRC-TRENDS-001,prophet
2022-11-27,4.981116627716464,6.656819557893723,19.57430761047971,4.981116627716464,4.981116627716464,1.5743090328164677,1.5743090328164677,1.5743090328164677,1.745038002189263,1.745038002189263,1.745038002189263,-0.1707289693727955,-0.1707289693727955,-0.1707289693727955,0.0,0.0,0.0,12.822933528242796,clothing,Clothing & Accessories,running shoes,SRC-TRENDS-001,prophet
2022-12-04,4.981322666856786,5.762889997931105,18.427267228770585,4.981322666856786,4.981322666856786,1.4324708131047088,1.4324708131047088,1.4324708131047088,1.745038002189263,1.745038002189263,1.745038002189263,-0.31256718908455405,-0.31256718908455405,-0.31256718908455405,0.0,0.0,0.0,12.116921997786044,clothing,Clothing & Accessories,running shoes,SRC-TRENDS-001,prophet
2022-12-11,4.981528705997109,5.360880871185639,18.09675107550249,4.981528705997109,4.981528705997109,1.3362841214913748,1.3362841214913748,1.3362841214913748,1.745038002189263,1.745038002189263,1.745038002189263,-0.4087538806978882,-0.4087538806978882,-0.4087538806978882,0.0,0.0,0.0,11.63826641657452,clothing,Clothing & Accessories,running shoes,SRC-TRENDS-001,prophet
2022-12-18,4.981734745137432,4.825443806282768,17.686892847528682,4.981734745137432,4.981734745137432,1.2570096321289093,1.2570096321289093,1.2570096321289093,1.745038002189263,1.745038002189263,1.745038002189263,-0.4880283700603536,-0.4880283700603536,-0.4880283700603536,0.0,0.0,0.0,11.24382330448644,clothing,Clothing & Accessories,running shoes,SRC-TRENDS-001,prophet
2022-12-25,4.9819407842777546,4.6425050286723915,17.840870299354346,4.9819407842777546,4.9819407842777546,1.1791142868026576,1.1791142868026576,1.1791142868026576,1.745038002189263,1.745038002189263,1.745038002189263,-0.5659237153866055,-0.5659237153866055,-0.5659237153866055,0.0,0.0,0.0,10.85621833902449,clothing,Clothing & Accessories,running shoes,SRC-TRENDS-001,prophet
2023-01-01,4.982146823418077,3.9762239604101355,16.94148007678489,4.982146823418077,4.982146823418077,1.1420517161818742,1.1420517161818742,1.1420517161818742,1.745038002189263,1.745038002189263,1.745038002189263,-0.6029862860073889,-0.6029862860073889,-0.6029862860073889,0.0,0.0,0.0,10.672016153372764,clothing,Clothing & Accessories,running shoes,SRC-TRENDS-001,prophet
2023-01-08,4.9823528625584,4.199378829854322,17.41318810777278,4.9823528625584,4.9823528625584,1.1521999570635972,1.1521999570635972,1.1521999570635972,1.745038002189263,1.745038002189263,1.745038002189263,-0.5928380451256658,-0.5928380451256658,-0.5928380451256658,0.0,0.0,0.0,10.72301961687388,clothing,Clothing & Accessories,running shoes,SRC-TRENDS-001,prophet
2023-01-15,4.982558901698723,4.194062130171245,16.9985418692045,4.982558901698723,4.982558901698723,1.132313745662782,1.132313745662782,1.132313745662782,1.745038002189263,1.745038002189263,1.745038002189263,-0.6127242565264809,-0.6127242565264809,-0.6127242565264809,0.0,0.0,0.0,10.624378834666642,clothing,Clothing & Accessories,running shoes,SRC-TRENDS-001,prophet
2023-01-22,4.982764940839045,4.002586878368514,16.646054198647427,4.982764940839045,4.982764940839045,1.0329746733495797,1.0329746733495797,1.0329746733495797,1.745038002189263,1.745038002189263,1.745038002189263,-0.7120633288396833,-0.7120633288396833,-0.7120633288396833,0.0,0.0,0.0,10.129834927979998,clothing,Clothing & Accessories,running shoes,SRC-TRENDS-001,prophet
2023-01-29,4.982970985625217,3.7952810872200593,16.083658805139482,4.982970985625217,4.982970985625217,0.9633818748080518,0.9633818748080518,0.9633818748080518,1.745038002189263,1.745038002189263,1.745038002189263,-0.7816561273812113,-0.7816561273812113,-0.7816561273812113,0.0,0.0,0.0,9.783474915870965,clothing,Clothing & Accessories,running shoes,SRC-TRENDS-001,prophet
2023-02-05,4.983177030411389,3.583514012993874,16.81451901388773,4.983177030411389,4.983177030411389,1.1066038078583618,1.1066038078583618,1.1066038078583618,1.745038002189263,1.745038002189263,1.745038002189263,-0.6384341943309013,-0.6384341943309013,-0.6384341943309013,0.0,0.0,0.0,10.497579707496957,clothing,Clothing & Accessories,running shoes,SRC-TRENDS-001,prophet
2023-02-12,4.983383075197562,5.323810208431153,18.49961482532606,4.983383075197562,4.983383075197562,1.457412382695968,1.457412382695968,1.457412382695968,1.745038002189263,1.745038002189263,1.745038002189263,-0.28762561949329507,-0.28762561949329507,-0.28762561949329507,0.0,0.0,0.0,12.246227276708,clothing,Clothing & Accessories,running shoes,SRC-TRENDS-001,prophet
2023-02-19,4.983589119983733,7.090944545770773,19.71406603603327,4.983589119983733,4.983589119983733,1.7235126125266609,1.7235126125266609,1.7235126125266609,1.745038002189263,1.745038002189263,1.745038002189263,-0.021525389662602146,-0.021525389662602146,-0.021525389662602146,0.0,0.0,0.0,13.572867823926341,clothing,Clothing & Accessories,running shoes,SRC-TRENDS-001,prophet
2023-02-26,4.983795164769905,6.712262493761739,19.63228141756632,4.983795164769905,4.983795164769905,1.6098613725516384,1.6098613725516384,1.6098613725516384,1.745038002189263,1.745038002189263,1.745038002189263,-0.13517662963762456,-0.13517662963762456,-0.13517662963762456,0.0,0.0,0.0,13.007014489242604,clothing,Clothing & Accessories,running shoes,SRC-TRENDS-001,prophet
2023-03-05,4.984001209556077,4.420381183765411,17.456334302353152,4.984001209556077,4.984001209556077,1.227034663954941,1.227034663954941,1.227034663954941,1.745038002189263,1.745038002189263,1.745038002189263,-0.5180033382343222,-0.5180033382343222,-0.5180033382343222,0.0,0.0,0.0,11.099543458874736,clothing,Clothing & Accessories,running shoes,SRC-TRENDS-001,prophet
2023-03-12,4.98420725434225,4.42204907047211,16.71654854052742,4.98420725434225,4.98420725434225,1.1153352588154628,1.1153352588154628,1.1153352588154628,1.745038002189263,1.745038002189263,1.745038002189263,-0.6297027433738002,-0.6297027433738002,-0.6297027433738002,0.0,0.0,0.0,10.543269342353971,clothing,Clothing & Accessories,running shoes,SRC-TRENDS-001,prophet
2023-03-19,4.984413299128422,7.601694211224334,20.12894372908237,4.984413299128422,4.984413299128422,1.7452058003772526,1.7452058003772526,1.7452058003772526,1.745038002189263,1.745038002189263,1.745038002189263,0.00016779818798953738,0.00016779818798953738,0.00016779818798953738,0.0,0.0,0.0,13.683240300244861,clothing,Clothing & Accessories,running shoes,SRC-TRENDS-001,prophet
2023-03-26,4.985876783799209,12.49281224236973,25.665845812140727,4.985876783799209,4.985876783799209,2.977503782482179,2.977503782482179,2.977503782482179,1.745038002189263,1.745038002189263,1.745038002189263,1.232465780292916,1.232465780292916,1.232465780292916,0.0,0.0,0.0,19.831343766551434,clothing,Clothing & Accessories,running shoes,SRC-TRENDS-001,prophet
2023-04-02,4.987340268469996,18.73619795509494,32.1705087034667,4.987340268469996,4.987340268469996,4.096622560015528,4.096622560015528,4.096622560015528,1.745038002189263,1.745038002189263,1.745038002189263,2.351584557826265,2.351584557826265,2.351584557826265,0.0,0.0,0.0,25.418590926758082,clothing,Clothing & Accessories,running shoes,SRC-TRENDS-001,prophet
2023-04-09,4.988803753140783,20.36355122373663,33.26048686655915,4.988803753140783,4.988803753140783,4.443007106097371,4.443007106097371,4.443007106097371,1.745038002189263,1.745038002189263,1.745038002189263,2.6979691039081075,2.6979691039081075,2.6979691039081075,0.0,0.0,0.0,27.154094279270517,clothing,Clothing & Accessories,running shoes,SRC-TRENDS-001,prophet
2023-04-16,4.990267237811571,18.687263483860775,31.420180510019424,4.990267237811571,4.990267237811571,4.003426364970945,4.003426364970945,4.003426364970945,1.745038002189263,1.745038002189263,1.745038002189263,2.258388362781682,2.258388362781682,2.258388362781682,0.0,0.0,0.0,24.968434665917147,clothing,Clothing & Accessories,running shoes,SRC-TRENDS-001,prophet
2023-04-23,4.991730722482359,15.29772503719866,28.492154690132267,4.991730722482359,4.991730722482359,3.345971601458496,3.345971601458496,3.345971601458496,1.745038002189263,1.745038002189263,1.745038002189263,1.6009335992692328,1.6009335992692328,1.6009335992692328,0.0,0.0,0.0,21.693919962036233,clothing,Clothing & Accessories,running shoes,SRC-TRENDS-001,prophet
2023-04-30,4.993194207153145,13.89602262765225,26.74393991432957,4.993194207153145,4.993194207153145,3.0019025250843967,3.0019025250843967,3.0019025250843967,1.745038002189263,1.745038002189263,1.745038002189263,1.2568645228951336,1.2568645228951336,1.2568645228951336,0.0,0.0,0.0,19.982276505842954,clothing,Clothing & Accessories,running shoes,SRC-TRENDS-001,prophet
2023-05-07,4.994657691823933,13.00458295945644,26.52389868581937,4.994657691823933,4.994657691823933,2.9844933278085506,2.9844933278085506,2.9844933278085506,1.745038002189263,1.745038002189263,1.745038002189263,1.2394553256192875,1.2394553256192875,1.2394553256192875,0.0,0.0,0.0,19.90118024776012,clothing,Clothing & Accessories,running shoes,SRC-TRENDS-001,prophet
2023-05-14,4.996121176494721,13.520233373425004,26.02115894785369,4.996121176494721,4.996121176494721,2.930558045574096,2.930558045574096,2.930558045574096,1.745038002189263,1.745038002189263,1.745038002189263,1.185520043384833,1.185520043384833,1.185520043384833,0.0,0.0,0.0,19.637544286934443,clothing,Clothing & Accessories,running shoes,SRC-TRENDS-001,prophet
2023-05-21,4.998727781088585,11.808253453324218,24.605902268591755,4.998727781088585,4.998727781088585,2.618625749757199,2.618625749757199,2.618625749757199,1.745038002189263,1.745038002189263,1.745038002189263,0.873587747567936,0.873587747567936,0.873587747567936,0.0,0.0,0.0,18.08852506467382,clothing,Clothing & Accessories,running shoes,SRC-TRENDS-001,prophet
2023-05-28,5.001334385682449,9.848282954790076,22.6835809544656,5.001334385682449,5.001334385682449,2.2245616741820258,2.2245616741820258,2.2245616741820258,1.745038002189263,1.745038002189263,1.745038002189263,0.4795236719927626,0.4795236719927626,0.4795236719927626,0.0,0.0,0.0,16.12711117984033,clothing,Clothing & Accessories,running shoes,SRC-TRENDS-001,prophet
2023-06-04,5.0039409902763134,9.212793273187902,21.67452814075579,5.0039409902763134,5.0039409902763134,2.050192485379648,2.050192485379648,2.050192485379648,1.745038002189263,1.745038002189263,1.745038002189263,0.30515448319038496,0.30515448319038496,0.30515448319038496,0.0,0.0,0.0,15.262983205824005,clothing,Clothing & Accessories,running shoes,SRC-TRENDS-001,prophet
2023-06-11,5.006547594870177,9.717550618069783,22.02347599798977,5.006547594870177,5.006547594870177,2.10952554521527,2.10952554521527,2.10952554521527,1.745038002189263,1.745038002189263,1.745038002189263,0.3644875430260066,0.3644875430260066,0.3644875430260066,0.0,0.0,0.0,15.567987639584887,clothing,Clothing & Accessories,running shoes,SRC-TRENDS-001,prophet
2023-06-18,5.009154199464042,8.848235991405085,22.163253871460732,5.009154199464042,5.009154199464042,2.0953258727408826,2.0953258727408826,2.0953258727408826,1.745038002189263,1.745038002189263,1.745038002189263,0.3502878705516194,0.3502878705516194,0.3502878705516194,0.0,0.0,0.0,15.504964594149694,clothing,Clothing & Accessories,running shoes,SRC-TRENDS-001,prophet
2023-06-25,5.011760804057906,7.2387834903296335,20.100471583700152,5.011760804057906,5.011760804057906,1.7502379657371647,1.7502379657371647,1.7502379657371647,1.745038002189263,1.745038002189263,1.745038002189263,0.005199963547901809,0.005199963547901809,0.005199963547901809,0.0,0.0,0.0,13.783534838513473,clothing,Clothing & Accessories,running shoes,SRC-TRENDS-001,prophet
2023-07-02,5.01436740865177,4.564162116192356,17.695478509833666,5.01436740865177,5.01436740865177,1.175449025719229,1.175449025719229,1.175449025719229,1.745038002189263,1.745038002189263,1.745038002189263,-0.5695889764700341,-0.5695889764700341,-0.5695889764700341,0.0,0.0,0.0,10.908500693749748,clothing,Clothing & Accessories,running shoes,SRC-TRENDS-001,prophet
2023-07-09,5.016974013245635,2.598905179634047,15.500785518776075,5.016974013245635,5.016974013245635,0.7164792377214185,0.7164792377214185,0.7164792377214185,1.745038002189263,1.745038002189263,1.745038002189263,-1.0285587644678444,-1.0285587644678444,-1.0285587644678444,0.0,0.0,0.0,8.611531729924033,clothing,Clothing & Accessories,running shoes,SRC-TRENDS-001,prophet
2023-07-16,5.019580618794968,1.557248489856435,14.710814923530954,5.019580618794968,5.019580618794968,0.5958453824090744,0.5958453824090744,0.5958453824090744,1.745038002189263,1.745038002189263,1.745038002189263,-1.1491926197801887,-1.1491926197801887,-1.1491926197801887,0.0,0.0,0.0,8.010474552134033,clothing,Clothing & Accessories,running shoes,SRC-TRENDS-001,prophet
2023-07-23,5.0221872243443,2.2884082627218003,15.240420660402359,5.0221872243443,5.0221872243443,0.7405906821777556,0.7405906821777556,0.7405906821777556,1.745038002189263,1.745038002189263,1.745038002189263,-1.0044473200115074,-1.0044473200115074,-1.0044473200115074,0.0,0.0,0.0,8.741572286845855,clothing,Clothing & Accessories,running shoes,SRC-TRENDS-001,prophet
2023-07-30,5.024793829893634,3.4921468585478617,15.730341532054151,5.024793829893634,5.024793829893634,0.9634347474946054,0.9634347474946054,0.9634347474946054,1.745038002189263,1.745038002189263,1.745038002189263,-0.7816032546946575,-0.7816032546946575,-0.7816032546946575,0.0,0.0,0.0,9.865854804609658,clothing,Clothing & Accessories,running shoes,SRC-TRENDS-001,prophet
2023-08-06,5.027400435442966,4.867454226947543,17.538595521726357,5.027400435442966,5.027400435442966,1.2076139048006307,1.2076139048006307,1.2076139048006307,1.745038002189263,1.745038002189263,1.745038002189263,-0.5374240973886323,-0.5374240973886323,-0.5374240973886323,0.0,0.0,0.0,11.098559106284638,clothing,Clothing & Accessories,running shoes,SRC-TRENDS-001,prophet
2023-08-13,5.0300070409923,6.33580289122456,19.22022498844707,5.0300070409923,5.0300070409923,1.531364623816052,1.531364623816052,1.531364623816052,1.745038002189263,1.745038002189263,1.745038002189263,-0.21367337837321082,-0.21367337837321082,-0.21367337837321082,0.0,0.0,0.0,12.732781881113565,clothing,Clothing & Accessories,running shoes,SRC-TRENDS-001,prophet
2023-08-20,5.032613646541632,8.563117418007943,21.188018853706616,5.032613646541632,5.032613646541632,1.8958976362605071,1.8958976362605071,1.8958976362605071,1.745038002189263,1.745038002189263,1.745038002189263,0.15085963407124414,0.15085963407124414,0.15085963407124414,0.0,0.0,0.0,14.573933963232284,clothing,Clothing & Accessories,running shoes,SRC-TRENDS-001,prophet
2023-08-27,5.035220252090965,8.998645071587163,22.07525614218065,5.035220252090965,5.035220252090965,2.0953916728100257,2.0953916728100257,2.0953916728100257,1.745038002189263,1.745038002189263,1.745038002189263,0.35035367062076267,0.35035367062076267,0.35035367062076267,0.0,0.0,0.0,15.58597883908677,clothing,Clothing & Accessories,running shoes,SRC-TRENDS-001,prophet
2023-09-03,5.037826857640297,8.163481402684477,22.064543812541494,5.037826857640297,5.037826857640297,1.966797175447428,1.966797175447428,1.966797175447428,1.745038002189263,1.745038002189263,1.745038002189263,0.22175917325816502,0.22175917325816502,0.22175917325816502,0.0,0.0,0.0,14.946210491640425,clothing,Clothing & Accessories,running shoes,SRC-TRENDS-001,prophet
2023-09-10,5.040433463189631,6.7783223569399444,19.702970040233026,5.040433463189631,5.040433463189631,1.617694390664259,1.617694390664259,1.617694390664259,1.745038002189263,1.745038002189263,1.745038002189263,-0.12734361152500404,-0.12734361152500404,-0.12734361152500404,0.0,0.0,0.0,13.19431440310792,clothing,Clothing & Accessories,running shoes,SRC-TRENDS-001,prophet
2023-09-17,5.0430400742613575,5.010035579420619,18.61744447818364,5.0430400742613575,5.0430400742613575,1.3521094877422226,1.3521094877422226,1.3521094877422226,1.745038002189263,1.745038002189263,1.745038002189263,-0.39292851444704036,-0.39292851444704036,-0.39292851444704036,0.0,0.0,0.0,11.861782405734381,clothing,Clothing & Accessories,running shoes,SRC-TRENDS-001,prophet
2023-09-24,5.045646685333084,5.244383836126512,18.231132962864578,5.045646685333084,5.045646685333084,1.3483655590145318,1.3483655590145318,1.3483655590145318,1.745038002189263,1.745038002189263,1.745038002189263,-0.396672443174731,-0.396672443174731,-0.396672443174731,0.0,0.0,0.0,11.849022898792047,clothing,Clothing & Accessories,running shoes,SRC-TRENDS-001,prophet
2023-10-01,5.048253296404811,5.944278154168673,18.84473215945848,5.048253296404811,5.048253296404811,1.4708119682434444,1.4708119682434444,1.4708119682434444,1.745038002189263,1.745038002189263,1.745038002189263,-0.2742260339458188,-0.2742260339458188,-0.2742260339458188,0.0,0.0,0.0,12.473284663481428,clothing,Clothing & Accessories,running shoes,SRC-TRENDS-001,prophet
2023-10-08,5.0508599074765375,5.65485059471822,18.58667262772003,5.0508599074765375,5.0508599074765375,1.4495075817432141,1.4495075817432141,1.4495075817432141,1.745038002189263,1.745038002189263,1.745038002189263,-0.29553042044604905,-0.29553042044604905,-0.29553042044604905,0.0,0.0,0.0,12.372119637686607,clothing,Clothing & Accessories,running shoes,SRC-TRENDS-001,prophet
2023-10-15,5.053466518548264,4.837863934952444,17.995341445488695,5.053466518548264,5.053466518548264,1.2147994050494475,1.2147994050494475,1.2147994050494475,1.745038002189263,1.745038002189263,1.745038002189263,-0.5302385971398156,-0.5302385971398156,-0.5302385971398156,0.0,0.0,0.0,11.192414638717999,clothing,Clothing & Accessories,running shoes,SRC-TRENDS-001,prophet
2023-10-22,5.056073129619991,3.3129792624036316,16.78383396901193,5.056073129619991,5.056073129619991,0.9857839123846872,0.9857839123846872,0.9857839123846872,1.745038002189263,1.745038002189263,1.745038002189263,-0.7592540898045758,-0.7592540898045758,-0.7592540898045758,0.0,0.0,0.0,10.040268680639874,clothing,Clothing & Accessories,running shoes,SRC-TRENDS-001,prophet
2023-10-29,5.058679740691718,3.998969616526515,16.57151781707623,5.058679740691718,5.058679740691718,1.0144893939272932,1.0144893939272932,1.0144893939272932,1.745038002189263,1.745038002189263,1.745038002189263,-0.7305486082619699,-0.7305486082619699,-0.7305486082619699,0.0,0.0,0.0,10.190656684898336,clothing,Clothing & Accessories,running shoes,SRC-TRENDS-001,prophet
2023-11-05,5.061286351763445,4.748905245169286,17.894951325444737,5.061286351763445,5.061286351763445,1.2993989088123201,1.2993989088123201,1.2993989088123201,1.745038002189263,1.745038002189263,1.745038002189263,-0.44563909337694285,-0.44563909337694285,-0.44563909337694285,0.0,0.0,0.0,11.637916314431553,clothing,Clothing & Accessories,running shoes,SRC-TRENDS-001,prophet
2023-11-12,5.063890330453364,6.939513068787384,20.055371158937948,5.063890330453364,5.063890330453364,1.5986015045148954,1.5986015045148954,1.5986015045148954,1.745038002189263,1.745038002189263,1.745038002189263,-0.14643649767436764,-0.14643649767436764,-0.14643649767436764,0.0,0.0,0.0,13.159033031414541,clothing,Clothing & Accessories,running shoes,SRC-TRENDS-001,prophet
2023-11-19,5.066494309143283,7.511216002104578,20.58380357485977,5.066494309143283,5.066494309143283,1.6976332828891776,1.6976332828891776,1.6976332828891776,1.745038002189263,1.745038002189263,1.745038002189263,-0.0474047193000856,-0.0474047193000856,-0.0474047193000856,0.0,0.0,0.0,13.66754367591353,clothing,Clothing & Accessories,running shoes,SRC-TRENDS-001,prophet
2023-11-26,5.069098287833202,6.506146673416695,20.182326263492108,5.069098287833202,5.069098287833202,1.6010681590977514,1.6010681590977514,1.6010681590977514,1.745038002189263,1.745038002189263,1.745038002189263,-0.1439698430915118,-0.1439698430915118,-0.1439698430915118,0.0,0.0,0.0,13.185070151819872,clothing,Clothing & Accessories,running shoes,SRC-TRENDS-001,prophet
2023-12-03,5.071702266523121,6.168433716902132,18.872131172508166,5.071702266523121,5.071702266523121,1.4547203399564737,1.4547203399564737,1.4547203399564737,1.745038002189263,1.745038002189263,1.745038002189263,-0.2903176622327895,-0.2903176622327895,-0.2903176622327895,0.0,0.0,0.0,12.449610711837654,clothing,Clothing & Accessories,running shoes,SRC-TRENDS-001,prophet
2023-12-10,5.07430624521304,5.644792035730178,18.17763790208653,5.07430624521304,5.07430624521304,1.3508657749819513,1.3508657749819513,1.3508657749819513,1.745038002189263,1.745038002189263,1.745038002189263,-0.3941722272073118,-0.3941722272073118,-0.3941722272073118,0.0,0.0,0.0,11.92901288364851,clothing,Clothing & Accessories,running shoes,SRC-TRENDS-001,prophet
2023-12-17,5.07691022390296,5.171556907802577,18.148909530534944,5.07691022390296,5.07691022390296,1.271544297439593,1.271544297439593,1.271544297439593,1.7450380021892633,1.7450380021892633,1.7450380021892633,-0.4734937047496703,-0.4734937047496703,-0.4734937047496703,0.0,0.0,0.0,11.532426467719535,clothing,Clothing & Accessories,running shoes,SRC-TRENDS-001,prophet
2023-12-24,5.079514202592879,4.552311624628887,17.450205363339435,5.079514202592879,5.079514202592879,1.1914154142310158,1.1914154142310158,1.1914154142310158,1.745038002189263,1.745038002189263,1.745038002189263,-0.553622587958247,-0.553622587958247,-0.553622587958247,0.0,0.0,0.0,11.131325720367402,clothing,Clothing & Accessories,running shoes,SRC-TRENDS-001,prophet
2023-12-31,5.082118181282798,4.629999410311101,17.897235231629548,5.082118181282798,5.082118181282798,1.1441606514481502,1.1441606514481502,1.1441606514481502,1.745038002189263,1.745038002189263,1.745038002189263,-0.6008773507411129,-0.6008773507411129,-0.6008773507411129,0.0,0.0,0.0,10.89687783031581,clothing,Clothing & Accessories,running shoes,SRC-TRENDS-001,prophet
2024-01-07,5.084714308977333,4.832791893090527,17.48738356089831,5.084714308977333,5.084714308977333,1.1497087460543298,1.1497087460543298,1.1497087460543298,1.745038002189263,1.745038002189263,1.745038002189263,-0.5953292561349333,-0.5953292561349333,-0.5953292561349333,0.0,0.0,0.0,10.93065482119617,clothing,Clothing & Accessories,running shoes,SRC-TRENDS-001,prophet
2024-01-14,5.087310436671866,4.418797692061066,17.722530991335887,5.087310436671866,5.087310436671866,1.1419680930868603,1.1419680930868603,1.1419680930868603,1.745038002189263,1.745038002189263,1.745038002189263,-0.6030699091024029,-0.6030699091024029,-0.6030699091024029,0.0,0.0,0.0,10.89685663497892,clothing,Clothing & Accessories,running shoes,SRC-TRENDS-001,prophet
2024-01-21,5.089906564366401,3.7519911236789754,17.23211277156845,5.089906564366401,5.089906564366401,1.0538985654184096,1.0538985654184096,1.0538985654184096,1.745038002189263,1.745038002189263,1.745038002189263,-0.6911394367708534,-0.6911394367708534,-0.6911394367708534,0.0,0.0,0.0,10.454151790665897,clothing,Clothing & Accessories,running shoes,SRC-TRENDS-001,prophet
2024-01-28,5.092502692060936,3.145940295931357,16.820309755448914,5.092502692060936,5.092502692060936,0.964561846016306,0.964561846016306,0.964561846016306,1.745038002189263,1.745038002189263,1.745038002189263,-0.780476156172957,-0.780476156172957,-0.780476156172957,0.0,0.0,0.0,10.004536489558241,clothing,Clothing & Accessories,running shoes,SRC-TRENDS-001,prophet
2024-02-04,5.09509881975547,3.8829261480000925,17.285494203657304,5.09509881975547,5.09509881975547,1.061447514527504,1.061447514527504,1.061447514527504,1.745038002189263,1.745038002189263,1.745038002189263,-0.6835904876617592,-0.6835904876617592,-0.6835904876617592,0.0,0.0,0.0,10.503278798256932,clothing,Clothing & Accessories,running shoes,SRC-TRENDS-001,prophet
2024-02-11,5.097694947450004,5.788595877773124,18.21721532975032,5.097694947450004,5.097694947450004,1.3899503947137335,1.3899503947137335,1.3899503947137335,1.745038002189263,1.745038002189263,1.745038002189263,-0.3550876074755294,-0.3550876074755294,-0.3550876074755294,0.0,0.0,0.0,12.183238051788344,clothing,Clothing & Accessories,running shoes,SRC-TRENDS-001,prophet
2024-02-18,5.100291075144539,7.41568813297178,20.94141532945618,5.100291075144539,5.100291075144539,1.6987902437952827,1.6987902437952827,1.6987902437952827,1.745038002189263,1.745038002189263,1.745038002189263,-0.046247758393980334,-0.046247758393980334,-0.046247758393980334,0.0,0.0,0.0,13.764615794116233,clothing,Clothing & Accessories,running shoes,SRC-TRENDS-001,prophet
2024-02-25,5.1028872028390735,7.1586797401824125,20.584980891398445,5.1028872028390735,5.1028872028390735,1.6602172058985611,1.6602172058985611,1.6602172058985611,1.745038002189263,1.745038002189263,1.745038002189263,-0.08482079629070205,-0.08482079629070205,-0.08482079629070205,0.0,0.0,0.0,13.574788336752084,clothing,Clothing & Accessories,running shoes,SRC-TRENDS-001,prophet
2024-03-03,5.105483295331394,4.837370095334143,17.562528614916957,5.105483295331394,5.105483295331394,1.2940129190650438,1.2940129190650438,1.2940129190650438,1.745038002189263,1.745038002189263,1.745038002189263,-0.4510250831242192,-0.4510250831242192,-0.4510250831242192,0.0,0.0,0.0,11.71204463756099,clothing,Clothing & Accessories,running shoes,SRC-TRENDS-001,prophet
2024-03-10,5.108079387823714,4.497114148851588,16.843169755678154,5.108079387823714,5.108079387823714,1.088557606474418,1.088557606474418,1.088557606474418,1.745038002189263,1.745038002189263,1.745038002189263,-0.656480395714845,-0.656480395714845,-0.656480395714845,0.0,0.0,0.0,10.668518059914406,clothing,Clothing & Accessories,running shoes,SRC-TRENDS-001,prophet
2024-03-17,5.110675480316034,6.118919396473501,19.34292392386,5.110675480316034,5.110675480316034,1.5747107325033314,1.5747107325033314,1.5747107325033314,1.745038002189263,1.745038002189263,1.745038002189263,-0.1703272696859316,-0.1703272696859316,-0.1703272696859316,0.0,0.0,0.0,13.15851100951131,clothing,Clothing & Accessories,running shoes,SRC-TRENDS-001,prophet
2024-03-24,5.113271572808353,12.682364221808871,25.547237729107376,5.113271572808353,5.113271572808353,2.741344397482621,2.741344397482621,2.741344397482621,1.745038002189263,1.745038002189263,1.745038002189263,0.996306395293358,0.996306395293358,0.996306395293358,0.0,0.0,0.0,19.13050995173368,clothing,Clothing & Accessories,running shoes,SRC-TRENDS-001,prophet
2024-03-31,5.115867665300673,18.700321051310134,32.285765889284335,5.115867665300673,5.115867665300673,3.940876774800963,3.940876774800963,3.940876774800963,1.745038002189263,1.745038002189263,1.745038002189263,2.1958387726117,2.1958387726117,2.1958387726117,0.0,0.0,0.0,25.27687173043932,clothing,Clothing & Accessories,running shoes,SRC-TRENDS-001,prophet
2024-04-07,5.118463757792992,21.271642718700864,34.40063849145466,5.118463757792992,5.118463757792992,4.448534876906799,4.448534876906799,4.448534876906799,1.745038002189263,1.745038002189263,1.745038002189263,2.703496874717536,2.703496874717536,2.703496874717536,0.0,0.0,0.0,27.888128300518552,clothing,Clothing & Accessories,running shoes,SRC-TRENDS-001,prophet
2024-04-14,5.121059850285312,19.48113037683319,32.52223036175231,5.121059850285312,5.121059850285312,4.11792136800813,4.11792136800813,4.11792136800813,1.745038002189263,1.745038002189263,1.745038002189263,2.372883365818867,2.372883365818867,2.372883365818867,0.0,0.0,0.0,26.209181634623715,clothing,Clothing & Accessories,running shoes,SRC-TRENDS-001,prophet
2024-04-21,5.123655942777632,16.374101246468246,28.90563323552041,5.123655942777632,5.123655942777632,3.450181432029244,3.450181432029244,3.450181432029244,1.745038002189263,1.745038002189263,1.745038002189263,1.705143429839981,1.705143429839981,1.705143429839981,0.0,0.0,0.0,22.80119854065531,clothing,Clothing & Accessories,running shoes,SRC-TRENDS-001,prophet
2024-04-28,5.1262520352699505,13.860842356990876,27.15534996843941,5.1262520352699505,5.1262520352699505,3.0322722318085145,3.0322722318085145,3.0322722318085145,1.745038002189263,1.745038002189263,1.745038002189263,1.2872342296192516,1.2872342296192516,1.2872342296192516,0.0,0.0,0.0,20.670443735070904,clothing,Clothing & Accessories,running shoes,SRC-TRENDS-001,prophet
2024-05-05,5.128848125708196,14.158523446176126,27.087326001945076,5.128848125708196,5.128848125708196,2.9786620062353584,2.9786620062353584,2.9786620062353584,1.745038002189263,1.745038002189263,1.745038002189263,1.2336240040460953,1.2336240040460953,1.2336240040460953,0.0,0.0,0.0,20.40595317350663,clothing,Clothing & Accessories,running shoes,SRC-TRENDS-001,prophet
2024-05-12,5.131444216146442,13.599356344690136,26.44293672965262,5.131444216146442,5.131444216146442,2.957997982068928,2.957997982068928,2.957997982068928,1.745038002189263,1.745038002189263,1.745038002189263,1.212959979879665,1.212959979879665,1.212959979879665,0.0,0.0,0.0,20.31024585260689,clothing,Clothing & Accessories,running shoes,SRC-TRENDS-001,prophet
2024-05-19,5.134040306584688,12.103111888155658,25.168959865508914,5.134040306584688,5.134040306584688,2.689771890648692,2.689771890648692,2.689771890648692,1.745038002189263,1.745038002189263,1.745038002189263,0.9447338884594288,0.9447338884594288,0.9447338884594288,0.0,0.0,0.0,18.943437608693575,clothing,Clothing & Accessories,running shoes,SRC-TRENDS-001,prophet
2024-05-26,5.136636397022933,10.205297812823513,23.226665204284956,5.136636397022933,5.136636397022933,2.2855473925439527,2.2855473925439527,2.2855473925439527,1.745038002189263,1.745038002189263,1.745038002189263,0.5405093903546898,0.5405093903546898,0.5405093903546898,0.0,0.0,0.0,16.87666232068506,clothing,Clothing & Accessories,running shoes,SRC-TRENDS-001,prophet
2024-06-02,5.139232487461179,9.158150964587778,22.151435884259495,5.139232487461179,5.139232487461179,2.0591108037758032,2.0591108037758032,2.0591108037758032,1.745038002189263,1.745038002189263,1.745038002189263,0.31407280158654005,0.31407280158654005,0.31407280158654005,0.0,0.0,0.0,15.721481625508087,clothing,Clothing & Accessories,running shoes,SRC-TRENDS-001,prophet
2024-06-09,5.141828577899425,9.51567498202805,22.053752825103597,5.141828577899425,5.141828577899425,2.0934698844353403,2.0934698844353403,2.0934698844353403,1.745038002189263,1.745038002189263,1.745038002189263,0.3484318822460772,0.3484318822460772,0.3484318822460772,0.0,0.0,0.0,15.906091856660863,clothing,Clothing & Accessories,running shoes,SRC-TRENDS-001,prophet
2024-06-16,5.14442466833767,9.77413864811947,22.009377766446917,5.14442466833767,5.14442466833767,2.1186272268221136,2.1186272268221136,2.1186272268221136,1.745038002189263,1.745038002189263,1.745038002189263,0.3735892246328505,0.3735892246328505,0.3735892246328505,0.0,0.0,0.0,16.04354283701318,clothing,Clothing & Accessories,running shoes,SRC-TRENDS-001,prophet
2024-06-23,5.147020758775916,8.458938578615726,21.052871688570338,5.147020758775916,5.147020758775916,1.8366881284904337,1.8366881284904337,1.8366881284904337,1.745038002189263,1.745038002189263,1.745038002189263,0.09165012630117061,0.09165012630117061,0.09165012630117061,0.0,0.0,0.0,14.600492683513467,clothing,Clothing & Accessories,running shoes,SRC-TRENDS-001,prophet
2024-06-30,5.149613243462663,5.415713794137386,18.53762233136407,5.149613243462663,5.149613243462663,1.2800307335657473,1.2800307335657473,1.2800307335657473,1.745038002189263,1.745038002189263,1.745038002189263,-0.46500726862351566,-0.46500726862351566,-0.46500726862351566,0.0,0.0,0.0,11.741276461072063,clothing,Clothing & Accessories,running shoes,SRC-TRENDS-001,prophet
2024-07-07,5.152205728149408,2.7602767977235767,16.00406470005262,5.152205728149408,5.152205728149408,0.7760769045363174,0.7760769045363174,0.7760769045363174,1.745038002189263,1.745038002189263,1.745038002189263,-0.9689610976529456,-0.9689610976529456,-0.9689610976529456,0.0,0.0,0.0,9.150713601185883,clothing,Clothing & Accessories,running shoes,SRC-TRENDS-001,prophet
2024-07-14,5.154798212836154,2.071149148332069,14.859813298926102,5.154798212836154,5.154798212836154,0.5925791176542387,0.5925791176542387,0.5925791176542387,1.745038002189263,1.745038002189263,1.745038002189263,-1.1524588845350243,-1.1524588845350243,-1.1524588845350243,0.0,0.0,0.0,8.209423989484247,clothing,Clothing & Accessories,running shoes,SRC-TRENDS-001,prophet
2024-07-21,5.157390697522899,2.1126525978487107,15.519845197206084,5.157390697522899,5.157390697522899,0.7044015923297632,0.7044015923297632,0.7044015923297632,1.745038002189263,1.745038002189263,1.745038002189263,-1.0406364098594998,-1.0406364098594998,-1.0406364098594998,0.0,0.0,0.0,8.790264917124738,clothing,Clothing & Accessories,running shoes,SRC-TRENDS-001,prophet
2024-07-28,5.159983182209644,2.9167481941287243,16.620202029507155,5.159983182209644,5.159983182209644,0.9229182408053479,0.9229182408053479,0.9229182408053479,1.745038002189263,1.745038002189263,1.745038002189263,-0.8221197613839151,-0.8221197613839151,-0.8221197613839151,0.0,0.0,0.0,9.92222578331975,clothing,Clothing & Accessories,running shoes,SRC-TRENDS-001,prophet
2024-08-04,5.162575666896391,4.938391431044475,17.37083677633105,5.162575666896391,5.162575666896391,1.1598387303512245,1.1598387303512245,1.1598387303512245,1.745038002189263,1.745038002189263,1.745038002189263,-0.5851992718380384,-0.5851992718380384,-0.5851992718380384,0.0,0.0,0.0,11.150330873731628,clothing,Clothing & Accessories,running shoes,SRC-TRENDS-001,prophet
2024-08-11,5.165168151583136,6.263674974464307,19.090630937933877,5.165168151583136,5.165168151583136,1.4668109365323159,1.4668109365323159,1.4668109365323159,1.745038002189263,1.745038002189263,1.745038002189263,-0.278227065656947,-0.278227065656947,-0.278227065656947,0.0,0.0,0.0,12.741493285353686,clothing,Clothing & Accessories,running shoes,SRC-TRENDS-001,prophet
2024-08-18,5.167760636269881,8.187938610093557,21.484752793520116,5.167760636269881,5.167760636269881,1.8357871477141945,1.8357871477141945,1.8357871477141945,1.745038002189263,1.745038002189263,1.745038002189263,0.09074914552493155,0.09074914552493155,0.09074914552493155,0.0,0.0,0.0,14.654669194797457,clothing,Clothing & Accessories,running shoes,SRC-TRENDS-001,prophet
2024-08-25,5.164948971341242,9.254381504600657,22.196388934572298,5.164948971341242,5.164948971341242,2.0819417738831607,2.0819417738831607,2.0819417738831607,1.745038002189263,1.745038002189263,1.745038002189263,0.33690377169389774,0.33690377169389774,0.33690377169389774,0.0,0.0,0.0,15.918071994751433,clothing,Clothing & Accessories,running shoes,SRC-TRENDS-001,prophet
2024-09-01,5.162137306412603,8.997978894995137,21.941940134835697,5.162137306412603,5.162137306412603,2.01305444915578,2.01305444915578,2.01305444915578,1.745038002189263,1.745038002189263,1.745038002189263,0.26801644696651716,0.26801644696651716,0.26801644696651716,0.0,0.0,0.0,15.553800778239529,clothing,Clothing & Accessories,running shoes,SRC-TRENDS-001,prophet
2024-09-08,5.159325641483964,7.724116659678908,20.4193125428448,5.159325641483964,5.159325641483964,1.6830302658943597,1.6830302658943597,1.6830302658943597,1.745038002189263,1.745038002189263,1.745038002189263,-0.06200773629490351,-0.06200773629490351,-0.06200773629490351,0.0,0.0,0.0,13.842626847706306,clothing,Clothing & Accessories,running shoes,SRC-TRENDS-001,prophet
2024-09-15,5.156513976555325,5.704752501803681,18.624129251796372,5.156513976555325,5.156513976555325,1.3814735355558279,1.3814735355558279,1.3814735355558279,1.745038002189263,1.745038002189263,1.745038002189263,-0.36356446663343517,-0.36356446663343517,-0.36356446663343517,0.0,0.0,0.0,12.28010157089025,clothing,Clothing & Accessories,running shoes,SRC-TRENDS-001,prophet
2024-09-22,5.153702311626686,4.996616958622304,19.207528233333342,5.153702311626686,5.153702311626686,1.332154326261032,1.332154326261032,1.332154326261032,1.745038002189263,1.745038002189263,1.745038002189263,-0.4128836759282308,-0.4128836759282308,-0.4128836759282308,0.0,0.0,0.0,12.019229142321658,clothing,Clothing & Accessories,running shoes,SRC-TRENDS-001,prophet
2024-09-29,5.150890646698047,5.841922349140303,18.592197509177492,5.150890646698047,5.150890646698047,1.4526601109743615,1.4526601109743615,1.4526601109743615,1.745038002189263,1.745038002189263,1.745038002189263,-0.29237789121490143,-0.29237789121490143,-0.29237789121490143,0.0,0.0,0.0,12.633384025147231,clothing,Clothing & Accessories,running shoes,SRC-TRENDS-001,prophet
2024-10-06,5.148078981769408,5.703728759497023,19.55887823140203,5.148078981769408,5.148078981769408,1.4713377072039573,1.4713377072039573,1.4713377072039573,1.745038002189263,1.745038002189263,1.745038002189263,-0.2737002949853057,-0.2737002949853057,-0.2737002949853057,0.0,0.0,0.0,12.722641707310892,clothing,Clothing & Accessories,running shoes,SRC-TRENDS-001,prophet
2024-10-13,5.145267316840769,5.314270192677627,18.41979189424831,5.145267316840769,5.145267316840769,1.2651258787922788,1.2651258787922788,1.2651258787922788,1.745038002189263,1.745038002189263,1.745038002189263,-0.4799121233969843,-0.4799121233969843,-0.4799121233969843,0.0,0.0,0.0,11.654678152680138,clothing,Clothing & Accessories,running shoes,SRC-TRENDS-001,prophet
2024-10-20,5.14245565191213,3.1585325037601706,16.39738706761158,5.14245565191213,5.14245565191213,1.0127874304789275,1.0127874304789275,1.0127874304789275,1.745038002189263,1.745038002189263,1.745038002189263,-0.7322505717103356,-0.7322505717103356,-0.7322505717103356,0.0,0.0,0.0,10.350670097964054,clothing,Clothing & Accessories,running shoes,SRC-TRENDS-001,prophet
2024-10-27,5.1382566322527214,3.9085401843916983,17.075174666867817,5.1382566322527214,5.1382566322527214,0.9862953353085321,0.9862953353085321,0.9862953353085321,1.745038002189263,1.745038002189263,1.745038002189263,-0.758742666880731,-0.758742666880731,-0.758742666880731,0.0,0.0,0.0,10.206095180261709,clothing,Clothing & Accessories,running shoes,SRC-TRENDS-001,prophet
2024-11-03,5.134057612593313,5.383522640334558,17.85236394277774,5.134057612593313,5.134057612593313,1.2390929510617223,1.2390929510617223,1.2390929510617223,1.745038002189263,1.745038002189263,1.745038002189263,-0.5059450511275407,-0.5059450511275407,-0.5059450511275407,0.0,0.0,0.0,11.495632210702462,clothing,Clothing & Accessories,running shoes,SRC-TRENDS-001,prophet
2024-11-10,5.129858592933905,6.855179427439661,19.665901571062953,5.129858592933905,5.129858592933905,1.556150601369609,1.556150601369609,1.556150601369609,1.745038002189263,1.745038002189263,1.745038002189263,-0.18888740081965416,-0.18888740081965416,-0.18888740081965416,0.0,0.0,0.0,13.112691127269057,clothing,Clothing & Accessories,running shoes,SRC-TRENDS-001,prophet
2024-11-17,5.125659573274496,6.872312217751895,20.336822560374372,5.125659573274496,5.125659573274496,1.6973982710695907,1.6973982710695907,1.6973982710695907,1.745038002189263,1.745038002189263,1.745038002189263,-0.04763973111967225,-0.04763973111967225,-0.04763973111967225,0.0,0.0,0.0,13.82594527104192,clothing,Clothing & Accessories,running shoes,SRC-TRENDS-001,prophet
2024-11-24,5.121460553615089,6.6870714878376285,19.204559887242045,5.121460553615089,5.121460553615089,1.626441948703691,1.626441948703691,1.626441948703691,1.745038002189263,1.745038002189263,1.745038002189263,-0.11859605348557212,-0.11859605348557212,-0.11859605348557212,0.0,0.0,0.0,13.451218836645898,clothing,Clothing & Accessories,running shoes,SRC-TRENDS-001,prophet
2024-12-01,5.117261533955681,6.202025850369864,18.96718602926768,5.117261533955681,5.117261533955681,1.4786784615207522,1.4786784615207522,1.4786784615207522,1.745038002189263,1.745038002189263,1.745038002189263,-0.26635954066851086,-0.26635954066851086,-0.26635954066851086,0.0,0.0,0.0,12.684045946184591,clothing,Clothing & Accessories,running shoes,SRC-TRENDS-001,prophet
2024-12-08,5.1130625142962725,5.235875743759622,18.86925264319709,5.1130625142962725,5.1130625142962725,1.366229053073254,1.366229053073254,1.366229053073254,1.745038002189263,1.745038002189263,1.745038002189263,-0.3788089491160089,-0.3788089491160089,-0.3788089491160089,0.0,0.0,0.0,12.09867707150762,clothing,Clothing & Accessories,running shoes,SRC-TRENDS-001,prophet
2024-12-15,5.108863494636863,4.975393434540355,18.3769238326369,5.108863494636863,5.108863494636863,1.2858358162990535,1.2858358162990535,1.2858358162990535,1.745038002189263,1.745038002189263,1.745038002189263,-0.45920218589020945,-0.45920218589020945,-0.45920218589020945,0.0,0.0,0.0,11.678023156623691,clothing,Clothing & Accessories,running shoes,SRC-TRENDS-001,prophet
2024-12-22,5.104596313631301,4.9259119418928226,17.648280429741774,5.104596313631301,5.104596313631301,1.204798788302031,1.204798788302031,1.204798788302031,1.745038002189263,1.745038002189263,1.745038002189263,-0.5402392138872321,-0.5402392138872321,-0.5402392138872321,0.0,0.0,0.0,11.254607767065307,clothing,Clothing & Accessories,running shoes,SRC-TRENDS-001,prophet
2024-12-29,5.100329132625739,4.271923185118815,17.5328912844814,5.100329132625739,5.100329132625739,1.1482467934343632,1.1482467934343632,1.1482467934343632,1.745038002189263,1.745038002189263,1.745038002189263,-0.5967912087548998,-0.5967912087548998,-0.5967912087548998,0.0,0.0,0.0,10.95676570462311,clothing,Clothing & Accessories,running shoes,SRC-TRENDS-001,prophet
2025-01-05,5.096061951620177,4.12914989832351,17.490001614351662,5.096061951620177,5.096061951620177,1.1468292413430063,1.1468292413430063,1.1468292413430063,1.745038002189263,1.745038002189263,1.745038002189263,-0.5982087608462568,-0.5982087608462568,-0.5982087608462568,0.0,0.0,0.0,10.940374813433705,clothing,Clothing & Accessories,running shoes,SRC-TRENDS-001,prophet
2025-01-12,5.091794770614615,4.895176102956901,17.566360421292554,5.091794770614615,5.091794770614615,1.1486071940108058,1.1486071940108058,1.1486071940108058,1.745038002189263,1.745038002189263,1.745038002189263,-0.5964308081784571,-0.5964308081784571,-0.5964308081784571,0.0,0.0,0.0,10.940266874569163,clothing,Clothing & Accessories,running shoes,SRC-TRENDS-001,prophet
2025-01-19,5.087527589609053,3.929612599110824,16.937739213289724,5.087527589609053,5.087527589609053,1.074405974264943,1.074405974264943,1.074405974264943,1.745038002189263,1.745038002189263,1.745038002189263,-0.6706320279243201,-0.6706320279243201,-0.6706320279243201,0.0,0.0,0.0,10.553597626122745,clothing,Clothing & Accessories,running shoes,SRC-TRENDS-001,prophet
2025-01-26,5.083260408603491,4.226949401983059,16.523882106249026,5.083260408603491,5.083260408603491,0.9720789161035074,0.9720789161035074,0.9720789161035074,1.745038002189263,1.745038002189263,1.745038002189263,-0.7729590860857557,-0.7729590860857557,-0.7729590860857557,0.0,0.0,0.0,10.024590676870645,clothing,Clothing & Accessories,running shoes,SRC-TRENDS-001,prophet
2025-02-02,5.078993227597929,3.712951289780533,16.675290723095372,5.078993227597929,5.078993227597929,1.02459893437773,1.02459893437773,1.02459893437773,1.745038002189263,1.745038002189263,1.745038002189263,-0.7204390678115329,-0.7204390678115329,-0.7204390678115329,0.0,0.0,0.0,10.282924276306474,clothing,Clothing & Accessories,running shoes,SRC-TRENDS-001,prophet
2025-02-09,5.074726046592367,5.245029743808531,18.193574028493305,5.074726046592367,5.074726046592367,1.3221520907624806,1.3221520907624806,1.3221520907624806,1.745038002189263,1.745038002189263,1.745038002189263,-0.42288591142678233,-0.42288591142678233,-0.42288591142678233,0.0,0.0,0.0,11.784285699141284,clothing,Clothing & Accessories,running shoes,SRC-TRENDS-001,prophet
2025-02-16,5.070458865298192,6.57788662232691,19.949861597195905,5.070458865298192,5.070458865298192,1.6619755956049675,1.6619755956049675,1.6619755956049675,1.745038002189263,1.745038002189263,1.745038002189263,-0.08306240658429528,-0.08306240658429528,-0.08306240658429528,0.0,0.0,0.0,13.497437757942642,clothing,Clothing & Accessories,running shoes,SRC-TRENDS-001,prophet
2025-02-23,5.066191684004015,7.047534539843389,19.99020930245463,5.066191684004015,5.066191684004015,1.6986900679835133,1.6986900679835133,1.6986900679835133,1.745038002189263,1.745038002189263,1.745038002189263,-0.04634793420574973,-0.04634793420574973,-0.04634793420574973,0.0,0.0,0.0,13.672081180122303,clothing,Clothing & Accessories,running shoes,SRC-TRENDS-001,prophet
2025-03-02,5.061924502709839,5.353098957623082,18.477292179339077,5.061924502709839,5.061924502709839,1.3659349557836689,1.3659349557836689,1.3659349557836689,1.745038002189263,1.745038002189263,1.745038002189263,-0.379103046405594,-0.379103046405594,-0.379103046405594,0.0,0.0,0.0,11.976184124499074,clothing,Clothing & Accessories,running shoes,SRC-TRENDS-001,prophet
2025-03-09,5.057657321415663,4.179473692443403,16.774349649951553,5.057657321415663,5.057657321415663,1.085427456800197,1.085427456800197,1.085427456800197,1.745038002189263,1.745038002189263,1.745038002189263,-0.6596105453890663,-0.6596105453890663,-0.6596105453890663,0.0,0.0,0.0,10.547377445166761,clothing,Clothing & Accessories,running shoes,SRC-TRENDS-001,prophet
2025-03-16,5.053390140121487,5.616383111530722,19.08999488575447,5.053390140121487,5.053390140121487,1.4278241739874606,1.4278241739874606,1.4278241739874606,1.745038002189263,1.745038002189263,1.745038002189263,-0.31721382820180216,-0.31721382820180216,-0.31721382820180216,0.0,0.0,0.0,12.268742742776828,clothing,Clothing & Accessories,running shoes,SRC-TRENDS-001,prophet
2025-03-23,5.0491229588273105,11.314374786239243,24.05973055465041,5.0491229588273105,5.0491229588273105,2.50647443953146,2.50647443953146,2.50647443953146,1.745038002189263,1.745038002189263,1.745038002189263,0.7614364373421969,0.7614364373421969,0.7614364373421969,0.0,0.0,0.0,17.70462059717942,clothing,Clothing & Accessories,running shoes,SRC-TRENDS-001,prophet
2025-03-30,5.044855777533135,16.958539615094107,30.082426845058333,5.044855777533135,5.044855777533135,3.7613374327424247,3.7613374327424247,3.7613374327424247,1.745038002189263,1.745038002189263,1.745038002189263,2.0162994305531616,2.0162994305531616,2.0162994305531616,0.0,0.0,0.0,24.020260656355404,clothing,Clothing & Accessories,running shoes,SRC-TRENDS-001,prophet
2025-04-06,5.04058859623896,20.727079542635966,34.00441239563683,5.04058859623896,5.04058859623896,4.425404864482154,4.425404864482154,4.425404864482154,1.745038002189263,1.745038002189263,1.745038002189263,2.680366862292891,2.680366862292891,2.680366862292891,0.0,0.0,0.0,27.347233889888123,clothing,Clothing & Accessories,running shoes,SRC-TRENDS-001,prophet
2025-04-13,5.0369617838293985,19.204136143584503,32.918727524460245,5.0369617838293985,5.0369617838293985,4.221450589434376,4.221450589434376,4.221450589434376,1.745038002189263,1.745038002189263,1.745038002189263,2.4764125872451133,2.4764125872451133,2.4764125872451133,0.0,0.0,0.0,26.30024707513444,clothing,Clothing & Accessories,running shoes,SRC-TRENDS-001,prophet
2025-04-20,5.033334971419838,16.395999714406187,29.400692497255772,5.033334971419838,5.033334971419838,3.5638207568251925,3.5638207568251925,3.5638207568251925,1.745038002189263,1.745038002189263,1.745038002189263,1.8187827546359294,1.8187827546359294,1.8187827546359294,0.0,0.0,0.0,22.971238618619992,clothing,Clothing & Accessories,running shoes,SRC-TRENDS-001,prophet
2025-04-27,5.029708159010277,13.736668665449294,26.828042597398756,5.029708159010277,5.029708159010277,3.0756004177964567,3.0756004177964567,3.0756004177964567,1.745038002189263,1.745038002189263,1.745038002189263,1.3305624156071933,1.3305624156071933,1.3305624156071933,0.0,0.0,0.0,20.499080674256533,clothing,Clothing & Accessories,running shoes,SRC-TRENDS-001,prophet
2025-05-04,5.026081346600717,13.420398296612994,26.43715694832952,5.026081346600717,5.026081346600717,2.9736794885988846,2.9736794885988846,2.9736794885988846,1.745038002189263,1.745038002189263,1.745038002189263,1.2286414864096218,1.2286414864096218,1.2286414864096218,0.0,0.0,0.0,19.97203635501673,clothing,Clothing & Accessories,running shoes,SRC-TRENDS-001,prophet
2025-05-11,5.022454534191157,13.958023963122825,26.186529898400977,5.022454534191157,5.022454534191157,2.976307968111217,2.976307968111217,2.976307968111217,1.745038002189263,1.745038002189263,1.745038002189263,1.2312699659219537,1.2312699659219537,1.2312699659219537,0.0,0.0,0.0,19.970825983780607,clothing,Clothing & Accessories,running shoes,SRC-TRENDS-001,prophet
2025-05-18,5.018827721781595,12.647614095717366,24.65943710120352,5.018827721781595,5.018827721781595,2.755960387437582,2.755960387437582,2.755960387437582,1.745038002189263,1.745038002189263,1.745038002189263,1.010922385248319,1.010922385248319,1.010922385248319,0.0,0.0,0.0,18.850518114385277,clothing,Clothing & Accessories,running shoes,SRC-TRENDS-001,prophet
2025-05-25,5.015200909372035,10.17146887848956,23.062643371138062,5.015200909372035,5.015200909372035,2.3529316276149492,2.3529316276149492,2.3529316276149492,1.745038002189263,1.745038002189263,1.745038002189263,0.6078936254256861,0.6078936254256861,0.6078936254256861,0.0,0.0,0.0,16.815625747876748,clothing,Clothing & Accessories,running shoes,SRC-TRENDS-001,prophet
2025-06-01,5.011574096962474,8.938086407184112,22.158026964524854,5.011574096962474,5.011574096962474,2.077444163248931,2.077444163248931,2.077444163248931,1.745038002189263,1.745038002189263,1.745038002189263,0.332406161059668,0.332406161059668,0.332406161059668,0.0,0.0,0.0,15.422839453386699,clothing,Clothing & Accessories,running shoes,SRC-TRENDS-001,prophet
2025-06-08,5.007947284552911,8.999124105955753,22.1476840798687,5.007947284552911,5.007947284552911,2.0772040112587296,2.0772040112587296,2.0772040112587296,1.745038002189263,1.745038002189263,1.745038002189263,0.3321660090694665,0.3321660090694665,0.3321660090694665,0.0,0.0,0.0,15.41047547219848,clothing,Clothing & Accessories,running shoes,SRC-TRENDS-001,prophet
2025-06-15,5.106373395220276,9.899834680698751,22.584437590694296,5.106373395220276,5.106373395220276,2.131116891574601,2.131116891574601,2.131116891574601,1.745038002189263,1.745038002189263,1.745038002189263,0.3860788893853378,0.3860788893853378,0.3860788893853378,0.0,0.0,0.0,15.98865199246135,clothing,Clothing & Accessories,running shoes,SRC-TRENDS-001,prophet
2025-06-22,5.204799505887639,8.302208785075576,21.5496584736299,5.204799505887639,5.204799505887639,1.9134849608842115,1.9134849608842115,1.9134849608842115,1.745038002189263,1.745038002189263,1.745038002189263,0.1684469586949484,0.1684469586949484,0.1684469586949484,0.0,0.0,0.0,15.164105084821212,clothing,Clothing & Accessories,running shoes,SRC-TRENDS-001,prophet
2025-06-29,5.303225616555002,6.315610518531194,18.698230877550134,5.303225616555002,5.303225616555002,1.386502707565796,1.386502707565796,1.386502707565796,1.745038002189263,1.745038002189263,1.745038002189263,-0.358535294623467,-0.358535294623467,-0.358535294623467,0.0,0.0,0.0,12.656162292740802,clothing,Clothing & Accessories,running shoes,SRC-TRENDS-001,prophet
2025-07-06,5.401651727222362,3.4102630099215605,16.775927173034773,5.401651727222362,5.401651727222362,0.8468034439394578,0.8468034439394578,0.8468034439394578,1.745038002189263,1.745038002189263,1.745038002189263,-0.8982345582498052,-0.8982345582498052,-0.8982345582498052,0.0,0.0,0.0,9.975789012795778,clothing,Clothing & Accessories,running shoes,SRC-TRENDS-001,prophet
2025-07-13,5.500077837889725,2.4714159830617337,15.600449371154083,5.500077837889725,5.500077837889725,0.5992050358835727,0.5992050358835727,0.5992050358835727,1.745038002189263,1.745038002189263,1.745038002189263,-1.1458329663056903,-1.1458329663056903,-1.1458329663056903,0.0,0.0,0.0,8.79575217610488,clothing,Clothing & Accessories,running shoes,SRC-TRENDS-001,prophet
2025-07-20,5.598503948557088,2.829136215529897,15.867733118551406,5.598503948557088,5.598503948557088,0.6712553316883126,0.6712553316883126,0.6712553316883126,1.745038002189263,1.745038002189263,1.745038002189263,-1.0737826705009503,-1.0737826705009503,-1.0737826705009503,0.0,0.0,0.0,9.356529573504105,clothing,Clothing & Accessories,running shoes,SRC-TRENDS-001,prophet
2025-07-27,5.69693005922445,4.566631380912866,17.471907493113484,5.69693005922445,5.69693005922445,0.8825230730121888,0.8825230730121888,0.8825230730121888,1.745038002189263,1.745038002189263,1.745038002189263,-0.8625149291770742,-0.8625149291770742,-0.8625149291770742,0.0,0.0,0.0,10.724602281826723,clothing,Clothing & Accessories,running shoes,SRC-TRENDS-001,prophet
2025-08-03,5.7953561698918135,5.546753119952163,18.929546028333217,5.7953561698918135,5.7953561698918135,1.1144876245899709,1.1144876245899709,1.1144876245899709,1.745038002189263,1.745038002189263,1.745038002189263,-0.630550377599292,-0.630550377599292,-0.630550377599292,0.0,0.0,0.0,12.254208901327372,clothing,Clothing & Accessories,running shoes,SRC-TRENDS-001,prophet
2025-08-10,6.030110299789948,8.546234829147567,21.06935720383865,6.030110299789948,6.030110299789948,1.4048159068703336,1.4048159068703336,1.4048159068703336,1.745038002189263,1.745038002189263,1.745038002189263,-0.34022209531892955,-0.34022209531892955,-0.34022209531892955,0.0,0.0,0.0,14.501305169117503,clothing,Clothing & Accessories,running shoes,SRC-TRENDS-001,prophet
2025-08-17,6.264864429688077,11.044520551625732,23.946406319792537,6.264864429688077,6.264864429688077,1.7718184097038523,1.7718184097038523,1.7718184097038523,1.745038002189263,1.745038002189263,1.745038002189263,0.02678040751458924,0.02678040751458924,0.02678040751458924,0.0,0.0,0.0,17.36506656050824,clothing,Clothing & Accessories,running shoes,SRC-TRENDS-001,prophet
2025-08-24,6.499618559586212,13.371349439736555,26.889053549382524,6.499618559586212,6.499618559586212,2.0577001620066127,2.0577001620066127,2.0577001620066127,1.745038002189263,1.745038002189263,1.745038002189263,0.31266215981734985,0.31266215981734985,0.31266215981734985,0.0,0.0,0.0,19.873884722627945,clothing,Clothing & Accessories,running shoes,SRC-TRENDS-001,prophet
2025-08-31,6.734372689484341,13.84520747600999,26.86818939174588,6.734372689484341,6.734372689484341,2.0502522137709382,2.0502522137709382,2.0502522137709382,1.745038002189263,1.745038002189263,1.745038002189263,0.30521421158167494,0.30521421158167494,0.30521421158167494,0.0,0.0,0.0,20.54153520445816,clothing,Clothing & Accessories,running shoes,SRC-TRENDS-001,prophet
2025-09-07,6.9691268193824705,13.300009989104806,26.327132788163183,6.9691268193824705,6.9691268193824705,1.7494679076362658,1.7494679076362658,1.7494679076362658,1.745038002189263,1.745038002189263,1.745038002189263,0.00442990544700278,0.00442990544700278,0.00442990544700278,0.0,0.0,0.0,19.161390534139304,clothing,Clothing & Accessories,running shoes,SRC-TRENDS-001,prophet
2025-09-14,7.203880949280606,11.026365217490282,23.9387147002393,7.203880949280606,7.203880949280606,1.4198206033259402,1.4198206033259402,1.4198206033259402,1.745038002189263,1.745038002189263,1.745038002189263,-0.3252173988633229,-0.3252173988633229,-0.3252173988633229,0.0,0.0,0.0,17.43209954497644,clothing,Clothing & Accessories,running shoes,SRC-TRENDS-001,prophet
2025-09-21,7.438635079178734,10.840616071730114,23.690611670511082,7.438635079178734,7.438635079178734,1.3219393436871272,1.3219393436871272,1.3219393436871272,1.745038002189263,1.745038002189263,1.745038002189263,-0.4230986585021358,-0.4230986585021358,-0.4230986585021358,0.0,0.0,0.0,17.272059453676313,clothing,Clothing & Accessories,running shoes,SRC-TRENDS-001,prophet
2025-09-28,7.6733892090768645,12.030512534285467,25.3106661366453,7.6733892090768645,7.6733892090768645,1.4307999320128706,1.4307999320128706,1.4307999320128706,1.745038002189263,1.745038002189263,1.745038002189263,-0.3142380701763925,-0.3142380701763925,-0.3142380701763925,0.0,0.0,0.0,18.652473967732337,clothing,Clothing & Accessories,running shoes,SRC-TRENDS-001,prophet
2025-10-05,7.908143338975004,12.976472337567012,26.034872473591037,7.908143338975004,7.908143338975004,1.4850664087455372,1.4850664087455372,1.4850664087455372,1.745038002189263,1.745038002189263,1.745038002189263,-0.2599715934437258,-0.2599715934437258,-0.2599715934437258,0.0,0.0,0.0,19.652261367231556,clothing,Clothing & Accessories,running shoes,SRC-TRENDS-001,prophet
2025-10-12,8.142897468873134,12.382070347507476,25.398778108524187,8.142897468873134,8.142897468873134,1.3136994797334614,1.3136994797334614,1.3136994797334614,1.745038002189263,1.745038002189263,1.745038002189263,-0.4313385224558016,-0.4313385224558016,-0.4313385224558016,0.0,0.0,0.0,18.84021763725469,clothing,Clothing & Accessories,running shoes,SRC-TRENDS-001,prophet
2025-10-19,8.377651598771262,10.379420633726227,23.77393097455999,8.377651598771262,8.377651598771262,1.0476677116285598,1.0476677116285598,1.0476677116285598,1.745038002189263,1.745038002189263,1.745038002189263,-0.6973702905607031,-0.6973702905607031,-0.6973702905607031,0.0,0.0,0.0,17.154646678077295,clothing,Clothing & Accessories,running shoes,SRC-TRENDS-001,prophet
2025-10-26,8.612405728669392,10.573736410816263,23.980624777162422,8.612405728669392,8.612405728669392,0.9678213841197856,0.9678213841197856,0.9678213841197856,1.745038002189263,1.745038002189263,1.745038002189263,-0.7772166180694776,-0.7772166180694776,-0.7772166180694776,0.0,0.0,0.0,16.947676161591374,clothing,Clothing & Accessories,running shoes,SRC-TRENDS-001,prophet
2025-11-02,8.847159858567522,12.932648743211878,25.73652042992444,8.847159858567522,8.847159858567522,1.1808904539971457,1.1808904539971457,1.1808904539971457,1.745038002189263,1.745038002189263,1.745038002189263,-0.5641475481921174,-0.5641475481921174,-0.5641475481921174,0.0,0.0,0.0,19.294686480536644,clothing,Clothing & Accessories,running shoes,SRC-TRENDS-001,prophet
2025-11-09,9.08191398846565,16.773424582719727,29.799828331740198,9.08191398846565,9.08191398846565,1.5074562448594908,1.5074562448594908,1.5074562448594908,1.745038002189263,1.745038002189263,1.745038002189263,-0.237581757329772,-0.237581757329772,-0.237581757329772,0.0,0.0,0.0,22.772501945654962,clothing,Clothing & Accessories,running shoes,SRC-TRENDS-001,prophet
2025-11-16,9.316668118363792,18.134062683047798,31.381809961247818,9.316668118363792,9.316668118363792,1.6898875772760786,1.6898875772760786,1.6898875772760786,1.745038002189263,1.745038002189263,1.745038002189263,-0.05515042491318421,-0.05515042491318421,-0.05515042491318421,0.0,0.0,0.0,25.06078983319086,clothing,Clothing & Accessories,running shoes,SRC-TRENDS-001,prophet
2025-11-23,9.55142224826192,18.769808776669304,31.856921525530236,9.55142224826192,9.55142224826192,1.6494758478272469,1.6494758478272469,1.6494758478272469,1.745038002189263,1.745038002189263,1.745038002189263,-0.0955621543620162,-0.0955621543620162,-0.0955621543620162,0.0,0.0,0.0,25.306262559169777,clothing,Clothing & Accessories,running shoes,SRC-TRENDS-001,prophet
2025-11-30,9.78617637816006,18.26798624151109,31.278667495058134,9.78617637816006,9.78617637816006,1.504138355228048,1.504138355228048,1.504138355228048,1.745038002189263,1.745038002189263,1.745038002189263,-0.2408996469612149,-0.2408996469612149,-0.2408996469612149,0.0,0.0,0.0,24.505939619577312,clothing,Clothing & Accessories,running shoes,SRC-TRENDS-001,prophet
2025-12-07,10.02093050805819,17.418170401388796,30.329256770939022,10.02093050805819,10.02093050805819,1.3826876898674043,1.3826876898674043,1.3826876898674043,1.745038002189263,1.745038002189263,1.745038002189263,-0.36235031232185866,-0.36235031232185866,-0.36235031232185866,0.0,0.0,0.0,23.87674776256696,clothing,Clothing & Accessories,running shoes,SRC-TRENDS-001,prophet
2025-12-14,10.25568463795632,17.079229103890633,30.04225676938031,10.25568463795632,10.25568463795632,1.299892168917077,1.299892168917077,1.299892168917077,1.745038002189263,1.745038002189263,1.745038002189263,-0.44514583327218604,-0.44514583327218604,-0.44514583327218604,0.0,0.0,0.0,23.586968785718906,clothing,Clothing & Accessories,running shoes,SRC-TRENDS-001,prophet
2025-12-21,10.49043876785445,16.34829555971014,29.4657140053641,10.49043876785445,10.49043876785445,1.218930649880587,1.218930649880587,1.218930649880587,1.745038002189263,1.745038002189263,1.745038002189263,-0.526107352308676,-0.526107352308676,-0.526107352308676,0.0,0.0,0.0,23.277556112687776,clothing,Clothing & Accessories,running shoes,SRC-TRENDS-001,prophet
2025-12-28,10.725192897752578,16.57828470653395,29.743133302389438,10.725192897752578,10.725192897752578,1.1543687468887702,1.1543687468887702,1.1543687468887702,1.745038002189263,1.745038002189263,1.745038002189263,-0.5906692553004926,-0.5906692553004926,-0.5906692553004926,0.0,0.0,0.0,23.10602038327156,clothing,Clothing & Accessories,running shoes,SRC-TRENDS-001,prophet
2026-01-04,10.959947027650706,16.964543160228644,29.851539471458782,10.959947027650706,10.959947027650706,1.1441707720797747,1.1441707720797747,1.1441707720797747,1.745038002189263,1.745038002189263,1.745038002189263,-0.6008672301094882,-0.6008672301094882,-0.6008672301094882,0.0,0.0,0.0,23.499998080231247,clothing,Clothing & Accessories,running shoes,SRC-TRENDS-001,prophet
2026-01-11,11.194701157548836,18.052354083596484,31.07365276346172,11.194701157548836,11.194701157548836,1.1524366303110014,1.1524366303110014,1.1524366303110014,1.745038002189263,1.745038002189263,1.745038002189263,-0.5926013718782616,-0.5926013718782616,-0.5926013718782616,0.0,0.0,0.0,24.095884836893084,clothing,Clothing & Accessories,running shoes,SRC-TRENDS-001,prophet
2026-01-18,11.429455287446967,17.352343305118655,30.519669057234776,11.429455287446967,11.429455287446967,1.09356293083612,1.09356293083612,1.09356293083612,1.745038002189263,1.745038002189263,1.745038002189263,-0.651475071353143,-0.651475071353143,-0.651475071353143,0.0,0.0,0.0,23.92828390944786,clothing,Clothing & Accessories,running shoes,SRC-TRENDS-001,prophet
2026-01-25,11.664209417345106,16.617565135416424,29.728215011184336,11.664209417345106,11.664209417345106,0.9847762485581294,0.9847762485581294,0.9847762485581294,1.745038002189263,1.745038002189263,1.745038002189263,-0.7602617536311337,-0.7602617536311337,-0.7602617536311337,0.0,0.0,0.0,23.15084580975462,clothing,Clothing & Accessories,running shoes,SRC-TRENDS-001,prophet
2026-02-01,11.898963547243236,17.317516028065395,30.515006577668046,11.898963547243236,11.898963547243236,0.9964644001911277,0.9964644001911277,0.9964644001911277,1.745038002189263,1.745038002189263,1.745038002189263,-0.7485736019981353,-0.7485736019981353,-0.7485736019981353,0.0,0.0,0.0,23.75585712124306,clothing,Clothing & Accessories,running shoes,SRC-TRENDS-001,prophet
2026-02-08,12.133717677141377,20.6452993396782,33.770326053368365,12.133717677141377,12.133717677141377,1.2561901529458153,1.2561901529458153,1.2561901529458153,1.745038002189263,1.745038002189263,1.745038002189263,-0.4888478492434478,-0.4888478492434478,-0.4888478492434478,0.0,0.0,0.0,27.375974341790943,clothing,Clothing & Accessories,running shoes,SRC-TRENDS-001,prophet
2026-02-15,12.368471807039505,26.14401410412339,39.09259069542092,12.368471807039505,12.368471807039505,1.6146964650711055,1.6146964650711055,1.6146964650711055,1.745038002189263,1.745038002189263,1.745038002189263,-0.13034153711815744,-0.13034153711815744,-0.13034153711815744,0.0,0.0,0.0,32.33979951219782,clothing,Clothing & Accessories,running shoes,SRC-TRENDS-001,prophet
2026-02-22,12.603225936937633,28.423136335441054,40.8781133590909,12.603225936937633,12.603225936937633,1.7238967535807053,1.7238967535807053,1.7238967535807053,1.745038002189263,1.745038002189263,1.745038002189263,-0.02114124860855765,-0.02114124860855765,-0.02114124860855765,0.0,0.0,0.0,34.32988621426856,clothing,Clothing & Accessories,running shoes,SRC-TRENDS-001,prophet
2026-03-01,12.837980066835764,24.525668483259363,37.87959467666708,12.837980066835764,12.837980066835764,1.4390220511913865,1.4390220511913865,1.4390220511913865,1.745038002189263,1.745038002189263,1.745038002189263,-0.30601595099787654,-0.30601595099787654,-0.30601595099787654,0.0,0.0,0.0,31.3121164757679,clothing,Clothing & Accessories,running shoes,SRC-TRENDS-001,prophet
2026-03-08,13.072734196733894,20.256253148509195,33.57598364188611,13.072734196733894,13.072734196733894,1.1034937935200935,1.1034937935200935,1.1034937935200935,1.745038002189263,1.745038002189263,1.745038002189263,-0.6415442086691695,-0.6415442086691695,-0.6415442086691695,0.0,0.0,0.0,27.498415247167628,clothing,Clothing & Accessories,running shoes,SRC-TRENDS-001,prophet
2026-03-15,13.307488326632022,24.24311231400452,37.06298875168515,13.307488326632022,13.307488326632022,1.3064308943703105,1.3064308943703105,1.3064308943703105,1.745038002189263,1.745038002189263,1.745038002189263,-0.4386071078189525,-0.4386071078189525,-0.4386071078189525,0.0,0.0,0.0,30.69280220301636,clothing,Clothing & Accessories,running shoes,SRC-TRENDS-001,prophet
2026-03-22,13.542242456530163,37.9673973509736,50.58922246093635,13.542242456530163,13.542242456530163,2.277853513844175,2.277853513844175,2.277853513844175,1.745038002189263,1.745038002189263,1.745038002189263,0.5328155116549119,0.5328155116549119,0.5328155116549119,0.0,0.0,0.0,44.38948702146717,clothing,Clothing & Accessories,running shoes,SRC-TRENDS-001,prophet
2026-03-29,13.776996586428291,56.39482623068287,69.31209263320346,13.776996586428291,13.776996586428291,3.5614938478453277,3.5614938478453277,3.5614938478453277,1.745038002189263,1.745038002189263,1.745038002189263,1.8164558456560647,1.8164558456560647,1.8164558456560647,0.0,0.0,0.0,62.843685170778734,clothing,Clothing & Accessories,running shoes,SRC-TRENDS-001,prophet
2026-04-05,14.011750716326421,69.10430303307271,81.60069703865574,14.011750716326421,14.011750716326421,4.3725324692560825,4.3725324692560825,4.3725324692560825,1.745038002189263,1.745038002189263,1.745038002189263,2.6274944670668194,2.6274944670668194,2.6274944670668194,0.0,0.0,0.0,75.27858567458587,clothing,Clothing & Accessories,running shoes,SRC-TRENDS-001,prophet
2026-04-12,14.24650484622455,68.93880051007719,82.10894381582254,14.24650484622455,14.24650484622455,4.309924463146108,4.309924463146108,4.309924463146108,1.745038002189263,1.745038002189263,1.745038002189263,2.564886460956845,2.564886460956845,2.564886460956845,0.0,0.0,0.0,75.64786459729731,clothing,Clothing & Accessories,running shoes,SRC-TRENDS-001,prophet
2026-04-19,14.48125897612269,61.192843841231145,74.12112465453905,14.48125897612269,14.48125897612269,3.684128898220797,3.684128898220797,3.684128898220797,1.745038002189263,1.745038002189263,1.745038002189263,1.939090896031534,1.939090896031534,1.939090896031534,0.0,0.0,0.0,67.8320836526756,clothing,Clothing & Accessories,running shoes,SRC-TRENDS-001,prophet
2026-04-26,14.71601310602082,54.3331116720612,66.89295604111265,14.71601310602082,14.71601310602082,3.132756954385623,3.132756954385623,3.132756954385623,1.745038002189263,1.745038002189263,1.745038002189263,1.38771895219636,1.38771895219636,1.38771895219636,0.0,0.0,0.0,60.817705504737525,clothing,Clothing & Accessories,running shoes,SRC-TRENDS-001,prophet
2026-05-03,14.95076723591895,53.06411888502648,65.98059318209732,14.95076723591895,14.95076723591895,2.9721266788934866,2.9721266788934866,2.9721266788934866,1.745038002189263,1.745038002189263,1.745038002189263,1.2270886767042233,1.2270886767042233,1.2270886767042233,0.0,0.0,0.0,59.38634140772029,clothing,Clothing & Accessories,running shoes,SRC-TRENDS-001,prophet
2026-05-10,15.185521365817078,54.10159217914968,66.72500793789953,15.185521365817078,15.185521365817078,2.9863419292450493,2.9863419292450493,2.9863419292450493,1.745038002189263,1.745038002189263,1.745038002189263,1.241303927055786,1.241303927055786,1.241303927055786,0.0,0.0,0.0,60.534680538003165,clothing,Clothing & Accessories,running shoes,SRC-TRENDS-001,prophet
2026-05-17,15.420275495715218,52.918962324377155,65.18621024385214,15.420275495715218,15.420275495715218,2.815489038914544,2.815489038914544,2.815489038914544,1.745038002189263,1.745038002189263,1.745038002189263,1.0704510367252809,1.0704510367252809,1.0704510367252809,0.0,0.0,0.0,58.835892130943954,clothing,Clothing & Accessories,running shoes,SRC-TRENDS-001,prophet
2026-05-24,15.655029625613349,47.326643475474114,60.07059054517579,15.655029625613349,15.655029625613349,2.4249007195213244,2.4249007195213244,2.4249007195213244,1.745038002189263,1.745038002189263,1.745038002189263,0.6798627173320612,0.6798627173320612,0.6798627173320612,0.0,0.0,0.0,53.61692222889081,clothing,Clothing & Accessories,running shoes,SRC-TRENDS-001,prophet
2026-05-31,15.889783755511477,42.93637364510225,55.7419852022506,15.889783755511477,15.889783755511477,2.105704539605748,2.105704539605748,2.105704539605748,1.745038002189263,1.745038002189263,1.745038002189263,0.3606665374164847,0.3606665374164847,0.3606665374164847,0.0,0.0,0.0,49.34897354284566,clothing,Clothing & Accessories,running shoes,SRC-TRENDS-001,prophet
2026-06-07,16.124537885409605,43.05234917073105,55.92075480796306,16.124537885409605,16.124537885409605,2.0629863651544635,2.0629863651544635,2.0629863651544635,1.745038002189263,1.745038002189263,1.745038002189263,0.3179483629652005,0.3179483629652005,0.3179483629652005,0.0,0.0,0.0,49.389239687426205,clothing,Clothing & Accessories,running shoes,SRC-TRENDS-001,prophet
2026-06-14,16.359292015307737,44.54081375059246,57.90035129815856,16.359292015307737,16.359292015307737,2.134057323841892,2.134057323841892,2.134057323841892,1.745038002189263,1.745038002189263,1.745038002189263,0.38901932165262904,0.38901932165262904,0.38901932165262904,0.0,0.0,0.0,51.2709589534434,clothing,Clothing & Accessories,running shoes,SRC-TRENDS-001,prophet
2026-06-21,16.594046145205866,42.60250201548168,56.14103340362023,16.594046145205866,16.594046145205866,1.979399345117371,1.979399345117371,1.979399345117371,1.745038002189263,1.745038002189263,1.745038002189263,0.2343613429281079,0.2343613429281079,0.2343613429281079,0.0,0.0,0.0,49.440290217873795,clothing,Clothing & Accessories,running shoes,SRC-TRENDS-001,prophet
2026-06-28,16.828800275104005,35.55902260305985,48.272296140382416,16.828800275104005,16.828800275104005,1.4925697516822232,1.4925697516822232,1.4925697516822232,1.745038002189263,1.745038002189263,1.745038002189263,-0.2524682505070398,-0.2524682505070398,-0.2524682505070398,0.0,0.0,0.0,41.94695852282572,clothing,Clothing & Accessories,running shoes,SRC-TRENDS-001,prophet
2026-07-05,17.063554405002137,26.188959300449852,39.129976233022354,17.063554405002137,17.063554405002137,0.927711850630779,0.927711850630779,0.927711850630779,1.745038002189263,1.745038002189263,1.745038002189263,-0.817326151558484,-0.817326151558484,-0.817326151558484,0.0,0.0,0.0,32.893616040405654,clothing,Clothing & Accessories,running shoes,SRC-TRENDS-001,prophet
2026-07-12,17.298308534900265,21.556935560121662,34.409917997711794,17.298308534900265,17.298308534900265,0.6166424620371567,0.6166424620371567,0.6166424620371567,1.745038002189263,1.745038002189263,1.745038002189263,-1.1283955401521064,-1.1283955401521064,-1.1283955401521064,0.0,0.0,0.0,27.965180098939523,clothing,Clothing & Accessories,running shoes,SRC-TRENDS-001,prophet
2026-07-19,17.533062664798404,22.108115326384482,35.199258837190854,17.533062664798404,17.533062664798404,0.6423087341567892,0.6423087341567892,0.6423087341567892,1.745038002189263,1.745038002189263,1.745038002189263,-1.1027292680324738,-1.1027292680324738,-1.1027292680324738,0.0,0.0,0.0,28.79470195091673,clothing,Clothing & Accessories,running shoes,SRC-TRENDS-001,prophet
2026-07-26,17.767816794696532,26.0511810047848,38.920328313465966,17.767816794696532,17.767816794696532,0.8422667963710714,0.8422667963710714,0.8422667963710714,1.745038002189263,1.745038002189263,1.745038002189263,-0.9027712058181916,-0.9027712058181916,-0.9027712058181916,0.0,0.0,0.0,32.733058924873696,clothing,Clothing & Accessories,running shoes,SRC-TRENDS-001,prophet
2026-08-02,18.002570924594664,30.78174622544688,43.5333417718651,18.002570924594664,18.002570924594664,1.071056038084406,1.071056038084406,1.071056038084406,1.745038002189263,1.745038002189263,1.745038002189263,-0.673981964104857,-0.673981964104857,-0.673981964104857,0.0,0.0,0.0,37.28433321442455,clothing,Clothing & Accessories,running shoes,SRC-TRENDS-001,prophet
2026-08-09,18.237325054492793,36.34133019934158,49.226313949015704,18.237325054492793,18.237325054492793,1.3458419452811046,1.3458419452811046,1.3458419452811046,1.745038002189263,1.745038002189263,1.745038002189263,-0.3991960569081583,-0.3991960569081583,-0.3991960569081583,0.0,0.0,0.0,42.7818820825552,clothing,Clothing & Accessories,running shoes,SRC-TRENDS-001,prophet
2026-08-16,18.47207918439092,43.84693110894675,56.46939046300357,18.47207918439092,18.47207918439092,1.705468529703952,1.705468529703952,1.705468529703952,1.745038002189263,1.745038002189263,1.745038002189263,-0.039569472485311036,-0.039569472485311036,-0.039569472485311036,0.0,0.0,0.0,49.97562891156908,clothing,Clothing & Accessories,running shoes,SRC-TRENDS-001,prophet
2026-08-23,18.70683331428905,49.745225250703555,62.84627828420629,18.70683331428905,18.70685778511997,2.0234681982653915,2.0234681982653915,2.0234681982653915,1.745038002189263,1.745038002189263,1.745038002189263,0.2784301960761283,0.2784301960761283,0.2784301960761283,0.0,0.0,0.0,56.55951561600452,clothing,Clothing & Accessories,running shoes,SRC-TRENDS-001,prophet
2026-08-30,18.94158744418718,51.53533862182476,64.45267076553579,18.93827140249964,18.94591364707303,2.0772772313474634,2.0772772313474634,2.0772772313474634,1.745038002189263,1.745038002189263,1.745038002189263,0.3322392291582006,0.3322392291582006,0.3322392291582006,0.0,0.0,0.0,58.288515767574204,clothing,Clothing & Accessories,running shoes,SRC-TRENDS-001,prophet
2026-09-06,19.17634157408532,47.88068162565108,60.46918089730853,19.166612389373128,19.187889516922645,1.8149876547894297,1.8149876547894297,1.8149876547894297,1.745038002189263,1.745038002189263,1.745038002189263,0.0699496526001667,0.0699496526001667,0.0699496526001667,0.0,0.0,0.0,53.98116479507548,clothing,Clothing & Accessories,running shoes,SRC-TRENDS-001,prophet
2026-09-13,19.41109570398345,41.35659066562881,53.9779556907032,19.394797915302608,19.432303708078965,1.4664337879224143,1.4664337879224143,1.4664337879224143,1.745038002189263,1.745038002189263,1.745038002189263,-0.27860421426684867,-0.27860421426684867,-0.27860421426684867,0.0,0.0,0.0,47.876182304900404,clothing,Clothing & Accessories,running shoes,SRC-TRENDS-001,prophet
2026-09-20,19.645849833881577,39.13266166892837,52.43962057367716,19.62170399466345,19.67524613674416,1.3190429769092835,1.3190429769092835,1.3190429769092835,1.745038002189263,1.745038002189263,1.745038002189263,-0.42599502527997957,-0.42599502527997957,-0.42599502527997957,0.0,0.0,0.0,45.55957008267749,clothing,Clothing & Accessories,running shoes,SRC-TRENDS-001,prophet
2026-09-27,19.88060396377971,41.53581428335327,54.55639139111263,19.844456036558757,19.921580444439208,1.406917290781013,1.406917290781013,1.406917290781013,1.745038002189263,1.745038002189263,1.745038002189263,-0.3381207114082501,-0.3381207114082501,-0.3381207114082501,0.0,0.0,0.0,47.850969431590926,clothing,Clothing & Accessories,running shoes,SRC-TRENDS-001,prophet
2026-10-04,20.115358093677838,43.52260831345031,56.48560947552776,20.066627798524607,20.17320822024375,1.4906684138513697,1.4906684138513697,1.4906684138513697,1.745038002189263,1.745038002189263,1.745038002189263,-0.2543695883378933,-0.2543695883378933,-0.2543695883378933,0.0,0.0,0.0,50.10068703723289,clothing,Clothing & Accessories,running shoes,SRC-TRENDS-001,prophet
2026-10-11,20.350112223575977,41.251105863737386,54.516289872472974,20.28829815503238,20.42106396869287,1.3587971779230608,1.3587971779230608,1.3587971779230608,1.745038002189263,1.745038002189263,1.745038002189263,-0.3862408242662024,-0.3862408242662024,-0.3862408242662024,0.0,0.0,0.0,48.001787283388595,clothing,Clothing & Accessories,running shoes,SRC-TRENDS-001,prophet
2026-10-18,20.58486635347412,36.720774286563646,49.446587425179715,20.510488477576374,20.677219671742105,1.0890248621610965,1.0890248621610965,1.0890248621610965,1.745038002189263,1.745038002189263,1.745038002189263,-0.6560131400281664,-0.6560131400281664,-0.6560131400281664,0.0,0.0,0.0,43.002297596670864,clothing,Clothing & Accessories,running shoes,SRC-TRENDS-001,prophet
2026-10-25,20.819620483372248,34.15911574608495,47.75769003495252,20.73152349416645,20.929500906729917,0.9595594129269557,0.9595594129269557,0.9595594129269557,1.745038002189263,1.745038002189263,1.745038002189263,-0.7854785892623073,-0.7854785892623073,-0.7854785892623073,0.0,0.0,0.0,40.797283291758944,clothing,Clothing & Accessories,running shoes,SRC-TRENDS-001,prophet
2026-11-01,21.054374613270376,38.19670615477995,50.96326792234369,20.95198787048827,21.180025547723076,1.1265256838934434,1.1265256838934434,1.1265256838934434,1.7450380021892629,1.7450380021892629,1.7450380021892629,-0.6185123182958197,-0.6185123182958197,-0.6185123182958197,0.0,0.0,0.0,44.77266837343353,clothing,Clothing & Accessories,running shoes,SRC-TRENDS-001,prophet
2026-11-08,21.289128743168504,45.64934613062696,58.29112785764723,21.17188424617657,21.4295221696953,1.4536005948493274,1.4536005948493274,1.4536005948493274,1.745038002189263,1.745038002189263,1.745038002189263,-0.2914374073399356,-0.2914374073399356,-0.2914374073399356,0.0,0.0,0.0,52.235018948062155,clothing,Clothing & Accessories,running shoes,SRC-TRENDS-001,prophet
2021-08-15,21.028293,53.62124132922142,63.46556191631163,21.028293,21.028293,1.8020690859260513,1.8020690859260513,1.8020690859260513,1.9166525468560534,1.9166525468560534,1.9166525468560534,-0.11458346093000202,-0.11458346093000202,-0.11458346093000202,0.0,0.0,0.0,58.92272974509519,health,Health & Personal Care,vitamins,SRC-TRENDS-001,prophet
2021-08-22,20.994348220769233,55.14146122187252,64.66502991761824,20.994348220769233,20.994348220769233,1.856097597022007,1.856097597022007,1.856097597022007,1.9166525468560534,1.9166525468560534,1.9166525468560534,-0.06055494983404648,-0.06055494983404648,-0.06055494983404648,0.0,0.0,0.0,59.96190750438225,health,Health & Personal Care,vitamins,SRC-TRENDS-001,prophet
2021-08-29,20.96040344153846,55.012184226035686,64.81545516670329,20.96040344153846,20.96040344153846,1.8495704768725392,1.8495704768725392,1.8495704768725392,1.9166525468560534,1.9166525468560534,1.9166525468560534,-0.06708206998351413,-0.06708206998351413,-0.06708206998351413,0.0,0.0,0.0,59.72814683034556,health,Health & Personal Care,vitamins,SRC-TRENDS-001,prophet
2021-09-05,20.92645866230769,53.89623948077394,63.9975319724479,20.92645866230769,20.92645866230769,1.8139742311004374,1.8139742311004374,1.8139742311004374,1.9166525468560534,1.9166525468560534,1.9166525468560534,-0.10267831575561587,-0.10267831575561587,-0.10267831575561587,0.0,0.0,0.0,58.886515423922376,health,Health & Personal Care,vitamins,SRC-TRENDS-001,prophet
2021-09-12,20.892513883076923,53.47132748370941,63.26600146444579,20.892513883076923,20.892513883076923,1.7926995062666058,1.7926995062666058,1.7926995062666058,1.9166525468560534,1.9166525468560534,1.9166525468560534,-0.12395304058944764,-0.12395304058944764,-0.12395304058944764,0.0,0.0,0.0,58.34651320593713,health,Health & Personal Care,vitamins,SRC-TRENDS-001,prophet
2021-09-19,20.858569103846154,53.29564466493166,63.32886853119788,20.858569103846154,20.858569103846154,1.7880196506844985,1.7880196506844985,1.7880196506844985,1.9166525468560534,1.9166525468560534,1.9166525468560534,-0.12863289617155493,-0.12863289617155493,-0.12863289617155493,0.0,0.0,0.0,58.15410054668363,health,Health & Personal Care,vitamins,SRC-TRENDS-001,prophet
2021-09-26,20.824624324615385,52.52617113354999,62.838830912146754,20.824624324615385,20.824624324615385,1.7770530500083452,1.7770530500083452,1.7770530500083452,1.9166525468560534,1.9166525468560534,1.9166525468560534,-0.1395994968477081,-0.1395994968477081,-0.1395994968477081,0.0,0.0,0.0,57.83108649595113,health,Health & Personal Care,vitamins,SRC-TRENDS-001,prophet
2021-10-03,20.790679545384616,52.45922242297765,62.25583318632507,20.790679545384616,20.790679545384616,1.7594463795756727,1.7594463795756727,1.7594463795756727,1.9166525468560534,1.9166525468560534,1.9166525468560534,-0.1572061672803807,-0.1572061672803807,-0.1572061672803807,0.0,0.0,0.0,57.370765400429576,health,Health & Personal Care,vitamins,SRC-TRENDS-001,prophet
2021-10-10,20.756734766153848,52.79536458289911,62.5590434290673,20.756734766153848,20.756734766153848,1.7607238630843007,1.7607238630843007,1.7607238630843007,1.9166525468560534,1.9166525468560534,1.9166525468560534,-0.1559286837717526,-0.1559286837717526,-0.1559286837717526,0.0,0.0,0.0,57.30361298863246,health,Health & Personal Care,vitamins,SRC-TRENDS-001,prophet
2021-10-17,20.722789992159367,52.75759704989009,62.607326201545426,20.722789992159367,20.722789992159367,1.787022886709397,1.787022886709397,1.787022886709397,1.9166525468560534,1.9166525468560534,1.9166525468560534,-0.12962966014665633,-0.12962966014665633,-0.12962966014665633,0.0,0.0,0.0,57.7548899846206,health,Health & Personal Care,vitamins,SRC-TRENDS-001,prophet
2021-10-24,20.688845218164882,53.22112372170522,62.79932288952627,20.688845218164882,20.688845218164882,1.8029807981489236,1.8029807981489236,1.8029807981489236,1.9166525468560536,1.9166525468560536,1.9166525468560536,-0.11367174870712987,-0.11367174870712987,-0.11367174870712987,0.0,0.0,0.0,57.990435882391346,health,Health & Personal Care,vitamins,SRC-TRENDS-001,prophet
2021-10-31,20.654900444170398,52.37732065201181,62.0680970477409,20.654900444170398,20.654900444170398,1.7741887774349139,1.7741887774349139,1.7741887774349139,1.9166525468560534,1.9166525468560534,1.9166525468560534,-0.14246376942113942,-0.14246376942113942,-0.14246376942113942,0.0,0.0,0.0,57.300593011252936,health,Health & Personal Care,vitamins,SRC-TRENDS-001,prophet
2021-11-07,20.620955670175917,50.91819381344365,60.96122126390023,20.620955670175917,20.620955670175917,1.7190812751315667,1.7190812751315667,1.7190812751315667,1.9166525468560534,1.9166525468560534,1.9166525468560534,-0.19757127172448666,-0.19757127172448666,-0.19757127172448666,0.0,0.0,0.0,56.070054438093436,health,Health & Personal Care,vitamins,SRC-TRENDS-001,prophet
2021-11-14,20.587010896181432,50.31451173371309,60.390809605373065,20.587010896181432,20.587010896181432,1.691159333226745,1.691159333226745,1.691159333226745,1.9166525468560536,1.9166525468560536,1.9166525468560536,-0.2254932136293086,-0.2254932136293086,-0.2254932136293086,0.0,0.0,0.0,55.40292651649935,health,Health & Personal Care,vitamins,SRC-TRENDS-001,prophet
2021-11-21,20.55306612218695,50.46024996107112,60.746381061149734,20.55306612218695,20.55306612218695,1.7053704584574418,1.7053704584574418,1.7053704584574418,1.9166525468560534,1.9166525468560534,1.9166525468560534,-0.21128208839861157,-0.21128208839861157,-0.21128208839861157,0.0,0.0,0.0,55.60365791768703,health,Health & Personal Care,vitamins,SRC-TRENDS-001,prophet
2021-11-28,20.519121348192463,50.52722552119822,60.84864353299395,20.519121348192463,20.519121348192463,1.7105451109496888,1.7105451109496888,1.7105451109496888,1.9166525468560534,1.9166525468560534,1.9166525468560534,-0.20610743590636446,-0.20610743590636446,-0.20610743590636446,0.0,0.0,0.0,55.618004051326466,health,Health & Personal Care,vitamins,SRC-TRENDS-001,prophet
2021-12-05,20.485176574197983,49.94246293340677,59.57985255858065,20.485176574197983,20.485176574197983,1.6624127796621158,1.6624127796621158,1.6624127796621158,1.9166525468560536,1.9166525468560536,1.9166525468560536,-0.25423976719393776,-0.25423976719393776,-0.25423976719393776,0.0,0.0,0.0,54.539995904779715,health,Health & Personal Care,vitamins,SRC-TRENDS-001,prophet
2021-12-12,20.451231800203498,48.24631742082459,58.64207860261182,20.451231800203498,20.451231800203498,1.6141523434703229,1.6141523434703229,1.6141523434703229,1.9166525468560534,1.9166525468560534,1.9166525468560534,-0.3025002033857305,-0.3025002033857305,-0.3025002033857305,0.0,0.0,0.0,53.46263553735677,health,Health & Personal Care,vitamins,SRC-TRENDS-001,prophet
2021-12-19,20.417287041102494,49.674128415742736,60.00018631694834,20.417287041102494,20.417287041102494,1.6937776208079953,1.6937776208079953,1.6937776208079953,1.9166525468560534,1.9166525468560534,1.9166525468560534,-0.22287492604805798,-0.22287492604805798,-0.22287492604805798,0.0,0.0,0.0,54.99963090893499,health,Health & Personal Care,vitamins,SRC-TRENDS-001,prophet
2021-12-26,20.38334228200149,55.19480868465077,65.35895292519304,20.38334228200149,20.38334228200149,1.9631138622542836,1.9631138622542836,1.9631138622542836,1.9166525468560534,1.9166525468560534,1.9166525468560534,0.04646131539823037,0.04646131539823037,0.04646131539823037,0.0,0.0,0.0,60.39816407487248,health,Health & Personal Care,vitamins,SRC-TRENDS-001,prophet
2022-01-02,20.349397522900485,62.36352210442218,72.62886359782266,20.349397522900485,20.349397522900485,2.311725079465803,2.311725079465803,2.311725079465803,1.9166525468560534,1.9166525468560534,1.9166525468560534,0.39507253260974934,0.39507253260974934,0.39507253260974934,0.0,0.0,0.0,67.39161012860882,health,Health & Personal Care,vitamins,SRC-TRENDS-001,prophet
2022-01-09,20.31545276379948,66.80524005957102,76.61967332831064,20.31545276379948,20.31545276379948,2.526683155979322,2.526683155979322,2.526683155979322,1.9166525468560534,1.9166525468560534,1.9166525468560534,0.610030609123269,0.610030609123269,0.610030609123269,0.0,0.0,0.0,71.6461650681852,health,Health & Personal Care,vitamins,SRC-TRENDS-001,prophet
2022-01-16,20.281508004698473,65.88289896209898,75.65007599329226,20.281508004698473,20.281508004698473,2.4872570225042816,2.4872570225042816,2.4872570225042816,1.9166525468560534,1.9166525468560534,1.9166525468560534,0.570604475648228,0.570604475648228,0.570604475648228,0.0,0.0,0.0,70.72683121636155,health,Health & Personal Care,vitamins,SRC-TRENDS-001,prophet
2022-01-23,20.24756324559747,61.9049801745328,71.38892139363686,20.24756324559747,20.24756324559747,2.280764067358576,2.280764067358576,2.280764067358576,1.9166525468560534,1.9166525468560534,1.9166525468560534,0.3641115205025229,0.3641115205025229,0.3641115205025229,0.0,0.0,0.0,66.42747794772636,health,Health & Personal Care,vitamins,SRC-TRENDS-001,prophet
2022-01-30,20.213618486496465,57.91213132797949,67.52721758752301,20.213618486496465,20.213618486496465,2.1109853858345513,2.1109853858345513,2.1109853858345513,1.9166525468560536,1.9166525468560536,1.9166525468560536,0.19433283897849746,0.19433283897849746,0.19433283897849746,0.0,0.0,0.0,62.88427170632562,health,Health & Personal Care,vitamins,SRC-TRENDS-001,prophet
2022-02-06,20.179673727395457,57.09775845675097,67.37502094687777,20.179673727395457,20.179673727395457,2.0973260374182185,2.0973260374182185,2.0973260374182185,1.9166525468560534,1.9166525468560534,1.9166525468560534,0.18067349056216545,0.18067349056216545,0.18067349056216545,0.0,0.0,0.0,62.5030288624663,health,Health & Personal Care,vitamins,SRC-TRENDS-001,prophet
2022-02-13,20.14572896988381,59.23987322144892,68.8957198551001,20.14572896988381,20.14572896988381,2.1803888781479657,2.1803888781479657,2.1803888781479657,1.9166525468560534,1.9166525468560534,1.9166525468560534,0.2637363312919126,0.2637363312919126,0.2637363312919126,0.0,0.0,0.0,64.07125235800174,health,Health & Personal Care,vitamins,SRC-TRENDS-001,prophet
2022-02-20,20.111784212372157,59.92232462954622,69.47883892871634,20.111784212372157,20.111784212372157,2.222081416173056,2.222081416173056,2.222081416173056,1.9166525468560534,1.9166525468560534,1.9166525468560534,0.30542886931700275,0.30542886931700275,0.30542886931700275,0.0,0.0,0.0,64.801806156767,health,Health & Personal Care,vitamins,SRC-TRENDS-001,prophet
2022-02-27,20.077839454860506,58.61764687014703,68.72670843484244,20.077839454860506,20.077839454860506,2.1685448811899777,2.1685448811899777,2.1685448811899777,1.9166525468560534,1.9166525468560534,1.9166525468560534,0.25189233433392405,0.25189233433392405,0.25189233433392405,0.0,0.0,0.0,63.61753543005243,health,Health & Personal Care,vitamins,SRC-TRENDS-001,prophet
2022-03-06,20.043894697348854,57.40089370176316,66.74289866290978,20.043894697348854,20.043894697348854,2.089003782035564,2.089003782035564,2.089003782035564,1.9166525468560534,1.9166525468560534,1.9166525468560534,0.17235123517951054,0.17235123517951054,0.17235123517951054,0.0,0.0,0.0,61.91566652683319,health,Health & Personal Care,vitamins,SRC-TRENDS-001,prophet
2022-03-13,20.009949939837202,56.74251836285532,66.38793872741371,20.009949939837202,20.009949939837202,2.066526110103215,2.066526110103215,2.066526110103215,1.9166525468560534,1.9166525468560534,1.9166525468560534,0.14987356324716183,0.14987356324716183,0.14987356324716183,0.0,0.0,0.0,61.36103395236904,health,Health & Personal Care,vitamins,SRC-TRENDS-001,prophet
2022-03-20,19.97600518232555,56.922093547843765,66.82315222668983,19.97600518232555,19.97600518232555,2.0914280192467913,2.0914280192467913,2.0914280192467913,1.9166525468560534,1.9166525468560534,1.9166525468560534,0.17477547239073826,0.17477547239073826,0.17477547239073826,0.0,0.0,0.0,61.754382133260314,health,Health & Personal Care,vitamins,SRC-TRENDS-001,prophet
2022-03-27,19.9420604248139,56.785602303612926,66.59876933219046,19.9420604248139,19.9420604248139,2.0869820527572167,2.0869820527572167,2.0869820527572167,1.9166525468560534,1.9166525468560534,1.9166525468560534,0.17032950590116347,0.17032950590116347,0.17032950590116347,0.0,0.0,0.0,61.56078262640047,health,Health & Personal Care,vitamins,SRC-TRENDS-001,prophet
2022-04-03,19.908115667302244,54.7503910692398,65.09944807121667,19.908115667302244,19.908115667302244,2.0210284956968985,2.0210284956968985,2.0210284956968985,1.9166525468560534,1.9166525468560534,1.9166525468560534,0.10437594884084497,0.10437594884084497,0.10437594884084497,0.0,0.0,0.0,60.142984726549955,health,Health & Personal Care,vitamins,SRC-TRENDS-001,prophet
2022-04-10,19.889574794405977,54.10718516051967,63.51116105783265,19.889574794405977,19.889574794405977,1.9525052326493246,1.9525052326493246,1.9525052326493246,1.9166525468560534,1.9166525468560534,1.9166525468560534,0.035852685793271166,0.035852685793271166,0.035852685793271166,0.0,0.0,0.0,58.72407365565376,health,Health & Personal Care,vitamins,SRC-TRENDS-001,prophet
2022-04-17,19.871033921509714,53.72765332218456,63.35673484665012,19.871033921509714,19.871033921509714,1.9537734989156992,1.9537734989156992,1.9537734989156992,1.9166525468560534,1.9166525468560534,1.9166525468560534,0.03712095205964591,0.03712095205964591,0.03712095205964591,0.0,0.0,0.0,58.69453339341029,health,Health & Personal Care,vitamins,SRC-TRENDS-001,prophet
2022-04-24,19.852493048613443,54.75756525295857,64.61062394370967,19.852493048613443,19.852493048613443,2.0121930178044964,2.0121930178044964,2.0121930178044964,1.9166525468560534,1.9166525468560534,1.9166525468560534,0.09554047094844288,0.09554047094844288,0.09554047094844288,0.0,0.0,0.0,59.79954094704571,health,Health & Personal Care,vitamins,SRC-TRENDS-001,prophet
2022-05-01,19.833952175717176,55.110611188612886,64.87900294282223,19.833952175717176,19.833952175717176,2.0393049793198257,2.0393049793198257,2.0393049793198257,1.9166525468560534,1.9166525468560534,1.9166525468560534,0.1226524324637725,0.1226524324637725,0.1226524324637725,0.0,0.0,0.0,60.281429607248505,health,Health & Personal Care,vitamins,SRC-TRENDS-001,prophet
2022-05-08,19.81541130282091,53.964888517910886,63.72473305452764,19.81541130282091,19.81541130282091,1.9765131852990891,1.9765131852990891,1.9765131852990891,1.9166525468560534,1.9166525468560534,1.9166525468560534,0.059860638443035886,0.059860638443035886,0.059860638443035886,0.0,0.0,0.0,58.98083301497104,health,Health & Personal Care,vitamins,SRC-TRENDS-001,prophet
2022-05-15,19.796870429924642,51.8806541309322,61.522290920176225,19.796870429924642,19.796870429924642,1.8641063428642686,1.8641063428642686,1.8641063428642686,1.9166525468560534,1.9166525468560534,1.9166525468560534,-0.05254620399178499,-0.05254620399178499,-0.05254620399178499,0.0,0.0,0.0,56.70034216720924,health,Health & Personal Care,vitamins,SRC-TRENDS-001,prophet
2022-05-22,19.778329557028375,50.76700457967395,60.33181392488706,19.778329557028375,19.778329557028375,1.7897828312055255,1.7897828312055255,1.7897828312055255,1.9166525468560534,1.9166525468560534,1.9166525468560534,-0.12686971565052774,-0.12686971565052774,-0.12686971565052774,0.0,0.0,0.0,55.17724422812255,health,Health & Personal Care,vitamins,SRC-TRENDS-001,prophet
2022-05-29,19.75978868413211,50.164767747245314,59.910145749394964,19.75978868413211,19.75978868413211,1.7859662341672524,1.7859662341672524,1.7859662341672524,1.9166525468560534,1.9166525468560534,1.9166525468560534,-0.13068631268880093,-0.13068631268880093,-0.13068631268880093,0.0,0.0,0.0,55.050104068272226,health,Health & Personal Care,vitamins,SRC-TRENDS-001,prophet
2022-06-05,19.769277038928152,50.53814072966429,60.28127841638243,19.769277038928152,19.769277038928152,1.8052773455212519,1.8052773455212519,1.8052773455212519,1.9166525468560534,1.9166525468560534,1.9166525468560534,-0.11137520133480172,-0.11137520133480172,-0.11137520133480172,0.0,0.0,0.0,55.4583050146386,health,Health & Personal Care,vitamins,SRC-TRENDS-001,prophet
2022-06-12,19.778765393724193,50.295928842121725,60.050333233138716,19.778765393724193,19.778765393724193,1.7977591309486611,1.7977591309486611,1.7977591309486611,1.9166525468560534,1.9166525468560534,1.9166525468560534,-0.11889341590739222,-0.11889341590739222,-0.11889341590739222,0.0,0.0,0.0,55.336221479183244,health,Health & Personal Care,vitamins,SRC-TRENDS-001,prophet
2022-06-19,19.788253748520233,49.63039249237888,59.63700434784175,19.788253748520233,19.788253748520233,1.782116195578709,1.782116195578709,1.782116195578709,1.9166525468560534,1.9166525468560534,1.9166525468560534,-0.1345363512773446,-0.1345363512773446,-0.1345363512773446,0.0,0.0,0.0,55.05322123597924,health,Health & Personal Care,vitamins,SRC-TRENDS-001,prophet
2022-06-26,19.797742103316274,50.622360650504255,60.5681366360531,19.797742103316274,19.797742103316274,1.815377159216916,1.815377159216916,1.815377159216916,1.9166525468560534,1.9166525468560534,1.9166525468560534,-0.10127538763913776,-0.10127538763913776,-0.10127538763913776,0.0,0.0,0.0,55.738110921743704,health,Health & Personal Care,vitamins,SRC-TRENDS-001,prophet
2022-07-03,19.80723045811231,52.62364766529904,62.35883616707836,19.80723045811231,19.80723045811231,1.90212214773624,1.90212214773624,1.90212214773624,1.9166525468560534,1.9166525468560534,1.9166525468560534,-0.01453039911981345,-0.01453039911981345,-0.01453039911981345,0.0,0.0,0.0,57.48300219780357,health,Health & Personal Care,vitamins,SRC-TRENDS-001,prophet
2022-07-10,19.816718812908356,53.96057417920481,63.67441602532635,19.816718812908356,19.816718812908356,1.9667522999963278,1.9667522999963278,1.9667522999963278,1.9166525468560536,1.9166525468560536,1.9166525468560536,0.05009975314027415,0.05009975314027415,0.05009975314027415,0.0,0.0,0.0,58.79129611657636,health,Health & Personal Care,vitamins,SRC-TRENDS-001,prophet
2022-07-17,19.826207167704396,53.12691458938205,62.81277475361165,19.826207167704396,19.826207167704396,1.933254169586624,1.933254169586624,1.933254169586624,1.9166525468560534,1.9166525468560534,1.9166525468560534,0.016601622730570732,0.016601622730570732,0.016601622730570732,0.0,0.0,0.0,58.155304841757136,health,Health & Personal Care,vitamins,SRC-TRENDS-001,prophet
2022-07-24,19.835695522500433,50.79438479052048,60.946300320155615,19.835695522500433,19.835695522500433,1.8179507144680678,1.8179507144680678,1.8179507144680678,1.9166525468560534,1.9166525468560534,1.9166525468560534,-0.09870183238798552,-0.09870183238798552,-0.09870183238798552,0.0,0.0,0.0,55.896012369601145,health,Health & Personal Care,vitamins,SRC-TRENDS-001,prophet
2022-07-31,19.845183877296474,49.04300714536722,58.67611147709799,19.845183877296474,19.845183877296474,1.719758599638617,1.719758599638617,1.719758599638617,1.9166525468560534,1.9166525468560534,1.9166525468560534,-0.19689394721743633,-0.19689394721743633,-0.19689394721743633,0.0,0.0,0.0,53.97410951168672,health,Health & Personal Care,vitamins,SRC-TRENDS-001,prophet
2022-08-07,19.854672229589863,48.97742072109246,58.45139027188239,19.854672229589863,19.854672229589863,1.7163995755152897,1.7163995755152897,1.7163995755152897,1.9166525468560534,1.9166525468560534,1.9166525468560534,-0.20025297134076375,-0.20025297134076375,-0.20025297134076375,0.0,0.0,0.0,53.933223216453115,health,Health & Personal Care,vitamins,SRC-TRENDS-001,prophet
2022-08-14,19.86416058188325,50.62225971004868,60.105354496698396,19.86416058188325,19.86416058188325,1.7878038076475808,1.7878038076475808,1.7878038076475808,1.9166525468560534,1.9166525468560534,1.9166525468560534,-0.12884873920847248,-0.12884873920847248,-0.12884873920847248,0.0,0.0,0.0,55.37738250589712,health,Health & Personal Care,vitamins,SRC-TRENDS-001,prophet
2022-08-21,19.87364893417664,51.838753147494074,61.53418043104911,19.87364893417664,19.87364893417664,1.850852540800769,1.850852540800769,1.850852540800769,1.9166525468560534,1.9166525468560534,1.9166525468560534,-0.0658000060552843,-0.0658000060552843,-0.0658000060552843,0.0,0.0,0.0,56.656842558979974,health,Health & Personal Care,vitamins,SRC-TRENDS-001,prophet
2022-08-28,19.883137286470028,51.95900571245984,61.78609688676781,19.883137286470028,19.883137286470028,1.8543808614974129,1.8543808614974129,1.8543808614974129,1.9166525468560534,1.9166525468560534,1.9166525468560534,-0.062271685358640416,-0.062271685358640416,-0.062271685358640416,0.0,0.0,0.0,56.75404653702565,health,Health & Personal Care,vitamins,SRC-TRENDS-001,prophet
2022-09-04,19.892625638763413,51.12960863036555,61.212471163713914,19.892625638763413,19.892625638763413,1.8201311493589727,1.8201311493589727,1.8201311493589727,1.9166525468560534,1.9166525468560534,1.9166525468560534,-0.09652139749708072,-0.09652139749708072,-0.09652139749708072,0.0,0.0,0.0,56.09981320641363,health,Health & Personal Care,vitamins,SRC-TRENDS-001,prophet
2022-09-11,19.9021139910568,51.140341038657574,60.870722702759785,19.9021139910568,19.9021139910568,1.7947380038345468,1.7947380038345468,1.7947380038345468,1.9166525468560534,1.9166525468560534,1.9166525468560534,-0.12191454302150641,-0.12191454302150641,-0.12191454302150641,0.0,0.0,0.0,55.621194327453686,health,Health & Personal Care,vitamins,SRC-TRENDS-001,prophet
2022-09-18,19.91160234335019,50.54388564839216,60.333699241029876,19.91160234335019,19.91160234335019,1.788724965925339,1.788724965925339,1.788724965925339,1.9166525468560534,1.9166525468560534,1.9166525468560534,-0.1279275809307144,-0.1279275809307144,-0.1279275809307144,0.0,0.0,0.0,55.52798256647816,health,Health & Personal Care,vitamins,SRC-TRENDS-001,prophet
2022-09-25,19.921090695643578,50.29187170743897,60.413558896008084,19.921090695643578,19.921090695643578,1.7799980323349804,1.7799980323349804,1.7799980323349804,1.9166525468560534,1.9166525468560534,1.9166525468560534,-0.13665451452107286,-0.13665451452107286,-0.13665451452107286,0.0,0.0,0.0,55.38059293585583,health,Health & Personal Care,vitamins,SRC-TRENDS-001,prophet
2022-10-02,19.93057906420287,50.0152189726715,60.11754259713174,19.93057906420287,19.93057906420287,1.7619878232008297,1.7619878232008297,1.7619878232008297,1.9166525468560534,1.9166525468560534,1.9166525468560534,-0.15466472365522357,-0.15466472365522357,-0.15466472365522357,0.0,0.0,0.0,55.04801668466972,health,Health & Personal Care,vitamins,SRC-TRENDS-001,prophet
2022-10-09,19.940067432762167,49.733247764149525,59.74365776578572,19.940067432762167,19.940067432762167,1.7582404915237853,1.7582404915237853,1.7582404915237853,1.9166525468560536,1.9166525468560536,1.9166525468560536,-0.1584120553322684,-0.1584120553322684,-0.1584120553322684,0.0,0.0,0.0,54.999501396759335,health,Health & Personal Care,vitamins,SRC-TRENDS-001,prophet
2022-10-16,19.94955580132146,50.34251932249068,60.19517966830864,19.94955580132146,19.94955580132146,1.7816924223939499,1.7816924223939499,1.7816924223939499,1.9166525468560534,1.9166525468560534,1.9166525468560534,-0.1349601244621035,-0.1349601244621035,-0.1349601244621035,0.0,0.0,0.0,55.49352820266116,health,Health & Personal Care,vitamins,SRC-TRENDS-001,prophet
2022-10-23,19.959044169880755,51.06239575246764,60.91540523641151,19.959044169880755,19.959044169880755,1.802939361198966,1.802939361198966,1.802939361198966,1.9166525468560534,1.9166525468560534,1.9166525468560534,-0.11371318565708745,-0.11371318565708745,-0.11371318565708745,0.0,0.0,0.0,55.943990515667515,health,Health & Personal Care,vitamins,SRC-TRENDS-001,prophet
2022-10-30,19.968532538440048,50.65906321645169,60.50205154252343,19.968532538440048,19.968532538440048,1.7825966399906146,1.7825966399906146,1.7825966399906146,1.9166525468560534,1.9166525468560534,1.9166525468560534,-0.13405590686543883,-0.13405590686543883,-0.13405590686543883,0.0,0.0,0.0,55.56437154700654,health,Health & Personal Care,vitamins,SRC-TRENDS-001,prophet
2022-11-06,19.97802090699934,49.651358502312476,59.239480294427864,19.97802090699934,19.97802090699934,1.7284021770117022,1.7284021770117022,1.7284021770117022,1.9166525468560534,1.9166525468560534,1.9166525468560534,-0.18825036984435123,-0.18825036984435123,-0.18825036984435123,0.0,0.0,0.0,54.508075735042304,health,Health & Personal Care,vitamins,SRC-TRENDS-001,prophet
2022-11-13,19.987509275558637,48.66614715357621,58.50751413418149,19.987509275558637,19.987509275558637,1.692495356941785,1.692495356941785,1.692495356941785,1.9166525468560534,1.9166525468560534,1.9166525468560534,-0.22415718991426836,-0.22415718991426836,-0.22415718991426836,0.0,0.0,0.0,53.81627592127249,health,Health & Personal Care,vitamins,SRC-TRENDS-001,prophet
2022-11-20,19.996997644117933,49.288137144273136,59.273972942617945,19.996997644117933,19.996997644117933,1.7014692260799813,1.7014692260799813,1.7014692260799813,1.9166525468560534,1.9166525468560534,1.9166525468560534,-0.21518332077607202,-0.21518332077607202,-0.21518332077607202,0.0,0.0,0.0,54.021273749578484,health,Health & Personal Care,vitamins,SRC-TRENDS-001,prophet
2022-11-27,20.006486010550272,49.3905826125154,59.18236272214792,20.006486010550272,20.006486010550272,1.7131922928791772,1.7131922928791772,1.7131922928791772,1.9166525468560534,1.9166525468560534,1.9166525468560534,-0.20346025397687606,-0.20346025397687606,-0.20346025397687606,0.0,0.0,0.0,54.281443651420076,health,Health & Personal Care,vitamins,SRC-TRENDS-001,prophet
2022-12-04,20.015974376982612,48.86670190853439,58.33782513270681,20.015974376982612,20.015974376982612,1.6740875678057503,1.6740875678057503,1.6740875678057503,1.9166525468560534,1.9166525468560534,1.9166525468560534,-0.2425649790503031,-0.2425649790503031,-0.2425649790503031,0.0,0.0,0.0,53.524468239007646,health,Health & Personal Care,vitamins,SRC-TRENDS-001,prophet
2022-12-11,20.025462743414955,47.39882270305997,57.17852738530635,20.025462743414955,20.025462743414955,1.6171685795959276,1.6171685795959276,1.6171685795959276,1.9166525468560534,1.9166525468560534,1.9166525468560534,-0.29948396726012577,-0.29948396726012577,-0.29948396726012577,0.0,0.0,0.0,52.41001188393449,health,Health & Personal Care,vitamins,SRC-TRENDS-001,prophet
2022-12-18,20.034951109847295,48.76146131683681,58.59048341278226,20.034951109847295,20.034951109847295,1.665389323205644,1.665389323205644,1.665389323205644,1.9166525468560536,1.9166525468560536,1.9166525468560536,-0.25126322365040954,-0.25126322365040954,-0.25126322365040954,0.0,0.0,0.0,53.40094477913404,health,Health & Personal Care,vitamins,SRC-TRENDS-001,prophet
2022-12-25,20.04443947627964,52.675682337219094,62.996647928527416,20.04443947627964,20.04443947627964,1.9037440360140874,1.9037440360140874,1.9037440360140874,1.9166525468560534,1.9166525468560534,1.9166525468560534,-0.012908510841966064,-0.012908510841966064,-0.012908510841966064,0.0,0.0,0.0,58.203921584492335,health,Health & Personal Care,vitamins,SRC-TRENDS-001,prophet
2023-01-01,20.05392784271198,60.28931395147666,70.01070406847757,20.05392784271198,20.05392784271198,2.2531729706313683,2.2531729706313683,2.2531729706313683,1.9166525468560534,1.9166525468560534,1.9166525468560534,0.33652042377531477,0.33652042377531477,0.33652042377531477,0.0,0.0,0.0,65.23889601290243,health,Health & Personal Care,vitamins,SRC-TRENDS-001,prophet
2023-01-08,20.06341620914432,65.38687769689716,75.65216453455275,20.06341620914432,20.06341620914432,2.506066362639899,2.506066362639899,2.506066362639899,1.9166525468560534,1.9166525468560534,1.9166525468560534,0.5894138157838458,0.5894138157838458,0.5894138157838458,0.0,0.0,0.0,70.34366869052502,health,Health & Personal Care,vitamins,SRC-TRENDS-001,prophet
2023-01-15,20.072904575576665,65.65186586002855,75.65520899726532,20.072904575576665,20.072904575576665,2.5116645904964843,2.5116645904964843,2.5116645904964843,1.9166525468560534,1.9166525468560534,1.9166525468560534,0.5950120436404307,0.5950120436404307,0.5950120436404307,0.0,0.0,0.0,70.48930822646743,health,Health & Personal Care,vitamins,SRC-TRENDS-001,prophet
2023-01-22,20.082392942009005,62.025369144942836,71.59041386158394,20.082392942009005,20.082392942009005,2.3208239287374273,2.3208239287374273,2.3208239287374273,1.9166525468560534,1.9166525468560534,1.9166525468560534,0.4041713818813738,0.4041713818813738,0.4041713818813738,0.0,0.0,0.0,66.69009102813112,health,Health & Personal Care,vitamins,SRC-TRENDS-001,prophet
2023-01-29,20.09177618665673,58.23919574766721,67.73905846866663,20.09177618665673,20.09177618665673,2.1309311484448283,2.1309311484448283,2.1309311484448283,1.9166525468560534,1.9166525468560534,1.9166525468560534,0.21427860158877482,0.21427860158877482,0.21427860158877482,0.0,0.0,0.0,62.90596789038561,health,Health & Personal Care,vitamins,SRC-TRENDS-001,prophet
2023-02-05,20.101159431304456,57.0324970954491,67.07044400081438,20.101159431304456,20.101159431304456,2.0889220734717098,2.0889220734717098,2.0889220734717098,1.9166525468560534,1.9166525468560534,1.9166525468560534,0.17226952661565637,0.17226952661565637,0.17226952661565637,0.0,0.0,0.0,62.09091506973038,health,Health & Personal Care,vitamins,SRC-TRENDS-001,prophet
2023-02-12,20.110542675952185,58.74626442610497,68.77381805733398,20.110542675952185,20.110542675952185,2.1649422188285277,2.1649422188285277,2.1649422188285277,1.9166525468560534,1.9166525468560534,1.9166525468560534,0.24828967197247445,0.24828967197247445,0.24828967197247445,0.0,0.0,0.0,63.6487055586739,health,Health & Personal Care,vitamins,SRC-TRENDS-001,prophet
2023-02-19,20.11992592059991,59.804611301655875,69.75579616553296,20.11992592059991,20.11992592059991,2.221966654870464,2.221966654870464,2.221966654870464,1.9166525468560534,1.9166525468560534,1.9166525468560534,0.30531410801441056,0.30531410801441056,0.30531410801441056,0.0,0.0,0.0,64.82573041463684,health,Health & Personal Care,vitamins,SRC-TRENDS-001,prophet
2023-02-26,20.129309165247637,59.28694457231122,68.97760173126332,20.129309165247637,20.129309165247637,2.1830439290951404,2.1830439290951404,2.1830439290951404,1.9166525468560534,1.9166525468560534,1.9166525468560534,0.2663913822390871,0.2663913822390871,0.2663913822390871,0.0,0.0,0.0,64.07247533532066,health,Health & Personal Care,vitamins,SRC-TRENDS-001,prophet
2023-03-05,20.138692409895363,57.27911726883205,67.74709090087005,20.138692409895363,20.138692409895363,2.1005243929917548,2.1005243929917548,2.1005243929917548,1.9166525468560534,1.9166525468560534,1.9166525468560534,0.1838718461357017,0.1838718461357017,0.1838718461357017,0.0,0.0,0.0,62.44050705983848,health,Health & Personal Care,vitamins,SRC-TRENDS-001,prophet
2023-03-12,20.14807565454309,56.85999227243571,66.59978386319972,20.14807565454309,20.14807565454309,2.0653600224950917,2.0653600224950917,2.0653600224950917,1.9166525468560534,1.9166525468560534,1.9166525468560534,0.14870747563903833,0.14870747563903833,0.14870747563903833,0.0,0.0,0.0,61.76110564164301,health,Health & Personal Care,vitamins,SRC-TRENDS-001,prophet
2023-03-19,20.157458899190818,57.59049858127766,67.26636717696304,20.157458899190818,20.157458899190818,2.0868624966288674,2.0868624966288674,2.0868624966288674,1.9166525468560534,1.9166525468560534,1.9166525468560534,0.17020994977281406,0.17020994977281406,0.17020994977281406,0.0,0.0,0.0,62.22330390324995,health,Health & Personal Care,vitamins,SRC-TRENDS-001,prophet
2023-03-26,20.157253010377005,57.585315192715036,67.37476799176632,20.157253010377005,20.157253010377005,2.0926584185692656,2.0926584185692656,2.0926584185692656,1.9166525468560534,1.9166525468560534,1.9166525468560534,0.17600587171321214,0.17600587171321214,0.17600587171321214,0.0,0.0,0.0,62.33949821777312,health,Health & Personal Care,vitamins,SRC-TRENDS-001,prophet
2023-04-02,20.157047121563192,56.283973172905526,66.51319470967935,20.157047121563192,20.157047121563192,2.035567057750195,2.035567057750195,2.035567057750195,1.9166525468560534,1.9166525468560534,1.9166525468560534,0.1189145108941417,0.1189145108941417,0.1189145108941417,0.0,0.0,0.0,61.18806822373562,health,Health & Personal Care,vitamins,SRC-TRENDS-001,prophet
2023-04-09,20.15684123274938,54.809072704585034,64.35455355353871,20.15684123274938,20.15684123274938,1.9609701402481687,1.9609701402481687,1.9609701402481687,1.9166525468560534,1.9166525468560534,1.9166525468560534,0.044317593392115474,0.044317593392115474,0.044317593392115474,0.0,0.0,0.0,59.683805011894,health,Health & Personal Care,vitamins,SRC-TRENDS-001,prophet
2023-04-16,20.156635343935566,54.82786784207551,64.64109132075534,20.156635343935566,20.156635343935566,1.9475642802452229,1.9475642802452229,1.9475642802452229,1.9166525468560534,1.9166525468560534,1.9166525468560534,0.03091173338916954,0.03091173338916954,0.03091173338916954,0.0,0.0,0.0,59.41297834971286,health,Health & Personal Care,vitamins,SRC-TRENDS-001,prophet
2023-04-23,20.156429455121756,55.130625662883,65.55274551793538,20.156429455121756,20.156429455121756,2.001207813223343,2.001207813223343,2.001207813223343,1.9166525468560534,1.9166525468560534,1.9166525468560534,0.08455526636728938,0.08455526636728938,0.08455526636728938,0.0,0.0,0.0,60.49363356739654,health,Health & Personal Care,vitamins,SRC-TRENDS-001,prophet
2023-04-30,20.156223566307943,56.08194934051472,66.3573064931856,20.156223566307943,20.156223566307943,2.0405798046343984,2.0405798046343984,2.0405798046343984,1.9166525468560534,1.9166525468560534,1.9166525468560534,0.1239272577783448,0.1239272577783448,0.1239272577783448,0.0,0.0,0.0,61.286606313411866,health,Health & Personal Care,vitamins,SRC-TRENDS-001,prophet
2023-05-07,20.15601767749413,55.047063680823214,65.339642001329,20.15601767749413,20.15601767749413,1.9937486380358846,1.9937486380358846,1.9937486380358846,1.9166525468560534,1.9166525468560534,1.9166525468560534,0.07709609117983127,0.07709609117983127,0.07709609117983127,0.0,0.0,0.0,60.34205047022527,health,Health & Personal Care,vitamins,SRC-TRENDS-001,prophet
2023-05-14,20.15581178868032,53.14472371101647,63.29239110278604,20.15581178868032,20.15581178868032,1.8836979884631062,1.8836979884631062,1.8836979884631062,1.9166525468560534,1.9166525468560534,1.9166525468560534,-0.03295455839294709,-0.03295455839294709,-0.03295455839294709,0.0,0.0,0.0,58.1232739108584,health,Health & Personal Care,vitamins,SRC-TRENDS-001,prophet
2023-05-21,20.15380294798189,51.30017721741865,61.651686493636916,20.15380294798189,20.15380294798189,1.7975679389976067,1.7975679389976067,1.7975679389976067,1.9166525468560534,1.9166525468560534,1.9166525468560534,-0.11908460785844666,-0.11908460785844666,-0.11908460785844666,0.0,0.0,0.0,56.38163297614959,health,Health & Personal Care,vitamins,SRC-TRENDS-001,prophet
2023-05-28,20.151794107283465,51.335148959944306,61.41521325098231,20.151794107283465,20.151794107283465,1.7829511319728046,1.7829511319728046,1.7829511319728046,1.9166525468560534,1.9166525468560534,1.9166525468560534,-0.13370141488324877,-0.13370141488324877,-0.13370141488324877,0.0,0.0,0.0,56.08145822214742,health,Health & Personal Care,vitamins,SRC-TRENDS-001,prophet
2023-06-04,20.149785266585035,51.33027382298186,60.99349817862054,20.149785266585035,20.149785266585035,1.8030725086172983,1.8030725086172983,1.8030725086172983,1.9166525468560534,1.9166525468560534,1.9166525468560534,-0.11358003823875536,-0.11358003823875536,-0.11358003823875536,0.0,0.0,0.0,56.48130913530639,health,Health & Personal Care,vitamins,SRC-TRENDS-001,prophet
2023-06-11,20.147776425886608,52.1412654727591,61.44051024923331,20.147776425886608,20.147776425886608,1.8012142574602996,1.8012142574602996,1.8012142574602996,1.9166525468560534,1.9166525468560534,1.9166525468560534,-0.11543828939575368,-0.11543828939575368,-0.11543828939575368,0.0,0.0,0.0,56.43823858031608,health,Health & Personal Care,vitamins,SRC-TRENDS-001,prophet
2023-06-18,20.145767585188178,51.43580101190092,60.80821546314364,20.145767585188178,20.145767585188178,1.7827750244989478,1.7827750244989478,1.7827750244989478,1.9166525468560534,1.9166525468560534,1.9166525468560534,-0.13387752235710576,-0.13387752235710576,-0.13387752235710576,0.0,0.0,0.0,56.06113888542214,health,Health & Personal Care,vitamins,SRC-TRENDS-001,prophet
2023-06-25,20.143758744489755,52.021901957929074,61.58170498283241,20.143758744489755,20.143758744489755,1.804427841203902,1.804427841203902,1.804427841203902,1.9166525468560534,1.9166525468560534,1.9166525468560534,-0.11222470565215131,-0.11222470565215131,-0.11222470565215131,0.0,0.0,0.0,56.49171784954163,health,Health & Personal Care,vitamins,SRC-TRENDS-001,prophet
2023-07-02,20.141749903791325,53.233823614505965,63.12400786848381,20.141749903791325,20.141749903791325,1.8854017563424799,1.8854017563424799,1.8854017563424799,1.9166525468560534,1.9166525468560534,1.9166525468560534,-0.031250790513573434,-0.031250790513573434,-0.031250790513573434,0.0,0.0,0.0,58.11704054821047,health,Health & Personal Care,vitamins,SRC-TRENDS-001,prophet
2023-07-09,20.1397410630929,55.09911896907244,64.34500543187495,20.1397410630929,20.1397410630929,1.9610797616667353,1.9610797616667353,1.9610797616667353,1.9166525468560534,1.9166525468560534,1.9166525468560534,0.0444272148106819,0.0444272148106819,0.0444272148106819,0.0,0.0,0.0,59.63537966713288,health,Health & Personal Care,vitamins,SRC-TRENDS-001,prophet
2023-07-16,20.1377319224211,54.813251445554215,64.36301138683456,20.1377319224211,20.1377319224211,1.947204353956302,1.947204353956302,1.947204353956302,1.9166525468560534,1.9166525468560534,1.9166525468560534,0.030551807100248577,0.030551807100248577,0.030551807100248577,0.0,0.0,0.0,59.350011200564275,health,Health & Personal Care,vitamins,SRC-TRENDS-001,prophet
2023-07-23,20.135722781749305,52.018799753391505,62.532566648535614,20.135722781749305,20.135722781749305,1.8405515762492703,1.8405515762492703,1.8405515762492703,1.9166525468560534,1.9166525468560534,1.9166525468560534,-0.07610097060678306,-0.07610097060678306,-0.07610097060678306,0.0,0.0,0.0,57.196559086616325,health,Health & Personal Care,vitamins,SRC-TRENDS-001,prophet
2023-07-30,20.13371364107751,50.10203284285343,59.7688554713366,20.13371364107751,20.13371364107751,1.7314617296611023,1.7314617296611023,1.7314617296611023,1.9166525468560534,1.9166525468560534,1.9166525468560534,-0.18519081719495098,-0.18519081719495098,-0.18519081719495098,0.0,0.0,0.0,54.994468286558906,health,Health & Personal Care,vitamins,SRC-TRENDS-001,prophet
2023-08-06,20.13170450040571,49.79674699374062,59.52998458006785,20.13170450040571,20.13170450040571,1.7096097937883545,1.7096097937883545,1.7096097937883545,1.9166525468560534,1.9166525468560534,1.9166525468560534,-0.20704275306769887,-0.20704275306769887,-0.20704275306769887,0.0,0.0,0.0,54.549063679952404,health,Health & Personal Care,vitamins,SRC-TRENDS-001,prophet
2023-08-13,20.129695359733915,50.936299607246745,60.50060301551002,20.129695359733915,20.129695359733915,1.7731657155061233,1.7731657155061233,1.7731657155061233,1.9166525468560534,1.9166525468560534,1.9166525468560534,-0.14348683134993007,-0.14348683134993007,-0.14348683134993007,0.0,0.0,0.0,55.8229810351968,health,Health & Personal Care,vitamins,SRC-TRENDS-001,prophet
2023-08-20,20.127686219062117,52.17461301035316,62.169230151234515,20.127686219062117,20.127686219062117,1.8434838258500896,1.8434838258500896,1.8434838258500896,1.9166525468560534,1.9166525468560534,1.9166525468560534,-0.0731687210059637,-0.0731687210059637,-0.0731687210059637,0.0,0.0,0.0,57.232750215688874,health,Health & Personal Care,vitamins,SRC-TRENDS-001,prophet
2023-08-27,20.125677078390318,52.44828294665359,62.331584970895165,20.125677078390318,20.125677078390318,1.857918217925794,1.857918217925794,1.857918217925794,1.9166525468560534,1.9166525468560534,1.9166525468560534,-0.058734328930259316,-0.058734328930259316,-0.058734328930259316,0.0,0.0,0.0,57.517539170423255,health,Health & Personal Care,vitamins,SRC-TRENDS-001,prophet
2023-09-03,20.123667937718523,51.48298460500376,61.61471630834253,20.123667937718523,20.123667937718523,1.8266924385867083,1.8266924385867083,1.8266924385867083,1.9166525468560534,1.9166525468560534,1.9166525468560534,-0.089960108269345,-0.089960108269345,-0.089960108269345,0.0,0.0,0.0,56.88341999617872,health,Health & Personal Care,vitamins,SRC-TRENDS-001,prophet
2023-09-10,20.121658797046724,51.285638692354546,61.299169156177165,20.121658797046724,20.121658797046724,1.7974977514720543,1.7974977514720543,1.7974977514720543,1.9166525468560534,1.9166525468560534,1.9166525468560534,-0.11915479538399908,-0.11915479538399908,-0.11915479538399908,0.0,0.0,0.0,56.29029524062609,health,Health & Personal Care,vitamins,SRC-TRENDS-001,prophet
2023-09-17,20.11349256945185,51.48544522894759,61.12023468674916,20.11349256945185,20.11349256945185,1.7892881829640284,1.7892881829640284,1.7892881829640284,1.9166525468560534,1.9166525468560534,1.9166525468560534,-0.127364363892025,-0.127364363892025,-0.127364363892025,0.0,0.0,0.0,56.10232714210684,health,Health & Personal Care,vitamins,SRC-TRENDS-001,prophet
2023-09-24,20.105326341856976,51.03707490267873,61.007910791077855,20.105326341856976,20.105326341856976,1.7825443571980153,1.7825443571980153,1.7825443571980153,1.9166525468560534,1.9166525468560534,1.9166525468560534,-0.13410818965803786,-0.13410818965803786,-0.13410818965803786,0.0,0.0,0.0,55.94396236215874,health,Health & Personal Care,vitamins,SRC-TRENDS-001,prophet
2023-10-01,20.097160114262103,50.84089492597334,60.52119522928134,20.097160114262103,20.097160114262103,1.7650150561407982,1.7650150561407982,1.7650150561407982,1.9166525468560534,1.9166525468560534,1.9166525468560534,-0.1516374907152552,-0.1516374907152552,-0.1516374907152552,0.0,0.0,0.0,55.56895030160704,health,Health & Personal Care,vitamins,SRC-TRENDS-001,prophet
2023-10-08,20.088993886667232,50.57603632245038,60.220764875472064,20.088993886667232,20.088993886667232,1.7567620874650158,1.7567620874650158,1.7567620874650158,1.9166525468560534,1.9166525468560534,1.9166525468560534,-0.15989045939103763,-0.15989045939103763,-0.15989045939103763,0.0,0.0,0.0,55.380576722080704,health,Health & Personal Care,vitamins,SRC-TRENDS-001,prophet
2023-10-15,20.080827659072355,50.89650550511601,60.592875568935895,20.080827659072355,20.080827659072355,1.7763291928626463,1.7763291928626463,1.7763291928626463,1.9166525468560534,1.9166525468560534,1.9166525468560534,-0.14032335399340706,-0.14032335399340706,-0.14032335399340706,0.0,0.0,0.0,55.750988046726256,health,Health & Personal Care,vitamins,SRC-TRENDS-001,prophet
2023-10-22,20.07266143147748,51.49668978565577,61.58357399025271,20.07266143147748,20.07266143147748,1.8014246851270046,1.8014246851270046,1.8014246851270046,1.9166525468560534,1.9166525468560534,1.9166525468560534,-0.11522786172904875,-0.11522786172904875,-0.11522786172904875,0.0,0.0,0.0,56.23204923033778,health,Health & Personal Care,vitamins,SRC-TRENDS-001,prophet
2023-10-29,20.06449520388261,50.96468709856936,60.93912406191792,20.06449520388261,20.06449520388261,1.7897805019631279,1.7897805019631279,1.7897805019631279,1.9166525468560534,1.9166525468560534,1.9166525468560534,-0.12687204489292553,-0.12687204489292553,-0.12687204489292553,0.0,0.0,0.0,55.9755375015244,health,Health & Personal Care,vitamins,SRC-TRENDS-001,prophet
2023-11-05,20.056328976287734,50.07948821200948,60.12303491386404,20.056328976287734,20.056328976287734,1.7383822196671275,1.7383822196671275,1.7383822196671275,1.9166525468560534,1.9166525468560534,1.9166525468560534,-0.17827032718892585,-0.17827032718892585,-0.17827032718892585,0.0,0.0,0.0,54.921894660460936,health,Health & Personal Care,vitamins,SRC-TRENDS-001,prophet
2023-11-12,20.04485412034671,49.11309716794448,58.801133302321595,20.04485412034671,20.04485412034671,1.695482954401102,1.695482954401102,1.695482954401102,1.9166525468560534,1.9166525468560534,1.9166525468560534,-0.22116959245495124,-0.22116959245495124,-0.22116959245495124,0.0,0.0,0.0,54.030562604851255,health,Health & Personal Care,vitamins,SRC-TRENDS-001,prophet
2023-11-19,20.033379264405678,48.93201913647949,58.78178270573967,20.033379264405678,20.033379264405678,1.6977046509735414,1.6977046509735414,1.6977046509735414,1.9166525468560534,1.9166525468560534,1.9166525468560534,-0.2189478958825119,-0.2189478958825119,-0.2189478958825119,0.0,0.0,0.0,54.0441404163041,health,Health & Personal Care,vitamins,SRC-TRENDS-001,prophet
2023-11-26,20.021904408464653,49.44440375680749,59.280118770984046,20.021904408464653,20.021904408464653,1.7139570576915344,1.7139570576915344,1.7139570576915344,1.9166525468560534,1.9166525468560534,1.9166525468560534,-0.20269548916451902,-0.20269548916451902,-0.20269548916451902,0.0,0.0,0.0,54.33858877777789,health,Health & Personal Care,vitamins,SRC-TRENDS-001,prophet
2023-12-03,20.01042955252362,48.39116204738598,59.0483314538869,20.01042955252362,20.01042955252362,1.6849062957330756,1.6849062957330756,1.6849062957330756,1.9166525468560534,1.9166525468560534,1.9166525468560534,-0.23174625112297773,-0.23174625112297773,-0.23174625112297773,0.0,0.0,0.0,53.726128285893864,health,Health & Personal Care,vitamins,SRC-TRENDS-001,prophet
2023-12-10,19.998954696582597,47.645843051183654,57.56977031095151,19.998954696582597,19.998954696582597,1.6236335374389366,1.6236335374389366,1.6236335374389366,1.9166525468560534,1.9166525468560534,1.9166525468560534,-0.2930190094171167,-0.2930190094171167,-0.2930190094171167,0.0,0.0,0.0,52.46992825567604,health,Health & Personal Care,vitamins,SRC-TRENDS-001,prophet
2023-12-17,19.98747984064157,47.5567378206388,57.87675407599512,19.98747984064157,19.98747984064157,1.6435527176637375,1.6435527176637375,1.6435527176637375,1.9166525468560534,1.9166525468560534,1.9166525468560534,-0.27309982919231585,-0.27309982919231585,-0.27309982919231585,0.0,0.0,0.0,52.83795665197719,health,Health & Personal Care,vitamins,SRC-TRENDS-001,prophet
2023-12-24,19.97600498470054,51.85346279904652,61.361218840002834,19.97600498470054,19.97600498470054,1.848310329824768,1.848310329824768,1.848310329824768,1.9166525468560534,1.9166525468560534,1.9166525468560534,-0.06834221703128522,-0.06834221703128522,-0.06834221703128522,0.0,0.0,0.0,56.89786134655361,health,Health & Personal Care,vitamins,SRC-TRENDS-001,prophet
2023-12-31,19.964530128759517,59.07068446012548,68.77363054290767,19.964530128759517,19.964530128759517,2.191380504936739,2.191380504936739,2.191380504936739,1.9166525468560534,1.9166525468560534,1.9166525468560534,0.27472795808068556,0.27472795808068556,0.27472795808068556,0.0,0.0,0.0,63.71441224314529,health,Health & Personal Care,vitamins,SRC-TRENDS-001,prophet
2024-01-07,19.95305522632093,64.27287201084853,74.54691122026779,19.95305522632093,19.95305522632093,2.4769622605244055,2.4769622605244055,2.4769622605244055,1.9166525468560534,1.9166525468560534,1.9166525468560534,0.5603097136683522,0.5603097136683522,0.5603097136683522,0.0,0.0,0.0,69.37602000407713,health,Health & Personal Care,vitamins,SRC-TRENDS-001,prophet
2024-01-14,19.941580323882345,65.21418299297426,75.15740710249935,19.941580323882345,19.941580323882345,2.5293722395088665,2.5293722395088665,2.5293722395088665,1.9166525468560534,1.9166525468560534,1.9166525468560534,0.612719692652813,0.612719692652813,0.612719692652813,0.0,0.0,0.0,70.38126000704658,health,Health & Personal Care,vitamins,SRC-TRENDS-001,prophet
2024-01-21,19.930105421443763,61.94964615479542,72.20123133385097,19.930105421443763,19.930105421443763,2.3610739214819114,2.3610739214819114,2.3610739214819114,1.9166525468560534,1.9166525468560534,1.9166525468560534,0.4444213746258582,0.4444213746258582,0.4444213746258582,0.0,0.0,0.0,66.98655758439989,health,Health & Personal Care,vitamins,SRC-TRENDS-001,prophet
2024-01-28,19.918630519005177,57.85550870865161,68.01139239336774,19.918630519005177,19.918630519005177,2.156129569086236,2.156129569086236,2.156129569086236,1.9166525468560534,1.9166525468560534,1.9166525468560534,0.23947702223018252,0.23947702223018252,0.23947702223018252,0.0,0.0,0.0,62.86577875673576,health,Health & Personal Care,vitamins,SRC-TRENDS-001,prophet
2024-02-04,19.90715561656659,56.46461387909944,66.45988773223637,19.90715561656659,19.90715561656659,2.084597319892362,2.084597319892362,2.084597319892362,1.9166525468560534,1.9166525468560534,1.9166525468560534,0.16794477303630842,0.16794477303630842,0.16794477303630842,0.0,0.0,0.0,61.405558861541486,health,Health & Personal Care,vitamins,SRC-TRENDS-001,prophet
2024-02-11,19.895680714128005,57.475130612507556,67.71063699433763,19.895680714128005,19.895680714128005,2.148692445989739,2.148692445989739,2.148692445989739,1.9166525468560534,1.9166525468560534,1.9166525468560534,0.23203989913368545,0.23203989913368545,0.23203989913368545,0.0,0.0,0.0,62.64537957239858,health,Health & Personal Care,vitamins,SRC-TRENDS-001,prophet
2024-02-18,19.88420581168942,58.93026071376848,68.61129627766157,19.88420581168942,19.88420581168942,2.2183918963888347,2.2183918963888347,2.2183918963888347,1.9166525468560534,1.9166525468560534,1.9166525468560534,0.3017393495327816,0.3017393495327816,0.3017393495327816,0.0,0.0,0.0,63.995166850469,health,Health & Personal Care,vitamins,SRC-TRENDS-001,prophet
2024-02-25,19.872730909250834,58.3909850510606,68.68058674571098,19.872730909250834,19.872730909250834,2.196042276170925,2.196042276170925,2.196042276170925,1.9166525468560534,1.9166525468560534,1.9166525468560534,0.2793897293148717,0.2793897293148717,0.2793897293148717,0.0,0.0,0.0,63.51408812893433,health,Health & Personal Care,vitamins,SRC-TRENDS-001,prophet
2024-03-03,19.861256006744348,56.9975664851526,66.6710148761165,19.861256006744348,19.861256006744348,2.1138175791847718,2.1138175791847718,2.1138175791847718,1.9166525468560534,1.9166525468560534,1.9166525468560534,0.19716503232871835,0.19716503232871835,0.19716503232871835,0.0,0.0,0.0,61.84432809848969,health,Health & Personal Care,vitamins,SRC-TRENDS-001,prophet
2024-03-10,19.849781104237866,55.88979678253649,65.803558346839,19.849781104237866,19.849781104237866,2.066256745300312,2.066256745300312,2.066256745300312,1.9166525468560534,1.9166525468560534,1.9166525468560534,0.14960419844425848,0.14960419844425848,0.14960419844425848,0.0,0.0,0.0,60.86452520360403,health,Health & Personal Care,vitamins,SRC-TRENDS-001,prophet
2024-03-17,19.83830620173138,56.034366427567825,65.88309906633316,19.83830620173138,19.83830620173138,2.0817135268359097,2.0817135268359097,2.0817135268359097,1.9166525468560534,1.9166525468560534,1.9166525468560534,0.16506097997985605,0.16506097997985605,0.16506097997985605,0.0,0.0,0.0,61.13597657138831,health,Health & Personal Care,vitamins,SRC-TRENDS-001,prophet
2024-03-24,19.8268312992249,56.19509691067385,66.08838221482036,19.8268312992249,19.8268312992249,2.0960363956259824,2.0960363956259824,2.0960363956259824,1.9166525468560534,1.9166525468560534,1.9166525468560534,0.17938384876992933,0.17938384876992933,0.17938384876992933,0.0,0.0,0.0,61.384591312336674,health,Health & Personal Care,vitamins,SRC-TRENDS-001,prophet
2024-03-31,19.815356396718418,55.390228832271355,65.04941438461208,19.815356396718418,19.815356396718418,2.0494416412566627,2.0494416412566627,2.0494416412566627,1.9166525468560534,1.9166525468560534,1.9166525468560534,0.13278909440060926,0.13278909440060926,0.13278909440060926,0.0,0.0,0.0,60.42577293249472,health,Health & Personal Care,vitamins,SRC-TRENDS-001,prophet
2024-04-07,19.803881494211932,54.22113066514452,64.24328959612951,19.803881494211932,19.803881494211932,1.9716134642512713,1.9716134642512713,1.9716134642512713,1.9166525468560534,1.9166525468560534,1.9166525468560534,0.05496091739521802,0.05496091739521802,0.05496091739521802,0.0,0.0,0.0,58.84948089263676,health,Health & Personal Care,vitamins,SRC-TRENDS-001,prophet
2024-04-14,19.79240659170545,53.186187347620745,63.07790834476983,19.79240659170545,19.79240659170545,1.9437651056531167,1.9437651056531167,1.9437651056531167,1.9166525468560534,1.9166525468560534,1.9166525468560534,0.0271125587970633,0.0271125587970633,0.0271125587970633,0.0,0.0,0.0,58.264195881561236,health,Health & Personal Care,vitamins,SRC-TRENDS-001,prophet
2024-04-21,19.780931689198965,54.51816438502906,64.12634251152313,19.780931689198965,19.780931689198965,1.9897383477983812,1.9897383477983812,1.9897383477983812,1.9166525468560534,1.9166525468560534,1.9166525468560534,0.07308580094232761,0.07308580094232761,0.07308580094232761,0.0,0.0,0.0,59.139810026378356,health,Health & Personal Care,vitamins,SRC-TRENDS-001,prophet
2024-04-28,19.769456786692487,54.89584850293251,65.10536778019375,19.769456786692487,19.769456786692487,2.038811494950602,2.038811494950602,2.038811494950602,1.9166525468560534,1.9166525468560534,1.9166525468560534,0.12215894809454918,0.12215894809454918,0.12215894809454918,0.0,0.0,0.0,60.075652532330324,health,Health & Personal Care,vitamins,SRC-TRENDS-001,prophet
2024-05-05,19.758433738339846,54.54725249244206,64.27710101476711,19.758433738339846,19.758433738339846,2.0087720761033396,2.0087720761033396,2.0087720761033396,1.9166525468560534,1.9166525468560534,1.9166525468560534,0.0921195292472862,0.0921195292472862,0.0921195292472862,0.0,0.0,0.0,59.44862369945505,health,Health & Personal Care,vitamins,SRC-TRENDS-001,prophet
2024-05-12,19.74741068998721,52.3994300631985,62.41614212716599,19.74741068998721,19.74741068998721,1.9041800417148005,1.9041800417148005,1.9041800417148005,1.9166525468560534,1.9166525468560534,1.9166525468560534,-0.012472505141252838,-0.012472505141252838,-0.012472505141252838,0.0,0.0,0.0,57.35003600140635,health,Health & Personal Care,vitamins,SRC-TRENDS-001,prophet
2024-05-19,19.736387641634575,50.60223436077645,60.24108770947802,19.736387641634575,19.736387641634575,1.8078977513861125,1.8078977513861125,1.8078977513861125,1.9166525468560534,1.9166525468560534,1.9166525468560534,-0.10875479546994075,-0.10875479546994075,-0.10875479546994075,0.0,0.0,0.0,55.41775847943038,health,Health & Personal Care,vitamins,SRC-TRENDS-001,prophet
2024-05-26,19.725364593281938,50.12429137254839,59.70842280526388,19.725364593281938,19.725364593281938,1.7811023523705038,1.7811023523705038,1.7811023523705038,1.9166525468560534,1.9166525468560534,1.9166525468560534,-0.13555019448554945,-0.13555019448554945,-0.13555019448554945,0.0,0.0,0.0,54.858257871742246,health,Health & Personal Care,vitamins,SRC-TRENDS-001,prophet
2024-06-02,19.7143415449293,50.40058255246251,60.4908405045564,19.7143415449293,19.7143415449293,1.7999664135693951,1.7999664135693951,1.7999664135693951,1.9166525468560534,1.9166525468560534,1.9166525468560534,-0.11668613328665844,-0.11668613328665844,-0.11668613328665844,0.0,0.0,0.0,55.19949419143782,health,Health & Personal Care,vitamins,SRC-TRENDS-001,prophet
2024-06-09,19.703318496576664,50.571210099255424,60.314848958904264,19.703318496576664,19.703318496576664,1.803974765510547,1.803974765510547,1.803974765510547,1.9166525468560534,1.9166525468560534,1.9166525468560534,-0.11267778134550642,-0.11267778134550642,-0.11267778134550642,0.0,0.0,0.0,55.24760786121817,health,Health & Personal Care,vitamins,SRC-TRENDS-001,prophet
2024-06-16,19.69229544822403,49.9690830368994,60.07746803942077,19.69229544822403,19.69229544822403,1.7848267143457817,1.7848267143457817,1.7848267143457817,1.9166525468560534,1.9166525468560534,1.9166525468560534,-0.1318258325102716,-0.1318258325102716,-0.1318258325102716,0.0,0.0,0.0,54.83963043100411,health,Health & Personal Care,vitamins,SRC-TRENDS-001,prophet
2024-06-23,19.681272399871393,50.22589440432072,60.0505798430818,19.681272399871393,19.681272399871393,1.795633578713928,1.795633578713928,1.795633578713928,1.9166525468560534,1.9166525468560534,1.9166525468560534,-0.12101896814212545,-0.12101896814212545,-0.12101896814212545,0.0,0.0,0.0,55.02162599289612,health,Health & Personal Care,vitamins,SRC-TRENDS-001,prophet
2024-06-30,19.690494384211064,51.32608789171776,61.413986942413956,19.690494384211064,19.690494384211064,1.8685789950157523,1.8685789950157523,1.8685789950157523,1.9166525468560534,1.9166525468560534,1.9166525468560534,-0.048073551840301154,-0.048073551840301154,-0.048073551840301154,0.0,0.0,0.0,56.483738592023485,health,Health & Personal Care,vitamins,SRC-TRENDS-001,prophet
2024-07-07,19.699716368550735,53.3173131976147,63.209020592420515,19.699716368550735,19.699716368550735,1.9523056132631063,1.9523056132631063,1.9523056132631063,1.9166525468560534,1.9166525468560534,1.9166525468560534,0.03565306640705281,0.03565306640705281,0.03565306640705281,0.0,0.0,0.0,58.159583214563426,health,Health & Personal Care,vitamins,SRC-TRENDS-001,prophet
2024-07-14,19.708938352890407,53.400506128281016,62.99450825695921,19.708938352890407,19.708938352890407,1.9579099957294293,1.9579099957294293,1.9579099957294293,1.9166525468560534,1.9166525468560534,1.9166525468560534,0.04125744887337598,0.04125744887337598,0.04125744887337598,0.0,0.0,0.0,58.29726575922965,health,Health & Personal Care,vitamins,SRC-TRENDS-001,prophet
2024-07-21,19.718160337230074,51.9633513963355,61.82596090202022,19.718160337230074,19.718160337230074,1.8630782419167458,1.8630782419167458,1.8630782419167458,1.9166525468560534,1.9166525468560534,1.9166525468560534,-0.05357430493930749,-0.05357430493930749,-0.05357430493930749,0.0,0.0,0.0,56.454635832149194,health,Health & Personal Care,vitamins,SRC-TRENDS-001,prophet
2024-07-28,19.72738232156975,49.34689218332595,59.14581468893224,19.72738232156975,19.72738232156975,1.7462271660308089,1.7462271660308089,1.7462271660308089,1.9166525468560534,1.9166525468560534,1.9166525468560534,-0.17042538082524442,-0.17042538082524442,-0.17042538082524442,0.0,0.0,0.0,54.175873246170774,health,Health & Personal Care,vitamins,SRC-TRENDS-001,prophet
2024-08-04,19.73660430590942,48.567170224460625,58.50983661203106,19.73660430590942,19.73660430590942,1.7057736792672258,1.7057736792672258,1.7057736792672258,1.9166525468560534,1.9166525468560534,1.9166525468560534,-0.21087886758882768,-0.21087886758882768,-0.21087886758882768,0.0,0.0,0.0,53.4027844490419,health,Health & Personal Care,vitamins,SRC-TRENDS-001,prophet
2024-08-11,19.745826290249088,49.982579623935735,59.44102489341979,19.745826290249088,19.745826290249088,1.758685602757594,1.758685602757594,1.758685602757594,1.9166525468560534,1.9166525468560534,1.9166525468560534,-0.15796694409845946,-0.15796694409845946,-0.15796694409845946,0.0,0.0,0.0,54.47252670146255,health,Health & Personal Care,vitamins,SRC-TRENDS-001,prophet
2024-08-18,19.755048274588756,51.17227361084256,60.51733576737454,19.755048274588756,19.755048274588756,1.8341058667846197,1.8341058667846197,1.8341058667846197,1.9166525468560534,1.9166525468560534,1.9166525468560534,-0.08254668007143358,-0.08254668007143358,-0.08254668007143358,0.0,0.0,0.0,55.98789821362537,health,Health & Personal Care,vitamins,SRC-TRENDS-001,prophet
2024-08-25,19.768348181236124,51.20404960785024,61.85265279531029,19.768348181236124,19.768348181236124,1.8598910413441532,1.8598910413441532,1.8598910413441532,1.9166525468560534,1.9166525468560534,1.9166525468560534,-0.05676150551190008,-0.05676150551190008,-0.05676150551190008,0.0,0.0,0.0,56.53532186568918,health,Health & Personal Care,vitamins,SRC-TRENDS-001,prophet
2024-09-01,19.781648087883486,51.01217509313969,60.93941613785758,19.781648087883486,19.781648087883486,1.8334181190640444,1.8334181190640444,1.8334181190640444,1.9166525468560534,1.9166525468560534,1.9166525468560534,-0.083234427792009,-0.083234427792009,-0.083234427792009,0.0,0.0,0.0,56.04968011715768,health,Health & Personal Care,vitamins,SRC-TRENDS-001,prophet
2024-09-08,19.794947994530848,50.64310505936799,60.2955359679117,19.794947994530848,19.794947994530848,1.8010499153975117,1.8010499153975117,1.8010499153975117,1.9166525468560534,1.9166525468560534,1.9166525468560534,-0.11560263145854169,-0.11560263145854169,-0.11560263145854169,0.0,0.0,0.0,55.44663740537877,health,Health & Personal Care,vitamins,SRC-TRENDS-001,prophet
2024-09-15,19.808247901178213,50.65580972761423,59.9331572172187,19.808247901178213,19.808247901178213,1.7898695340919941,1.7898695340919941,1.7898695340919941,1.9166525468560534,1.9166525468560534,1.9166525468560534,-0.12678301276405918,-0.12678301276405918,-0.12678301276405918,0.0,0.0,0.0,55.262427343238784,health,Health & Personal Care,vitamins,SRC-TRENDS-001,prophet
2024-09-22,19.821547807825574,50.33076562499442,59.932852461372676,19.821547807825574,19.821547807825574,1.7846368550603955,1.7846368550603955,1.7846368550603955,1.9166525468560534,1.9166525468560534,1.9166525468560534,-0.13201569179565778,-0.13201569179565778,-0.13201569179565778,0.0,0.0,0.0,55.19581255001269,health,Health & Personal Care,vitamins,SRC-TRENDS-001,prophet
2024-09-29,19.834847714472936,50.27297267120048,59.76184050156931,19.834847714472936,19.834847714472936,1.7683391811978306,1.7683391811978306,1.7683391811978306,1.9166525468560534,1.9166525468560534,1.9166525468560534,-0.14831336565822262,-0.14831336565822262,-0.14831336565822262,0.0,0.0,0.0,54.90958608106767,health,Health & Personal Care,vitamins,SRC-TRENDS-001,prophet
2024-10-06,19.848147621120297,49.48283844351485,59.62338027170839,19.848147621120297,19.848147621120297,1.7563027142306777,1.7563027142306777,1.7563027142306777,1.9166525468560534,1.9166525468560534,1.9166525468560534,-0.1603498326253756,-0.1603498326253756,-0.1603498326253756,0.0,0.0,0.0,54.70750316054505,health,Health & Personal Care,vitamins,SRC-TRENDS-001,prophet
2024-10-13,19.861447527767666,49.87553468326253,59.880074386050424,19.861447527767666,19.861447527767666,1.7712114832374404,1.7712114832374404,1.7712114832374404,1.9166525468560534,1.9166525468560534,1.9166525468560534,-0.14544106361861292,-0.14544106361861292,-0.14544106361861292,0.0,0.0,0.0,55.040271462667626,health,Health & Personal Care,vitamins,SRC-TRENDS-001,prophet
2024-10-20,19.874747434415028,50.68747319103216,60.841926087232494,19.874747434415028,19.874747434415028,1.7986173782443258,1.7986173782443258,1.7986173782443258,1.9166525468560534,1.9166525468560534,1.9166525468560534,-0.1180351686117276,-0.1180351686117276,-0.1180351686117276,0.0,0.0,0.0,55.62181355817072,health,Health & Personal Care,vitamins,SRC-TRENDS-001,prophet
2024-10-27,19.888047344658172,51.016867032553776,60.288846246785255,19.888047344658172,19.888047344658172,1.7955313391944898,1.7955313391944898,1.7955313391944898,1.9166525468560534,1.9166525468560534,1.9166525468560534,-0.12112120766156345,-0.12112120766156345,-0.12112120766156345,0.0,0.0,0.0,55.59765962737568,health,Health & Personal Care,vitamins,SRC-TRENDS-001,prophet
2024-11-03,19.901347254901317,50.02053631873741,59.60793652098479,19.901347254901317,19.901347254901317,1.748664722592448,1.748664722592448,1.748664722592448,1.9166525468560534,1.9166525468560534,1.9166525468560534,-0.16798782426360517,-0.16798782426360517,-0.16798782426360517,0.0,0.0,0.0,54.702131131609306,health,Health & Personal Care,vitamins,SRC-TRENDS-001,prophet
2024-11-10,19.914647165144462,49.03107153909807,58.54144550630199,19.914647165144462,19.914647165144462,1.7001247213101012,1.7001247213101012,1.7001247213101012,1.9166525468560534,1.9166525468560534,1.9166525468560534,-0.2165278255459523,-0.2165278255459523,-0.2165278255459523,0.0,0.0,0.0,53.772031126774685,health,Health & Personal Care,vitamins,SRC-TRENDS-001,prophet
2024-11-17,19.927947075387607,49.111738667834544,58.747791325929946,19.927947075387607,19.927947075387607,1.6944882874613107,1.6944882874613107,1.6944882874613107,1.9166525468560534,1.9166525468560534,1.9166525468560534,-0.22216425939474255,-0.22216425939474255,-0.22216425939474255,0.0,0.0,0.0,53.69561998778079,health,Health & Personal Care,vitamins,SRC-TRENDS-001,prophet
2024-11-24,19.94124698563075,49.2246377041882,59.406513140709016,19.94124698563075,19.94124698563075,1.7130616700687467,1.7130616700687467,1.7130616700687467,1.9166525468560534,1.9166525468560534,1.9166525468560534,-0.2035908767873067,-0.2035908767873067,-0.2035908767873067,0.0,0.0,0.0,54.10183285008873,health,Health & Personal Care,vitamins,SRC-TRENDS-001,prophet
2024-12-01,19.954546895873897,49.04165344196614,58.726629551653126,19.954546895873897,19.954546895873897,1.694380326254216,1.694380326254216,1.694380326254216,1.9166525468560534,1.9166525468560534,1.9166525468560534,-0.22227222060183732,-0.22227222060183732,-0.22227222060183732,0.0,0.0,0.0,53.76513857555977,health,Health & Personal Care,vitamins,SRC-TRENDS-001,prophet
2024-12-08,19.96784680611704,47.5525451971391,57.41517035613287,19.96784680611704,19.96784680611704,1.6326975457952289,1.6326975457952289,1.6326975457952289,1.9166525468560534,1.9166525468560534,1.9166525468560534,-0.2839550010608244,-0.2839550010608244,-0.2839550010608244,0.0,0.0,0.0,52.56930128127944,health,Health & Personal Care,vitamins,SRC-TRENDS-001,prophet
2024-12-15,19.981146716360183,47.3022857113572,57.5205351931538,19.981146716360183,19.981146716360183,1.6280543954397624,1.6280543954397624,1.6280543954397624,1.9166525468560534,1.9166525468560534,1.9166525468560534,-0.28859815141629097,-0.28859815141629097,-0.28859815141629097,0.0,0.0,0.0,52.51154045385715,health,Health & Personal Care,vitamins,SRC-TRENDS-001,prophet
2024-12-22,19.994446630051225,51.17978403112331,60.516993779858716,19.994446630051225,19.994446630051225,1.7977421820914383,1.7977421820914383,1.7977421820914383,1.9166525468560534,1.9166525468560534,1.9166525468560534,-0.11891036476461511,-0.11891036476461511,-0.11891036476461511,0.0,0.0,0.0,55.93930674447032,health,Health & Personal Care,vitamins,SRC-TRENDS-001,prophet
2024-12-29,20.007746543742265,57.50008818300876,67.23311082424503,20.007746543742265,20.007746543742265,2.1277037652245014,2.1277037652245014,2.1277037652245014,1.9166525468560534,1.9166525468560534,1.9166525468560534,0.2110512183684481,0.2110512183684481,0.2110512183684481,0.0,0.0,0.0,62.578304198520186,health,Health & Personal Care,vitamins,SRC-TRENDS-001,prophet
2025-01-05,20.021046457433307,63.88853620421573,73.6888252828263,20.021046457433307,20.021046457433307,2.4398623574853366,2.4398623574853366,2.4398623574853366,1.9166525468560534,1.9166525468560534,1.9166525468560534,0.5232098106292834,0.5232098106292834,0.5232098106292834,0.0,0.0,0.0,68.86964406638998,health,Health & Personal Care,vitamins,SRC-TRENDS-001,prophet
2025-01-12,20.03434637112435,65.52464105530964,75.81658896056574,20.03434637112435,20.03434637112435,2.5395302187049014,2.5395302187049014,2.5395302187049014,1.9166525468560534,1.9166525468560534,1.9166525468560534,0.6228776718488479,0.6228776718488479,0.6228776718488479,0.0,0.0,0.0,70.91217439259552,health,Health & Personal Care,vitamins,SRC-TRENDS-001,prophet
2025-01-19,20.047646284815393,63.3134651052295,73.11955033302758,20.047646284815393,20.047646284815393,2.400205212557043,2.400205212557043,2.400205212557043,1.9166525468560534,1.9166525468560534,1.9166525468560534,0.48355266570099,0.48355266570099,0.48355266570099,0.0,0.0,0.0,68.16611139712914,health,Health & Personal Care,vitamins,SRC-TRENDS-001,prophet
2025-01-26,20.060946198506436,59.09708866786536,69.14505796719284,20.060946198506436,20.060946198506436,2.186093577813512,2.186093577813512,2.186093577813512,1.9166525468560534,1.9166525468560534,1.9166525468560534,0.2694410309574589,0.2694410309574589,0.2694410309574589,0.0,0.0,0.0,63.91605184792375,health,Health & Personal Care,vitamins,SRC-TRENDS-001,prophet
2025-02-02,20.07424611219748,57.269559593469666,66.60322363222237,20.07424611219748,20.07424611219748,2.084990797156862,2.084990797156862,2.084990797156862,1.9166525468560534,1.9166525468560534,1.9166525468560534,0.16833825030080884,0.16833825030080884,0.16833825030080884,0.0,0.0,0.0,61.928864515991144,health,Health & Personal Care,vitamins,SRC-TRENDS-001,prophet
2025-02-09,20.08754602588852,58.07715811735845,68.15122324963225,20.08754602588852,20.08754602588852,2.1325082213571975,2.1325082213571975,2.1325082213571975,1.9166525468560534,1.9166525468560534,1.9166525468560534,0.2158556745011443,0.2158556745011443,0.2158556745011443,0.0,0.0,0.0,62.92440307298689,health,Health & Personal Care,vitamins,SRC-TRENDS-001,prophet
2025-02-16,20.100845950492555,59.72164622080335,69.68210991736163,20.100845950492555,20.100845950492555,2.211477704092136,2.211477704092136,2.211477704092136,1.9166525468560534,1.9166525468560534,1.9166525468560534,0.29482515723608244,0.29482515723608244,0.29482515723608244,0.0,0.0,0.0,64.55341860339755,health,Health & Personal Care,vitamins,SRC-TRENDS-001,prophet
2025-02-23,20.11414587509659,59.79926388902308,69.50339201261697,20.11414587509659,20.11414587509659,2.20694615119194,2.20694615119194,2.20694615119194,1.9166525468560534,1.9166525468560534,1.9166525468560534,0.2902936043358868,0.2902936043358868,0.2902936043358868,0.0,0.0,0.0,64.50498269865425,health,Health & Personal Care,vitamins,SRC-TRENDS-001,prophet
2025-03-02,20.127445799700624,58.06336613613964,67.69637793051648,20.127445799700624,20.127445799700624,2.1284313450168773,2.1284313450168773,2.1284313450168773,1.9166525468560534,1.9166525468560534,1.9166525468560534,0.21177879816082362,0.21177879816082362,0.21177879816082362,0.0,0.0,0.0,62.96733233491172,health,Health & Personal Care,vitamins,SRC-TRENDS-001,prophet
2025-03-09,20.140745724304658,56.89619277596745,66.9104781134396,20.140745724304658,20.140745724304658,2.0694537983347616,2.0694537983347616,2.0694537983347616,1.9166525468560534,1.9166525468560534,1.9166525468560534,0.15280125147870802,0.15280125147870802,0.15280125147870802,0.0,0.0,0.0,61.821088464761544,health,Health & Personal Care,vitamins,SRC-TRENDS-001,prophet
2025-03-16,20.154045648908696,56.82179723780766,67.09752384380549,20.154045648908696,20.154045648908696,2.0765113235645147,2.0765113235645147,2.0765113235645147,1.9166525468560534,1.9166525468560534,1.9166525468560534,0.15985877670846158,0.15985877670846158,0.15985877670846158,0.0,0.0,0.0,62.00414965450374,health,Health & Personal Care,vitamins,SRC-TRENDS-001,prophet
2025-03-23,20.16734557351273,57.66778279409091,67.45976915769221,20.16734557351273,20.16734557351273,2.097188192090851,2.097188192090851,2.097188192090851,1.9166525468560534,1.9166525468560534,1.9166525468560534,0.18053564523479732,0.18053564523479732,0.18053564523479732,0.0,0.0,0.0,62.462064576099316,health,Health & Personal Care,vitamins,SRC-TRENDS-001,prophet
2025-03-30,20.18064549811676,57.109962109661986,66.41638253081561,20.18064549811676,20.18064549811676,2.062157202433153,2.062157202433153,2.062157202433153,1.9166525468560534,1.9166525468560534,1.9166525468560534,0.14550465557709946,0.14550465557709946,0.14550465557709946,0.0,0.0,0.0,61.79630896180842,health,Health & Personal Care,vitamins,SRC-TRENDS-001,prophet
2025-04-06,20.193945422720798,55.40294964777729,65.18769789819984,20.193945422720798,20.193945422720798,1.9840292762486849,1.9840292762486849,1.9840292762486849,1.9166525468560534,1.9166525468560534,1.9166525468560534,0.06737672939263145,0.06737672939263145,0.06737672939263145,0.0,0.0,0.0,60.25932434436699,health,Health & Personal Care,vitamins,SRC-TRENDS-001,prophet
2025-04-13,20.20724541481623,54.36271430589347,64.61156586951743,20.20724541481623,20.20724541481623,1.9426150140823937,1.9426150140823937,1.9426150140823937,1.9166525468560534,1.9166525468560534,1.9166525468560534,0.025962467226340297,0.025962467226340297,0.025962467226340297,0.0,0.0,0.0,59.46214375088586,health,Health & Personal Care,vitamins,SRC-TRENDS-001,prophet
2025-04-20,20.220545406911665,55.507617718939166,65.458667450459,20.220545406911665,20.220545406911665,1.9784035813011045,1.9784035813011045,1.9784035813011045,1.9166525468560534,1.9166525468560534,1.9166525468560534,0.061751034445051124,0.061751034445051124,0.061751034445051124,0.0,0.0,0.0,60.224944855807294,health,Health & Personal Care,vitamins,SRC-TRENDS-001,prophet
2025-04-27,20.2338453990071,56.50900686692586,66.26933992320507,20.2338453990071,20.2338453990071,2.0342511489342527,2.0342511489342527,2.0342511489342527,1.9166525468560534,1.9166525468560534,1.9166525468560534,0.1175986020781996,0.1175986020781996,0.1175986020781996,0.0,0.0,0.0,61.394568649295344,health,Health & Personal Care,vitamins,SRC-TRENDS-001,prophet
2025-05-04,20.247145391102535,56.2904935420485,66.24296541343318,20.247145391102535,20.247145391102535,2.021177650912105,2.021177650912105,2.021177650912105,1.9166525468560534,1.9166525468560534,1.9166525468560534,0.10452510405605164,0.10452510405605164,0.10452510405605164,0.0,0.0,0.0,61.17022315036701,health,Health & Personal Care,vitamins,SRC-TRENDS-001,prophet
2025-05-11,20.260445383197972,54.83394379704273,64.42139377319286,20.260445383197972,20.260445383197972,1.9249991953256966,1.9249991953256966,1.9249991953256966,1.9166525468560534,1.9166525468560534,1.9166525468560534,0.008346648469643357,0.008346648469643357,0.008346648469643357,0.0,0.0,0.0,59.261786442794296,health,Health & Personal Care,vitamins,SRC-TRENDS-001,prophet
2025-05-18,20.273745375293405,52.45387899621917,62.06191618151712,20.273745375293405,20.273745375293405,1.820710405295415,1.820710405295415,1.820710405295415,1.9166525468560534,1.9166525468560534,1.9166525468560534,-0.09594214156063818,-0.09594214156063818,-0.09594214156063818,0.0,0.0,0.0,57.18636453439991,health,Health & Personal Care,vitamins,SRC-TRENDS-001,prophet
2025-05-25,20.28704536738884,51.30512493827281,60.89860073720532,20.28704536738884,20.28704536738884,1.7808211974154322,1.7808211974154322,1.7808211974154322,1.9166525468560536,1.9166525468560536,1.9166525468560536,-0.13583134944062142,-0.13583134944062142,-0.13583134944062142,0.0,0.0,0.0,56.41464579056342,health,Health & Personal Care,vitamins,SRC-TRENDS-001,prophet
2025-06-01,20.300345359484275,51.62884994363546,61.96213287228323,20.300345359484275,20.300345359484275,1.796217400634877,1.796217400634877,1.796217400634877,1.9166525468560534,1.9166525468560534,1.9166525468560534,-0.12043514622117635,-0.12043514622117635,-0.12043514622117635,0.0,0.0,0.0,56.7641789330874,health,Health & Personal Care,vitamins,SRC-TRENDS-001,prophet
2025-06-08,20.31364535157971,51.97264292583859,61.64032764162407,20.31364535157971,20.31364535157971,1.805798971776697,1.805798971776697,1.805798971776697,1.9166525468560534,1.9166525468560534,1.9166525468560534,-0.11085357507935643,-0.11085357507935643,-0.11085357507935643,0.0,0.0,0.0,56.99600524049882,health,Health & Personal Care,vitamins,SRC-TRENDS-001,prophet
2025-06-15,20.331457067521296,51.77065708562925,61.421171120475506,20.331457067521296,20.331457067521296,1.787895742228847,1.787895742228847,1.787895742228847,1.9166525468560534,1.9166525468560534,1.9166525468560534,-0.12875680462720623,-0.12875680462720623,-0.12875680462720623,0.0,0.0,0.0,56.681982591851224,health,Health & Personal Care,vitamins,SRC-TRENDS-001,prophet
2025-06-22,20.349268783462886,52.1496611404428,61.420197918033026,20.349268783462886,20.349268783462886,1.7890825336376481,1.7890825336376481,1.7890825336376481,1.9166525468560534,1.9166525468560534,1.9166525468560534,-0.12757001321840528,-0.12757001321840528,-0.12757001321840528,0.0,0.0,0.0,56.75579013625417,health,Health & Personal Care,vitamins,SRC-TRENDS-001,prophet
2025-06-29,20.367080499404473,53.18191395503997,62.95518223785935,20.367080499404473,20.367080499404473,1.8522218930258045,1.8522218930258045,1.8522218930258045,1.9166525468560534,1.9166525468560534,1.9166525468560534,-0.06443065383024874,-0.06443065383024874,-0.06443065383024874,0.0,0.0,0.0,58.091432897420376,health,Health & Personal Care,vitamins,SRC-TRENDS-001,prophet
2025-07-06,20.384892215346063,55.03439926971126,64.58268849568925,20.384892215346063,20.384892215346063,1.9408393063292502,1.9408393063292502,1.9408393063292502,1.9166525468560534,1.9166525468560534,1.9166525468560534,0.02418675947319679,0.02418675947319679,0.02418675947319679,0.0,0.0,0.0,59.948692282174854,health,Health & Personal Care,vitamins,SRC-TRENDS-001,prophet
2025-07-13,20.402703931287654,55.79347626696488,65.24641535510985,20.402703931287654,20.402703931287654,1.965104940874203,1.965104940874203,1.965104940874203,1.9166525468560534,1.9166525468560534,1.9166525468560534,0.04845239401814952,0.04845239401814952,0.04845239401814952,0.0,0.0,0.0,60.496158233854544,health,Health & Personal Care,vitamins,SRC-TRENDS-001,prophet
2025-07-20,20.42051564722924,53.93905070224115,63.61141729973714,20.42051564722924,20.42051564722924,1.8848428146946632,1.8848428146946632,1.8848428146946632,1.9166525468560536,1.9166525468560536,1.9166525468560536,-0.03180973216139045,-0.03180973216139045,-0.03180973216139045,0.0,0.0,0.0,58.90997783726922,health,Health & Personal Care,vitamins,SRC-TRENDS-001,prophet
2025-07-27,20.438327363170828,51.567883556733726,61.652246877298914,20.438327363170828,20.438327363170828,1.7636790089217964,1.7636790089217964,1.7636790089217964,1.9166525468560534,1.9166525468560534,1.9166525468560534,-0.15297353793425683,-0.15297353793425683,-0.15297353793425683,0.0,0.0,0.0,56.484976311067186,health,Health & Personal Care,vitamins,SRC-TRENDS-001,prophet
2025-08-03,20.456139079112415,50.71656946577339,60.35953609776458,20.456139079112415,20.456139079112415,1.705179759118546,1.705179759118546,1.705179759118546,1.9166525468560534,1.9166525468560534,1.9166525468560534,-0.21147278773750722,-0.21147278773750722,-0.21147278773750722,0.0,0.0,0.0,55.3375333865288,health,Health & Personal Care,vitamins,SRC-TRENDS-001,prophet
2025-08-10,20.556559295054004,51.65212007054939,61.30438279437129,20.556559295054004,20.556559295054004,1.7449186708918436,1.7449186708918436,1.7449186708918436,1.9166525468560534,1.9166525468560534,1.9166525468560534,-0.1717338759642098,-0.1717338759642098,-0.1717338759642098,0.0,0.0,0.0,56.42608341828901,health,Health & Personal Care,vitamins,SRC-TRENDS-001,prophet
2025-08-17,20.656979510995594,53.12901306775013,62.922926474980635,20.656979510995594,20.656979510995594,1.8229267152983473,1.8229267152983473,1.8229267152983473,1.9166525468560534,1.9166525468560534,1.9166525468560534,-0.09372583155770615,-0.09372583155770615,-0.09372583155770615,0.0,0.0,0.0,58.313139318960054,health,Health & Personal Care,vitamins,SRC-TRENDS-001,prophet
2025-08-24,20.75739972693718,54.38063414989246,64.33079408566607,20.75739972693718,20.75739972693718,1.8600518489528064,1.8600518489528064,1.8600518489528064,1.9166525468560534,1.9166525468560534,1.9166525468560534,-0.05660069790324688,-0.05660069790324688,-0.05660069790324688,0.0,0.0,0.0,59.367239468479156,health,Health & Personal Care,vitamins,SRC-TRENDS-001,prophet
2025-08-31,20.85781994287877,54.52152439319826,64.34045406245298,20.85781994287877,20.85781994287877,1.8400263156223677,1.8400263156223677,1.8400263156223677,1.9166525468560534,1.9166525468560534,1.9166525468560534,-0.0766262312336857,-0.0766262312336857,-0.0766262312336857,0.0,0.0,0.0,59.236757524288734,health,Health & Personal Care,vitamins,SRC-TRENDS-001,prophet
2025-09-07,20.958240158820356,54.14590768146525,63.988602090450364,20.958240158820356,20.958240158820356,1.8054146030434002,1.8054146030434002,1.8054146030434002,1.9166525468560534,1.9166525468560534,1.9166525468560534,-0.11123794381265323,-0.11123794381265323,-0.11123794381265323,0.0,0.0,0.0,58.79655299564525,health,Health & Personal Care,vitamins,SRC-TRENDS-001,prophet
2025-09-14,21.058660374761946,53.64369684329324,63.58495162903229,21.058660374761946,21.058660374761946,1.7906415465923835,1.7906415465923835,1.7906415465923835,1.9166525468560534,1.9166525468560534,1.9166525468560534,-0.12601100026366976,-0.12601100026366976,-0.12601100026366976,0.0,0.0,0.0,58.76717255738942,health,Health & Personal Care,vitamins,SRC-TRENDS-001,prophet
2025-09-21,21.15908059070353,54.00784989584674,63.938338026834266,21.15908059070353,21.15908059070353,1.786266419950069,1.786266419950069,1.786266419950069,1.9166525468560534,1.9166525468560534,1.9166525468560534,-0.13038612690598425,-0.13038612690598425,-0.13038612690598425,0.0,0.0,0.0,58.954835726894515,health,Health & Personal Care,vitamins,SRC-TRENDS-001,prophet
2025-09-28,21.25950080664512,54.30010306830058,63.77107267098339,21.25950080664512,21.25950080664512,1.771771157407934,1.771771157407934,1.771771157407934,1.9166525468560534,1.9166525468560534,1.9166525468560534,-0.1448813894481194,-0.1448813894481194,-0.1448813894481194,0.0,0.0,0.0,58.926471156749656,health,Health & Personal Care,vitamins,SRC-TRENDS-001,prophet
2025-10-05,21.359921022586715,54.040009221939705,63.628278431777936,21.359921022586715,21.359921022586715,1.7568216821681737,1.7568216821681737,1.7568216821681737,1.9166525468560534,1.9166525468560534,1.9166525468560534,-0.1598308646878796,-0.1598308646878796,-0.1598308646878796,0.0,0.0,0.0,58.88549340446685,health,Health & Personal Care,vitamins,SRC-TRENDS-001,prophet
2025-10-12,21.4603412385283,54.63719796641392,64.36644627817657,21.4603412385283,21.4603412385283,1.7665884509367178,1.7665884509367178,1.7665884509367178,1.9166525468560534,1.9166525468560534,1.9166525468560534,-0.15006409591933553,-0.15006409591933553,-0.15006409591933553,0.0,0.0,0.0,59.371932223673376,health,Health & Personal Care,vitamins,SRC-TRENDS-001,prophet
2025-10-19,21.56076145446989,55.6270733558017,65.39873552747794,21.56076145446989,21.56076145446989,1.7947478285231124,1.7947478285231124,1.7947478285231124,1.9166525468560534,1.9166525468560534,1.9166525468560534,-0.12190471833294089,-0.12190471833294089,-0.12190471833294089,0.0,0.0,0.0,60.25689125618455,health,Health & Personal Care,vitamins,SRC-TRENDS-001,prophet
2025-10-26,21.661181670411477,55.66769101464794,65.84928424664808,21.661181670411477,21.661181670411477,1.7997087435966248,1.7997087435966248,1.7997087435966248,1.9166525468560536,1.9166525468560536,1.9166525468560536,-0.11694380325942867,-0.11694380325942867,-0.11694380325942867,0.0,0.0,0.0,60.644999719285956,health,Health & Personal Care,vitamins,SRC-TRENDS-001,prophet
2025-11-02,21.761601886353066,54.93134200632583,65.11602663972445,21.761601886353066,21.761601886353066,1.758880484777127,1.758880484777127,1.758880484777127,1.9166525468560534,1.9166525468560534,1.9166525468560534,-0.1577720620789262,-0.1577720620789262,-0.1577720620789262,0.0,0.0,0.0,60.037658761748595,health,Health & Personal Care,vitamins,SRC-TRENDS-001,prophet
2025-11-09,21.862022102294652,54.410868777074654,64.2123358499651,21.862022102294652,21.862022102294652,1.7063341790694873,1.7063341790694873,1.7063341790694873,1.9166525468560534,1.9166525468560534,1.9166525468560534,-0.21031836778656615,-0.21031836778656615,-0.21031836778656615,0.0,0.0,0.0,59.16593763901258,health,Health & Personal Care,vitamins,SRC-TRENDS-001,prophet
2025-11-16,21.962442318236242,54.058944497941475,64.28125378735669,21.962442318236242,21.962442318236242,1.692189078115422,1.692189078115422,1.692189078115422,1.9166525468560534,1.9166525468560534,1.9166525468560534,-0.2244634687406314,-0.2244634687406314,-0.2244634687406314,0.0,0.0,0.0,59.12704733789556,health,Health & Personal Care,vitamins,SRC-TRENDS-001,prophet
2025-11-23,22.062862534177828,54.98566638505056,64.71647312517287,22.062862534177828,22.062862534177828,1.7108163142581763,1.7108163142581763,1.7108163142581763,1.9166525468560534,1.9166525468560534,1.9166525468560534,-0.20583623259787712,-0.20583623259787712,-0.20583623259787712,0.0,0.0,0.0,59.808367696884744,health,Health & Personal Care,vitamins,SRC-TRENDS-001,prophet
2025-11-30,22.16328275011942,54.95548587970841,64.6373549102883,22.16328275011942,22.16328275011942,1.7021520594039428,1.7021520594039428,1.7021520594039428,1.9166525468560534,1.9166525468560534,1.9166525468560534,-0.2145004874521106,-0.2145004874521106,-0.2145004874521106,0.0,0.0,0.0,59.88856012638708,health,Health & Personal Care,vitamins,SRC-TRENDS-001,prophet
2025-12-07,22.26370296606101,53.870087828212064,64.01618519389386,22.26370296606101,22.26370296606101,1.6435084979862054,1.6435084979862054,1.6435084979862054,1.9166525468560534,1.9166525468560534,1.9166525468560534,-0.273144048869848,-0.273144048869848,-0.273144048869848,0.0,0.0,0.0,58.85428798742297,health,Health & Personal Care,vitamins,SRC-TRENDS-001,prophet
2025-12-14,22.364123182002597,53.74664383448057,63.24124860734756,22.364123182002597,22.364123182002597,1.6184999313480501,1.6184999313480501,1.6184999313480501,1.9166525468560534,1.9166525468560534,1.9166525468560534,-0.2981526155080032,-0.2981526155080032,-0.2981526155080032,0.0,0.0,0.0,58.56045501673314,health,Health & Personal Care,vitamins,SRC-TRENDS-001,prophet
2025-12-21,22.464543397944187,56.89744266201277,66.74391346568366,22.464543397944187,22.464543397944187,1.752782393321693,1.752782393321693,1.752782393321693,1.9166525468560534,1.9166525468560534,1.9166525468560534,-0.16387015353436024,-0.16387015353436024,-0.16387015353436024,0.0,0.0,0.0,61.83999953987184,health,Health & Personal Care,vitamins,SRC-TRENDS-001,prophet
2025-12-28,22.564963613885773,64.54688144358047,74.00905556377026,22.564963613885773,22.564963613885773,2.0635189216319647,2.0635189216319647,2.0635189216319647,1.9166525468560534,1.9166525468560534,1.9166525468560534,0.14686637477591127,0.14686637477591127,0.14686637477591127,0.0,0.0,0.0,69.12819299707587,health,Health & Personal Care,vitamins,SRC-TRENDS-001,prophet
2026-01-04,22.665383829827363,71.7790495259623,82.04208221340221,22.665383829827363,22.665383829827363,2.3954869186670678,2.3954869186670678,2.3954869186670678,1.9166525468560534,1.9166525468560534,1.9166525468560534,0.4788343718110144,0.4788343718110144,0.4788343718110144,0.0,0.0,0.0,76.96001430074689,health,Health & Personal Care,vitamins,SRC-TRENDS-001,prophet
2026-01-11,22.76580404576895,75.84337315803661,85.74446108928935,22.76580404576895,22.76580404576895,2.5414977192917014,2.5414977192917014,2.5414977192917014,1.9166525468560536,1.9166525468560536,1.9166525468560536,0.624845172435648,0.624845172435648,0.624845172435648,0.0,0.0,0.0,80.62504310593252,health,Health & Personal Care,vitamins,SRC-TRENDS-001,prophet
2026-01-18,22.86622426171054,73.67481702258205,83.60636894707312,22.86622426171054,22.86622426171054,2.4368879302596826,2.4368879302596826,2.4368879302596826,1.9166525468560534,1.9166525468560534,1.9166525468560534,0.5202353834036292,0.5202353834036292,0.5202353834036292,0.0,0.0,0.0,78.58865017568407,health,Health & Personal Care,vitamins,SRC-TRENDS-001,prophet
2026-01-25,22.966644477652128,69.26110583028532,79.23771483790205,22.966644477652128,22.966644477652128,2.2201264165435863,2.2201264165435863,2.2201264165435863,1.9166525468560534,1.9166525468560534,1.9166525468560534,0.30347386968753304,0.30347386968753304,0.30347386968753304,0.0,0.0,0.0,73.9554985818525,health,Health & Personal Care,vitamins,SRC-TRENDS-001,prophet
2026-02-01,23.067064693593718,66.41011003690538,76.16018367379765,23.067064693593718,23.067064693593718,2.090581023481064,2.090581023481064,2.090581023481064,1.9166525468560534,1.9166525468560534,1.9166525468560534,0.1739284766250107,0.1739284766250107,0.1739284766250107,0.0,0.0,0.0,71.29063240943078,health,Health & Personal Care,vitamins,SRC-TRENDS-001,prophet
2026-02-08,23.167484909535304,67.26629461097961,77.15675807987313,23.167484909535304,23.167484909535304,2.1173058374022076,2.1173058374022076,2.1173058374022076,1.9166525468560534,1.9166525468560534,1.9166525468560534,0.20065329054615416,0.20065329054615416,0.20065329054615416,0.0,0.0,0.0,72.22013594642196,health,Health & Personal Care,vitamins,SRC-TRENDS-001,prophet
2026-02-15,23.267905125476894,69.38279991931292,79.56634114843645,23.267905125476894,23.267905125476894,2.2015111083639676,2.2015111083639676,2.2015111083639676,1.9166525468560534,1.9166525468560534,1.9166525468560534,0.2848585615079144,0.2848585615079144,0.2848585615079144,0.0,0.0,0.0,74.49245672757317,health,Health & Personal Care,vitamins,SRC-TRENDS-001,prophet
2026-02-22,23.368325341418483,70.27647480859449,80.26898374111659,23.368325341418483,23.368325341418483,2.2152372978211785,2.2152372978211785,2.2152372978211785,1.9166525468560534,1.9166525468560534,1.9166525468560534,0.298584750965125,0.298584750965125,0.298584750965125,0.0,0.0,0.0,75.13471122534854,health,Health & Personal Care,vitamins,SRC-TRENDS-001,prophet
2026-03-01,23.468745557360073,68.69776015114483,78.39956473485044,23.468745557360073,23.468745557360073,2.1438242759929174,2.1438242759929174,2.1438242759929174,1.9166525468560534,1.9166525468560534,1.9166525468560534,0.22717172913686398,0.22717172913686398,0.22717172913686398,0.0,0.0,0.0,73.78161201032952,health,Health & Personal Care,vitamins,SRC-TRENDS-001,prophet
2026-03-08,23.56916577330166,67.66199655647658,77.33408320940062,23.56916577330166,23.56916577330166,2.075068680027378,2.075068680027378,2.075068680027378,1.9166525468560536,1.9166525468560536,1.9166525468560536,0.15841613317132436,0.15841613317132436,0.15841613317132436,0.0,0.0,0.0,72.47680348385319,health,Health & Personal Care,vitamins,SRC-TRENDS-001,prophet
2026-03-15,23.669585989243245,67.60944497736328,77.63597452191004,23.669585989243245,23.669585989243245,2.0717934397929967,2.0717934397929967,2.0717934397929967,1.9166525468560534,1.9166525468560534,1.9166525468560534,0.15514089293694316,0.15514089293694316,0.15514089293694316,0.0,0.0,0.0,72.70807896437363,health,Health & Personal Care,vitamins,SRC-TRENDS-001,prophet
2026-03-22,23.77000620518484,68.14289938328618,78.26349771745757,23.77000620518484,23.77000620518484,2.096303284803736,2.096303284803736,2.096303284803736,1.9166525468560534,1.9166525468560534,1.9166525468560534,0.17965073794768271,0.17965073794768271,0.17965073794768271,0.0,0.0,0.0,73.599148292919,health,Health & Personal Care,vitamins,SRC-TRENDS-001,prophet
2026-03-29,23.870426421126425,68.34982718145125,78.26374557726389,23.870426421126425,23.870426421126425,2.073286070766261,2.073286070766261,2.073286070766261,1.9166525468560538,1.9166525468560538,1.9166525468560538,0.15663352391020716,0.15663352391020716,0.15663352391020716,0.0,0.0,0.0,73.36064902329876,health,Health & Personal Care,vitamins,SRC-TRENDS-001,prophet
2026-04-05,23.970846637068014,66.61051011625598,76.79600510009382,23.970846637068014,23.970846637068014,1.9977379971394784,1.9977379971394784,1.9977379971394784,1.9166525468560534,1.9166525468560534,1.9166525468560534,0.08108545028342506,0.08108545028342506,0.08108545028342506,0.0,0.0,0.0,71.85831778754186,health,Health & Personal Care,vitamins,SRC-TRENDS-001,prophet
2026-04-12,24.0712668530096,66.03052271611305,76.07289090917324,24.0712668530096,24.0712668530096,1.9442314401562883,1.9442314401562883,1.9442314401562883,1.9166525468560534,1.9166525468560534,1.9166525468560534,0.02757889330023494,0.02757889330023494,0.02757889330023494,0.0,0.0,0.0,70.87138067302278,health,Health & Personal Care,vitamins,SRC-TRENDS-001,prophet
2026-04-19,24.17168706895119,66.87899232407227,76.54832455100691,24.17168706895119,24.17168706895119,1.967807710274602,1.967807710274602,1.967807710274602,1.9166525468560534,1.9166525468560534,1.9166525468560534,0.05115516341854873,0.05115516341854873,0.05115516341854873,0.0,0.0,0.0,71.73691925357825,health,Health & Personal Care,vitamins,SRC-TRENDS-001,prophet
2026-04-26,24.272107284892776,68.29402379268387,78.229750137324,24.272107284892776,24.272107284892776,2.02726074209569,2.02726074209569,2.02726074209569,1.9166525468560534,1.9166525468560534,1.9166525468560534,0.11060819523963669,0.11060819523963669,0.11060819523963669,0.0,0.0,0.0,73.4779975114907,health,Health & Personal Care,vitamins,SRC-TRENDS-001,prophet
2026-05-03,24.37252750083437,68.8378658234859,78.50825630931357,24.37252750083437,24.37252750083437,2.0306583345011004,2.0306583345011004,2.0306583345011004,1.9166525468560534,1.9166525468560534,1.9166525468560534,0.11400578764504705,0.11400578764504705,0.11400578764504705,0.0,0.0,0.0,73.86480360326095,health,Health & Personal Care,vitamins,SRC-TRENDS-001,prophet
2026-05-10,24.472947716775955,67.34017993502965,77.26748355857158,24.472947716775955,24.472947716775955,1.9455720473268534,1.9455720473268534,1.9455720473268534,1.9166525468560534,1.9166525468560534,1.9166525468560534,0.028919500470799955,0.028919500470799955,0.028919500470799955,0.0,0.0,0.0,72.08683071022679,health,Health & Personal Care,vitamins,SRC-TRENDS-001,prophet
2026-05-17,24.573367932717545,64.92412993644813,74.74388983082223,24.573367932717545,24.573367932717545,1.8358338252544597,1.8358338252544597,1.8358338252544597,1.9166525468560534,1.9166525468560534,1.9166525468560534,-0.08081872160159367,-0.08081872160159367,-0.08081872160159367,0.0,0.0,0.0,69.68598798402367,health,Health & Personal Care,vitamins,SRC-TRENDS-001,prophet
2026-05-24,24.673788148659135,63.93804603341942,73.44482658010257,24.673788148659135,24.673788148659135,1.7824631909048174,1.7824631909048174,1.7824631909048174,1.9166525468560534,1.9166525468560534,1.9166525468560534,-0.13418935595123593,-0.13418935595123593,-0.13418935595123593,0.0,0.0,0.0,68.65390730382755,health,Health & Personal Care,vitamins,SRC-TRENDS-001,prophet
2026-05-31,24.77420836460072,64.32836405259661,73.90498288030057,24.77420836460072,24.77420836460072,1.7921540564954617,1.7921540564954617,1.7921540564954617,1.9166525468560534,1.9166525468560534,1.9166525468560534,-0.12449849036059178,-0.12449849036059178,-0.12449849036059178,0.0,0.0,0.0,69.1734063816837,health,Health & Personal Care,vitamins,SRC-TRENDS-001,prophet
2026-06-07,24.87462858054231,65.00510486670653,75.0272028135418,24.87462858054231,24.87462858054231,1.8065272606657798,1.8065272606657798,1.8065272606657798,1.9166525468560534,1.9166525468560534,1.9166525468560534,-0.11012528619027359,-0.11012528619027359,-0.11012528619027359,0.0,0.0,0.0,69.81132321022812,health,Health & Personal Care,vitamins,SRC-TRENDS-001,prophet
2026-06-14,24.975048796483897,64.94140341567812,74.5651276558573,24.975048796483897,24.975048796483897,1.7915812319360627,1.7915812319360627,1.7915812319360627,1.9166525468560534,1.9166525468560534,1.9166525468560534,-0.12507131491999066,-0.12507131491999066,-0.12507131491999066,0.0,0.0,0.0,69.7198774869518,health,Health & Personal Care,vitamins,SRC-TRENDS-001,prophet
2026-06-21,25.07546901242549,64.68949892754974,74.69286226374683,25.07546901242549,25.07546901242549,1.7847549072935256,1.7847549072935256,1.7847549072935256,1.9166525468560534,1.9166525468560534,1.9166525468560534,-0.13189763956252779,-0.13189763956252779,-0.13189763956252779,0.0,0.0,0.0,69.82903538503862,health,Health & Personal Care,vitamins,SRC-TRENDS-001,prophet
2026-06-28,25.175889228367076,66.78403383788662,76.38063382572346,25.175889228367076,25.175889228367076,1.8368478747540973,1.8368478747540973,1.8368478747540973,1.9166525468560534,1.9166525468560534,1.9166525468560534,-0.07980467210195605,-0.07980467210195605,-0.07980467210195605,0.0,0.0,0.0,71.42016785253772,health,Health & Personal Care,vitamins,SRC-TRENDS-001,prophet
2026-07-05,25.276309444308666,68.90396668954018,78.52218736777216,25.276309444308666,25.276309444308666,1.9271725819366923,1.9271725819366923,1.9271725819366923,1.9166525468560534,1.9166525468560534,1.9166525468560534,0.010520035080638843,0.010520035080638843,0.010520035080638843,0.0,0.0,0.0,73.9881199779278,health,Health & Personal Care,vitamins,SRC-TRENDS-001,prophet
2026-07-12,25.376729660250252,70.54026362902508,80.16180206564478,25.376729660250252,25.376729660250252,1.968649449506934,1.968649449506934,1.968649449506934,1.9166525468560534,1.9166525468560534,1.9166525468560534,0.0519969026508806,0.0519969026508806,0.0519969026508806,0.0,0.0,0.0,75.3346145361882,health,Health & Personal Care,vitamins,SRC-TRENDS-001,prophet
2026-07-19,25.47714987619184,69.36057693505127,79.04290754875532,25.47714987619184,25.47714987619184,1.9051818906194549,1.9051818906194549,1.9051818906194549,1.9166525468560534,1.9166525468560534,1.9166525468560534,-0.01147065623659851,-0.01147065623659851,-0.01147065623659851,0.0,0.0,0.0,74.01575444491023,health,Health & Personal Care,vitamins,SRC-TRENDS-001,prophet
2026-07-26,25.577570092133428,66.3313188785789,76.3471302812795,25.577570092133428,25.577570092133428,1.7833385401379274,1.7833385401379274,1.7833385401379274,1.9166525468560534,1.9166525468560534,1.9166525468560534,-0.13331400671812607,-0.13331400671812607,-0.13331400671812607,0.0,0.0,0.0,71.19103660051417,health,Health & Personal Care,vitamins,SRC-TRENDS-001,prophet
2026-08-02,25.677990308075017,64.75907146380999,74.74546176263473,25.677990308075017,25.677990308075017,1.7080081129348081,1.7080081129348081,1.7080081129348081,1.9166525468560534,1.9166525468560534,1.9166525468560534,-0.20864443392124532,-0.20864443392124532,-0.20864443392124532,0.0,0.0,0.0,69.53620607812852,health,Health & Personal Care,vitamins,SRC-TRENDS-001,prophet
2026-08-09,25.778410524016603,65.29075490535443,75.36681094827485,25.778410524016603,25.778410524016603,1.7324227200375295,1.7324227200375295,1.7324227200375295,1.9166525468560534,1.9166525468560534,1.9166525468560534,-0.1842298268185239,-0.1842298268185239,-0.1842298268185239,0.0,0.0,0.0,70.43751460227753,health,Health & Personal Care,vitamins,SRC-TRENDS-001,prophet
2026-08-16,25.878830739958193,68.1174069479171,77.42082144080516,25.878830739958193,25.878830739958193,1.8102445739343056,1.8102445739343056,1.8102445739343056,1.9166525468560534,1.9166525468560534,1.9166525468560534,-0.10640797292174772,-0.10640797292174772,-0.10640797292174772,0.0,0.0,0.0,72.72584366673182,health,Health & Personal Care,vitamins,SRC-TRENDS-001,prophet
2026-08-23,25.97925095589978,69.25141994595616,79.08442861197696,25.97925095589978,25.97925095589978,1.858212562267393,1.858212562267393,1.858212562267393,1.9166525468560534,1.9166525468560534,1.9166525468560534,-0.05843998458866026,-0.05843998458866026,-0.05843998458866026,0.0,0.0,0.0,74.25422144044992,health,Health & Personal Care,vitamins,SRC-TRENDS-001,prophet
2026-08-30,26.07967117184137,69.37558535925983,78.93830082970068,26.078807053178096,26.081287041426048,1.8462052257836155,1.8462052257836155,1.8462052257836155,1.9166525468560534,1.9166525468560534,1.9166525468560534,-0.07044732107243795,-0.07044732107243795,-0.07044732107243795,0.0,0.0,0.0,74.2280963760132,health,Health & Personal Care,vitamins,SRC-TRENDS-001,prophet
2026-09-06,26.180091387782955,68.63687671708794,78.62981671509831,26.17556904316554,26.18381866040013,1.8105551021259643,1.8105551021259643,1.8105551021259643,1.9166525468560534,1.9166525468560534,1.9166525468560534,-0.10609744473008909,-0.10609744473008909,-0.10609744473008909,0.0,0.0,0.0,73.58058942405741,health,Health & Personal Care,vitamins,SRC-TRENDS-001,prophet
2026-09-13,26.280511603724545,68.10270349562775,78.22952288391224,26.27161050822504,26.28856403221521,1.7917767226771837,1.7917767226771837,1.7917767226771837,1.9166525468560534,1.9166525468560534,1.9166525468560534,-0.12487582417886957,-0.12487582417886957,-0.12487582417886957,0.0,0.0,0.0,73.3693205553258,health,Health & Personal Care,vitamins,SRC-TRENDS-001,prophet
2026-09-20,26.38093181966613,68.71827246423598,78.13949689559828,26.366913603943726,26.394787233194847,1.7874700989697498,1.7874700989697498,1.7874700989697498,1.9166525468560534,1.9166525468560534,1.9166525468560534,-0.1291824478863035,-0.1291824478863035,-0.1291824478863035,0.0,0.0,0.0,73.53605863027897,health,Health & Personal Care,vitamins,SRC-TRENDS-001,prophet
2026-09-27,26.48135203560772,68.59701889120284,78.178352971721,26.460526698906705,26.50318242402382,1.77513392263156,1.77513392263156,1.77513392263156,1.9166525468560534,1.9166525468560534,1.9166525468560534,-0.14151862422449343,-0.14151862422449343,-0.14151862422449343,0.0,0.0,0.0,73.4892983511633,health,Health & Personal Care,vitamins,SRC-TRENDS-001,prophet
2026-10-04,26.581772251549307,68.34751479185304,78.35836704023961,26.554011825228365,26.612334795331847,1.7582289267446873,1.7582289267446873,1.7582289267446873,1.9166525468560534,1.9166525468560534,1.9166525468560534,-0.1584236201113661,-0.1584236201113661,-0.1584236201113661,0.0,0.0,0.0,73.31861314836254,health,Health & Personal Care,vitamins,SRC-TRENDS-001,prophet
2026-10-11,26.682192467490907,68.82904431388756,78.67405475963363,26.648086837677415,26.720150113746826,1.76266900465381,1.76266900465381,1.76266900465381,1.9166525468560534,1.9166525468560534,1.9166525468560534,-0.1539835422022432,-0.1539835422022432,-0.1539835422022432,0.0,0.0,0.0,73.71406610614449,health,Health & Personal Care,vitamins,SRC-TRENDS-001,prophet
2026-10-18,26.782612683432493,69.94974744455114,79.62674350554943,26.73807665159949,26.829599428524904,1.7900832445006238,1.7900832445006238,1.7900832445006238,1.9166525468560534,1.9166525468560534,1.9166525468560534,-0.1265693023554296,-0.1265693023554296,-0.1265693023554296,0.0,0.0,0.0,74.72571889199489,health,Health & Personal Care,vitamins,SRC-TRENDS-001,prophet
2026-10-25,26.883032899374083,70.24566329345474,80.13180081670966,26.830500468850445,26.939208055983478,1.8022457969408505,1.8022457969408505,1.8022457969408505,1.9166525468560534,1.9166525468560534,1.9166525468560534,-0.1144067499152028,-0.1144067499152028,-0.1144067499152028,0.0,0.0,0.0,75.33286595129363,health,Health & Personal Care,vitamins,SRC-TRENDS-001,prophet
2026-11-01,26.98345311531567,69.69752583561444,79.26250977989197,26.92089343908538,27.04753735733913,1.7686663266058655,1.7686663266058655,1.7686663266058655,1.9166525468560534,1.9166525468560534,1.9166525468560534,-0.14798622025018782,-0.14798622025018782,-0.14798622025018782,0.0,0.0,0.0,74.70817801592263,health,Health & Personal Care,vitamins,SRC-TRENDS-001,prophet
2026-11-08,27.08387333125726,68.74361239144385,78.52792299027114,27.011402848722394,27.155513785879638,1.7139424380802135,1.7139424380802135,1.7139424380802135,1.9166525468560534,1.9166525468560534,1.9166525468560534,-0.20271010877583975,-0.20271010877583975,-0.20271010877583975,0.0,0.0,0.0,73.504073221288,health,Health & Personal Care,vitamins,SRC-TRENDS-001,prophet
2021-08-15,30.114638999999997,44.1389803018533,54.7813429328357,30.114638999999997,30.114638999999997,0.6446077076643411,0.6446077076643411,0.6446077076643411,0.3767402456586986,0.3767402456586986,0.3767402456586986,0.2678674620056423,0.2678674620056423,0.2678674620056423,0.0,0.0,0.0,49.52676741292916,garden,"Patio, Lawn & Garden",lawn mower,SRC-TRENDS-001,prophet
2021-08-22,30.070270215384614,42.04268940963817,52.94977662742546,30.070270215384614,30.070270215384614,0.5914231296884829,0.5914231296884829,0.5914231296884829,0.3767402456586987,0.3767402456586987,0.3767402456586987,0.21468288402978422,0.21468288402978422,0.21468288402978422,0.0,0.0,0.0,47.85452353674575,garden,"Patio, Lawn & Garden",lawn mower,SRC-TRENDS-001,prophet
2021-08-29,30.02590143076923,40.31038212428087,50.773131954743924,30.02590143076923,30.02590143076923,0.522219308005551,0.522219308005551,0.522219308005551,0.3767402456586987,0.3767402456586987,0.3767402456586987,0.14547906234685243,0.14547906234685243,0.14547906234685243,0.0,0.0,0.0,45.70600689818843,garden,"Patio, Lawn & Garden",lawn mower,SRC-TRENDS-001,prophet
2021-09-05,29.98153264615385,37.18165834164245,47.48291759314763,29.98153264615385,29.98153264615385,0.41426428765760787,0.41426428765760787,0.41426428765760787,0.3767402456586986,0.3767402456586986,0.3767402456586986,0.03752404199890921,0.03752404199890921,0.03752404199890921,0.0,0.0,0.0,42.40181091069609,garden,"Patio, Lawn & Garden",lawn mower,SRC-TRENDS-001,prophet
2021-09-12,29.937163861538462,32.669663155314474,43.381172870783125,29.937163861538462,29.937163861538462,0.2715412929228102,0.2715412929228102,0.2715412929228102,0.3767402456586987,0.3767402456586987,0.3767402456586987,-0.10519895273588845,-0.10519895273588845,-0.10519895273588845,0.0,0.0,0.0,38.06634004294265,garden,"Patio, Lawn & Garden",lawn mower,SRC-TRENDS-001,prophet
2021-09-19,29.892795076923072,28.36885263714708,39.393590661915574,29.892795076923072,29.892795076923072,0.13499672373653973,0.13499672373653973,0.13499672373653973,0.3767402456586987,0.3767402456586987,0.3767402456586987,-0.24174352192215892,-0.24174352192215892,-0.24174352192215892,0.0,0.0,0.0,33.92822447563545,garden,"Patio, Lawn & Garden",lawn mower,SRC-TRENDS-001,prophet
2021-09-26,29.84842629230769,25.475138473635187,36.53386955856946,29.84842629230769,29.84842629230769,0.04282131182087587,0.04282131182087587,0.04282131182087587,0.3767402456586987,0.3767402456586987,0.3767402456586987,-0.3339189338378228,-0.3339189338378228,-0.3339189338378228,0.0,0.0,0.0,31.126575061933025,garden,"Patio, Lawn & Garden",lawn mower,SRC-TRENDS-001,prophet
2021-10-03,29.804057507692306,24.110163842206283,34.660501197956094,29.804057507692306,29.804057507692306,-0.012387162057684725,-0.012387162057684725,-0.012387162057684725,0.3767402456586987,0.3767402456586987,0.3767402456586987,-0.3891274077163834,-0.3891274077163834,-0.3891274077163834,0.0,0.0,0.0,29.434869817367964,garden,"Patio, Lawn & Garden",lawn mower,SRC-TRENDS-001,prophet
2021-10-10,29.75968872307692,22.417556849094396,32.5743875380506,29.75968872307692,29.75968872307692,-0.07309460201644294,-0.07309460201644294,-0.07309460201644294,0.3767402456586987,0.3767402456586987,0.3767402456586987,-0.4498348476751416,-0.4498348476751416,-0.4498348476751416,0.0,0.0,0.0,27.58441611973039,garden,"Patio, Lawn & Garden",lawn mower,SRC-TRENDS-001,prophet
2021-10-17,29.71531994680668,19.337714806993237,29.94853891659761,29.71531994680668,29.71531994680668,-0.16259794820895837,-0.16259794820895837,-0.16259794820895837,0.3767402456586987,0.3767402456586987,0.3767402456586987,-0.539338193867657,-0.539338193867657,-0.539338193867657,0.0,0.0,0.0,24.88366989308318,garden,"Patio, Lawn & Garden",lawn mower,SRC-TRENDS-001,prophet
2021-10-24,29.670951170536437,16.87724709012481,27.113005571927797,29.670951170536437,29.670951170536437,-0.25456632128916323,-0.25456632128916323,-0.25456632128916323,0.3767402456586987,0.3767402456586987,0.3767402456586987,-0.6313065669478619,-0.6313065669478619,-0.6313065669478619,0.0,0.0,0.0,22.117726281902584,garden,"Patio, Lawn & Garden",lawn mower,SRC-TRENDS-001,prophet
2021-10-31,29.626582394266197,15.38117540961962,26.06579306835106,29.626582394266197,29.626582394266197,-0.30637381224831806,-0.30637381224831806,-0.30637381224831806,0.3767402456586987,0.3767402456586987,0.3767402456586987,-0.6831140579070167,-0.6831140579070167,-0.6831140579070167,0.0,0.0,0.0,20.54977340224596,garden,"Patio, Lawn & Garden",lawn mower,SRC-TRENDS-001,prophet
2021-11-07,29.582213617995954,14.596303419129118,25.460500153485587,29.582213617995954,29.582213617995954,-0.3156568041355744,-0.3156568041355744,-0.3156568041355744,0.3767402456586987,0.3767402456586987,0.3767402456586987,-0.6923970497942731,-0.6923970497942731,-0.6923970497942731,0.0,0.0,0.0,20.244386608083484,garden,"Patio, Lawn & Garden",lawn mower,SRC-TRENDS-001,prophet
2021-11-14,29.537844841725715,14.727831760861227,25.204114835324127,29.537844841725715,29.537844841725715,-0.32836811516020825,-0.32836811516020825,-0.32836811516020825,0.3767402456586987,0.3767402456586987,0.3767402456586987,-0.7051083608189069,-0.7051083608189069,-0.7051083608189069,0.0,0.0,0.0,19.838558405153563,garden,"Patio, Lawn & Garden",lawn mower,SRC-TRENDS-001,prophet
2021-11-21,29.49347606545547,12.631503222387652,23.577291411842847,29.49347606545547,29.49347606545547,-0.38625656750980886,-0.38625656750980886,-0.38625656750980886,0.3767402456586987,0.3767402456586987,0.3767402456586987,-0.7629968131685075,-0.7629968131685075,-0.7629968131685075,0.0,0.0,0.0,18.10142723647994,garden,"Patio, Lawn & Garden",lawn mower,SRC-TRENDS-001,prophet
2021-11-28,29.44910728918523,10.204022582147692,20.87720572140023,29.44910728918523,29.44910728918523,-0.47767062569587,-0.47767062569587,-0.47767062569587,0.3767402456586986,0.3767402456586986,0.3767402456586986,-0.8544108713545686,-0.8544108713545686,-0.8544108713545686,0.0,0.0,0.0,15.382133784175313,garden,"Patio, Lawn & Garden",lawn mower,SRC-TRENDS-001,prophet
2021-12-05,29.404738512914985,7.993357991071511,18.555522508586566,29.404738512914985,29.404738512914985,-0.5516755222518923,-0.5516755222518923,-0.5516755222518923,0.3767402456586987,0.3767402456586987,0.3767402456586987,-0.928415767910591,-0.928415767910591,-0.928415767910591,0.0,0.0,0.0,13.182864037122279,garden,"Patio, Lawn & Garden",lawn mower,SRC-TRENDS-001,prophet
2021-12-12,29.36036973664475,6.631934748551895,17.84441048116482,29.36036973664475,29.36036973664475,-0.5767839636529024,-0.5767839636529024,-0.5767839636529024,0.3767402456586987,0.3767402456586987,0.3767402456586987,-0.9535242093116011,-0.9535242093116011,-0.9535242093116011,0.0,0.0,0.0,12.425779305628069,garden,"Patio, Lawn & Garden",lawn mower,SRC-TRENDS-001,prophet
2021-12-19,29.316000962324047,7.137312802681263,17.76059034267105,29.316000962324047,29.316000962324047,-0.5719600813300549,-0.5719600813300549,-0.5719600813300549,0.3767402456586986,0.3767402456586986,0.3767402456586986,-0.9487003269887535,-0.9487003269887535,-0.9487003269887535,0.0,0.0,0.0,12.548418667641217,garden,"Patio, Lawn & Garden",lawn mower,SRC-TRENDS-001,prophet
2021-12-26,29.27163218800335,7.264364834692843,17.78960865925689,29.27163218800335,29.27163218800335,-0.5755940032542092,-0.5755940032542092,-0.5755940032542092,0.3767402456586987,0.3767402456586987,0.3767402456586987,-0.9523342489129079,-0.9523342489129079,-0.9523342489129079,0.0,0.0,0.0,12.423056235125735,garden,"Patio, Lawn & Garden",lawn mower,SRC-TRENDS-001,prophet
2022-01-02,29.227263413682646,6.463643555091887,17.147173965514906,29.227263413682646,29.227263413682646,-0.5967627774215151,-0.5967627774215151,-0.5967627774215151,0.3767402456586987,0.3767402456586987,0.3767402456586987,-0.9735030230802137,-0.9735030230802137,-0.9735030230802137,0.0,0.0,0.0,11.785520522503159,garden,"Patio, Lawn & Garden",lawn mower,SRC-TRENDS-001,prophet
2022-01-09,29.18289463936195,6.336718461276247,16.758486487257592,29.18289463936195,29.18289463936195,-0.6109892869300513,-0.6109892869300513,-0.6109892869300513,0.3767402456586986,0.3767402456586986,0.3767402456586986,-0.9877295325887498,-0.9877295325887498,-0.9877295325887498,0.0,0.0,0.0,11.352458653103376,garden,"Patio, Lawn & Garden",lawn mower,SRC-TRENDS-001,prophet
2022-01-16,29.138525865041252,5.890485742994832,17.100450549288887,29.138525865041252,29.138525865041252,-0.5997801854365352,-0.5997801854365352,-0.5997801854365352,0.3767402456586987,0.3767402456586987,0.3767402456586987,-0.9765204310952339,-0.9765204310952339,-0.9765204310952339,0.0,0.0,0.0,11.661815418359533,garden,"Patio, Lawn & Garden",lawn mower,SRC-TRENDS-001,prophet
2022-01-23,29.09415709072055,6.8790887084612375,17.97396586495045,29.09415709072055,29.09415709072055,-0.575055312339753,-0.575055312339753,-0.575055312339753,0.3767402456586987,0.3767402456586987,0.3767402456586987,-0.9517955579984517,-0.9517955579984517,-0.9517955579984517,0.0,0.0,0.0,12.363407497654403,garden,"Patio, Lawn & Garden",lawn mower,SRC-TRENDS-001,prophet
2022-01-30,29.049788316399855,7.556649229641302,18.083150363111393,29.049788316399855,29.049788316399855,-0.5535831339262085,-0.5535831339262085,-0.5535831339262085,0.3767402456586986,0.3767402456586986,0.3767402456586986,-0.9303233795849071,-0.9303233795849071,-0.9303233795849071,0.0,0.0,0.0,12.968315460314267,garden,"Patio, Lawn & Garden",lawn mower,SRC-TRENDS-001,prophet
2022-02-06,29.005419542079153,8.618656595907225,19.168143033596607,29.005419542079153,29.005419542079153,-0.5191611458374882,-0.5191611458374882,-0.5191611458374882,0.3767402456586987,0.3767402456586987,0.3767402456586987,-0.8959013914961869,-0.8959013914961869,-0.8959013914961869,0.0,0.0,0.0,13.946932697116269,garden,"Patio, Lawn & Garden",lawn mower,SRC-TRENDS-001,prophet
2022-02-13,28.961051411360838,11.29672009720258,21.903072705417593,28.961051411360838,28.961051411360838,-0.4312512677262802,-0.4312512677262802,-0.4312512677262802,0.3767402456586987,0.3767402456586987,0.3767402456586987,-0.8079915133849789,-0.8079915133849789,-0.8079915133849789,0.0,0.0,0.0,16.4715612755255,garden,"Patio, Lawn & Garden",lawn mower,SRC-TRENDS-001,prophet
2022-02-20,28.916683280642523,15.499972092995199,26.31278818007426,28.916683280642523,28.916683280642523,-0.27577482313838814,-0.27577482313838814,-0.27577482313838814,0.3767402456586986,0.3767402456586986,0.3767402456586986,-0.6525150687970868,-0.6525150687970868,-0.6525150687970868,0.0,0.0,0.0,20.942190063174547,garden,"Patio, Lawn & Garden",lawn mower,SRC-TRENDS-001,prophet
2022-02-27,28.872315149924212,20.752880121731415,31.80864339979745,28.872315149924212,28.872315149924212,-0.0896806575993187,-0.0896806575993187,-0.0896806575993187,0.3767402456586986,0.3767402456586986,0.3767402456586986,-0.4664209032580173,-0.4664209032580173,-0.4664209032580173,0.0,0.0,0.0,26.283026940864236,garden,"Patio, Lawn & Garden",lawn mower,SRC-TRENDS-001,prophet
2022-03-06,28.827947019205897,25.72825876772456,36.63323740369899,28.827947019205897,28.827947019205897,0.08308073018775089,0.08308073018775089,0.08308073018775089,0.3767402456586987,0.3767402456586987,0.3767402456586987,-0.29365951547094776,-0.29365951547094776,-0.29365951547094776,0.0,0.0,0.0,31.222993907375322,garden,"Patio, Lawn & Garden",lawn mower,SRC-TRENDS-001,prophet
2022-03-13,28.783578888487583,30.833961006275956,41.13681793413865,28.783578888487583,28.783578888487583,0.2556061198942353,0.2556061198942353,0.2556061198942353,0.3767402456586987,0.3767402456586987,0.3767402456586987,-0.12113412576446335,-0.12113412576446335,-0.12113412576446335,0.0,0.0,0.0,36.140837804843514,garden,"Patio, Lawn & Garden",lawn mower,SRC-TRENDS-001,prophet
2022-03-20,28.739210757769268,37.36177560976441,48.249737177016776,28.739210757769268,28.739210757769268,0.49527142000107904,0.49527142000107904,0.49527142000107904,0.3767402456586986,0.3767402456586986,0.3767402456586986,0.11853117434238042,0.11853117434238042,0.11853117434238042,0.0,0.0,0.0,42.97292047947994,garden,"Patio, Lawn & Garden",lawn mower,SRC-TRENDS-001,prophet
2022-03-27,28.694842627050953,47.32042470339359,57.99550762486785,28.694842627050953,28.694842627050953,0.8414948370555495,0.8414948370555495,0.8414948370555495,0.3767402456586987,0.3767402456586987,0.3767402456586987,0.46475459139685077,0.46475459139685077,0.46475459139685077,0.0,0.0,0.0,52.84140454783583,garden,"Patio, Lawn & Garden",lawn mower,SRC-TRENDS-001,prophet
2022-04-03,28.650474496332638,58.66430261252699,69.60882682792186,28.650474496332638,28.650474496332638,1.23445276809734,1.23445276809734,1.23445276809734,0.3767402456586987,0.3767402456586987,0.3767402456586987,0.8577125224386414,0.8577125224386414,0.8577125224386414,0.0,0.0,0.0,64.01813204563271,garden,"Patio, Lawn & Garden",lawn mower,SRC-TRENDS-001,prophet
2022-04-10,28.606253369672018,67.56696698678321,78.12190798875483,28.606253369672018,28.606253369672018,1.5464201113641551,1.5464201113641551,1.5464201113641551,0.3767402456586986,0.3767402456586986,0.3767402456586986,1.1696798657054566,1.1696798657054566,1.1696798657054566,0.0,0.0,0.0,72.84353889131145,garden,"Patio, Lawn & Garden",lawn mower,SRC-TRENDS-001,prophet
2022-04-17,28.562032243011394,71.75585426047655,82.32957625334238,28.562032243011394,28.562032243011394,1.6939557742641123,1.6939557742641123,1.6939557742641123,0.3767402456586987,0.3767402456586987,0.3767402456586987,1.3172155286054137,1.3172155286054137,1.3172155286054137,0.0,0.0,0.0,76.9448516857783,garden,"Patio, Lawn & Garden",lawn mower,SRC-TRENDS-001,prophet
2022-04-24,28.51781111635077,71.94405518857488,82.7297855915784,28.51781111635077,28.51781111635077,1.7114721743154298,1.7114721743154298,1.7114721743154298,0.3767402456586987,0.3767402456586987,0.3767402456586987,1.3347319286567312,1.3347319286567312,1.3347319286567312,0.0,0.0,0.0,77.32525131436836,garden,"Patio, Lawn & Garden",lawn mower,SRC-TRENDS-001,prophet
2022-05-01,28.47358998969015,71.7912240467468,82.23835602345716,28.47358998969015,28.47358998969015,1.704480905806427,1.704480905806427,1.704480905806427,0.37674024565869857,0.37674024565869857,0.37674024565869857,1.3277406601477284,1.3277406601477284,1.3277406601477284,0.0,0.0,0.0,77.00628044687804,garden,"Patio, Lawn & Garden",lawn mower,SRC-TRENDS-001,prophet
2022-05-08,28.42936886302953,72.60789014518886,83.0198829762575,28.42936886302953,28.42936886302953,1.734770498441546,1.734770498441546,1.734770498441546,0.3767402456586987,0.3767402456586987,0.3767402456586987,1.3580302527828472,1.3580302527828472,1.3580302527828472,0.0,0.0,0.0,77.74779925592584,garden,"Patio, Lawn & Garden",lawn mower,SRC-TRENDS-001,prophet
2022-05-15,28.38514773636891,73.17279497203042,83.29392117346457,28.38514773636891,28.38514773636891,1.7644497567474984,1.7644497567474984,1.7644497567474984,0.3767402456586987,0.3767402456586987,0.3767402456586987,1.3877095110887996,1.3877095110887996,1.3877095110887996,0.0,0.0,0.0,78.46931475504684,garden,"Patio, Lawn & Garden",lawn mower,SRC-TRENDS-001,prophet
2022-05-22,28.340926609708283,71.33818734051927,82.37531945477537,28.340926609708283,28.340926609708283,1.7147515137685163,1.7147515137685163,1.7147515137685163,0.3767402456586987,0.3767402456586987,0.3767402456586987,1.3380112681098177,1.3380112681098177,1.3380112681098177,0.0,0.0,0.0,76.93857341530799,garden,"Patio, Lawn & Garden",lawn mower,SRC-TRENDS-001,prophet
2022-05-29,28.296705483047663,66.95037641649091,78.32851992096445,28.296705483047663,28.296705483047663,1.5644166044257477,1.5644166044257477,1.5644166044257477,0.3767402456586987,0.3767402456586987,0.3767402456586987,1.187676358767049,1.187676358767049,1.187676358767049,0.0,0.0,0.0,72.56454139127253,garden,"Patio, Lawn & Garden",lawn mower,SRC-TRENDS-001,prophet
2022-06-05,28.252484366838974,61.56052585361279,72.28173980447404,28.252484366838974,28.252484366838974,1.3746950340209318,1.3746950340209318,1.3746950340209318,0.3767402456586987,0.3767402456586987,0.3767402456586987,0.9979547883622332,0.9979547883622332,0.9979547883622332,0.0,0.0,0.0,67.09103432468652,garden,"Patio, Lawn & Garden",lawn mower,SRC-TRENDS-001,prophet
2022-06-12,28.20826325063029,57.524184634779786,67.85932977636249,28.20826325063029,28.20826325063029,1.2212606740567233,1.2212606740567233,1.2212606740567233,0.3767402456586986,0.3767402456586986,0.3767402456586986,0.8445204283980248,0.8445204283980248,0.8445204283980248,0.0,0.0,0.0,62.65790584206453,garden,"Patio, Lawn & Garden",lawn mower,SRC-TRENDS-001,prophet
2022-06-19,28.164042134421603,54.63905576636632,65.02006667125536,28.164042134421603,28.164042134421603,1.1204163353046392,1.1204163353046392,1.1204163353046392,0.37674024565869857,0.37674024565869857,0.37674024565869857,0.7436760896459407,0.7436760896459407,0.7436760896459407,0.0,0.0,0.0,59.71949501003571,garden,"Patio, Lawn & Garden",lawn mower,SRC-TRENDS-001,prophet
2022-06-26,28.119821018212914,52.06382621637863,62.22507483247489,28.119821018212914,28.119821018212914,1.0327428885762477,1.0327428885762477,1.0327428885762477,0.3767402456586987,0.3767402456586987,0.3767402456586987,0.6560026429175492,0.6560026429175492,0.6560026429175492,0.0,0.0,0.0,57.16036620280921,garden,"Patio, Lawn & Garden",lawn mower,SRC-TRENDS-001,prophet
2022-07-03,28.075599902004228,48.651164938168435,59.62885357622216,28.075599902004228,28.075599902004228,0.9274427168580623,0.9274427168580623,0.9274427168580623,0.3767402456586986,0.3767402456586986,0.3767402456586986,0.5507024711993637,0.5507024711993637,0.5507024711993637,0.0,0.0,0.0,54.11411055253898,garden,"Patio, Lawn & Garden",lawn mower,SRC-TRENDS-001,prophet
2022-07-10,28.031378785795543,45.5150540000677,56.55352880210867,28.031378785795543,28.031378785795543,0.8223816804511266,0.8223816804511266,0.8223816804511266,0.3767402456586987,0.3767402456586987,0.3767402456586987,0.44564143479242785,0.44564143479242785,0.44564143479242785,0.0,0.0,0.0,51.08387117702014,garden,"Patio, Lawn & Garden",lawn mower,SRC-TRENDS-001,prophet
2022-07-17,27.987157669586853,43.59724835018444,54.67841264500836,27.987157669586853,27.987157669586853,0.7558403537780168,0.7558403537780168,0.7558403537780168,0.3767402456586987,0.3767402456586987,0.3767402456586987,0.37910010811931816,0.37910010811931816,0.37910010811931816,0.0,0.0,0.0,49.14098082380851,garden,"Patio, Lawn & Garden",lawn mower,SRC-TRENDS-001,prophet
2022-07-24,27.942936553378168,43.21008369858635,53.80100922121948,27.942936553378168,27.942936553378168,0.7346861647677938,0.7346861647677938,0.7346861647677938,0.3767402456586986,0.3767402456586986,0.3767402456586986,0.3579459191090952,0.3579459191090952,0.3579459191090952,0.0,0.0,0.0,48.47222544212937,garden,"Patio, Lawn & Garden",lawn mower,SRC-TRENDS-001,prophet
2022-07-31,27.89871543716948,43.13158779398619,53.38760216730233,27.89871543716948,27.89871543716948,0.7265725943292969,0.7265725943292969,0.7265725943292969,0.3767402456586987,0.3767402456586987,0.3767402456586987,0.34983234867059826,0.34983234867059826,0.34983234867059826,0.0,0.0,0.0,48.16915749080851,garden,"Patio, Lawn & Garden",lawn mower,SRC-TRENDS-001,prophet
2022-08-07,27.854494322787694,41.78730747832133,52.40337151015517,27.854494322787694,27.854494322787694,0.6998316195784504,0.6998316195784504,0.6998316195784504,0.3767402456586987,0.3767402456586987,0.3767402456586987,0.32309137391975173,0.32309137391975173,0.32309137391975173,0.0,0.0,0.0,47.34795019724296,garden,"Patio, Lawn & Garden",lawn mower,SRC-TRENDS-001,prophet
2022-08-14,27.81027320840591,40.63236590640075,51.49552823116965,27.81027320840591,27.81027320840591,0.6536963820034705,0.6536963820034705,0.6536963820034705,0.3767402456586986,0.3767402456586986,0.3767402456586986,0.27695613634477173,0.27695613634477173,0.27695613634477173,0.0,0.0,0.0,45.9897481872689,garden,"Patio, Lawn & Garden",lawn mower,SRC-TRENDS-001,prophet
2022-08-21,27.766052094024126,39.42315823514461,49.65217978059478,27.766052094024126,27.766052094024126,0.6014318150442283,0.6014318150442283,0.6014318150442283,0.3767402456586987,0.3767402456586987,0.3767402456586987,0.22469156938552964,0.22469156938552964,0.22469156938552964,0.0,0.0,0.0,44.46543920154566,garden,"Patio, Lawn & Garden",lawn mower,SRC-TRENDS-001,prophet
2022-08-28,27.721830979642338,37.25658357192454,47.97831902340987,27.721830979642338,27.721830979642338,0.536899440703652,0.536899440703652,0.536899440703652,0.3767402456586987,0.3767402456586987,0.3767402456586987,0.16015919504495332,0.16015919504495332,0.16015919504495332,0.0,0.0,0.0,42.60566652789348,garden,"Patio, Lawn & Garden",lawn mower,SRC-TRENDS-001,prophet
2022-09-04,27.677609865260557,34.694784868225554,45.36060000894458,27.677609865260557,27.677609865260557,0.43678490031966555,0.43678490031966555,0.43678490031966555,0.3767402456586986,0.3767402456586986,0.3767402456586986,0.06004465466096692,0.06004465466096692,0.06004465466096692,0.0,0.0,0.0,39.766771931344984,garden,"Patio, Lawn & Garden",lawn mower,SRC-TRENDS-001,prophet
2022-09-11,27.63338875087877,30.581882898586127,41.6732301919094,27.63338875087877,27.63338875087877,0.29804217590247006,0.29804217590247006,0.29804217590247006,0.3767402456586987,0.3767402456586987,0.3767402456586987,-0.07869806975622859,-0.07869806975622859,-0.07869806975622859,0.0,0.0,0.0,35.86930406174952,garden,"Patio, Lawn & Garden",lawn mower,SRC-TRENDS-001,prophet
2022-09-18,27.589167636496985,26.54083725201752,37.083602489496585,27.589167636496985,27.589167636496985,0.1567734366134945,0.1567734366134945,0.1567734366134945,0.3767402456586987,0.3767402456586987,0.3767402456586987,-0.21996680904520416,-0.21996680904520416,-0.21996680904520416,0.0,0.0,0.0,31.91441626017642,garden,"Patio, Lawn & Garden",lawn mower,SRC-TRENDS-001,prophet
2022-09-25,27.544946522115204,23.76879709007403,34.33165920793603,27.544946522115204,27.544946522115204,0.055656252361846376,0.055656252361846376,0.055656252361846376,0.3767402456586987,0.3767402456586987,0.3767402456586987,-0.3210839932968523,-0.3210839932968523,-0.3210839932968523,0.0,0.0,0.0,29.077995017043612,garden,"Patio, Lawn & Garden",lawn mower,SRC-TRENDS-001,prophet
2022-10-02,27.500725458553166,22.201269294561786,32.78229331514628,27.500725458553166,27.500725458553166,-0.003436570101204378,-0.003436570101204378,-0.003436570101204378,0.3767402456586987,0.3767402456586987,0.3767402456586987,-0.38017681575990303,-0.38017681575990303,-0.38017681575990303,0.0,0.0,0.0,27.406217287680875,garden,"Patio, Lawn & Garden",lawn mower,SRC-TRENDS-001,prophet
2022-10-09,27.45650439499113,20.672147809633508,30.874158637612556,27.45650439499113,27.45650439499113,-0.060168286613066696,-0.060168286613066696,-0.060168286613066696,0.3767402456586987,0.3767402456586987,0.3767402456586987,-0.43690853227176535,-0.43690853227176535,-0.43690853227176535,0.0,0.0,0.0,25.804493569160375,garden,"Patio, Lawn & Garden",lawn mower,SRC-TRENDS-001,prophet
2022-10-16,27.412283331429087,18.10884369403611,28.8398326060395,27.412283331429087,27.412283331429087,-0.14511484453948378,-0.14511484453948378,-0.14511484453948378,0.3767402456586987,0.3767402456586987,0.3767402456586987,-0.5218550901981824,-0.5218550901981824,-0.5218550901981824,0.0,0.0,0.0,23.434354097316472,garden,"Patio, Lawn & Garden",lawn mower,SRC-TRENDS-001,prophet
2022-10-23,27.36806226786705,15.088740218214735,26.459596344318225,27.36806226786705,27.36806226786705,-0.2401222287113999,-0.2401222287113999,-0.2401222287113999,0.3767402456586987,0.3767402456586987,0.3767402456586987,-0.6168624743700986,-0.6168624743700986,-0.6168624743700986,0.0,0.0,0.0,20.796382160594444,garden,"Patio, Lawn & Garden",lawn mower,SRC-TRENDS-001,prophet
2022-10-30,27.323841204305012,13.928936256529775,24.454600970976287,27.323841204305012,27.323841204305012,-0.30096492047438195,-0.30096492047438195,-0.30096492047438195,0.3767402456586987,0.3767402456586987,0.3767402456586987,-0.6777051661330806,-0.6777051661330806,-0.6777051661330806,0.0,0.0,0.0,19.100323509196713,garden,"Patio, Lawn & Garden",lawn mower,SRC-TRENDS-001,prophet
2022-11-06,27.27962014074297,13.457303219586331,23.523877662207664,27.27962014074297,27.27962014074297,-0.3154131207046993,-0.3154131207046993,-0.3154131207046993,0.3767402456586987,0.3767402456586987,0.3767402456586987,-0.692153366363398,-0.692153366363398,-0.692153366363398,0.0,0.0,0.0,18.67527002051246,garden,"Patio, Lawn & Garden",lawn mower,SRC-TRENDS-001,prophet
2022-11-13,27.235399077180933,13.119416015829835,24.13076687428392,27.235399077180933,27.235399077180933,-0.32343558416783047,-0.32343558416783047,-0.32343558416783047,0.3767402456586987,0.3767402456586987,0.3767402456586987,-0.7001758298265292,-0.7001758298265292,-0.7001758298265292,0.0,0.0,0.0,18.426501866608927,garden,"Patio, Lawn & Garden",lawn mower,SRC-TRENDS-001,prophet
2022-11-20,27.191178013618888,11.965031243788824,22.172441773953956,27.191178013618888,27.191178013618888,-0.37233266798936215,-0.37233266798936215,-0.37233266798936215,0.3767402456586987,0.3767402456586987,0.3767402456586987,-0.7490729136480608,-0.7490729136480608,-0.7490729136480608,0.0,0.0,0.0,17.067014158034482,garden,"Patio, Lawn & Garden",lawn mower,SRC-TRENDS-001,prophet
2022-11-27,27.146956951652573,9.086452177342794,19.918971236364623,27.146956951652573,27.146956951652573,-0.4610581657658439,-0.4610581657658439,-0.4610581657658439,0.3767402456586987,0.3767402456586987,0.3767402456586987,-0.8377984114245426,-0.8377984114245426,-0.8377984114245426,0.0,0.0,0.0,14.630630773399313,garden,"Patio, Lawn & Garden",lawn mower,SRC-TRENDS-001,prophet
2022-12-04,27.102735889686258,7.0715534047206035,18.06687571741596,27.102735889686258,27.102735889686258,-0.5417981510457948,-0.5417981510457948,-0.5417981510457948,0.3767402456586987,0.3767402456586987,0.3767402456586987,-0.9185383967044934,-0.9185383967044934,-0.9185383967044934,0.0,0.0,0.0,12.41852369637174,garden,"Patio, Lawn & Garden",lawn mower,SRC-TRENDS-001,prophet
2022-12-11,27.058514827719947,6.398278154171051,16.74585928365318,27.058514827719947,27.058514827719947,-0.5756136695772845,-0.5756136695772845,-0.5756136695772845,0.3767402456586987,0.3767402456586987,0.3767402456586987,-0.9523539152359832,-0.9523539152359832,-0.9523539152359832,0.0,0.0,0.0,11.483263814424703,garden,"Patio, Lawn & Garden",lawn mower,SRC-TRENDS-001,prophet
2022-12-18,27.01429376575363,6.159894927019659,16.257735339753854,27.01429376575363,27.01429376575363,-0.5731361149991723,-0.5731361149991723,-0.5731361149991723,0.3767402456586987,0.3767402456586987,0.3767402456586987,-0.949876360657871,-0.949876360657871,-0.949876360657871,0.0,0.0,0.0,11.531426387403236,garden,"Patio, Lawn & Garden",lawn mower,SRC-TRENDS-001,prophet
2022-12-25,26.970072703787316,5.4766898511930115,16.876282074229245,26.970072703787316,26.970072703787316,-0.5733355810193796,-0.5733355810193796,-0.5733355810193796,0.3767402456586987,0.3767402456586987,0.3767402456586987,-0.9500758266780783,-0.9500758266780783,-0.9500758266780783,0.0,0.0,0.0,11.507170400026505,garden,"Patio, Lawn & Garden",lawn mower,SRC-TRENDS-001,prophet
2023-01-01,26.925851641821,5.893553180505809,16.532225275500878,26.925851641821,26.925851641821,-0.5925959430977057,-0.5925959430977057,-0.5925959430977057,0.3767402456586987,0.3767402456586987,0.3767402456586987,-0.9693361887564044,-0.9693361887564044,-0.9693361887564044,0.0,0.0,0.0,10.969701194427177,garden,"Patio, Lawn & Garden",lawn mower,SRC-TRENDS-001,prophet
2023-01-08,26.881630579854686,5.066533799693526,15.811695085214627,26.881630579854686,26.881630579854686,-0.6101747582770273,-0.6101747582770273,-0.6101747582770273,0.3767402456586987,0.3767402456586987,0.3767402456586987,-0.986915003935726,-0.986915003935726,-0.986915003935726,0.0,0.0,0.0,10.47913813869951,garden,"Patio, Lawn & Garden",lawn mower,SRC-TRENDS-001,prophet
2023-01-15,26.83740951788838,5.209743438106558,15.72639429105519,26.83740951788838,26.83740951788838,-0.6034437493408304,-0.6034437493408304,-0.6034437493408304,0.37674024565869857,0.37674024565869857,0.37674024565869857,-0.980183994999529,-0.980183994999529,-0.980183994999529,0.0,0.0,0.0,10.642542495818526,garden,"Patio, Lawn & Garden",lawn mower,SRC-TRENDS-001,prophet
2023-01-22,26.793188455922063,5.685081148579896,16.80327920185259,26.793188455922063,26.793188455922063,-0.5794263417621027,-0.5794263417621027,-0.5794263417621027,0.3767402456586987,0.3767402456586987,0.3767402456586987,-0.9561665874208014,-0.9561665874208014,-0.9561665874208014,0.0,0.0,0.0,11.26850928476454,garden,"Patio, Lawn & Garden",lawn mower,SRC-TRENDS-001,prophet
2023-01-29,26.74896771273616,6.342031340042113,17.044927536296697,26.74896771273616,26.74896771273616,-0.5573597055302139,-0.5573597055302139,-0.5573597055302139,0.3767402456586987,0.3767402456586987,0.3767402456586987,-0.9340999511889125,-0.9340999511889125,-0.9340999511889125,0.0,0.0,0.0,11.840170945128335,garden,"Patio, Lawn & Garden",lawn mower,SRC-TRENDS-001,prophet
2023-02-05,26.704746969550264,7.496814866752101,17.623833417536183,26.704746969550264,26.704746969550264,-0.5280914411251797,-0.5280914411251797,-0.5280914411251797,0.3767402456586987,0.3767402456586987,0.3767402456586987,-0.9048316867838784,-0.9048316867838784,-0.9048316867838784,0.0,0.0,0.0,12.60219865751719,garden,"Patio, Lawn & Garden",lawn mower,SRC-TRENDS-001,prophet
2023-02-12,26.660526226364368,9.413957819576959,19.848427919795785,26.660526226364368,26.660526226364368,-0.45220986798479434,-0.45220986798479434,-0.45220986798479434,0.3767402456586987,0.3767402456586987,0.3767402456586987,-0.828950113643493,-0.828950113643493,-0.828950113643493,0.0,0.0,0.0,14.60437318113499,garden,"Patio, Lawn & Garden",lawn mower,SRC-TRENDS-001,prophet
2023-02-19,26.616305483178465,13.069345819348136,23.633666624771532,26.616305483178465,26.616305483178465,-0.3073581972824374,-0.3073581972824374,-0.3073581972824374,0.3767402456586987,0.3767402456586987,0.3767402456586987,-0.6840984429411361,-0.6840984429411361,-0.6840984429411361,0.0,0.0,0.0,18.435565811550077,garden,"Patio, Lawn & Garden",lawn mower,SRC-TRENDS-001,prophet
2023-02-26,26.57208473999257,18.075321705364182,28.916448985917743,26.57208473999257,26.57208473999257,-0.12272910149724556,-0.12272910149724556,-0.12272910149724556,0.3767402456586987,0.3767402456586987,0.3767402456586987,-0.4994693471559442,-0.4994693471559442,-0.4994693471559442,0.0,0.0,0.0,23.31091665494461,garden,"Patio, Lawn & Garden",lawn mower,SRC-TRENDS-001,prophet
2023-03-05,26.527863996806666,22.63718045221662,33.4014263239042,26.527863996806666,26.527863996806666,0.053623276558169314,0.053623276558169314,0.053623276558169314,0.3767402456586987,0.3767402456586987,0.3767402456586987,-0.32311696910052934,-0.32311696910052934,-0.32311696910052934,0.0,0.0,0.0,27.95037498440493,garden,"Patio, Lawn & Garden",lawn mower,SRC-TRENDS-001,prophet
2023-03-12,26.48364325362077,27.194453978198595,37.702028064361,26.48364325362077,26.48364325362077,0.22204053025040213,0.22204053025040213,0.22204053025040213,0.3767402456586987,0.3767402456586987,0.3767402456586987,-0.15469971540829652,-0.15469971540829652,-0.15469971540829652,0.0,0.0,0.0,32.36408544461721,garden,"Patio, Lawn & Garden",lawn mower,SRC-TRENDS-001,prophet
2023-03-19,26.439422510434873,32.51820243685431,43.24108160750416,26.439422510434873,26.439422510434873,0.4446899854098122,0.4446899854098122,0.4446899854098122,0.3767402456586987,0.3767402456586987,0.3767402456586987,0.06794973975111349,0.06794973975111349,0.06794973975111349,0.0,0.0,0.0,38.19676892084402,garden,"Patio, Lawn & Garden",lawn mower,SRC-TRENDS-001,prophet
2023-03-26,26.413618044941284,41.54783486306902,52.02117281970592,26.413618044941284,26.413618044941284,0.7731201797445615,0.7731201797445615,0.7731201797445615,0.3767402456586987,0.3767402456586987,0.3767402456586987,0.39637993408586275,0.39637993408586275,0.39637993408586275,0.0,0.0,0.0,46.83451917555048,garden,"Patio, Lawn & Garden",lawn mower,SRC-TRENDS-001,prophet
2023-04-02,26.387813579447695,52.08811969770833,62.297113819006015,26.387813579447695,26.387813579447695,1.1664179010365836,1.1664179010365836,1.1664179010365836,0.3767402456586987,0.3767402456586987,0.3767402456586987,0.7896776553778848,0.7896776553778848,0.7896776553778848,0.0,0.0,0.0,57.16703170773173,garden,"Patio, Lawn & Garden",lawn mower,SRC-TRENDS-001,prophet
2023-04-09,26.362009113954098,60.37812994849863,71.05116069459233,26.362009113954098,26.362009113954098,1.5017866790866576,1.5017866790866576,1.5017866790866576,0.3767402456586987,0.3767402456586987,0.3767402456586987,1.1250464334279588,1.1250464334279588,1.1250464334279588,0.0,0.0,0.0,65.95212323525142,garden,"Patio, Lawn & Garden",lawn mower,SRC-TRENDS-001,prophet
2023-04-16,26.33620464846051,64.88351222798113,75.89725914080947,26.33620464846051,26.33620464846051,1.6796654035207852,1.6796654035207852,1.6796654035207852,0.3767402456586987,0.3767402456586987,0.3767402456586987,1.3029251578620864,1.3029251578620864,1.3029251578620864,0.0,0.0,0.0,70.57221645652291,garden,"Patio, Lawn & Garden",lawn mower,SRC-TRENDS-001,prophet
2023-04-23,26.31040018296692,66.0081790667687,76.34627491396556,26.31040018296692,26.31040018296692,1.7132583935044088,1.7132583935044088,1.7132583935044088,0.3767402456586987,0.3767402456586987,0.3767402456586987,1.33651814784571,1.33651814784571,1.33651814784571,0.0,0.0,0.0,71.38691413289493,garden,"Patio, Lawn & Garden",lawn mower,SRC-TRENDS-001,prophet
2023-04-30,26.284595717473323,65.9524054095918,76.32904017924835,26.284595717473323,26.284595717473323,1.703465102506525,1.703465102506525,1.703465102506525,0.3767402456586987,0.3767402456586987,0.3767402456586987,1.3267248568478263,1.3267248568478263,1.3267248568478263,0.0,0.0,0.0,71.05948725568159,garden,"Patio, Lawn & Garden",lawn mower,SRC-TRENDS-001,prophet
2023-05-07,26.258791251979734,66.26134904234064,76.89038577433914,26.258791251979734,26.258791251979734,1.7271802531252631,1.7271802531252631,1.7271802531252631,0.3767402456586987,0.3767402456586987,0.3767402456586987,1.3504400074665646,1.3504400074665646,1.3504400074665646,0.0,0.0,0.0,71.61245697333753,garden,"Patio, Lawn & Garden",lawn mower,SRC-TRENDS-001,prophet
2023-05-14,26.23298678648614,67.48511073730577,77.49874245179063,26.23298678648614,26.23298678648614,1.7629807132228952,1.7629807132228952,1.7629807132228952,0.3767402456586987,0.3767402456586987,0.3767402456586987,1.3862404675641964,1.3862404675641964,1.3862404675641964,0.0,0.0,0.0,72.48123654129226,garden,"Patio, Lawn & Garden",lawn mower,SRC-TRENDS-001,prophet
2023-05-21,26.207192777923705,66.4093344937804,77.218451249463,26.207192777923705,26.207192777923705,1.7316410555004165,1.7316410555004165,1.7316410555004165,0.3767402456586987,0.3767402456586987,0.3767402456586987,1.3549008098417177,1.3549008098417177,1.3549008098417177,0.0,0.0,0.0,71.5886437415904,garden,"Patio, Lawn & Garden",lawn mower,SRC-TRENDS-001,prophet
2023-05-28,26.18139876936127,62.995775200249135,73.22636183960535,26.18139876936127,26.18139876936127,1.5966525891215215,1.5966525891215215,1.5966525891215215,0.3767402456586987,0.3767402456586987,0.3767402456586987,1.219912343462823,1.219912343462823,1.219912343462823,0.0,0.0,0.0,67.98399690128495,garden,"Patio, Lawn & Garden",lawn mower,SRC-TRENDS-001,prophet
2023-06-04,26.155604760798827,57.52867378166235,68.46755234278858,26.155604760798827,26.155604760798827,1.4075828034509437,1.4075828034509437,1.4075828034509437,0.3767402456586987,0.3767402456586987,0.3767402456586987,1.030842557792245,1.030842557792245,1.030842557792245,0.0,0.0,0.0,62.971784235958886,garden,"Patio, Lawn & Garden",lawn mower,SRC-TRENDS-001,prophet
2023-06-11,26.129810752236395,53.442024449903,63.924201931824996,26.129810752236395,26.129810752236395,1.2442700865281453,1.2442700865281453,1.2442700865281453,0.3767402456586987,0.3767402456586987,0.3767402456586987,0.8675298408694465,0.8675298408694465,0.8675298408694465,0.0,0.0,0.0,58.64235263788564,garden,"Patio, Lawn & Garden",lawn mower,SRC-TRENDS-001,prophet
2023-06-18,26.10401674367396,50.18612217698691,61.08598128804119,26.10401674367396,26.10401674367396,1.1360234203783501,1.1360234203783501,1.1360234203783501,0.3767402456586987,0.3767402456586987,0.3767402456586987,0.7592831747196516,0.7592831747196516,0.7592831747196516,0.0,0.0,0.0,55.75879113043617,garden,"Patio, Lawn & Garden",lawn mower,SRC-TRENDS-001,prophet
2023-06-25,26.078222735111517,47.831727229167726,58.92242645876837,26.078222735111517,26.078222735111517,1.049399157443751,1.049399157443751,1.049399157443751,0.3767402456586987,0.3767402456586987,0.3767402456586987,0.6726589117850523,0.6726589117850523,0.6726589117850523,0.0,0.0,0.0,53.444687700968004,garden,"Patio, Lawn & Garden",lawn mower,SRC-TRENDS-001,prophet
2023-07-02,26.05242872654908,45.49643647325492,56.17578705520013,26.05242872654908,26.05242872654908,0.9473336896991317,0.9473336896991317,0.9473336896991317,0.3767402456586987,0.3767402456586987,0.3767402456586987,0.570593444040433,0.570593444040433,0.570593444040433,0.0,0.0,0.0,50.73277215769447,garden,"Patio, Lawn & Garden",lawn mower,SRC-TRENDS-001,prophet
2023-07-09,26.026634717986646,42.695344659844494,53.18921535580558,26.026634717986646,26.026634717986646,0.8392476198620149,0.8392476198620149,0.8392476198620149,0.3767402456586987,0.3767402456586987,0.3767402456586987,0.46250737420331617,0.46250737420331617,0.46250737420331617,0.0,0.0,0.0,47.86942595807502,garden,"Patio, Lawn & Garden",lawn mower,SRC-TRENDS-001,prophet
2023-07-16,26.000840709629014,40.58055582926813,51.20292920263123,26.000840709629014,26.000840709629014,0.7639461996290391,0.7639461996290391,0.7639461996290391,0.3767402456586987,0.3767402456586987,0.3767402456586987,0.3872059539703404,0.3872059539703404,0.3872059539703404,0.0,0.0,0.0,45.8640841569101,garden,"Patio, Lawn & Garden",lawn mower,SRC-TRENDS-001,prophet
2023-07-23,25.97504670127138,39.35520416238683,50.84758267131443,25.97504670127138,25.97504670127138,0.7362984491907458,0.7362984491907458,0.7362984491907458,0.3767402456586987,0.3767402456586987,0.3767402456586987,0.3595582035320471,0.3595582035320471,0.3595582035320471,0.0,0.0,0.0,45.100433305074695,garden,"Patio, Lawn & Garden",lawn mower,SRC-TRENDS-001,prophet
2023-07-30,25.94925269291375,39.379034252703924,49.96199589903072,25.94925269291375,25.94925269291375,0.7288278207655295,0.7288278207655295,0.7288278207655295,0.3767402456586987,0.3767402456586987,0.3767402456586987,0.35208757510683086,0.35208757510683086,0.35208757510683086,0.0,0.0,0.0,44.86178998358413,garden,"Patio, Lawn & Garden",lawn mower,SRC-TRENDS-001,prophet
2023-08-06,25.923458684556117,38.963998896256406,49.44558847263202,25.923458684556117,25.923458684556117,0.7064057470322633,0.7064057470322633,0.7064057470322633,0.3767402456586987,0.3767402456586987,0.3767402456586987,0.3296655013735646,0.3296655013735646,0.3296655013735646,0.0,0.0,0.0,44.235938882279996,garden,"Patio, Lawn & Garden",lawn mower,SRC-TRENDS-001,prophet
2023-08-13,25.897664676198485,37.699645673529005,48.232069665410094,25.897664676198485,25.897664676198485,0.6626554923270527,0.6626554923270527,0.6626554923270527,0.3767402456586987,0.3767402456586987,0.3767402456586987,0.285915246668354,0.285915246668354,0.285915246668354,0.0,0.0,0.0,43.058894412325714,garden,"Patio, Lawn & Garden",lawn mower,SRC-TRENDS-001,prophet
2023-08-20,25.871870667840852,36.428625764390155,46.632962237834896,25.871870667840852,25.871870667840852,0.6111093605645087,0.6111093605645087,0.6111093605645087,0.3767402456586987,0.3767402456586987,0.3767402456586987,0.23436911490581,0.23436911490581,0.23436911490581,0.0,0.0,0.0,41.682413008272746,garden,"Patio, Lawn & Garden",lawn mower,SRC-TRENDS-001,prophet
2023-08-27,25.84607665948322,35.03105321145525,45.47762605329265,25.84607665948322,25.84607665948322,0.5503850121896395,0.5503850121896395,0.5503850121896395,0.3767402456586987,0.3767402456586987,0.3767402456586987,0.17364476653094083,0.17364476653094083,0.17364476653094083,0.0,0.0,0.0,40.07136987676725,garden,"Patio, Lawn & Garden",lawn mower,SRC-TRENDS-001,prophet
2023-09-03,25.820282651125588,32.185647162039956,43.32055611606766,25.820282651125588,25.820282651125588,0.45795052661633906,0.45795052661633906,0.45795052661633906,0.3767402456586986,0.3767402456586986,0.3767402456586986,0.08121028095764042,0.08121028095764042,0.08121028095764042,0.0,0.0,0.0,37.64469468859127,garden,"Patio, Lawn & Garden",lawn mower,SRC-TRENDS-001,prophet
2023-09-10,25.794488642767956,28.736027314507677,39.61032081350568,25.794488642767956,25.794488642767956,0.32443871835708477,0.32443871835708477,0.32443871835708477,0.3767402456586987,0.3767402456586987,0.3767402456586987,-0.052301527301613894,-0.052301527301613894,-0.052301527301613894,0.0,0.0,0.0,34.163219478703965,garden,"Patio, Lawn & Garden",lawn mower,SRC-TRENDS-001,prophet
2023-09-17,25.768694630425802,25.042407410524333,35.86558309042196,25.768694630425802,25.768694630425802,0.17995534526365026,0.17995534526365026,0.17995534526365026,0.3767402456586987,0.3767402456586987,0.3767402456586987,-0.1967849003950484,-0.1967849003950484,-0.1967849003950484,0.0,0.0,0.0,30.405908969637647,garden,"Patio, Lawn & Garden",lawn mower,SRC-TRENDS-001,prophet
2023-09-24,25.74290061808365,21.768096803536697,32.79364755328631,25.74290061808365,25.74290061808365,0.0699603804874982,0.0699603804874982,0.0699603804874982,0.3767402456586986,0.3767402456586986,0.3767402456586986,-0.3067798651712004,-0.3067798651712004,-0.3067798651712004,0.0,0.0,0.0,27.543883740176632,garden,"Patio, Lawn & Garden",lawn mower,SRC-TRENDS-001,prophet
2023-10-01,25.717106605741492,20.00607846005576,31.05312164729681,25.717106605741492,25.717106605741492,0.005561466987982239,0.005561466987982239,0.005561466987982239,0.3767402456586987,0.3767402456586987,0.3767402456586987,-0.3711787786707164,-0.3711787786707164,-0.3711787786707164,0.0,0.0,0.0,25.86013144515574,garden,"Patio, Lawn & Garden",lawn mower,SRC-TRENDS-001,prophet
2023-10-08,25.691312593399335,19.28393571015032,30.33002384762771,25.691312593399335,25.691312593399335,-0.04829377154600331,-0.04829377154600331,-0.04829377154600331,0.37674024565869857,0.37674024565869857,0.37674024565869857,-0.4250340172047019,-0.4250340172047019,-0.4250340172047019,0.0,0.0,0.0,24.450582212296748,garden,"Patio, Lawn & Garden",lawn mower,SRC-TRENDS-001,prophet
2023-10-15,25.665518581057178,17.129054142020767,27.629583167679485,25.665518581057178,25.665518581057178,-0.12803498738305003,-0.12803498738305003,-0.12803498738305003,0.3767402456586986,0.3767402456586986,0.3767402456586986,-0.5047752330417486,-0.5047752330417486,-0.5047752330417486,0.0,0.0,0.0,22.379434233352086,garden,"Patio, Lawn & Garden",lawn mower,SRC-TRENDS-001,prophet
2023-10-22,25.63972456871502,14.507290582386302,24.88805091928119,25.63972456871502,25.63972456871502,-0.22449026730582813,-0.22449026730582813,-0.22449026730582813,0.3767402456586987,0.3767402456586987,0.3767402456586987,-0.6012305129645268,-0.6012305129645268,-0.6012305129645268,0.0,0.0,0.0,19.883855946636377,garden,"Patio, Lawn & Garden",lawn mower,SRC-TRENDS-001,prophet
2023-10-29,25.613930556372864,12.56668908899092,23.395479842780997,25.613930556372864,25.613930556372864,-0.2939144263731147,-0.2939144263731147,-0.2939144263731147,0.3767402456586987,0.3767402456586987,0.3767402456586987,-0.6706546720318134,-0.6706546720318134,-0.6706546720318134,0.0,0.0,0.0,18.08562684973574,garden,"Patio, Lawn & Garden",lawn mower,SRC-TRENDS-001,prophet
2023-11-05,25.58813654403071,12.091610628332303,22.93421942378127,25.58813654403071,25.58813654403071,-0.3149410189647057,-0.3149410189647057,-0.3149410189647057,0.3767402456586987,0.3767402456586987,0.3767402456586987,-0.6916812646234044,-0.6916812646234044,-0.6916812646234044,0.0,0.0,0.0,17.529382747445656,garden,"Patio, Lawn & Garden",lawn mower,SRC-TRENDS-001,prophet
2023-11-12,25.56234253049623,12.131462716295985,22.6576090728461,25.56234253049623,25.56234253049623,-0.31995535563750493,-0.31995535563750493,-0.31995535563750493,0.3767402456586986,0.3767402456586986,0.3767402456586986,-0.6966956012962036,-0.6966956012962036,-0.6966956012962036,0.0,0.0,0.0,17.38353413522359,garden,"Patio, Lawn & Garden",lawn mower,SRC-TRENDS-001,prophet
2023-11-19,25.536548516961755,10.78034881615094,21.610699922722215,25.536548516961755,25.536548516961755,-0.3598221592722126,-0.3598221592722126,-0.3598221592722126,0.3767402456586987,0.3767402456586987,0.3767402456586987,-0.7365624049309113,-0.7365624049309113,-0.7365624049309113,0.0,0.0,0.0,16.347932489228956,garden,"Patio, Lawn & Garden",lawn mower,SRC-TRENDS-001,prophet
2023-11-26,25.510754503427275,8.900227121684308,19.553204128801674,25.510754503427275,25.510754503427275,-0.44416154900323424,-0.44416154900323424,-0.44416154900323424,0.3767402456586987,0.3767402456586987,0.3767402456586987,-0.8209017946619329,-0.8209017946619329,-0.8209017946619329,0.0,0.0,0.0,14.179858266943784,garden,"Patio, Lawn & Garden",lawn mower,SRC-TRENDS-001,prophet
2023-12-03,25.484960489892792,6.532411527235472,17.123532630459415,25.484960489892792,25.484960489892792,-0.5302702308198886,-0.5302702308198886,-0.5302702308198886,0.3767402456586986,0.3767402456586986,0.3767402456586986,-0.9070104764785872,-0.9070104764785872,-0.9070104764785872,0.0,0.0,0.0,11.971044608481602,garden,"Patio, Lawn & Garden",lawn mower,SRC-TRENDS-001,prophet
2023-12-10,25.459166476358313,5.602403433428071,16.585137018689974,25.459166476358313,25.459166476358313,-0.5732006926101761,-0.5732006926101761,-0.5732006926101761,0.3767402456586987,0.3767402456586987,0.3767402456586987,-0.9499409382688748,-0.9499409382688748,-0.9499409382688748,0.0,0.0,0.0,10.86595461883195,garden,"Patio, Lawn & Garden",lawn mower,SRC-TRENDS-001,prophet
2023-12-17,25.433372462823833,5.4503424551420885,15.996481479788008,25.433372462823833,25.433372462823833,-0.574471807637582,-0.574471807637582,-0.574471807637582,0.3767402456586987,0.3767402456586987,0.3767402456586987,-0.9512120532962807,-0.9512120532962807,-0.9512120532962807,0.0,0.0,0.0,10.822617009785525,garden,"Patio, Lawn & Garden",lawn mower,SRC-TRENDS-001,prophet
2023-12-24,25.40757844928936,5.380739279248055,15.798586851876001,25.40757844928936,25.40757844928936,-0.5718022191320961,-0.5718022191320961,-0.5718022191320961,0.3767402456586987,0.3767402456586987,0.3767402456586987,-0.9485424647907947,-0.9485424647907947,-0.9485424647907947,0.0,0.0,0.0,10.879468709212885,garden,"Patio, Lawn & Garden",lawn mower,SRC-TRENDS-001,prophet
2023-12-31,25.381784435754874,5.4931629448891535,15.627945122342581,25.381784435754874,25.381784435754874,-0.5883784757623302,-0.5883784757623302,-0.5883784757623302,0.3767402456586987,0.3767402456586987,0.3767402456586987,-0.9651187214210288,-0.9651187214210288,-0.9651187214210288,0.0,0.0,0.0,10.447688797317387,garden,"Patio, Lawn & Garden",lawn mower,SRC-TRENDS-001,prophet
2024-01-07,25.355990419477216,4.495771469662815,14.981042005712313,25.355990419477216,25.355990419477216,-0.6084869531655787,-0.6084869531655787,-0.6084869531655787,0.3767402456586987,0.3767402456586987,0.3767402456586987,-0.9852271988242773,-0.9852271988242773,-0.9852271988242773,0.0,0.0,0.0,9.927201064633921,garden,"Patio, Lawn & Garden",lawn mower,SRC-TRENDS-001,prophet
2024-01-14,25.330196403199558,4.38656245517817,15.293583303614536,25.330196403199558,25.330196403199558,-0.6065141254401009,-0.6065141254401009,-0.6065141254401009,0.3767402456586987,0.3767402456586987,0.3767402456586987,-0.9832543710987995,-0.9832543710987995,-0.9832543710987995,0.0,0.0,0.0,9.96707448448699,garden,"Patio, Lawn & Garden",lawn mower,SRC-TRENDS-001,prophet
2024-01-21,25.304402386921897,4.8416734249776745,16.02142367663797,25.304402386921897,25.304402386921897,-0.5839494445866453,-0.5839494445866453,-0.5839494445866453,0.3767402456586987,0.3767402456586987,0.3767402456586987,-0.960689690245344,-0.960689690245344,-0.960689690245344,0.0,0.0,0.0,10.527910667481873,garden,"Patio, Lawn & Garden",lawn mower,SRC-TRENDS-001,prophet
2024-01-28,25.27860837064424,5.852589830688452,16.50795617474728,25.27860837064424,25.27860837064424,-0.5610064781298886,-0.5610064781298886,-0.5610064781298886,0.3767402456586987,0.3767402456586987,0.3767402456586987,-0.9377467237885873,-0.9377467237885873,-0.9377467237885873,0.0,0.0,0.0,11.097145316604394,garden,"Patio, Lawn & Garden",lawn mower,SRC-TRENDS-001,prophet
2024-02-04,25.25281435436658,6.479390750319251,16.896065771666862,25.25281435436658,25.25281435436658,-0.5354867064666736,-0.5354867064666736,-0.5354867064666736,0.3767402456586987,0.3767402456586987,0.3767402456586987,-0.9122269521253723,-0.9122269521253723,-0.9122269521253723,0.0,0.0,0.0,11.730267966732482,garden,"Patio, Lawn & Garden",lawn mower,SRC-TRENDS-001,prophet
2024-02-11,25.227020338088924,8.095435576496543,18.922700267946624,25.227020338088924,25.227020338088924,-0.47080754243557066,-0.47080754243557066,-0.47080754243557066,0.37674024565869857,0.37674024565869857,0.37674024565869857,-0.8475477880942692,-0.8475477880942692,-0.8475477880942692,0.0,0.0,0.0,13.34994888974112,garden,"Patio, Lawn & Garden",lawn mower,SRC-TRENDS-001,prophet
2024-02-18,25.20122632181127,11.503813707985346,21.991534745567243,25.20122632181127,25.20122632181127,-0.33760877343866236,-0.33760877343866236,-0.33760877343866236,0.3767402456586987,0.3767402456586987,0.3767402456586987,-0.714349019097361,-0.714349019097361,-0.714349019097361,0.0,0.0,0.0,16.693071214154433,garden,"Patio, Lawn & Garden",lawn mower,SRC-TRENDS-001,prophet
2024-02-25,25.17543230553361,15.948045385356863,26.474358465887914,25.17543230553361,25.17543230553361,-0.1561880941391756,-0.1561880941391756,-0.1561880941391756,0.3767402456586987,0.3767402456586987,0.3767402456586987,-0.5329283397978742,-0.5329283397978742,-0.5329283397978742,0.0,0.0,0.0,21.243329514602486,garden,"Patio, Lawn & Garden",lawn mower,SRC-TRENDS-001,prophet
2024-03-03,25.149638290329545,20.508193810091917,31.237068580348666,25.149638290329545,25.149638290329545,0.023716882751918827,0.023716882751918827,0.023716882751918827,0.3767402456586987,0.3767402456586987,0.3767402456586987,-0.3530233629067798,-0.3530233629067798,-0.3530233629067798,0.0,0.0,0.0,25.746109312914456,garden,"Patio, Lawn & Garden",lawn mower,SRC-TRENDS-001,prophet
2024-03-10,25.123844275125474,24.286609537180073,35.212197425157214,25.123844275125474,25.123844275125474,0.19022646445007316,0.19022646445007316,0.19022646445007316,0.3767402456586987,0.3767402456586987,0.3767402456586987,-0.1865137812086255,-0.1865137812086255,-0.1865137812086255,0.0,0.0,0.0,29.9030643449768,garden,"Patio, Lawn & Garden",lawn mower,SRC-TRENDS-001,prophet
2024-03-17,25.098050259921408,29.93154699624711,40.36414176560719,25.098050259921408,25.098050259921408,0.39775781030644564,0.39775781030644564,0.39775781030644564,0.3767402456586987,0.3767402456586987,0.3767402456586987,0.021017564647747,0.021017564647747,0.021017564647747,0.0,0.0,0.0,35.080995774268864,garden,"Patio, Lawn & Garden",lawn mower,SRC-TRENDS-001,prophet
2024-03-24,25.072256244717334,37.53026260942449,48.10224546758234,25.072256244717334,25.072256244717334,0.7070646594618786,0.7070646594618786,0.7070646594618786,0.3767402456586987,0.3767402456586987,0.3767402456586987,0.3303244138031799,0.3303244138031799,0.3303244138031799,0.0,0.0,0.0,42.799962568329356,garden,"Patio, Lawn & Garden",lawn mower,SRC-TRENDS-001,prophet
2024-03-31,25.046462229513267,47.28212333464376,57.97199144192303,25.046462229513267,25.046462229513267,1.0964700452612801,1.0964700452612801,1.0964700452612801,0.3767402456586987,0.3767402456586987,0.3767402456586987,0.7197297996025814,0.7197297996025814,0.7197297996025814,0.0,0.0,0.0,52.50915780394262,garden,"Patio, Lawn & Garden",lawn mower,SRC-TRENDS-001,prophet
2024-04-07,25.020668214309193,56.08718814179812,66.8912018520376,25.020668214309193,25.020668214309193,1.4517933887220709,1.4517933887220709,1.4517933887220709,0.3767402456586986,0.3767402456586986,0.3767402456586986,1.0750531430633723,1.0750531430633723,1.0750531430633723,0.0,0.0,0.0,61.34550890925174,garden,"Patio, Lawn & Garden",lawn mower,SRC-TRENDS-001,prophet
2024-04-14,24.994874199105126,61.11705639009337,71.6043947316543,24.994874199105126,24.994874199105126,1.6605123676525935,1.6605123676525935,1.6605123676525935,0.3767402456586987,0.3767402456586987,0.3767402456586987,1.283772121993895,1.283772121993895,1.283772121993895,0.0,0.0,0.0,66.4991719346399,garden,"Patio, Lawn & Garden",lawn mower,SRC-TRENDS-001,prophet
2024-04-21,24.96908018390106,62.2819712596328,72.84993488470285,24.96908018390106,24.96908018390106,1.7137388557897162,1.7137388557897162,1.7137388557897162,0.3767402456586987,0.3767402456586987,0.3767402456586987,1.3369986101310174,1.3369986101310174,1.3369986101310174,0.0,0.0,0.0,67.75956308838134,garden,"Patio, Lawn & Garden",lawn mower,SRC-TRENDS-001,prophet
2024-04-28,24.94328616869699,61.76684444798003,72.74794383266881,24.94328616869699,24.94328616869699,1.7038189760383502,1.7038189760383502,1.7038189760383502,0.3767402456586986,0.3767402456586986,0.3767402456586986,1.3270787303796516,1.3270787303796516,1.3270787303796516,0.0,0.0,0.0,67.44213046767784,garden,"Patio, Lawn & Garden",lawn mower,SRC-TRENDS-001,prophet
2024-05-05,24.917492151699776,62.31655824839152,72.97106546562678,24.917492151699776,24.917492151699776,1.7201487311175585,1.7201487311175585,1.7201487311175585,0.3767402456586987,0.3767402456586987,0.3767402456586987,1.34340848545886,1.34340848545886,1.34340848545886,0.0,0.0,0.0,67.77928465907787,garden,"Patio, Lawn & Garden",lawn mower,SRC-TRENDS-001,prophet
2024-05-12,24.891698134702565,63.079302179391235,73.68464547338839,24.891698134702565,24.891698134702565,1.7592360508485827,1.7592360508485827,1.7592360508485827,0.3767402456586987,0.3767402456586987,0.3767402456586987,1.382495805189884,1.382495805189884,1.382495805189884,0.0,0.0,0.0,68.68207086011174,garden,"Patio, Lawn & Garden",lawn mower,SRC-TRENDS-001,prophet
2024-05-19,24.86590411770535,63.41538716659366,73.9378547617101,24.86590411770535,24.86590411770535,1.7449622247584426,1.7449622247584426,1.7449622247584426,0.3767402456586986,0.3767402456586986,0.3767402456586986,1.3682219790997439,1.3682219790997439,1.3682219790997439,0.0,0.0,0.0,68.25596748756661,garden,"Patio, Lawn & Garden",lawn mower,SRC-TRENDS-001,prophet
2024-05-26,24.840110100708134,59.89682945289944,70.36809214356107,24.840110100708134,24.840110100708134,1.6270764642330033,1.6270764642330033,1.6270764642330033,0.3767402456586987,0.3767402456586987,0.3767402456586987,1.2503362185743048,1.2503362185743048,1.2503362185743048,0.0,0.0,0.0,65.25686861452684,garden,"Patio, Lawn & Garden",lawn mower,SRC-TRENDS-001,prophet
2024-06-02,24.814316083710924,55.47089992388508,65.95331089135361,24.814316083710924,24.814316083710924,1.4414516922951521,1.4414516922951521,1.4414516922951521,0.3767402456586987,0.3767402456586987,0.3767402456586987,1.0647114466364533,1.0647114466364533,1.0647114466364533,0.0,0.0,0.0,60.582953995722846,garden,"Patio, Lawn & Garden",lawn mower,SRC-TRENDS-001,prophet
2024-06-09,24.788522066713707,50.65619758302145,61.589257241601736,24.788522066713707,24.788522066713707,1.26922690482353,1.26922690482353,1.26922690482353,0.3767402456586987,0.3767402456586987,0.3767402456586987,0.8924866591648314,0.8924866591648314,0.8924866591648314,0.0,0.0,0.0,56.25078120459852,garden,"Patio, Lawn & Garden",lawn mower,SRC-TRENDS-001,prophet
2024-06-16,24.762728049716497,47.937683958349055,59.038153448170306,24.762728049716497,24.762728049716497,1.152324504567971,1.152324504567971,1.152324504567971,0.3767402456586986,0.3767402456586986,0.3767402456586986,0.7755842589092724,0.7755842589092724,0.7755842589092724,0.0,0.0,0.0,53.29742638135746,garden,"Patio, Lawn & Garden",lawn mower,SRC-TRENDS-001,prophet
2024-06-23,24.736934032719287,45.261522205422494,56.5597327762578,24.736934032719287,24.736934032719287,1.065414242184538,1.065414242184538,1.065414242184538,0.3767402456586987,0.3767402456586987,0.3767402456586987,0.6886739965258394,0.6886739965258394,0.6886739965258394,0.0,0.0,0.0,51.09201585915781,garden,"Patio, Lawn & Garden",lawn mower,SRC-TRENDS-001,prophet
2024-06-30,24.711140015103947,43.5671507256361,54.0295970301033,24.711140015103947,24.711140015103947,0.9669420308258192,0.9669420308258192,0.9669420308258192,0.3767402456586987,0.3767402456586987,0.3767402456586987,0.5902017851671205,0.5902017851671205,0.5902017851671205,0.0,0.0,0.0,48.60537992532972,garden,"Patio, Lawn & Garden",lawn mower,SRC-TRENDS-001,prophet
2024-07-07,24.685345997488607,40.428351190661736,51.674035616300756,24.685345997488607,24.685345997488607,0.8572363357917885,0.8572363357917885,0.8572363357917885,0.3767402456586986,0.3767402456586986,0.3767402456586986,0.48049609013308986,0.48049609013308986,0.48049609013308986,0.0,0.0,0.0,45.84652154812823,garden,"Patio, Lawn & Garden",lawn mower,SRC-TRENDS-001,prophet
2024-07-14,24.659551979873267,38.12582946476793,49.186169041585366,24.659551979873267,24.659551979873267,0.7737035771908676,0.7737035771908676,0.7737035771908676,0.3767402456586987,0.3767402456586987,0.3767402456586987,0.39696333153216884,0.39696333153216884,0.39696333153216884,0.0,0.0,0.0,43.73873555862536,garden,"Patio, Lawn & Garden",lawn mower,SRC-TRENDS-001,prophet
2024-07-21,24.63375796225793,37.55732479651016,48.356346168693804,24.63375796225793,24.63375796225793,0.7385739846325312,0.7385739846325312,0.7385739846325312,0.3767402456586987,0.3767402456586987,0.3767402456586987,0.3618337389738326,0.3618337389738326,0.3618337389738326,0.0,0.0,0.0,42.827610736916114,garden,"Patio, Lawn & Garden",lawn mower,SRC-TRENDS-001,prophet
2024-07-28,24.60796394464259,36.9122346451578,48.098957714179924,24.60796394464259,24.60796394464259,0.730512097128285,0.730512097128285,0.730512097128285,0.3767402456586986,0.3767402456586986,0.3767402456586986,0.35377185146958634,0.35377185146958634,0.35377185146958634,0.0,0.0,0.0,42.584379291900675,garden,"Patio, Lawn & Garden",lawn mower,SRC-TRENDS-001,prophet
2024-08-04,24.582169927027252,37.222905536900996,47.39031344339225,24.582169927027252,24.582169927027252,0.7122371795761341,0.7122371795761341,0.7122371795761341,0.3767402456586987,0.3767402456586987,0.3767402456586987,0.3354969339174354,0.3354969339174354,0.3354969339174354,0.0,0.0,0.0,42.0905053037144,garden,"Patio, Lawn & Garden",lawn mower,SRC-TRENDS-001,prophet
2024-08-11,24.556375909411916,35.39228967852414,46.08123490480564,24.556375909411916,24.556375909411916,0.6714172152068052,0.6714172152068052,0.6714172152068052,0.3767402456586987,0.3767402456586987,0.3767402456586987,0.2946769695481065,0.2946769695481065,0.2946769695481065,0.0,0.0,0.0,41.043949438080745,garden,"Patio, Lawn & Garden",lawn mower,SRC-TRENDS-001,prophet
2024-08-18,24.530581891796572,34.203127663510074,44.77098199647501,24.530581891796572,24.530581891796572,0.6205668407362597,0.6205668407362597,0.6205668407362597,0.3767402456586986,0.3767402456586986,0.3767402456586986,0.24382659507756105,0.24382659507756105,0.24382659507756105,0.0,0.0,0.0,39.75344759781087,garden,"Patio, Lawn & Garden",lawn mower,SRC-TRENDS-001,prophet
2024-08-25,24.50478787314446,32.80981633602577,43.49814997066945,24.50478787314446,24.50478787314446,0.5628224248967247,0.5628224248967247,0.5628224248967247,0.3767402456586987,0.3767402456586987,0.3767402456586987,0.1860821792380261,0.1860821792380261,0.1860821792380261,0.0,0.0,0.0,38.296632005487474,garden,"Patio, Lawn & Garden",lawn mower,SRC-TRENDS-001,prophet
2024-09-01,24.478993854492348,30.786598363132903,41.921761788496156,24.478993854492348,24.478993854492348,0.47768275446508857,0.47768275446508857,0.47768275446508857,0.3767402456586987,0.3767402456586987,0.3767402456586987,0.10094250880638991,0.10094250880638991,0.10094250880638991,0.0,0.0,0.0,36.17218706544023,garden,"Patio, Lawn & Garden",lawn mower,SRC-TRENDS-001,prophet
2024-09-08,24.453199835840238,27.977927014343983,38.33223776421529,24.453199835840238,24.453199835840238,0.3504343720847597,0.3504343720847597,0.3504343720847597,0.3767402456586987,0.3767402456586987,0.3767402456586987,-0.02630587357393896,-0.02630587357393896,-0.02630587357393896,0.0,0.0,0.0,33.02244156577606,garden,"Patio, Lawn & Garden",lawn mower,SRC-TRENDS-001,prophet
2024-09-15,24.427405817188124,23.870207893626294,34.50934773861263,24.427405817188124,24.427405817188124,0.2043414272519954,0.2043414272519954,0.2043414272519954,0.3767402456586987,0.3767402456586987,0.3767402456586987,-0.17239881840670326,-0.17239881840670326,-0.17239881840670326,0.0,0.0,0.0,29.41893678593604,garden,"Patio, Lawn & Garden",lawn mower,SRC-TRENDS-001,prophet
2024-09-22,24.40161179853601,20.7827034440308,31.94996408892446,24.40161179853601,24.40161179853601,0.0858616873821644,0.0858616873821644,0.0858616873821644,0.3767402456586987,0.3767402456586987,0.3767402456586987,-0.29087855827653425,-0.29087855827653425,-0.29087855827653425,0.0,0.0,0.0,26.496775362402847,garden,"Patio, Lawn & Garden",lawn mower,SRC-TRENDS-001,prophet
2024-09-29,24.375817779883903,19.45769098309049,30.381408950755937,24.375817779883903,24.375817779883903,0.014900473331878744,0.014900473331878744,0.014900473331878744,0.3767402456586987,0.3767402456586987,0.3767402456586987,-0.3618397723268199,-0.3618397723268199,-0.3618397723268199,0.0,0.0,0.0,24.739029002655798,garden,"Patio, Lawn & Garden",lawn mower,SRC-TRENDS-001,prophet
2024-10-06,24.35002376123179,18.03111092929658,28.842158028678938,24.35002376123179,24.35002376123179,-0.03738685753261475,-0.03738685753261475,-0.03738685753261475,0.3767402456586987,0.3767402456586987,0.3767402456586987,-0.4141271031913134,-0.4141271031913134,-0.4141271031913134,0.0,0.0,0.0,23.439652891954832,garden,"Patio, Lawn & Garden",lawn mower,SRC-TRENDS-001,prophet
2024-10-13,24.324229742579675,16.232709045551292,26.932233879724905,24.324229742579675,24.324229742579675,-0.1115969028990467,-0.1115969028990467,-0.1115969028990467,0.3767402456586987,0.3767402456586987,0.3767402456586987,-0.48833714855774535,-0.48833714855774535,-0.48833714855774535,0.0,0.0,0.0,21.609721037902908,garden,"Patio, Lawn & Garden",lawn mower,SRC-TRENDS-001,prophet
2024-10-20,24.298435723927568,13.544220055297206,24.113851265715173,24.298435723927568,24.298435723927568,-0.20792794050843957,-0.20792794050843957,-0.20792794050843957,0.3767402456586987,0.3767402456586987,0.3767402456586987,-0.5846681861671382,-0.5846681861671382,-0.5846681861671382,0.0,0.0,0.0,19.246112026274613,garden,"Patio, Lawn & Garden",lawn mower,SRC-TRENDS-001,prophet
2024-10-27,24.27264177386588,11.997553539919894,22.531048552378905,24.27264177386588,24.27264177386588,-0.28515379984986444,-0.28515379984986444,-0.28515379984986444,0.3767402456586987,0.3767402456586987,0.3767402456586987,-0.6618940455085631,-0.6618940455085631,-0.6618940455085631,0.0,0.0,0.0,17.351205739653473,garden,"Patio, Lawn & Garden",lawn mower,SRC-TRENDS-001,prophet
2024-11-03,24.246847823804195,11.255567226827765,21.837540271458362,24.246847823804195,24.246847823804195,-0.31390027630983364,-0.31390027630983364,-0.31390027630983364,0.3767402456586987,0.3767402456586987,0.3767402456586987,-0.6906405219685323,-0.6906405219685323,-0.6906405219685323,0.0,0.0,0.0,16.63575559226957,garden,"Patio, Lawn & Garden",lawn mower,SRC-TRENDS-001,prophet
2024-11-10,24.221053873742513,11.05703227296476,22.07382052329735,24.221053873742513,24.221053873742513,-0.31771344114149225,-0.31771344114149225,-0.31771344114149225,0.3767402456586987,0.3767402456586987,0.3767402456586987,-0.6944536868001909,-0.6944536868001909,-0.6944536868001909,0.0,0.0,0.0,16.525699499442307,garden,"Patio, Lawn & Garden",lawn mower,SRC-TRENDS-001,prophet
2024-11-17,24.195259923680826,10.36914290116861,21.264291049735487,24.195259923680826,24.195259923680826,-0.3488904969978781,-0.3488904969978781,-0.3488904969978781,0.3767402456586987,0.3767402456586987,0.3767402456586987,-0.7256307426565768,-0.7256307426565768,-0.7256307426565768,0.0,0.0,0.0,15.753763663914981,garden,"Patio, Lawn & Garden",lawn mower,SRC-TRENDS-001,prophet
2024-11-24,24.169465973619143,8.7065327832705,19.028274447126307,24.169465973619143,24.169465973619143,-0.42732627389825106,-0.42732627389825106,-0.42732627389825106,0.3767402456586987,0.3767402456586987,0.3767402456586987,-0.8040665195569497,-0.8040665195569497,-0.8040665195569497,0.0,0.0,0.0,13.84121813700191,garden,"Patio, Lawn & Garden",lawn mower,SRC-TRENDS-001,prophet
2024-12-01,24.143672023557457,6.214505778518293,17.13824334383754,24.143672023557457,24.143672023557457,-0.5172204234780362,-0.5172204234780362,-0.5172204234780362,0.3767402456586986,0.3767402456586986,0.3767402456586986,-0.8939606691367349,-0.8939606691367349,-0.8939606691367349,0.0,0.0,0.0,11.656071755218253,garden,"Patio, Lawn & Garden",lawn mower,SRC-TRENDS-001,prophet
2024-12-08,24.11787807349577,5.026965637674095,15.607639022005614,24.11787807349577,24.11787807349577,-0.5693489893675574,-0.5693489893675574,-0.5693489893675574,0.3767402456586987,0.3767402456586987,0.3767402456586987,-0.9460892350262561,-0.9460892350262561,-0.9460892350262561,0.0,0.0,0.0,10.386388566660981,garden,"Patio, Lawn & Garden",lawn mower,SRC-TRENDS-001,prophet
2024-12-15,24.092084123434088,4.613293867793171,15.744252697252941,24.092084123434088,24.092084123434088,-0.5757310884206315,-0.5757310884206315,-0.5757310884206315,0.3767402456586987,0.3767402456586987,0.3767402456586987,-0.9524713340793302,-0.9524713340793302,-0.9524713340793302,0.0,0.0,0.0,10.221522308727964,garden,"Patio, Lawn & Garden",lawn mower,SRC-TRENDS-001,prophet
2024-12-22,24.06629017716058,4.678378179901633,15.34934852002015,24.06629017716058,24.06629017716058,-0.5710059969533386,-0.5710059969533386,-0.5710059969533386,0.3767402456586987,0.3767402456586987,0.3767402456586987,-0.9477462426120373,-0.9477462426120373,-0.9477462426120373,0.0,0.0,0.0,10.324294161582662,garden,"Patio, Lawn & Garden",lawn mower,SRC-TRENDS-001,prophet
2024-12-29,24.040496230887076,4.637618383188395,15.253607981837604,24.040496230887076,24.040496230887076,-0.5843023987252745,-0.5843023987252745,-0.5843023987252745,0.3767402456586987,0.3767402456586987,0.3767402456586987,-0.9610426443839731,-0.9610426443839731,-0.9610426443839731,0.0,0.0,0.0,9.993576616633838,garden,"Patio, Lawn & Garden",lawn mower,SRC-TRENDS-001,prophet
2025-01-05,24.014702284613566,4.4073960701817265,14.933821949923898,24.014702284613566,24.014702284613566,-0.6060050840549742,-0.6060050840549742,-0.6060050840549742,0.3767402456586987,0.3767402456586987,0.3767402456586987,-0.9827453297136729,-0.9827453297136729,-0.9827453297136729,0.0,0.0,0.0,9.46167060807114,garden,"Patio, Lawn & Garden",lawn mower,SRC-TRENDS-001,prophet
2025-01-12,23.98890833834006,3.8528755878586773,14.677005264881073,23.98890833834006,23.98890833834006,-0.608864952240069,-0.608864952240069,-0.608864952240069,0.3767402456586987,0.3767402456586987,0.3767402456586987,-0.9856051978987677,-0.9856051978987677,-0.9856051978987677,0.0,0.0,0.0,9.382902808625246,garden,"Patio, Lawn & Garden",lawn mower,SRC-TRENDS-001,prophet
2025-01-19,23.963114392066558,4.2176916508658975,15.18541848950946,23.963114392066558,23.963114392066558,-0.5885307063785963,-0.5885307063785963,-0.5885307063785963,0.3767402456586987,0.3767402456586987,0.3767402456586987,-0.965270952037295,-0.965270952037295,-0.965270952037295,0.0,0.0,0.0,9.86008575187252,garden,"Patio, Lawn & Garden",lawn mower,SRC-TRENDS-001,prophet
2025-01-26,23.93732044579305,5.204669154358475,15.482723507194056,23.93732044579305,23.93732044579305,-0.5646833506099266,-0.5646833506099266,-0.5646833506099266,0.3767402456586987,0.3767402456586987,0.3767402456586987,-0.9414235962686253,-0.9414235962686253,-0.9414235962686253,0.0,0.0,0.0,10.42031413183913,garden,"Patio, Lawn & Garden",lawn mower,SRC-TRENDS-001,prophet
2025-02-02,23.911526499519542,5.383080310487988,15.9626271642644,23.911526499519542,23.911526499519542,-0.5416158808804283,-0.5416158808804283,-0.5416158808804283,0.3767402456586987,0.3767402456586987,0.3767402456586987,-0.918356126539127,-0.918356126539127,-0.918356126539127,0.0,0.0,0.0,10.96066401128656,garden,"Patio, Lawn & Garden",lawn mower,SRC-TRENDS-001,prophet
2025-02-09,23.88573255324603,6.913825733664792,17.79346181305784,23.88573255324603,23.88573255324603,-0.4870656545945186,-0.4870656545945186,-0.4870656545945186,0.3767402456586986,0.3767402456586986,0.3767402456586986,-0.8638059002532172,-0.8638059002532172,-0.8638059002532172,0.0,0.0,0.0,12.251812591729648,garden,"Patio, Lawn & Garden",lawn mower,SRC-TRENDS-001,prophet
2025-02-16,23.92529525312637,9.809909792262646,20.452687808706006,23.92529525312637,23.92529525312637,-0.3662247955800786,-0.3662247955800786,-0.3662247955800786,0.3767402456586987,0.3767402456586987,0.3767402456586987,-0.7429650412387773,-0.7429650412387773,-0.7429650412387773,0.0,0.0,0.0,15.163258889857142,garden,"Patio, Lawn & Garden",lawn mower,SRC-TRENDS-001,prophet
2025-02-23,23.964857953006714,14.104468960209694,24.65501560236347,23.964857953006714,23.964857953006714,-0.1898084195247143,-0.1898084195247143,-0.1898084195247143,0.3767402456586987,0.3767402456586987,0.3767402456586987,-0.566548665183413,-0.566548665183413,-0.566548665183413,0.0,0.0,0.0,19.41612614081223,garden,"Patio, Lawn & Garden",lawn mower,SRC-TRENDS-001,prophet
2025-03-02,24.004420652887053,18.476244897054045,29.01302456505028,24.004420652887053,24.004420652887053,-0.0068249381515707586,-0.0068249381515707586,-0.0068249381515707586,0.3767402456586986,0.3767402456586986,0.3767402456586986,-0.3835651838102694,-0.3835651838102694,-0.3835651838102694,0.0,0.0,0.0,23.84059196656681,garden,"Patio, Lawn & Garden",lawn mower,SRC-TRENDS-001,prophet
2025-03-09,24.04398335276739,22.481241052045693,33.468747197844436,24.04398335276739,24.04398335276739,0.1596908811365144,0.1596908811365144,0.1596908811365144,0.3767402456586987,0.3767402456586987,0.3767402456586987,-0.21704936452218426,-0.21704936452218426,-0.21704936452218426,0.0,0.0,0.0,27.883588240402496,garden,"Patio, Lawn & Garden",lawn mower,SRC-TRENDS-001,prophet
2025-03-16,24.08354605264773,27.006750450776472,37.89686596676056,24.08354605264773,24.08354605264773,0.35431544410915605,0.35431544410915605,0.35431544410915605,0.3767402456586987,0.3767402456586987,0.3767402456586987,-0.02242480154954263,-0.02242480154954263,-0.02242480154954263,0.0,0.0,0.0,32.61671836801492,garden,"Patio, Lawn & Garden",lawn mower,SRC-TRENDS-001,prophet
2025-03-23,24.12310875252807,34.49598874495437,44.8927743294802,24.12310875252807,24.12310875252807,0.6438452350731758,0.6438452350731758,0.6438452350731758,0.3767402456586986,0.3767402456586986,0.3767402456586986,0.2671049894144772,0.2671049894144772,0.2671049894144772,0.0,0.0,0.0,39.654657377995285,garden,"Patio, Lawn & Garden",lawn mower,SRC-TRENDS-001,prophet
2025-03-30,24.162671452408407,43.75422838925485,54.11219685897517,24.162671452408407,24.162671452408407,1.0254349635343265,1.0254349635343265,1.0254349635343265,0.3767402456586987,0.3767402456586987,0.3767402456586987,0.6486947178756279,0.6486947178756279,0.6486947178756279,0.0,0.0,0.0,48.93991957210074,garden,"Patio, Lawn & Garden",lawn mower,SRC-TRENDS-001,prophet
2025-04-06,24.202234152288753,52.57694368873101,63.18317074968536,24.202234152288753,24.202234152288753,1.3968151844245833,1.3968151844245833,1.3968151844245833,0.3767402456586987,0.3767402456586987,0.3767402456586987,1.0200749387658845,1.0200749387658845,1.0200749387658845,0.0,0.0,0.0,58.008282313204916,garden,"Patio, Lawn & Garden",lawn mower,SRC-TRENDS-001,prophet
2025-04-13,24.339226667553714,58.81771817112931,69.54768930262009,24.339226667553714,24.339226667553714,1.6360981154610927,1.6360981154610927,1.6360981154610927,0.3767402456586987,0.3767402456586987,0.3767402456586987,1.2593578698023942,1.2593578698023942,1.2593578698023942,0.0,0.0,0.0,64.16058955011871,garden,"Patio, Lawn & Garden",lawn mower,SRC-TRENDS-001,prophet
2025-04-20,24.476219182818664,61.14602364679977,71.70849085965617,24.476219182818664,24.476219182818664,1.7122195804449083,1.7122195804449083,1.7122195804449083,0.3767402456586987,0.3767402456586987,0.3767402456586987,1.3354793347862097,1.3354793347862097,1.3354793347862097,0.0,0.0,0.0,66.38488092290206,garden,"Patio, Lawn & Garden",lawn mower,SRC-TRENDS-001,prophet
2025-04-27,24.61321169808362,61.06930356023746,72.0034616415215,24.61321169808362,24.61321169808362,1.7052952256223217,1.7052952256223217,1.7052952256223217,0.3767402456586986,0.3767402456586986,0.3767402456586986,1.3285549799636232,1.3285549799636232,1.3285549799636232,0.0,0.0,0.0,66.5860040940571,garden,"Patio, Lawn & Garden",lawn mower,SRC-TRENDS-001,prophet
2025-05-04,24.750204213348574,61.71978780243336,72.3827875363567,24.750204213348574,24.750204213348574,1.7140621382844703,1.7140621382844703,1.7140621382844703,0.3767402456586987,0.3767402456586987,0.3767402456586987,1.3373218926257717,1.3373218926257717,1.3373218926257717,0.0,0.0,0.0,67.17359217025813,garden,"Patio, Lawn & Garden",lawn mower,SRC-TRENDS-001,prophet
2025-05-11,24.88719672861353,63.14233261281865,74.23809238458269,24.88719672861353,24.88719672861353,1.7537064234904562,1.7537064234904562,1.7537064234904562,0.3767402456586987,0.3767402456586987,0.3767402456586987,1.3769661778317575,1.3769661778317575,1.3769661778317575,0.0,0.0,0.0,68.53203349425375,garden,"Patio, Lawn & Garden",lawn mower,SRC-TRENDS-001,prophet
2025-05-18,25.024189243878485,63.66126669117514,74.49123983413614,25.024189243878485,25.024189243878485,1.7547150937088145,1.7547150937088145,1.7547150937088145,0.3767402456586986,0.3767402456586986,0.3767402456586986,1.3779748480501157,1.3779748480501157,1.3779748480501157,0.0,0.0,0.0,68.93451181793783,garden,"Patio, Lawn & Garden",lawn mower,SRC-TRENDS-001,prophet
2025-05-25,25.161181759143442,61.56342763296361,72.35706322913508,25.161181759143442,25.161181759143442,1.6552061713019235,1.6552061713019235,1.6552061713019235,0.3767402456586987,0.3767402456586987,0.3767402456586987,1.278465925643225,1.278465925643225,1.278465925643225,0.0,0.0,0.0,66.80812508412706,garden,"Patio, Lawn & Garden",lawn mower,SRC-TRENDS-001,prophet
2025-06-01,25.298174274408396,57.263317205307374,68.03665697538115,25.298174274408396,25.298174274408396,1.4758735179829987,1.4758735179829987,1.4758735179829987,0.3767402456586987,0.3767402456586987,0.3767402456586987,1.0991332723243001,1.0991332723243001,1.0991332723243001,0.0,0.0,0.0,62.635079739326514,garden,"Patio, Lawn & Garden",lawn mower,SRC-TRENDS-001,prophet
2025-06-08,25.435166789673342,53.14443250595271,63.45388157344215,25.435166789673342,25.435166789673342,1.2961543350917224,1.2961543350917224,1.2961543350917224,0.3767402456586987,0.3767402456586987,0.3767402456586987,0.9194140894330236,0.9194140894330236,0.9194140894330236,0.0,0.0,0.0,58.403068487889456,garden,"Patio, Lawn & Garden",lawn mower,SRC-TRENDS-001,prophet
2025-06-15,25.572159323090123,50.40348090193204,60.948653011111844,25.572159323090123,25.572159323090123,1.1696258077101516,1.1696258077101516,1.1696258077101516,0.3767402456586987,0.3767402456586987,0.3767402456586987,0.7928855620514529,0.7928855620514529,0.7928855620514529,0.0,0.0,0.0,55.48201682625209,garden,"Patio, Lawn & Garden",lawn mower,SRC-TRENDS-001,prophet
2025-06-22,25.709151856506896,48.31351455208105,59.516026358586956,25.709151856506896,25.709151856506896,1.0809253760533022,1.0809253760533022,1.0809253760533022,0.3767402456586987,0.3767402456586987,0.3767402456586987,0.7041851303946036,0.7041851303946036,0.7041851303946036,0.0,0.0,0.0,53.498826495013056,garden,"Patio, Lawn & Garden",lawn mower,SRC-TRENDS-001,prophet
2025-06-29,25.84614438992367,45.88819419082617,56.67569591600749,25.84614438992367,25.84614438992367,0.9860767683309345,0.9860767683309345,0.9860767683309345,0.3767402456586987,0.3767402456586987,0.3767402456586987,0.6093365226722358,0.6093365226722358,0.6093365226722358,0.0,0.0,0.0,51.33242692375432,garden,"Patio, Lawn & Garden",lawn mower,SRC-TRENDS-001,prophet
2025-07-06,25.983136923340446,43.33057509867064,53.80578954479998,25.983136923340446,25.983136923340446,0.8761097324571409,0.8761097324571409,0.8761097324571409,0.3767402456586987,0.3767402456586987,0.3767402456586987,0.4993694867984422,0.4993694867984422,0.4993694867984422,0.0,0.0,0.0,48.747216061645496,garden,"Patio, Lawn & Garden",lawn mower,SRC-TRENDS-001,prophet
2025-07-13,26.12012945675722,41.09253931012388,51.68893426522388,26.12012945675722,26.12012945675722,0.7851409155871343,0.7851409155871343,0.7851409155871343,0.3767402456586987,0.3767402456586987,0.3767402456586987,0.40840066992843554,0.40840066992843554,0.40840066992843554,0.0,0.0,0.0,46.62811181369006,garden,"Patio, Lawn & Garden",lawn mower,SRC-TRENDS-001,prophet
2025-07-20,26.257121990173992,40.42239402151245,51.065098559455976,26.257121990173992,26.257121990173992,0.741758915580325,0.741758915580325,0.741758915580325,0.3767402456586987,0.3767402456586987,0.3767402456586987,0.3650186699216263,0.3650186699216263,0.3650186699216263,0.0,0.0,0.0,45.73357632386576,garden,"Patio, Lawn & Garden",lawn mower,SRC-TRENDS-001,prophet
2025-07-27,26.394114523590765,40.539198453176695,50.870289149032,26.394114523590765,26.394114523590765,0.7317881043828822,0.7317881043828822,0.7317881043828822,0.3767402456586986,0.3767402456586986,0.3767402456586986,0.35504785872418354,0.35504785872418354,0.35504785872418354,0.0,0.0,0.0,45.709013557673956,garden,"Patio, Lawn & Garden",lawn mower,SRC-TRENDS-001,prophet
2025-08-03,26.531107057007542,40.2369877909232,51.066046100027634,26.531107057007542,26.531107057007542,0.7172707742415543,0.7172707742415543,0.7172707742415543,0.3767402456586987,0.3767402456586987,0.3767402456586987,0.34053052858285554,0.34053052858285554,0.34053052858285554,0.0,0.0,0.0,45.561094757272905,garden,"Patio, Lawn & Garden",lawn mower,SRC-TRENDS-001,prophet
2025-08-10,26.66809958759293,39.5413600929573,50.05849205929426,26.66809958759293,26.66809958759293,0.6798922359055861,0.6798922359055861,0.6798922359055861,0.3767402456586987,0.3767402456586987,0.3767402456586987,0.3031519902468875,0.3031519902468875,0.3031519902468875,0.0,0.0,0.0,44.799533443554324,garden,"Patio, Lawn & Garden",lawn mower,SRC-TRENDS-001,prophet
2025-08-17,26.805092118178315,38.436457732828394,49.00006723426187,26.805092118178315,26.805092118178315,0.6298848572056377,0.6298848572056377,0.6298848572056377,0.3767402456586987,0.3767402456586987,0.3767402456586987,0.253144611546939,0.253144611546939,0.253144611546939,0.0,0.0,0.0,43.68921373942103,garden,"Patio, Lawn & Garden",lawn mower,SRC-TRENDS-001,prophet
2025-08-24,26.942084648763704,37.05485296490779,47.606689370954975,26.942084648763704,26.942084648763704,0.5743729916999046,0.5743729916999046,0.5743729916999046,0.3767402456586987,0.3767402456586987,0.3767402456586987,0.19763274604120595,0.19763274604120595,0.19763274604120595,0.0,0.0,0.0,42.41689041110619,garden,"Patio, Lawn & Garden",lawn mower,SRC-TRENDS-001,prophet
2025-08-31,27.07907717934909,34.90284450723416,45.59996363066989,27.07907717934909,27.07907717934909,0.49595412084203483,0.49595412084203483,0.49595412084203483,0.3767402456586987,0.3767402456586987,0.3767402456586987,0.11921387518333612,0.11921387518333612,0.11921387518333612,0.0,0.0,0.0,40.50905709504677,garden,"Patio, Lawn & Garden",lawn mower,SRC-TRENDS-001,prophet
2025-09-07,27.21606970993447,32.2864415803324,42.929874337348444,27.21606970993447,27.21606970993447,0.3757538848749351,0.3757538848749351,0.3757538848749351,0.3767402456586987,0.3767402456586987,0.3767402456586987,-0.0009863607837635527,-0.0009863607837635527,-0.0009863607837635527,0.0,0.0,0.0,37.442613634469396,garden,"Patio, Lawn & Garden",lawn mower,SRC-TRENDS-001,prophet
2025-09-14,27.35306224051986,28.34046721848075,39.22991648301329,27.35306224051986,27.35306224051986,0.22968785969619385,0.22968785969619385,0.22968785969619385,0.3767402456586987,0.3767402456586987,0.3767402456586987,-0.1470523859625048,-0.1470523859625048,-0.1470523859625048,0.0,0.0,0.0,33.63572856268164,garden,"Patio, Lawn & Garden",lawn mower,SRC-TRENDS-001,prophet
2025-09-21,27.490054771105243,24.660420837381977,35.72597286151153,27.490054771105243,27.490054771105243,0.10342920105535461,0.10342920105535461,0.10342920105535461,0.37674024565869857,0.37674024565869857,0.37674024565869857,-0.273311044603344,-0.273311044603344,-0.273311044603344,0.0,0.0,0.0,30.333329173048597,garden,"Patio, Lawn & Garden",lawn mower,SRC-TRENDS-001,prophet
2025-09-28,27.627047301690627,22.922889941625186,33.442406473501535,27.627047301690627,27.627047301690627,0.02487196698151853,0.02487196698151853,0.02487196698151853,0.3767402456586987,0.3767402456586987,0.3767402456586987,-0.3518682786771801,-0.3518682786771801,-0.3518682786771801,0.0,0.0,0.0,28.314186309975128,garden,"Patio, Lawn & Garden",lawn mower,SRC-TRENDS-001,prophet
2025-10-05,27.764039832276016,21.139353699600278,32.34484432235583,27.764039832276016,27.764039832276016,-0.027304778186882123,-0.027304778186882123,-0.027304778186882123,0.3767402456586987,0.3767402456586987,0.3767402456586987,-0.4040450238455808,-0.4040450238455808,-0.4040450238455808,0.0,0.0,0.0,27.00594888308396,garden,"Patio, Lawn & Garden",lawn mower,SRC-TRENDS-001,prophet
2025-10-12,27.901032362861404,19.939046464364694,30.406625591300674,27.901032362861404,27.901032362861404,-0.09599420483751417,-0.09599420483751417,-0.09599420483751417,0.3767402456586987,0.3767402456586987,0.3767402456586987,-0.4727344504962128,-0.4727344504962128,-0.4727344504962128,0.0,0.0,0.0,25.222694947042772,garden,"Patio, Lawn & Garden",lawn mower,SRC-TRENDS-001,prophet
2025-10-19,28.03802489344679,17.176425864475476,28.10555514764148,28.03802489344679,28.03802489344679,-0.19072082163633722,-0.19072082163633722,-0.19072082163633722,0.3767402456586987,0.3767402456586987,0.3767402456586987,-0.5674610672950359,-0.5674610672950359,-0.5674610672950359,0.0,0.0,0.0,22.690589748708543,garden,"Patio, Lawn & Garden",lawn mower,SRC-TRENDS-001,prophet
2025-10-26,28.175017424032173,15.088250018696186,25.337097170558142,28.175017424032173,28.175017424032173,-0.27468319291654775,-0.27468319291654775,-0.27468319291654775,0.3767402456586987,0.3767402456586987,0.3767402456586987,-0.6514234385752464,-0.6514234385752464,-0.6514234385752464,0.0,0.0,0.0,20.43581367751965,garden,"Patio, Lawn & Garden",lawn mower,SRC-TRENDS-001,prophet
2025-11-02,28.31200995461756,14.061531425037503,24.966641252679647,28.31200995461756,28.31200995461756,-0.3119746207567706,-0.3119746207567706,-0.3119746207567706,0.3767402456586987,0.3767402456586987,0.3767402456586987,-0.6887148664154693,-0.6887148664154693,-0.6887148664154693,0.0,0.0,0.0,19.479381386163833,garden,"Patio, Lawn & Garden",lawn mower,SRC-TRENDS-001,prophet
2025-11-09,28.449002485202946,14.332942813867739,24.899134205216853,28.449002485202946,28.449002485202946,-0.31644367878487734,-0.31644367878487734,-0.31644367878487734,0.3767402456586987,0.3767402456586987,0.3767402456586987,-0.693183924443576,-0.693183924443576,-0.693183924443576,0.0,0.0,0.0,19.44649548102521,garden,"Patio, Lawn & Garden",lawn mower,SRC-TRENDS-001,prophet
2025-11-16,28.585995015788328,13.49811123274143,24.37990673882017,28.585995015788328,28.585995015788328,-0.33963711501777616,-0.33963711501777616,-0.33963711501777616,0.3767402456586987,0.3767402456586987,0.3767402456586987,-0.7163773606764748,-0.7163773606764748,-0.7163773606764748,0.0,0.0,0.0,18.87713013871345,garden,"Patio, Lawn & Garden",lawn mower,SRC-TRENDS-001,prophet
2025-11-23,28.72298754637372,11.595573015960449,22.317623206548777,28.72298754637372,28.72298754637372,-0.4108959844415333,-0.4108959844415333,-0.4108959844415333,0.3767402456586987,0.3767402456586987,0.3767402456586987,-0.787636230100232,-0.787636230100232,-0.787636230100232,0.0,0.0,0.0,16.92082730240459,garden,"Patio, Lawn & Garden",lawn mower,SRC-TRENDS-001,prophet
2025-11-30,28.859980076959108,8.559962437200406,19.5333772331564,28.859980076959108,28.859980076959108,-0.5028371659208476,-0.5028371659208476,-0.5028371659208476,0.3767402456586987,0.3767402456586987,0.3767402456586987,-0.8795774115795463,-0.8795774115795463,-0.8795774115795463,0.0,0.0,0.0,14.348109486528864,garden,"Patio, Lawn & Garden",lawn mower,SRC-TRENDS-001,prophet
2025-12-07,28.996972607544492,7.608542666187108,18.08767235107077,28.996972607544492,28.996972607544492,-0.563907754367583,-0.563907754367583,-0.563907754367583,0.3767402456586987,0.3767402456586987,0.3767402456586987,-0.9406480000262817,-0.9406480000262817,-0.9406480000262817,0.0,0.0,0.0,12.64535490096576,garden,"Patio, Lawn & Garden",lawn mower,SRC-TRENDS-001,prophet
2025-12-14,29.133965138129874,6.743897197108253,17.60513626219065,29.133965138129874,29.133965138129874,-0.576657263214026,-0.576657263214026,-0.576657263214026,0.3767402456586987,0.3767402456586987,0.3767402456586987,-0.9533975088727247,-0.9533975088727247,-0.9533975088727247,0.0,0.0,0.0,12.333652535003058,garden,"Patio, Lawn & Garden",lawn mower,SRC-TRENDS-001,prophet
2025-12-21,29.270957668715265,6.902198362819567,17.518577115302318,29.270957668715265,29.270957668715265,-0.5709079496792081,-0.5709079496792081,-0.5709079496792081,0.3767402456586987,0.3767402456586987,0.3767402456586987,-0.9476481953379068,-0.9476481953379068,-0.9476481953379068,0.0,0.0,0.0,12.55993524092214,garden,"Patio, Lawn & Garden",lawn mower,SRC-TRENDS-001,prophet
2025-12-28,29.407950199300647,6.949164396492443,17.2628600463626,29.407950199300647,29.407950199300647,-0.5805480593186025,-0.5805480593186025,-0.5805480593186025,0.3767402456586987,0.3767402456586987,0.3767402456586987,-0.9572883049773012,-0.9572883049773012,-0.9572883049773012,0.0,0.0,0.0,12.335221782558545,garden,"Patio, Lawn & Garden",lawn mower,SRC-TRENDS-001,prophet
2026-01-04,29.54494272988604,6.495852377649281,17.262910962495777,29.54494272988604,29.54494272988604,-0.6028458785081816,-0.6028458785081816,-0.6028458785081816,0.37674024565869857,0.37674024565869857,0.37674024565869857,-0.9795861241668802,-0.9795861241668802,-0.9795861241668802,0.0,0.0,0.0,11.733895774413977,garden,"Patio, Lawn & Garden",lawn mower,SRC-TRENDS-001,prophet
2026-01-11,29.68193526047142,6.178530491616664,16.798573929228986,29.68193526047142,29.68193526047142,-0.6103961787520877,-0.6103961787520877,-0.6103961787520877,0.3767402456586987,0.3767402456586987,0.3767402456586987,-0.9871364244107864,-0.9871364244107864,-0.9871364244107864,0.0,0.0,0.0,11.564195399512812,garden,"Patio, Lawn & Garden",lawn mower,SRC-TRENDS-001,prophet
2026-01-18,29.818927791056804,6.864089646767119,17.547762216205893,29.818927791056804,29.818927791056804,-0.5930472513781176,-0.5930472513781176,-0.5930472513781176,0.3767402456586987,0.3767402456586987,0.3767402456586987,-0.9697874970368163,-0.9697874970368163,-0.9697874970368163,0.0,0.0,0.0,12.134894625528002,garden,"Patio, Lawn & Garden",lawn mower,SRC-TRENDS-001,prophet
2026-01-25,29.955920321642193,7.474540982612072,17.96444532993148,29.955920321642193,29.955920321642193,-0.5685035337523776,-0.5685035337523776,-0.5685035337523776,0.3767402456586987,0.3767402456586987,0.3767402456586987,-0.9452437794110763,-0.9452437794110763,-0.9452437794110763,0.0,0.0,0.0,12.925873761983945,garden,"Patio, Lawn & Garden",lawn mower,SRC-TRENDS-001,prophet
2026-02-01,30.09291285222758,8.171219855410998,18.99984759745457,30.09291285222758,30.09291285222758,-0.5467546287120548,-0.5467546287120548,-0.5467546287120548,0.3767402456586986,0.3767402456586986,0.3767402456586986,-0.9234948743707534,-0.9234948743707534,-0.9234948743707534,0.0,0.0,0.0,13.639473458843668,garden,"Patio, Lawn & Garden",lawn mower,SRC-TRENDS-001,prophet
2026-02-08,30.229905382812966,9.57550761135266,20.285469591607086,30.229905382812966,30.229905382812966,-0.5010692600263315,-0.5010692600263315,-0.5010692600263315,0.3767402456586987,0.3767402456586987,0.3767402456586987,-0.8778095056850301,-0.8778095056850301,-0.8778095056850301,0.0,0.0,0.0,15.082629061980859,garden,"Patio, Lawn & Garden",lawn mower,SRC-TRENDS-001,prophet
2026-02-15,30.36689791339835,13.33927364107213,23.605292810668654,30.36689791339835,30.36689791339835,-0.3929448542321342,-0.3929448542321342,-0.3929448542321342,0.3767402456586987,0.3767402456586987,0.3767402456586987,-0.7696850998908329,-0.7696850998908329,-0.7696850998908329,0.0,0.0,0.0,18.434381639335935,garden,"Patio, Lawn & Garden",lawn mower,SRC-TRENDS-001,prophet
2026-02-22,30.50389044398374,18.233813466077937,29.033258238463375,30.50389044398374,30.50389044398374,-0.22329474208695335,-0.22329474208695335,-0.22329474208695335,0.3767402456586987,0.3767402456586987,0.3767402456586987,-0.600034987745652,-0.600034987745652,-0.600034987745652,0.0,0.0,0.0,23.69253209464571,garden,"Patio, Lawn & Garden",lawn mower,SRC-TRENDS-001,prophet
2026-03-01,30.640882974569124,24.511018176174204,35.0311256450617,30.640882974569124,30.640882974569124,-0.03810274269955519,-0.03810274269955519,-0.03810274269955519,0.3767402456586987,0.3767402456586987,0.3767402456586987,-0.41484298835825384,-0.41484298835825384,-0.41484298835825384,0.0,0.0,0.0,29.473381294501937,garden,"Patio, Lawn & Garden",lawn mower,SRC-TRENDS-001,prophet
2026-03-08,30.777875505154505,29.512739041220087,39.75647316448618,30.777875505154505,30.777875505154505,0.12997375280708776,0.12997375280708776,0.12997375280708776,0.3767402456586987,0.3767402456586987,0.3767402456586987,-0.2467664928516109,-0.2467664928516109,-0.2467664928516109,0.0,0.0,0.0,34.77819148798878,garden,"Patio, Lawn & Garden",lawn mower,SRC-TRENDS-001,prophet
2026-03-15,30.914868035739897,35.13175565555984,46.08218154395353,30.914868035739897,30.914868035739897,0.3141037804896034,0.3141037804896034,0.3141037804896034,0.3767402456586987,0.3767402456586987,0.3767402456586987,-0.06263646516909525,-0.06263646516909525,-0.06263646516909525,0.0,0.0,0.0,40.625344959102996,garden,"Patio, Lawn & Garden",lawn mower,SRC-TRENDS-001,prophet
2026-03-22,31.051860566325285,43.57263288747277,54.43984300670414,31.051860566325285,31.051860566325285,0.5838632449043664,0.5838632449043664,0.5838632449043664,0.3767402456586987,0.3767402456586987,0.3767402456586987,0.20712299924566774,0.20712299924566774,0.20712299924566774,0.0,0.0,0.0,49.1819006368979,garden,"Patio, Lawn & Garden",lawn mower,SRC-TRENDS-001,prophet
2026-03-29,31.18885309691067,55.84634165031272,66.7601797054355,31.18885309691067,31.18885309691067,0.954138200927269,0.954138200927269,0.954138200927269,0.3767402456586987,0.3767402456586987,0.3767402456586987,0.5773979552685703,0.5773979552685703,0.5773979552685703,0.0,0.0,0.0,60.9473292797819,garden,"Patio, Lawn & Garden",lawn mower,SRC-TRENDS-001,prophet
2026-04-05,31.32584562749605,68.12859779587815,78.60356337167507,31.32584562749605,31.32584562749605,1.3373536625142348,1.3373536625142348,1.3373536625142348,0.3767402456586987,0.3767402456586987,0.3767402456586987,0.960613416855536,0.960613416855536,0.960613416855536,0.0,0.0,0.0,73.21958000878342,garden,"Patio, Lawn & Garden",lawn mower,SRC-TRENDS-001,prophet
2026-04-12,31.46283815808144,76.46905773707469,87.16700215889996,31.46283815808144,31.46283815808144,1.6061478493674688,1.6061478493674688,1.6061478493674688,0.3767402456586987,0.3767402456586987,0.3767402456586987,1.22940760370877,1.22940760370877,1.22940760370877,0.0,0.0,0.0,81.99680800068067,garden,"Patio, Lawn & Garden",lawn mower,SRC-TRENDS-001,prophet
2026-04-19,31.599830688666824,80.12903844430001,90.91393252625302,31.599830688666824,31.599830688666824,1.7080005029582592,1.7080005029582592,1.7080005029582592,0.3767402456586987,0.3767402456586987,0.3767402456586987,1.3312602572995607,1.3312602572995607,1.3312602572995607,0.0,0.0,0.0,85.5723573983056,garden,"Patio, Lawn & Garden",lawn mower,SRC-TRENDS-001,prophet
2026-04-26,31.73682321925221,80.38490439284831,90.96810531228076,31.73682321925221,31.73682321925221,1.7075293605265793,1.7075293605265793,1.7075293605265793,0.3767402456586987,0.3767402456586987,0.3767402456586987,1.3307891148678808,1.3307891148678808,1.3307891148678808,0.0,0.0,0.0,85.92838067596703,garden,"Patio, Lawn & Garden",lawn mower,SRC-TRENDS-001,prophet
2026-05-03,31.873815749837597,81.15625899714853,91.85320534384054,31.873815749837597,31.873815749837597,1.7092169620089854,1.7092169620089854,1.7092169620089854,0.3767402456586987,0.3767402456586987,0.3767402456586987,1.3324767163502866,1.3324767163502866,1.3324767163502866,0.0,0.0,0.0,86.35308227340917,garden,"Patio, Lawn & Garden",lawn mower,SRC-TRENDS-001,prophet
2026-05-10,32.01080828042298,82.5046254593923,93.692543175753,32.01080828042298,32.01080828042298,1.7469170798521385,1.7469170798521385,1.7469170798521385,0.3767402456586987,0.3767402456586987,0.3767402456586987,1.3701768341934397,1.3701768341934397,1.3701768341934397,0.0,0.0,0.0,87.93103600536614,garden,"Patio, Lawn & Garden",lawn mower,SRC-TRENDS-001,prophet
2026-05-17,32.14780081100837,83.23791500307246,93.89066061632583,32.14780081100837,32.14780081100837,1.7610082978313493,1.7610082978313493,1.7610082978313493,0.3767402456586987,0.3767402456586987,0.3767402456586987,1.3842680521726505,1.3842680521726505,1.3842680521726505,0.0,0.0,0.0,88.76034479622349,garden,"Patio, Lawn & Garden",lawn mower,SRC-TRENDS-001,prophet
2026-05-24,32.28479334159376,80.81598084334837,91.56602049686674,32.28479334159376,32.28479334159376,1.6806143189709237,1.6806143189709237,1.6806143189709237,0.3767402456586987,0.3767402456586987,0.3767402456586987,1.303874073312225,1.303874073312225,1.303874073312225,0.0,0.0,0.0,86.54307931649338,garden,"Patio, Lawn & Garden",lawn mower,SRC-TRENDS-001,prophet
2026-05-31,32.42178587217914,76.43987352081969,87.15220701447,32.42178587217914,32.42178587217914,1.5103680450056896,1.5103680450056896,1.5103680450056896,0.3767402456586987,0.3767402456586987,0.3767402456586987,1.1336277993469908,1.1336277993469908,1.1336277993469908,0.0,0.0,0.0,81.39061521553543,garden,"Patio, Lawn & Garden",lawn mower,SRC-TRENDS-001,prophet
2026-06-07,32.558778402764524,70.4681068899941,81.14814428048525,32.558778402764524,32.558778402764524,1.3249907677754473,1.3249907677754473,1.3249907677754473,0.3767402456586987,0.3767402456586987,0.3767402456586987,0.9482505221167485,0.9482505221167485,0.9482505221167485,0.0,0.0,0.0,75.69885919647415,garden,"Patio, Lawn & Garden",lawn mower,SRC-TRENDS-001,prophet
2026-06-14,32.69577093334991,66.22775798464971,77.26358254816729,32.69577093334991,32.69577093334991,1.1882160572314793,1.1882160572314793,1.1882160572314793,0.3767402456586987,0.3767402456586987,0.3767402456586987,0.8114758115727806,0.8114758115727806,0.8114758115727806,0.0,0.0,0.0,71.54541095991854,garden,"Patio, Lawn & Garden",lawn mower,SRC-TRENDS-001,prophet
2026-06-21,32.8327634639353,63.95833049323846,74.86806865281105,32.8327634639353,32.8327634639353,1.0961259144807611,1.0961259144807611,1.0961259144807611,0.3767402456586987,0.3767402456586987,0.3767402456586987,0.7193856688220626,0.7193856688220626,0.7193856688220626,0.0,0.0,0.0,68.82160634077191,garden,"Patio, Lawn & Garden",lawn mower,SRC-TRENDS-001,prophet
2026-06-28,32.96975599452068,60.52556869234913,71.3959134633997,32.96975599452068,32.96975599452068,1.004594443777258,1.004594443777258,1.004594443777258,0.3767402456586987,0.3767402456586987,0.3767402456586987,0.6278541981185594,0.6278541981185594,0.6278541981185594,0.0,0.0,0.0,66.09098967930811,garden,"Patio, Lawn & Garden",lawn mower,SRC-TRENDS-001,prophet
2026-07-05,33.10674852510607,57.31733850129788,68.20749621021366,33.10674852510607,33.10674852510607,0.8956088285819845,0.8956088285819845,0.8956088285819845,0.3767402456586987,0.3767402456586987,0.3767402456586987,0.5188685829232859,0.5188685829232859,0.5188685829232859,0.0,0.0,0.0,62.757444789834665,garden,"Patio, Lawn & Garden",lawn mower,SRC-TRENDS-001,prophet
2026-07-12,33.24374105569146,55.015711572251845,64.99004739857861,33.24374105569146,33.24374105569146,0.7982303396159562,0.7982303396159562,0.7982303396159562,0.3767402456586987,0.3767402456586987,0.3767402456586987,0.4214900939572575,0.4214900939572575,0.4214900939572575,0.0,0.0,0.0,59.77990376868096,garden,"Patio, Lawn & Garden",lawn mower,SRC-TRENDS-001,prophet
2026-07-19,33.38073358627685,53.03417633749426,63.972712996859364,33.38073358627685,33.38073358627685,0.7460806134965038,0.7460806134965038,0.7460806134965038,0.3767402456586987,0.3767402456586987,0.3767402456586987,0.3693403678378051,0.3693403678378051,0.3693403678378051,0.0,0.0,0.0,58.28545177928963,garden,"Patio, Lawn & Garden",lawn mower,SRC-TRENDS-001,prophet
2026-07-26,33.51772611686223,52.9457156918967,63.45620681906328,33.51772611686223,33.51772611686223,0.7328529676170485,0.7328529676170485,0.7328529676170485,0.3767402456586987,0.3767402456586987,0.3767402456586987,0.3561127219583498,0.3561127219583498,0.3561127219583498,0.0,0.0,0.0,58.081291169380165,garden,"Patio, Lawn & Garden",lawn mower,SRC-TRENDS-001,prophet
2026-08-02,33.654718647447616,52.592839375279354,63.398898186779554,33.654718647447616,33.654718647447616,0.7214840365882393,0.7214840365882393,0.7214840365882393,0.3767402456586987,0.3767402456586987,0.3767402456586987,0.3447437909295406,0.3447437909295406,0.3447437909295406,0.0,0.0,0.0,57.936060907449615,garden,"Patio, Lawn & Garden",lawn mower,SRC-TRENDS-001,prophet
2026-08-09,33.791711178033005,51.36833890554955,62.31819938724443,33.791711178033005,33.791711178033005,0.6879772572498858,0.6879772572498858,0.6879772572498858,0.3767402456586987,0.3767402456586987,0.3767402456586987,0.3112370115911871,0.3112370115911871,0.3112370115911871,0.0,0.0,0.0,57.03963995207646,garden,"Patio, Lawn & Garden",lawn mower,SRC-TRENDS-001,prophet
2026-08-16,33.928703708618386,50.36161565871035,60.80888215106759,33.928703708618386,33.928703708618386,0.6391103383555548,0.6391103383555548,0.6391103383555548,0.3767402456586987,0.3767402456586987,0.3767402456586987,0.262370092696856,0.262370092696856,0.262370092696856,0.0,0.0,0.0,55.61288901579885,garden,"Patio, Lawn & Garden",lawn mower,SRC-TRENDS-001,prophet
2026-08-23,34.065696239203774,48.498429488784176,59.29882315289033,34.065696239203774,34.065697973952695,0.5852031008114403,0.5852031008114403,0.5852031008114403,0.3767402456586987,0.3767402456586987,0.3767402456586987,0.20846285515274166,0.20846285515274166,0.20846285515274166,0.0,0.0,0.0,54.00104730968645,garden,"Patio, Lawn & Garden",lawn mower,SRC-TRENDS-001,prophet
2026-08-30,34.202688769789155,46.79371700323486,57.476411958801336,34.20070788633886,34.20484419500382,0.5127858122974147,0.5127858122974147,0.5127858122974147,0.3767402456586987,0.3767402456586987,0.3767402456586987,0.1360455666387161,0.1360455666387161,0.1360455666387161,0.0,0.0,0.0,51.74134231336115,garden,"Patio, Lawn & Garden",lawn mower,SRC-TRENDS-001,prophet
2026-09-06,34.339681300374544,43.005583081345435,53.309407300318675,34.334377963081344,34.345636357387235,0.40015325268578444,0.40015325268578444,0.40015325268578444,0.3767402456586986,0.3767402456586986,0.3767402456586986,0.023413007027085805,0.023413007027085805,0.023413007027085805,0.0,0.0,0.0,48.08081646891263,garden,"Patio, Lawn & Garden",lawn mower,SRC-TRENDS-001,prophet
2026-09-13,34.47667383095993,37.87662555839058,48.65303401848666,34.465666284925724,34.48796200347697,0.2557181744360788,0.2557181744360788,0.2557181744360788,0.3767402456586987,0.3767402456586987,0.3767402456586987,-0.12102207122261983,-0.12102207122261983,-0.12102207122261983,0.0,0.0,0.0,43.29298592364114,garden,"Patio, Lawn & Garden",lawn mower,SRC-TRENDS-001,prophet
2026-09-20,34.61366636154531,33.17043724859834,44.18834369290015,34.59744874122252,34.63201733522133,0.12266983347359747,0.12266983347359747,0.12266983347359747,0.3767402456586987,0.3767402456586987,0.3767402456586987,-0.2540704121851012,-0.2540704121851012,-0.2540704121851012,0.0,0.0,0.0,38.85971905002673,garden,"Patio, Lawn & Garden",lawn mower,SRC-TRENDS-001,prophet
2026-09-27,34.7506588921307,30.1838232791488,41.346404048008075,34.726891178214906,34.77548641793139,0.035752172469113885,0.035752172469113885,0.035752172469113885,0.3767402456586986,0.3767402456586986,0.3767402456586986,-0.34098807318958474,-0.34098807318958474,-0.34098807318958474,0.0,0.0,0.0,35.993070442257505,garden,"Patio, Lawn & Garden",lawn mower,SRC-TRENDS-001,prophet
2026-10-04,34.88765142271609,28.716969338666512,39.457673153721025,34.856896741853255,34.92022794842618,-0.017852966510288254,-0.017852966510288254,-0.017852966510288254,0.3767402456586987,0.3767402456586987,0.3767402456586987,-0.3945932121689869,-0.3945932121689869,-0.3945932121689869,0.0,0.0,0.0,34.26480335024373,garden,"Patio, Lawn & Garden",lawn mower,SRC-TRENDS-001,prophet
2026-10-11,35.024643953301485,26.652881666818793,37.35939593689834,34.98447548237862,35.0665570522868,-0.08136687378033872,-0.08136687378033872,-0.08136687378033872,0.3767402456586987,0.3767402456586987,0.3767402456586987,-0.45810711943903737,-0.45810711943903737,-0.45810711943903737,0.0,0.0,0.0,32.1747981695519,garden,"Patio, Lawn & Garden",lawn mower,SRC-TRENDS-001,prophet
2026-10-18,35.161636483886866,23.6528760882697,34.88653723014047,35.11170194038345,35.21372534446625,-0.17316902462065445,-0.17316902462065445,-0.17316902462065445,0.3767402456586987,0.3767402456586987,0.3767402456586987,-0.5499092702793531,-0.5499092702793531,-0.5499092702793531,0.0,0.0,0.0,29.07273018990616,garden,"Patio, Lawn & Garden",lawn mower,SRC-TRENDS-001,prophet
2026-10-25,35.29862901447225,20.616388147504285,31.67430880567161,35.237891261856056,35.36416262206943,-0.26257028812122774,-0.26257028812122774,-0.26257028812122774,0.3767402456586987,0.3767402456586987,0.3767402456586987,-0.6393105337799264,-0.6393105337799264,-0.6393105337799264,0.0,0.0,0.0,26.03025782385794,garden,"Patio, Lawn & Garden",lawn mower,SRC-TRENDS-001,prophet
2026-11-01,35.435621545057636,18.99219674071282,30.20155174809694,35.363982284973915,35.51310005130668,-0.3088848150145556,-0.3088848150145556,-0.3088848150145556,0.3767402456586986,0.3767402456586986,0.3767402456586986,-0.6856250606732543,-0.6856250606732543,-0.6856250606732543,0.0,0.0,0.0,24.490096139186708,garden,"Patio, Lawn & Garden",lawn mower,SRC-TRENDS-001,prophet
2026-11-08,35.572614075643024,18.76108404114274,29.56328067412938,35.49066494498926,35.66043962251768,-0.31583899327045717,-0.31583899327045717,-0.31583899327045717,0.3767402456586987,0.3767402456586987,0.3767402456586987,-0.6925792389291558,-0.6925792389291558,-0.6925792389291558,0.0,0.0,0.0,24.337395457993438,garden,"Patio, Lawn & Garden",lawn mower,SRC-TRENDS-001,prophet
2021-08-15,27.278978999999996,48.758179257293726,58.102832920099345,27.278978999999996,27.278978999999996,0.962454109541592,0.962454109541592,0.962454109541592,1.1479069461247693,1.1479069461247693,1.1479069461247693,-0.18545283658317724,-0.18545283658317724,-0.18545283658317724,0.0,0.0,0.0,53.533744442648775,toys,Toys & Games,toys,SRC-TRENDS-001,prophet
2021-08-22,27.191291953846154,49.00042814533972,58.46959684620846,27.191291953846154,27.191291953846154,0.9756059191483977,0.9756059191483977,0.9756059191483977,1.1479069461247695,1.1479069461247695,1.1479069461247695,-0.17230102697637173,-0.17230102697637173,-0.17230102697637173,0.0,0.0,0.0,53.71927733331066,toys,Toys & Games,toys,SRC-TRENDS-001,prophet
2021-08-29,27.103604907692308,47.67505068988793,57.583186618371556,27.103604907692308,27.103604907692308,0.9321572757912051,0.9321572757912051,0.9321572757912051,1.1479069461247695,1.1479069461247695,1.1479069461247695,-0.21574967033356426,-0.21574967033356426,-0.21574967033356426,0.0,0.0,0.0,52.368427422567905,toys,Toys & Games,toys,SRC-TRENDS-001,prophet
2021-09-05,27.01591786153846,46.00652287983319,55.094446982672686,27.01591786153846,27.01591786153846,0.8676388058757784,0.8676388058757784,0.8676388058757784,1.1479069461247693,1.1479069461247693,1.1479069461247693,-0.280268140248991,-0.280268140248991,-0.280268140248991,0.0,0.0,0.0,50.4559765745618,toys,Toys & Games,toys,SRC-TRENDS-001,prophet
2021-09-12,26.928230815384612,45.321932791669106,54.36638766372763,26.928230815384612,26.928230815384612,0.8589401485899173,0.8589401485899173,0.8589401485899173,1.1479069461247695,1.1479069461247695,1.1479069461247695,-0.2889667975348521,-0.2889667975348521,-0.2889667975348521,0.0,0.0,0.0,50.05796939321466,toys,Toys & Games,toys,SRC-TRENDS-001,prophet
2021-09-19,26.840543769230766,47.17983041928678,57.00302208690238,26.840543769230766,26.840543769230766,0.9368620192864813,0.9368620192864813,0.9368620192864813,1.1479069461247695,1.1479069461247695,1.1479069461247695,-0.2110449268382883,-0.2110449268382883,-0.2110449268382883,0.0,0.0,0.0,51.98642980361949,toys,Toys & Games,toys,SRC-TRENDS-001,prophet
2021-09-26,26.752856723076924,49.858180963185866,59.59204566889726,26.752856723076924,26.752856723076924,1.0484224771276434,1.0484224771276434,1.0484224771276434,1.1479069461247695,1.1479069461247695,1.1479069461247695,-0.09948446899712603,-0.09948446899712603,-0.09948446899712603,0.0,0.0,0.0,54.80115303892617,toys,Toys & Games,toys,SRC-TRENDS-001,prophet
2021-10-03,26.66516967692307,51.75402101367745,61.15817300204272,26.66516967692307,26.66516967692307,1.1165447261059989,1.1165447261059989,1.1165447261059989,1.1479069461247695,1.1479069461247695,1.1479069461247695,-0.031362220018770634,-0.031362220018770634,-0.031362220018770634,0.0,0.0,0.0,56.43802425041312,toys,Toys & Games,toys,SRC-TRENDS-001,prophet
2021-10-10,26.57748263076923,51.65857104383269,61.222000043447444,26.57748263076923,26.57748263076923,1.1262476744251373,1.1262476744251373,1.1262476744251373,1.1479069461247695,1.1479069461247695,1.1479069461247695,-0.02165927169963209,-0.02165927169963209,-0.02165927169963209,0.0,0.0,0.0,56.51031063574755,toys,Toys & Games,toys,SRC-TRENDS-001,prophet
2021-10-17,26.489795583135685,51.76392861015118,61.041802577169086,26.489795583135685,26.489795583135685,1.1377497507045262,1.1377497507045262,1.1377497507045262,1.1479069461247695,1.1479069461247695,1.1479069461247695,-0.01015719542024314,-0.01015719542024314,-0.01015719542024314,0.0,0.0,0.0,56.62855390406217,toys,Toys & Games,toys,SRC-TRENDS-001,prophet
2021-10-24,26.40210853550214,54.213472164085154,63.22351882555669,26.40210853550214,26.40210853550214,1.221757569836227,1.221757569836227,1.221757569836227,1.1479069461247695,1.1479069461247695,1.1479069461247695,0.0738506237114577,0.0738506237114577,0.0738506237114577,0.0,0.0,0.0,58.65908449838955,toys,Toys & Games,toys,SRC-TRENDS-001,prophet
2021-10-31,26.314421487868593,58.49239606363791,67.7453352904657,26.314421487868593,26.314421487868593,1.404704994248826,1.404704994248826,1.404704994248826,1.1479069461247695,1.1479069461247695,1.1479069461247695,0.2567980481240567,0.2567980481240567,0.2567980481240567,0.0,0.0,0.0,63.27842077264623,toys,Toys & Games,toys,SRC-TRENDS-001,prophet
2021-11-07,26.226734440235045,65.75729001149462,74.75196101816604,26.226734440235045,26.226734440235045,1.6821110510927395,1.6821110510927395,1.6821110510927395,1.1479069461247695,1.1479069461247695,1.1479069461247695,0.5342041049679702,0.5342041049679702,0.5342041049679702,0.0,0.0,0.0,70.34301427622897,toys,Toys & Games,toys,SRC-TRENDS-001,prophet
2021-11-14,26.1390473926015,75.16331938669401,84.51183590661678,26.1390473926015,26.1390473926015,2.0521790096241905,2.0521790096241905,2.0521790096241905,1.1479069461247695,1.1479069461247695,1.1479069461247695,0.9042720634994208,0.9042720634994208,0.9042720634994208,0.0,0.0,0.0,79.78105178327023,toys,Toys & Games,toys,SRC-TRENDS-001,prophet
2021-11-21,26.051360344967954,86.02470160657074,95.00800371444853,26.051360344967954,26.051360344967954,2.4906268082931953,2.4906268082931953,2.4906268082931953,1.1479069461247693,1.1479069461247693,1.1479069461247693,1.3427198621684258,1.3427198621684258,1.3427198621684258,0.0,0.0,0.0,90.9355768126514,toys,Toys & Games,toys,SRC-TRENDS-001,prophet
2021-11-28,25.96367329733441,95.80869049524836,105.24541030001231,25.96367329733441,25.96367329733441,2.883392937667871,2.883392937667871,2.883392937667871,1.1479069461247695,1.1479069461247695,1.1479069461247695,1.7354859915431013,1.7354859915431013,1.7354859915431013,0.0,0.0,0.0,100.82714551878433,toys,Toys & Games,toys,SRC-TRENDS-001,prophet
2021-12-05,25.875986249700865,99.58705907584073,108.88799175863795,25.875986249700865,25.875986249700865,3.028700977205296,3.028700977205296,3.028700977205296,1.1479069461247695,1.1479069461247695,1.1479069461247695,1.8807940310805265,1.8807940310805265,1.8807940310805265,0.0,0.0,0.0,104.24661109032068,toys,Toys & Games,toys,SRC-TRENDS-001,prophet
2021-12-12,25.78829920206732,92.53132738952829,101.79041284333935,25.78829920206732,25.78829920206732,2.768218486494703,2.768218486494703,2.768218486494703,1.1479069461247695,1.1479069461247695,1.1479069461247695,1.6203115403699333,1.6203115403699333,1.6203115403699333,0.0,0.0,0.0,97.17594578848667,toys,Toys & Games,toys,SRC-TRENDS-001,prophet
2021-12-19,25.700612236220046,76.36716982263134,85.59807432238169,25.700612236220046,25.700612236220046,2.1466510876819678,2.1466510876819678,2.1466510876819678,1.1479069461247695,1.1479069461247695,1.1479069461247695,0.9987441415571986,0.9987441415571986,0.9987441415571986,0.0,0.0,0.0,80.87085944719429,toys,Toys & Games,toys,SRC-TRENDS-001,prophet
2021-12-26,25.61292527037276,57.67979457292678,66.90680185508249,25.61292527037276,25.61292527037276,1.425703377412048,1.425703377412048,1.425703377412048,1.1479069461247695,1.1479069461247695,1.1479069461247695,0.2777964312872786,0.2777964312872786,0.2777964312872786,0.0,0.0,0.0,62.12935933374559,toys,Toys & Games,toys,SRC-TRENDS-001,prophet
2022-01-02,25.525238304525484,44.19483361918893,53.022771923531366,25.525238304525484,25.525238304525484,0.9056585023159158,0.9056585023159158,0.9056585023159158,1.1479069461247695,1.1479069461247695,1.1479069461247695,-0.24224844380885358,-0.24224844380885358,-0.24224844380885358,0.0,0.0,0.0,48.64238739865888,toys,Toys & Games,toys,SRC-TRENDS-001,prophet
2022-01-09,25.437551338678198,38.98770303385289,48.237532716710334,25.437551338678198,25.437551338678198,0.710168404062388,0.710168404062388,0.710168404062388,1.1479069461247695,1.1479069461247695,1.1479069461247695,-0.43773854206238155,-0.43773854206238155,-0.43773854206238155,0.0,0.0,0.0,43.502496576122354,toys,Toys & Games,toys,SRC-TRENDS-001,prophet
2022-01-16,25.349864372830922,39.29499134200542,48.78978597243741,25.349864372830922,25.349864372830922,0.7361279420980037,0.7361279420980037,0.7361279420980037,1.1479069461247695,1.1479069461247695,1.1479069461247695,-0.4117790040267658,-0.4117790040267658,-0.4117790040267658,0.0,0.0,0.0,44.01060786606645,toys,Toys & Games,toys,SRC-TRENDS-001,prophet
2022-01-23,25.262177406983643,40.72764805087888,50.161403944487006,25.262177406983643,25.262177406983643,0.7996607241287773,0.7996607241287773,0.7996607241287773,1.1479069461247695,1.1479069461247695,1.1479069461247695,-0.3482462219959922,-0.3482462219959922,-0.3482462219959922,0.0,0.0,0.0,45.463348485321816,toys,Toys & Games,toys,SRC-TRENDS-001,prophet
2022-01-30,25.17449044113636,40.864143175215325,50.39053010507401,25.17449044113636,25.17449044113636,0.8108676552619041,0.8108676552619041,0.8108676552619041,1.1479069461247695,1.1479069461247695,1.1479069461247695,-0.3370392908628653,-0.3370392908628653,-0.3370392908628653,0.0,0.0,0.0,45.587670477553814,toys,Toys & Games,toys,SRC-TRENDS-001,prophet
2022-02-06,25.08680347528908,40.46100422618086,49.96907131992262,25.08680347528908,25.08680347528908,0.8044102809987821,0.8044102809987821,0.8044102809987821,1.1479069461247695,1.1479069461247695,1.1479069461247695,-0.3434966651259874,-0.3434966651259874,-0.3434966651259874,0.0,0.0,0.0,45.26688610820759,toys,Toys & Games,toys,SRC-TRENDS-001,prophet
2022-02-13,25.00117528251873,41.26766358521547,50.72419150713509,25.00117528251873,25.00117528251873,0.8331980334764302,0.8331980334764302,0.8331980334764302,1.1479069461247695,1.1479069461247695,1.1479069461247695,-0.3147089126483394,-0.3147089126483394,-0.3147089126483394,0.0,0.0,0.0,45.83210536251287,toys,Toys & Games,toys,SRC-TRENDS-001,prophet
2022-02-20,24.91554708974837,42.05893326193985,51.46552328593334,24.91554708974837,24.91554708974837,0.8794955493485508,0.8794955493485508,0.8794955493485508,1.1479069461247695,1.1479069461247695,1.1479069461247695,-0.2684113967762186,-0.2684113967762186,-0.2684113967762186,0.0,0.0,0.0,46.828659864766294,toys,Toys & Games,toys,SRC-TRENDS-001,prophet
2022-02-27,24.82991889697801,42.365003601582146,51.51913927131189,24.82991889697801,24.82991889697801,0.8874227588093853,0.8874227588093853,0.8874227588093853,1.1479069461247695,1.1479069461247695,1.1479069461247695,-0.2604841873153842,-0.2604841873153842,-0.2604841873153842,0.0,0.0,0.0,46.86455402554753,toys,Toys & Games,toys,SRC-TRENDS-001,prophet
2022-03-06,24.744290704207657,40.91974749590144,50.75999679214855,24.744290704207657,24.744290704207657,0.8540023366995566,0.8540023366995566,0.8540023366995566,1.1479069461247695,1.1479069461247695,1.1479069461247695,-0.293904609425213,-0.293904609425213,-0.293904609425213,0.0,0.0,0.0,45.87597278557411,toys,Toys & Games,toys,SRC-TRENDS-001,prophet
2022-03-13,24.6586625114373,40.68684646535955,50.42697968086034,24.6586625114373,24.6586625114373,0.8459256200839029,0.8459256200839029,0.8459256200839029,1.1479069461247695,1.1479069461247695,1.1479069461247695,-0.30198132604086647,-0.30198132604086647,-0.30198132604086647,0.0,0.0,0.0,45.518056886864585,toys,Toys & Games,toys,SRC-TRENDS-001,prophet
2022-03-20,24.57303431866694,42.677200836265065,51.90075315334199,24.57303431866694,24.57303431866694,0.9148962982586566,0.9148962982586566,0.9148962982586566,1.1479069461247695,1.1479069461247695,1.1479069461247695,-0.23301064786611292,-0.23301064786611292,-0.23301064786611292,0.0,0.0,0.0,47.054812453798256,toys,Toys & Games,toys,SRC-TRENDS-001,prophet
2022-03-27,24.487406125896584,44.79736641883629,54.03229828725765,24.487406125896584,24.487406125896584,1.0215474364734232,1.0215474364734232,1.0215474364734232,1.1479069461247695,1.1479069461247695,1.1479069461247695,-0.12635950965134649,-0.12635950965134649,-0.12635950965134649,0.0,0.0,0.0,49.502453079689836,toys,Toys & Games,toys,SRC-TRENDS-001,prophet
2022-04-03,24.40177793312623,45.53878674351594,55.12199121555015,24.40177793312623,24.40177793312623,1.0699168310694505,1.0699168310694505,1.0699168310694505,1.1479069461247693,1.1479069461247693,1.1479069461247693,-0.07799011505531883,-0.07799011505531883,-0.07799011505531883,0.0,0.0,0.0,50.5096508517971,toys,Toys & Games,toys,SRC-TRENDS-001,prophet
2022-04-10,24.357963332663566,44.404089020993545,53.85457207019254,24.357963332663566,24.357963332663566,1.014677674876554,1.014677674876554,1.014677674876554,1.1479069461247695,1.1479069461247695,1.1479069461247695,-0.13322927124821535,-0.13322927124821535,-0.13322927124821535,0.0,0.0,0.0,49.073444931778994,toys,Toys & Games,toys,SRC-TRENDS-001,prophet
2022-04-17,24.314148732200902,41.83323468128,51.28577901168956,24.314148732200902,24.314148732200902,0.9113901340740906,0.9113901340740906,0.9113901340740906,1.1479069461247693,1.1479069461247693,1.1479069461247693,-0.2365168120506788,-0.2365168120506788,-0.2365168120506788,0.0,0.0,0.0,46.473824005138866,toys,Toys & Games,toys,SRC-TRENDS-001,prophet
2022-04-24,24.270334131738238,40.20506649684664,49.46407423044202,24.270334131738238,24.270334131738238,0.8508160232126436,0.8508160232126436,0.8508160232126436,1.1479069461247695,1.1479069461247695,1.1479069461247695,-0.297090922912126,-0.297090922912126,-0.297090922912126,0.0,0.0,0.0,44.919923299745854,toys,Toys & Games,toys,SRC-TRENDS-001,prophet
2022-05-01,24.226519531275574,40.481445656623706,49.73980591098736,24.226519531275574,24.226519531275574,0.8598150728766285,0.8598150728766285,0.8598150728766285,1.1479069461247695,1.1479069461247695,1.1479069461247695,-0.28809187324814095,-0.28809187324814095,-0.28809187324814095,0.0,0.0,0.0,45.05684618760635,toys,Toys & Games,toys,SRC-TRENDS-001,prophet
2022-05-08,24.18270493081291,40.85666851238333,50.53568856400071,24.18270493081291,24.18270493081291,0.8864487770211784,0.8864487770211784,0.8864487770211784,1.1479069461247695,1.1479069461247695,1.1479069461247695,-0.2614581691035911,-0.2614581691035911,-0.2614581691035911,0.0,0.0,0.0,45.619434141796035,toys,Toys & Games,toys,SRC-TRENDS-001,prophet
2022-05-15,24.138890330350243,40.73586986950853,49.93933197978949,24.138890330350243,24.138890330350243,0.8774718333135767,0.8774718333135767,0.8774718333135767,1.1479069461247695,1.1479069461247695,1.1479069461247695,-0.27043511281119276,-0.27043511281119276,-0.27043511281119276,0.0,0.0,0.0,45.32008668267804,toys,Toys & Games,toys,SRC-TRENDS-001,prophet
2022-05-22,24.09507572988758,39.97780774282403,49.03594839759356,24.09507572988758,24.09507572988758,0.84485961933914,0.84485961933914,0.84485961933914,1.1479069461247695,1.1479069461247695,1.1479069461247695,-0.3030473267856294,-0.3030473267856294,-0.3030473267856294,0.0,0.0,0.0,44.45203223898815,toys,Toys & Games,toys,SRC-TRENDS-001,prophet
2022-05-29,24.051261129424912,39.337514582028135,48.93304520835004,24.051261129424912,24.051261129424912,0.841678658972228,0.841678658972228,0.841678658972228,1.1479069461247695,1.1479069461247695,1.1479069461247695,-0.30622828715254147,-0.30622828715254147,-0.30622828715254147,0.0,0.0,0.0,44.294694343430145,toys,Toys & Games,toys,SRC-TRENDS-001,prophet
2022-06-05,24.007446534166206,40.511124166714374,49.93298214605294,24.007446534166206,24.007446534166206,0.8875523568101458,0.8875523568101458,0.8875523568101458,1.1479069461247693,1.1479069461247693,1.1479069461247693,-0.2603545893146235,-0.2603545893146235,-0.2603545893146235,0.0,0.0,0.0,45.315312286558985,toys,Toys & Games,toys,SRC-TRENDS-001,prophet
2022-06-12,23.9636319389075,41.69047710148344,51.27919747104511,23.9636319389075,23.9636319389075,0.9434645153312629,0.9434645153312629,0.9434645153312629,1.1479069461247695,1.1479069461247695,1.1479069461247695,-0.2044424307935066,-0.2044424307935066,-0.2044424307935066,0.0,0.0,0.0,46.57246833172564,toys,Toys & Games,toys,SRC-TRENDS-001,prophet
2022-06-19,23.919817343648795,41.922141530738266,51.54232894603361,23.919817343648795,23.919817343648795,0.9641068928570855,0.9641068928570855,0.9641068928570855,1.1479069461247695,1.1479069461247695,1.1479069461247695,-0.1838000532676839,-0.1838000532676839,-0.1838000532676839,0.0,0.0,0.0,46.98107812054306,toys,Toys & Games,toys,SRC-TRENDS-001,prophet
2022-06-26,23.87600274839009,41.88338951670221,50.62970869955162,23.87600274839009,23.87600274839009,0.9537070654373363,0.9537070654373363,0.9537070654373363,1.1479069461247695,1.1479069461247695,1.1479069461247695,-0.19419988068743324,-0.19419988068743324,-0.19419988068743324,0.0,0.0,0.0,46.64671526393098,toys,Toys & Games,toys,SRC-TRENDS-001,prophet
2022-07-03,23.83218815313138,41.72867779358957,51.42832621140392,23.83218815313138,23.83218815313138,0.9520897357311893,0.9520897357311893,0.9520897357311893,1.1479069461247695,1.1479069461247695,1.1479069461247695,-0.19581721039358022,-0.19581721039358022,-0.19581721039358022,0.0,0.0,0.0,46.52256987374221,toys,Toys & Games,toys,SRC-TRENDS-001,prophet
2022-07-10,23.788373557872678,42.27056356692211,51.59452771896985,23.788373557872678,23.788373557872678,0.9747611240644632,0.9747611240644632,0.9747611240644632,1.1479069461247695,1.1479069461247695,1.1479069461247695,-0.17314582206030643,-0.17314582206030643,-0.17314582206030643,0.0,0.0,0.0,46.97635530681,toys,Toys & Games,toys,SRC-TRENDS-001,prophet
2022-07-17,23.744558962613972,42.482237820582164,51.98668542881267,23.744558962613972,23.744558962613972,0.9914762034291581,0.9914762034291581,0.9914762034291581,1.1479069461247695,1.1479069461247695,1.1479069461247695,-0.15643074269561136,-0.15643074269561136,-0.15643074269561136,0.0,0.0,0.0,47.286724134966256,toys,Toys & Games,toys,SRC-TRENDS-001,prophet
2022-07-24,23.700744367355263,42.37756388748069,51.61644140270651,23.700744367355263,23.700744367355263,0.9722228619297244,0.9722228619297244,0.9722228619297244,1.1479069461247695,1.1479069461247695,1.1479069461247695,-0.175684084195045,-0.175684084195045,-0.175684084195045,0.0,0.0,0.0,46.74314988605019,toys,Toys & Games,toys,SRC-TRENDS-001,prophet
2022-07-31,23.65692977209656,41.19465971664794,50.237862322750566,23.65692977209656,23.65692977209656,0.9351352491691269,0.9351352491691269,0.9351352491691269,1.1479069461247695,1.1479069461247695,1.1479069461247695,-0.2127716969556425,-0.2127716969556425,-0.2127716969556425,0.0,0.0,0.0,45.779358689102615,toys,Toys & Games,toys,SRC-TRENDS-001,prophet
2022-08-07,23.61311517502405,40.70104159672139,50.33049376836298,23.61311517502405,23.61311517502405,0.926515237246696,0.926515237246696,0.926515237246696,1.1479069461247695,1.1479069461247695,1.1479069461247695,-0.22139170887807347,-0.22139170887807347,-0.22139170887807347,0.0,0.0,0.0,45.49102618354502,toys,Toys & Games,toys,SRC-TRENDS-001,prophet
2022-08-14,23.569300577951537,41.76605287806765,50.98963175333827,23.569300577951537,23.569300577951537,0.9562395974987499,0.9562395974987499,0.9562395974987499,1.1479069461247695,1.1479069461247695,1.1479069461247695,-0.19166734862601958,-0.19166734862601958,-0.19166734862601958,0.0,0.0,0.0,46.107199075938965,toys,Toys & Games,toys,SRC-TRENDS-001,prophet
2022-08-21,23.525485980879026,42.207188826530036,51.20641823323021,23.525485980879026,23.525485980879026,0.9771595863093065,0.9771595863093065,0.9771595863093065,1.1479069461247693,1.1479069461247693,1.1479069461247693,-0.1707473598154627,-0.1707473598154627,-0.1707473598154627,0.0,0.0,0.0,46.51364012968016,toys,Toys & Games,toys,SRC-TRENDS-001,prophet
2022-08-28,23.481671383806514,40.76431688115589,50.11761796925035,23.481671383806514,23.481671383806514,0.9434707489813874,0.9434707489813874,0.9434707489813874,1.1479069461247695,1.1479069461247695,1.1479069461247695,-0.20443619714338226,-0.20443619714338226,-0.20443619714338226,0.0,0.0,0.0,45.63594147162126,toys,Toys & Games,toys,SRC-TRENDS-001,prophet
2022-09-04,23.437856786734002,39.38947720951824,48.98050440638665,23.437856786734002,23.437856786734002,0.8771756373385475,0.8771756373385475,0.8771756373385475,1.1479069461247695,1.1479069461247695,1.1479069461247695,-0.270731308786222,-0.270731308786222,-0.270731308786222,0.0,0.0,0.0,43.996973751487005,toys,Toys & Games,toys,SRC-TRENDS-001,prophet
2022-09-11,23.39404218966149,38.64990315271168,48.26856358754007,23.39404218966149,23.39404218966149,0.853866831821158,0.853866831821158,0.853866831821158,1.1479069461247695,1.1479069461247695,1.1479069461247695,-0.2940401143036115,-0.2940401143036115,-0.2940401143036115,0.0,0.0,0.0,43.36943887763825,toys,Toys & Games,toys,SRC-TRENDS-001,prophet
2022-09-18,23.350227592588976,40.136245682931076,49.65500500583612,23.350227592588976,23.350227592588976,0.9180810720028827,0.9180810720028827,0.9180810720028827,1.1479069461247695,1.1479069461247695,1.1479069461247695,-0.22982587412188696,-0.22982587412188696,-0.22982587412188696,0.0,0.0,0.0,44.787629572304354,toys,Toys & Games,toys,SRC-TRENDS-001,prophet
2022-09-25,23.306412995516464,42.89041096169953,52.06871526589125,23.306412995516464,23.306412995516464,1.0298941789775258,1.0298941789775258,1.0298941789775258,1.1479069461247695,1.1479069461247695,1.1479069461247695,-0.11801276714724357,-0.11801276714724357,-0.11801276714724357,0.0,0.0,0.0,47.30955207244503,toys,Toys & Games,toys,SRC-TRENDS-001,prophet
2022-10-02,23.26259839673489,44.21930165475983,53.54111939439236,23.26259839673489,23.26259839673489,1.1094256496091013,1.1094256496091013,1.1094256496091013,1.1479069461247693,1.1479069461247693,1.1479069461247693,-0.03848129651566797,-0.03848129651566797,-0.03848129651566797,0.0,0.0,0.0,49.07072173462814,toys,Toys & Games,toys,SRC-TRENDS-001,prophet
2022-10-09,23.218783797953314,44.22966010092544,53.6893622803425,23.218783797953314,23.218783797953314,1.126728012017564,1.126728012017564,1.126728012017564,1.1479069461247693,1.1479069461247693,1.1479069461247693,-0.021178934107205383,-0.021178934107205383,-0.021178934107205383,0.0,0.0,0.0,49.38003790808687,toys,Toys & Games,toys,SRC-TRENDS-001,prophet
2022-10-16,23.174969199171745,44.71251754599338,54.20444651251474,23.174969199171745,23.174969199171745,1.1319752475122025,1.1319752475122025,1.1319752475122025,1.1479069461247693,1.1479069461247693,1.1479069461247693,-0.015931698612566797,-0.015931698612566797,-0.015931698612566797,0.0,0.0,0.0,49.40846069449185,toys,Toys & Games,toys,SRC-TRENDS-001,prophet
2022-10-23,23.13115460039017,46.064997468533754,55.33544342844613,23.13115460039017,23.13115460039017,1.1996091917596827,1.1996091917596827,1.1996091917596827,1.1479069461247695,1.1479069461247695,1.1479069461247695,0.05170224563491322,0.05170224563491322,0.05170224563491322,0.0,0.0,0.0,50.87950027503248,toys,Toys & Games,toys,SRC-TRENDS-001,prophet
2022-10-30,23.087340001608595,49.79086011069119,59.33114826438993,23.087340001608595,23.087340001608595,1.364912529447522,1.364912529447522,1.364912529447522,1.1479069461247695,1.1479069461247695,1.1479069461247695,0.21700558332275258,0.21700558332275258,0.21700558332275258,0.0,0.0,0.0,54.599539641419135,toys,Toys & Games,toys,SRC-TRENDS-001,prophet
2022-11-06,23.043525402827022,55.7376364760006,65.19349034920025,23.043525402827022,23.043525402827022,1.6257901203951637,1.6257901203951637,1.6257901203951637,1.1479069461247693,1.1479069461247693,1.1479069461247693,0.4778831742703944,0.4778831742703944,0.4778831742703944,0.0,0.0,0.0,60.50746134181817,toys,Toys & Games,toys,SRC-TRENDS-001,prophet
2022-11-13,22.99971080404545,64.01816473664225,72.60903624513394,22.99971080404545,22.99971080404545,1.9795566494199361,1.9795566494199361,1.9795566494199361,1.1479069461247695,1.1479069461247695,1.1479069461247695,0.8316497032951665,0.8316497032951665,0.8316497032951665,0.0,0.0,0.0,68.52894126092916,toys,Toys & Games,toys,SRC-TRENDS-001,prophet
2022-11-20,22.955896205263873,73.4304195761846,82.79108626291514,22.955896205263873,22.955896205263873,2.410874135179888,2.410874135179888,2.410874135179888,1.1479069461247695,1.1479069461247695,1.1479069461247695,1.2629671890551182,1.2629671890551182,1.2629671890551182,0.0,0.0,0.0,78.29967261640869,toys,Toys & Games,toys,SRC-TRENDS-001,prophet
2022-11-27,22.91208160889437,83.34133484332592,92.46744789077916,22.91208160889437,22.91208160889437,2.8251177420901032,2.8251177420901032,2.8251177420901032,1.1479069461247695,1.1479069461247695,1.1479069461247695,1.6772107959653337,1.6772107959653337,1.6772107959653337,0.0,0.0,0.0,87.6414098703982,toys,Toys & Games,toys,SRC-TRENDS-001,prophet
2022-12-04,22.86826701252486,87.21771505390954,96.77385890633875,22.86826701252486,22.86826701252486,3.0299042842885604,3.0299042842885604,3.0299042842885604,1.1479069461247695,1.1479069461247695,1.1479069461247695,1.881997338163791,1.881997338163791,1.881997338163791,0.0,0.0,0.0,92.1569272080287,toys,Toys & Games,toys,SRC-TRENDS-001,prophet
2022-12-11,22.824452416155356,83.06609600871838,92.34651941618215,22.824452416155356,22.824452416155356,2.8458612391671054,2.8458612391671054,2.8458612391671054,1.1479069461247695,1.1479069461247695,1.1479069461247695,1.6979542930423357,1.6979542930423357,1.6979542930423357,0.0,0.0,0.0,87.77967685250587,toys,Toys & Games,toys,SRC-TRENDS-001,prophet
2022-12-18,22.780637819785852,69.67742569283999,79.4035373653447,22.780637819785852,22.780637819785852,2.2743843313570853,2.2743843313570853,2.2743843313570853,1.1479069461247695,1.1479069461247695,1.1479069461247695,1.1264773852323156,1.1264773852323156,1.1264773852323156,0.0,0.0,0.0,74.59256353542743,toys,Toys & Games,toys,SRC-TRENDS-001,prophet
2022-12-25,22.736823223416348,52.94865734908728,62.4492532047352,22.736823223416348,22.736823223416348,1.5470236700610114,1.5470236700610114,1.5470236700610114,1.1479069461247695,1.1479069461247695,1.1479069461247695,0.399116723936242,0.399116723936242,0.399116723936242,0.0,0.0,0.0,57.91122693203434,toys,Toys & Games,toys,SRC-TRENDS-001,prophet
2023-01-01,22.69300862704684,39.96969724797688,49.39112959571429,22.69300862704684,22.69300862704684,0.9749601052674566,0.9749601052674566,0.9749601052674566,1.1479069461247695,1.1479069461247695,1.1479069461247695,-0.17294684085731293,-0.17294684085731293,-0.17294684085731293,0.0,0.0,0.0,44.817786706907725,toys,Toys & Games,toys,SRC-TRENDS-001,prophet
2023-01-08,22.649194030677336,34.35643579695451,43.82390441659445,22.649194030677336,22.649194030677336,0.7236159479863405,0.7236159479863405,0.7236159479863405,1.1479069461247695,1.1479069461247695,1.1479069461247695,-0.42429099813842897,-0.42429099813842897,-0.42429099813842897,0.0,0.0,0.0,39.03851204031248,toys,Toys & Games,toys,SRC-TRENDS-001,prophet
2023-01-15,22.60537943430783,34.275230362346846,43.55327841424924,22.60537943430783,22.60537943430783,0.7239255776983734,0.7239255776983734,0.7239255776983734,1.1479069461247695,1.1479069461247695,1.1479069461247695,-0.42398136842639605,-0.42398136842639605,-0.42398136842639605,0.0,0.0,0.0,38.96999180038006,toys,Toys & Games,toys,SRC-TRENDS-001,prophet
2023-01-22,22.561564837938324,35.680544063166145,45.058735208924666,22.561564837938324,22.561564837938324,0.7915282425016332,0.7915282425016332,0.7915282425016332,1.1479069461247695,1.1479069461247695,1.1479069461247695,-0.35637870362313634,-0.35637870362313634,-0.35637870362313634,0.0,0.0,0.0,40.41968060219829,toys,Toys & Games,toys,SRC-TRENDS-001,prophet
2023-01-29,22.517750241507965,36.04087245448705,45.41145379590702,22.517750241507965,22.517750241507965,0.8121791582935505,0.8121791582935505,0.8121791582935505,1.1479069461247695,1.1479069461247695,1.1479069461247695,-0.3357277878312189,-0.3357277878312189,-0.3357277878312189,0.0,0.0,0.0,40.8061976793203,toys,Toys & Games,toys,SRC-TRENDS-001,prophet
2023-02-05,22.47393564507761,35.87333035624848,45.340454515753386,22.47393564507761,22.47393564507761,0.803791186934314,0.803791186934314,0.803791186934314,1.1479069461247695,1.1479069461247695,1.1479069461247695,-0.3441157591904555,-0.3441157591904555,-0.3441157591904555,0.0,0.0,0.0,40.53828705231993,toys,Toys & Games,toys,SRC-TRENDS-001,prophet
2023-02-12,22.430121048647248,35.95090658885747,45.210734519101635,22.430121048647248,22.430121048647248,0.8252490084251479,0.8252490084251479,0.8252490084251479,1.1479069461247695,1.1479069461247695,1.1479069461247695,-0.32265793769962153,-0.32265793769962153,-0.32265793769962153,0.0,0.0,0.0,40.94055620289943,toys,Toys & Games,toys,SRC-TRENDS-001,prophet
2023-02-19,22.38630645221689,36.964599760355384,46.36817213219632,22.38630645221689,22.38630645221689,0.8726650966708811,0.8726650966708811,0.8726650966708811,1.1479069461247693,1.1479069461247693,1.1479069461247693,-0.2752418494538883,-0.2752418494538883,-0.2752418494538883,0.0,0.0,0.0,41.92205473644471,toys,Toys & Games,toys,SRC-TRENDS-001,prophet
2023-02-26,22.342491855786527,37.57779192718922,46.98671231813762,22.342491855786527,22.342491855786527,0.8901129142258484,0.8901129142258484,0.8901129142258484,1.1479069461247695,1.1479069461247695,1.1479069461247695,-0.257794031898921,-0.257794031898921,-0.257794031898921,0.0,0.0,0.0,42.22983239260795,toys,Toys & Games,toys,SRC-TRENDS-001,prophet
2023-03-05,22.298677259356168,37.014211905435985,46.29814609454836,22.298677259356168,22.298677259356168,0.8604800292303318,0.8604800292303318,0.8604800292303318,1.1479069461247695,1.1479069461247695,1.1479069461247695,-0.28742691689443767,-0.28742691689443767,-0.28742691689443767,0.0,0.0,0.0,41.4862437192847,toys,Toys & Games,toys,SRC-TRENDS-001,prophet
2023-03-12,22.25486266292581,36.295927000403196,45.508468408988854,22.25486266292581,22.25486266292581,0.8422094607891917,0.8422094607891917,0.8422094607891917,1.1479069461247695,1.1479069461247695,1.1479069461247695,-0.3056974853355777,-0.3056974853355777,-0.3056974853355777,0.0,0.0,0.0,40.99811854620607,toys,Toys & Games,toys,SRC-TRENDS-001,prophet
2023-03-19,22.211048066495447,37.68485310084233,46.88887864218963,22.211048066495447,22.211048066495447,0.8974076211841049,0.8974076211841049,0.8974076211841049,1.1479069461247695,1.1479069461247695,1.1479069461247695,-0.2504993249406646,-0.2504993249406646,-0.2504993249406646,0.0,0.0,0.0,42.14341187585494,toys,Toys & Games,toys,SRC-TRENDS-001,prophet
2023-03-26,22.167233473027423,39.830771611439665,49.182691630438185,22.167233473027423,22.167233473027423,1.00405472787984,1.00405472787984,1.00405472787984,1.1479069461247695,1.1479069461247695,1.1479069461247695,-0.14385221824492947,-0.14385221824492947,-0.14385221824492947,0.0,0.0,0.0,44.42434904563685,toys,Toys & Games,toys,SRC-TRENDS-001,prophet
2023-04-02,22.1234188795594,41.117710402716746,51.03325439050969,22.1234188795594,22.1234188795594,1.068937056995284,1.068937056995284,1.068937056995284,1.1479069461247693,1.1479069461247693,1.1479069461247693,-0.07896988912948535,-0.07896988912948535,-0.07896988912948535,0.0,0.0,0.0,45.77196114734953,toys,Toys & Games,toys,SRC-TRENDS-001,prophet
2023-04-09,22.079604286091374,40.16284702050289,49.46102617377679,22.079604286091374,22.079604286091374,1.03076269538304,1.03076269538304,1.03076269538304,1.1479069461247695,1.1479069461247695,1.1479069461247695,-0.11714425074172952,-0.11714425074172952,-0.11714425074172952,0.0,0.0,0.0,44.83843671301385,toys,Toys & Games,toys,SRC-TRENDS-001,prophet
2023-04-16,22.035789692623354,37.81166648664511,47.15273532823339,22.035789692623354,22.035789692623354,0.9289265691012447,0.9289265691012447,0.9289265691012447,1.1479069461247693,1.1479069461247693,1.1479069461247693,-0.21898037702352452,-0.21898037702352452,-0.21898037702352452,0.0,0.0,0.0,42.50542020922854,toys,Toys & Games,toys,SRC-TRENDS-001,prophet
2023-04-23,21.99197509915533,36.665223388177175,45.359222774865735,21.99197509915533,21.99197509915533,0.856026791759176,0.856026791759176,0.856026791759176,1.1479069461247695,1.1479069461247695,1.1479069461247695,-0.29188015436559356,-0.29188015436559356,-0.29188015436559356,0.0,0.0,0.0,40.81769498773295,toys,Toys & Games,toys,SRC-TRENDS-001,prophet
2023-04-30,21.9481605056873,35.80192217769992,45.67952250426394,21.9481605056873,21.9481605056873,0.8548308016163539,0.8548308016163539,0.8548308016163539,1.1479069461247693,1.1479069461247693,1.1479069461247693,-0.29307614450841535,-0.29307614450841535,-0.29307614450841535,0.0,0.0,0.0,40.71012414476838,toys,Toys & Games,toys,SRC-TRENDS-001,prophet
2023-05-07,21.90434591221928,36.591554211477494,46.29324039546733,21.90434591221928,21.90434591221928,0.8834550602538134,0.8834550602538134,0.8834550602538134,1.1479069461247693,1.1479069461247693,1.1479069461247693,-0.26445188587095586,-0.26445188587095586,-0.26445188587095586,0.0,0.0,0.0,41.25585114991934,toys,Toys & Games,toys,SRC-TRENDS-001,prophet
2023-05-14,21.86053131875126,36.515440761687294,45.99357167175225,21.86053131875126,21.86053131875126,0.8820866041280484,0.8820866041280484,0.8820866041280484,1.1479069461247695,1.1479069461247695,1.1479069461247695,-0.26582034199672105,-0.26582034199672105,-0.26582034199672105,0.0,0.0,0.0,41.14341315414341,toys,Toys & Games,toys,SRC-TRENDS-001,prophet
2023-05-21,21.838442268744775,35.48104869674339,45.23938672277832,21.838442268744775,21.838442268744775,0.8500198445194621,0.8500198445194621,0.8500198445194621,1.1479069461247695,1.1479069461247695,1.1479069461247695,-0.29788710160530735,-0.29788710160530735,-0.29788710160530735,0.0,0.0,0.0,40.401551570570454,toys,Toys & Games,toys,SRC-TRENDS-001,prophet
2023-05-28,21.81635321873829,35.43279873819983,44.69908995490653,21.81635321873829,21.81635321873829,0.8383415462070024,0.8383415462070024,0.8383415462070024,1.1479069461247695,1.1479069461247695,1.1479069461247695,-0.30956539991776705,-0.30956539991776705,-0.30956539991776705,0.0,0.0,0.0,40.105908508733464,toys,Toys & Games,toys,SRC-TRENDS-001,prophet
2023-06-04,21.794264168731804,36.411498778525974,45.521131146237565,21.794264168731804,21.794264168731804,0.8769803061228145,0.8769803061228145,0.8769803061228145,1.1479069461247695,1.1479069461247695,1.1479069461247695,-0.270926640001955,-0.270926640001955,-0.270926640001955,0.0,0.0,0.0,40.907404631147706,toys,Toys & Games,toys,SRC-TRENDS-001,prophet
2023-06-11,21.77217511872532,37.351103591958505,47.09903687853234,21.77217511872532,21.77217511872532,0.9352348809327851,0.9352348809327851,0.9352348809327851,1.1479069461247695,1.1479069461247695,1.1479069461247695,-0.21267206519198448,-0.21267206519198448,-0.21267206519198448,0.0,0.0,0.0,42.13427272353414,toys,Toys & Games,toys,SRC-TRENDS-001,prophet
2023-06-18,21.750086068718833,37.76825301930924,47.30100046423724,21.750086068718833,21.750086068718833,0.9635834917614563,0.9635834917614563,0.9635834917614563,1.1479069461247695,1.1479069461247695,1.1479069461247695,-0.18432345436331304,-0.18432345436331304,-0.18432345436331304,0.0,0.0,0.0,42.70810994892713,toys,Toys & Games,toys,SRC-TRENDS-001,prophet
2023-06-25,21.727997018712347,37.876958699040976,47.067029907264796,21.727997018712347,21.727997018712347,0.9560889968889621,0.9560889968889621,0.9560889968889621,1.1479069461247695,1.1479069461247695,1.1479069461247695,-0.1918179492358074,-0.1918179492358074,-0.1918179492358074,0.0,0.0,0.0,42.5018958927394,toys,Toys & Games,toys,SRC-TRENDS-001,prophet
2023-07-02,21.705907968705862,37.463549550209855,46.63240509230128,21.705907968705862,21.705907968705862,0.9503560238026927,0.9503560238026927,0.9503560238026927,1.1479069461247695,1.1479069461247695,1.1479069461247695,-0.19755092232207683,-0.19755092232207683,-0.19755092232207683,0.0,0.0,0.0,42.334248358872344,toys,Toys & Games,toys,SRC-TRENDS-001,prophet
2023-07-09,21.683818918699377,37.96281818516805,47.52663933353201,21.683818918699377,21.683818918699377,0.9698939647351621,0.9698939647351621,0.9698939647351621,1.1479069461247695,1.1479069461247695,1.1479069461247695,-0.17801298138960744,-0.17801298138960744,-0.17801298138960744,0.0,0.0,0.0,42.71482402035603,toys,Toys & Games,toys,SRC-TRENDS-001,prophet
2023-07-16,21.661729868630292,38.50235648442808,47.9992671820852,21.661729868630292,21.661729868630292,0.990759310725015,0.990759310725015,0.990759310725015,1.1479069461247695,1.1479069461247695,1.1479069461247695,-0.1571476353997545,-0.1571476353997545,-0.1571476353997545,0.0,0.0,0.0,43.123290422385914,toys,Toys & Games,toys,SRC-TRENDS-001,prophet
2023-07-23,21.639640818561205,38.122354253267794,47.175498728741815,21.639640818561205,21.639640818561205,0.9781893894283431,0.9781893894283431,0.9781893894283431,1.1479069461247695,1.1479069461247695,1.1479069461247695,-0.1697175566964263,-0.1697175566964263,-0.1697175566964263,0.0,0.0,0.0,42.80730785831824,toys,Toys & Games,toys,SRC-TRENDS-001,prophet
2023-07-30,21.617551768492117,37.39369518093502,46.80764743460237,21.617551768492117,21.617551768492117,0.9408881099797921,0.9408881099797921,0.9408881099797921,1.1479069461247695,1.1479069461247695,1.1479069461247695,-0.20701883614497749,-0.20701883614497749,-0.20701883614497749,0.0,0.0,0.0,41.95724919433898,toys,Toys & Games,toys,SRC-TRENDS-001,prophet
2023-08-06,21.59546271842303,36.60832295898755,46.08693784260119,21.59546271842303,21.59546271842303,0.9246596232757898,0.9246596232757898,0.9246596232757898,1.1479069461247695,1.1479069461247695,1.1479069461247695,-0.2232473228489797,-0.2232473228489797,-0.2232473228489797,0.0,0.0,0.0,41.56391514010643,toys,Toys & Games,toys,SRC-TRENDS-001,prophet
2023-08-13,21.57337366835394,37.330325929628515,46.82989902118775,21.57337366835394,21.57337366835394,0.9497449914263811,0.9497449914263811,0.9497449914263811,1.1479069461247695,1.1479069461247695,1.1479069461247695,-0.19816195469838838,-0.19816195469838838,-0.19816195469838838,0.0,0.0,0.0,42.06257725804287,toys,Toys & Games,toys,SRC-TRENDS-001,prophet
2023-08-20,21.551284618284853,37.76668927084835,47.219102035461184,21.551284618284853,21.551284618284853,0.9767630161600481,0.9767630161600481,0.9767630161600481,1.1479069461247695,1.1479069461247695,1.1479069461247695,-0.1711439299647214,-0.1711439299647214,-0.1711439299647214,0.0,0.0,0.0,42.601782384164416,toys,Toys & Games,toys,SRC-TRENDS-001,prophet
2023-08-27,21.529195568215766,37.268954815121766,47.14294970361864,21.529195568215766,21.529195568215766,0.9535761359883571,0.9535761359883571,0.9535761359883571,1.1479069461247695,1.1479069461247695,1.1479069461247695,-0.1943308101364124,-0.1943308101364124,-0.1943308101364124,0.0,0.0,0.0,42.05892268909262,toys,Toys & Games,toys,SRC-TRENDS-001,prophet
2023-09-03,21.507106518146678,36.273423784407335,45.34905923784834,21.507106518146678,21.507106518146678,0.8881761729254927,0.8881761729254927,0.8881761729254927,1.1479069461247695,1.1479069461247695,1.1479069461247695,-0.25973077319927673,-0.25973077319927673,-0.25973077319927673,0.0,0.0,0.0,40.60920607613511,toys,Toys & Games,toys,SRC-TRENDS-001,prophet
2023-09-10,21.48501746807759,35.17847598023168,44.54128876907449,21.48501746807759,21.48501746807759,0.8518434617374642,0.8518434617374642,0.8518434617374642,1.1479069461247695,1.1479069461247695,1.1479069461247695,-0.2960634843873053,-0.2960634843873053,-0.2960634843873053,0.0,0.0,0.0,39.78688912357469,toys,Toys & Games,toys,SRC-TRENDS-001,prophet
2023-09-17,21.462928419506092,36.01209971698287,44.86943269605584,21.462928419506092,21.462928419506092,0.9009398780325527,0.9009398780325527,0.9009398780325527,1.1479069461247695,1.1479069461247695,1.1479069461247695,-0.24696706809221686,-0.24696706809221686,-0.24696706809221686,0.0,0.0,0.0,40.79973653199732,toys,Toys & Games,toys,SRC-TRENDS-001,prophet
2023-09-24,21.440839370934594,38.22339628968653,47.492793199971956,21.440839370934594,21.440839370934594,1.010182070208262,1.010182070208262,1.010182070208262,1.1479069461247693,1.1479069461247693,1.1479069461247693,-0.1377248759165074,-0.1377248759165074,-0.1377248759165074,0.0,0.0,0.0,43.099990873668105,toys,Toys & Games,toys,SRC-TRENDS-001,prophet
2023-10-01,21.418750322363096,40.29775468558944,49.42611994292996,21.418750322363096,21.418750322363096,1.10007934809037,1.10007934809037,1.10007934809037,1.1479069461247695,1.1479069461247695,1.1479069461247695,-0.0478275980343996,-0.0478275980343996,-0.0478275980343996,0.0,0.0,0.0,44.98107521389869,toys,Toys & Games,toys,SRC-TRENDS-001,prophet
2023-10-08,21.396661273791597,40.72479869457233,50.0998181941798,21.396661273791597,21.396661273791597,1.1267594049884335,1.1267594049884335,1.1267594049884335,1.1479069461247695,1.1479069461247695,1.1479069461247695,-0.021147541136335848,-0.021147541136335848,-0.021147541136335848,0.0,0.0,0.0,45.50555059938808,toys,Toys & Games,toys,SRC-TRENDS-001,prophet
2023-10-15,21.3745722252201,41.20463051952697,50.086281351751644,21.3745722252201,21.3745722252201,1.1283205636025462,1.1283205636025462,1.1283205636025462,1.1479069461247695,1.1479069461247695,1.1479069461247695,-0.01958638252222323,-0.01958638252222323,-0.01958638252222323,0.0,0.0,0.0,45.49194160514378,toys,Toys & Games,toys,SRC-TRENDS-001,prophet
2023-10-22,21.3524831766486,41.63427760977855,50.98428580698776,21.3524831766486,21.3524831766486,1.1806873641445248,1.1806873641445248,1.1806873641445248,1.1479069461247695,1.1479069461247695,1.1479069461247695,0.03278041801975536,0.03278041801975536,0.03278041801975536,0.0,0.0,0.0,46.56309025642615,toys,Toys & Games,toys,SRC-TRENDS-001,prophet
2023-10-29,21.330394128077103,44.922763110229376,54.05921743708248,21.330394128077103,21.330394128077103,1.3281470681727017,1.3281470681727017,1.3281470681727017,1.1479069461247695,1.1479069461247695,1.1479069461247695,0.18024012204793205,0.18024012204793205,0.18024012204793205,0.0,0.0,0.0,49.66029455225092,toys,Toys & Games,toys,SRC-TRENDS-001,prophet
2023-11-05,21.308305079505605,49.892765724407944,59.63465864942827,21.308305079505605,21.308305079505605,1.5724371894251423,1.5724371894251423,1.5724371894251423,1.1479069461247695,1.1479069461247695,1.1479069461247695,0.42453024330037303,0.42453024330037303,0.42453024330037303,0.0,0.0,0.0,54.81427643013688,toys,Toys & Games,toys,SRC-TRENDS-001,prophet
2023-11-12,21.286216032341976,57.213818714224594,66.64582453543741,21.286216032341976,21.286216032341976,1.9096286688571484,1.9096286688571484,1.9096286688571484,1.1479069461247695,1.1479069461247695,1.1479069461247695,0.761721722732379,0.761721722732379,0.761721722732379,0.0,0.0,0.0,61.93498441918887,toys,Toys & Games,toys,SRC-TRENDS-001,prophet
2023-11-19,21.264126985178347,66.25193508577695,75.6282296038289,21.264126985178347,21.264126985178347,2.330883125566878,2.330883125566878,2.330883125566878,1.1479069461247695,1.1479069461247695,1.1479069461247695,1.1829761794421083,1.1829761794421083,1.1829761794421083,0.0,0.0,0.0,70.82832175484184,toys,Toys & Games,toys,SRC-TRENDS-001,prophet
2023-11-26,21.242037938014718,75.4747860603995,84.53774955741966,21.242037938014718,21.242037938014718,2.7601568722069225,2.7601568722069225,2.7601568722069225,1.1479069461247695,1.1479069461247695,1.1479069461247695,1.612249926082153,1.612249926082153,1.612249926082153,0.0,0.0,0.0,79.87339493230621,toys,Toys & Games,toys,SRC-TRENDS-001,prophet
2023-12-03,21.21994889085109,80.74357872682802,89.82771298423037,21.21994889085109,21.21994889085109,3.0181972530995616,3.0181972530995616,3.0181972530995616,1.1479069461247695,1.1479069461247695,1.1479069461247695,1.8702903069747916,1.8702903069747916,1.8702903069747916,0.0,0.0,0.0,85.26594034413094,toys,Toys & Games,toys,SRC-TRENDS-001,prophet
2023-12-10,21.19785984368746,78.22187308770292,87.57779917711976,21.19785984368746,21.19785984368746,2.9104753083459616,2.9104753083459616,2.9104753083459616,1.1479069461247695,1.1479069461247695,1.1479069461247695,1.7625683622211918,1.7625683622211918,1.7625683622211918,0.0,0.0,0.0,82.8937075085182,toys,Toys & Games,toys,SRC-TRENDS-001,prophet
2023-12-17,21.17577079652383,67.5837582672693,76.18978289730086,21.17577079652383,21.17577079652383,2.3969103874393314,2.3969103874393314,2.3969103874393314,1.1479069461247695,1.1479069461247695,1.1479069461247695,1.2490034413145619,1.2490034413145619,1.2490034413145619,0.0,0.0,0.0,71.93219578074626,toys,Toys & Games,toys,SRC-TRENDS-001,prophet
2023-12-24,21.153681749360203,52.18841753692123,61.040783692450084,21.153681749360203,21.153681749360203,1.6737270727839118,1.6737270727839118,1.6737270727839118,1.1479069461247695,1.1479069461247695,1.1479069461247695,0.5258201266591424,0.5258201266591424,0.5258201266591424,0.0,0.0,0.0,56.559171582319316,toys,Toys & Games,toys,SRC-TRENDS-001,prophet
2023-12-31,21.131592702196578,38.6261710657464,48.36755153998321,21.131592702196578,21.131592702196578,1.0551772970210165,1.0551772970210165,1.0551772970210165,1.1479069461247695,1.1479069461247695,1.1479069461247695,-0.092729649103753,-0.092729649103753,-0.092729649103753,0.0,0.0,0.0,43.42916957144939,toys,Toys & Games,toys,SRC-TRENDS-001,prophet
2024-01-07,21.10950365626502,32.21407232028695,41.67246015334848,21.10950365626502,21.10950365626502,0.7454104298432866,0.7454104298432866,0.7454104298432866,1.1479069461247695,1.1479069461247695,1.1479069461247695,-0.4024965162814829,-0.4024965162814829,-0.4024965162814829,0.0,0.0,0.0,36.84474785045996,toys,Toys & Games,toys,SRC-TRENDS-001,prophet
2024-01-14,21.087414610333465,31.406193344664104,40.689338644626204,21.087414610333465,21.087414610333465,0.7136354863640211,0.7136354863640211,0.7136354863640211,1.1479069461247695,1.1479069461247695,1.1479069461247695,-0.43427145976074855,-0.43427145976074855,-0.43427145976074855,0.0,0.0,0.0,36.13614199193855,toys,Toys & Games,toys,SRC-TRENDS-001,prophet
2024-01-21,21.065325564401906,32.67443541484259,42.08116907541025,21.065325564401906,21.065325564401906,0.7814947187673711,0.7814947187673711,0.7814947187673711,1.1479069461247695,1.1479069461247695,1.1479069461247695,-0.36641222735739837,-0.36641222735739837,-0.36641222735739837,0.0,0.0,0.0,37.527766242097286,toys,Toys & Games,toys,SRC-TRENDS-001,prophet
2024-01-28,21.04323651847035,33.19735090845463,42.853368114218235,21.04323651847035,21.04323651847035,0.812456242847529,0.812456242847529,0.812456242847529,1.1479069461247695,1.1479069461247695,1.1479069461247695,-0.3354507032772404,-0.3354507032772404,-0.3354507032772404,0.0,0.0,0.0,38.13994539761869,toys,Toys & Games,toys,SRC-TRENDS-001,prophet
2024-02-04,21.021147472538797,33.416835795158164,42.4655362347682,21.021147472538797,21.021147472538797,0.8043357106458724,0.8043357106458724,0.8043357106458724,1.1479069461247695,1.1479069461247695,1.1479069461247695,-0.343571235478897,-0.343571235478897,-0.343571235478897,0.0,0.0,0.0,37.929207063454975,toys,Toys & Games,toys,SRC-TRENDS-001,prophet
2024-02-11,20.999058426607238,33.317243454491326,42.435756038196246,20.999058426607238,20.999058426607238,0.8182957887603817,0.8182957887603817,0.8182957887603817,1.1479069461247695,1.1479069461247695,1.1479069461247695,-0.32961115736438773,-0.32961115736438773,-0.32961115736438773,0.0,0.0,0.0,38.18249950503315,toys,Toys & Games,toys,SRC-TRENDS-001,prophet
2024-02-18,20.97696938067568,34.27552408707289,43.79403403675639,20.97696938067568,20.97696938067568,0.8647549562793484,0.8647549562793484,0.8647549562793484,1.1479069461247695,1.1479069461247695,1.1479069461247695,-0.2831519898454211,-0.2831519898454211,-0.2831519898454211,0.0,0.0,0.0,39.116907620335105,toys,Toys & Games,toys,SRC-TRENDS-001,prophet
2024-02-25,20.954880334744125,34.893283132763166,44.32719293686023,20.954880334744125,20.954880334744125,0.8910599725496644,0.8910599725496644,0.8910599725496644,1.1479069461247695,1.1479069461247695,1.1479069461247695,-0.25684697357510505,-0.25684697357510505,-0.25684697357510505,0.0,0.0,0.0,39.62693543060273,toys,Toys & Games,toys,SRC-TRENDS-001,prophet
2024-03-03,20.932791291429105,34.17377754136949,43.768282222461515,20.932791291429105,20.932791291429105,0.8673035730213445,0.8673035730213445,0.8673035730213445,1.1479069461247695,1.1479069461247695,1.1479069461247695,-0.280603373103425,-0.280603373103425,-0.280603373103425,0.0,0.0,0.0,39.087875971795654,toys,Toys & Games,toys,SRC-TRENDS-001,prophet
2024-03-10,20.91070224811408,33.46535688104235,43.00504933680689,20.91070224811408,20.91070224811408,0.8410957891484374,0.8410957891484374,0.8410957891484374,1.1479069461247695,1.1479069461247695,1.1479069461247695,-0.306811156976332,-0.306811156976332,-0.306811156976332,0.0,0.0,0.0,38.4986058571396,toys,Toys & Games,toys,SRC-TRENDS-001,prophet
2024-03-17,20.888613204799057,34.107227021681794,44.12601734762142,20.888613204799057,20.888613204799057,0.8817814105789141,0.8817814105789141,0.8817814105789141,1.1479069461247693,1.1479069461247693,1.1479069461247693,-0.2661255355458553,-0.2661255355458553,-0.2661255355458553,0.0,0.0,0.0,39.3078040215641,toys,Toys & Games,toys,SRC-TRENDS-001,prophet
2024-03-24,20.866524161484037,36.50607989085971,46.356458550421934,20.866524161484037,20.866524161484037,0.9851333585733515,0.9851333585733515,0.9851333585733515,1.1479069461247695,1.1479069461247695,1.1479069461247695,-0.1627735875514181,-0.1627735875514181,-0.1627735875514181,0.0,0.0,0.0,41.422833190438794,toys,Toys & Games,toys,SRC-TRENDS-001,prophet
2024-03-31,20.844435118169013,38.3180905340637,47.61629888314742,20.844435118169013,20.844435118169013,1.0643623886281535,1.0643623886281535,1.0643623886281535,1.1479069461247695,1.1479069461247695,1.1479069461247695,-0.08354455749661593,-0.08354455749661593,-0.08354455749661593,0.0,0.0,0.0,43.03046787014795,toys,Toys & Games,toys,SRC-TRENDS-001,prophet
2024-04-07,20.822346074853993,37.879607592749394,47.170241638551715,20.822346074853993,20.822346074853993,1.0446575507056421,1.0446575507056421,1.0446575507056421,1.1479069461247693,1.1479069461247693,1.1479069461247693,-0.10324939541912714,-0.10324939541912714,-0.10324939541912714,0.0,0.0,0.0,42.574567125356204,toys,Toys & Games,toys,SRC-TRENDS-001,prophet
2024-04-14,20.800257031538973,35.82146932122038,44.66728417848024,20.800257031538973,20.800257031538973,0.9475435971180433,0.9475435971180433,0.9475435971180433,1.1479069461247695,1.1479069461247695,1.1479069461247695,-0.2003633490067261,-0.2003633490067261,-0.2003633490067261,0.0,0.0,0.0,40.509407400183285,toys,Toys & Games,toys,SRC-TRENDS-001,prophet
2024-04-21,20.77816798822395,34.064622219353005,43.33225734279631,20.77816798822395,20.77816798822395,0.8637851230848558,0.8637851230848558,0.8637851230848558,1.1479069461247695,1.1479069461247695,1.1479069461247695,-0.2841218230399137,-0.2841218230399137,-0.2841218230399137,0.0,0.0,0.0,38.72604038140978,toys,Toys & Games,toys,SRC-TRENDS-001,prophet
2024-04-28,20.756078944908925,33.97312982544076,43.326589480340736,20.756078944908925,20.756078944908925,0.8508471720012654,0.8508471720012654,0.8508471720012654,1.1479069461247695,1.1479069461247695,1.1479069461247695,-0.297059774123504,-0.297059774123504,-0.297059774123504,0.0,0.0,0.0,38.41633001701969,toys,Toys & Games,toys,SRC-TRENDS-001,prophet
2024-05-05,20.770209273132366,34.103116246650174,43.41840080677695,20.770209273132366,20.770209273132366,0.8793160684623542,0.8793160684623542,0.8793160684623542,1.1479069461247695,1.1479069461247695,1.1479069461247695,-0.26859087766241524,-0.26859087766241524,-0.26859087766241524,0.0,0.0,0.0,39.03378803232345,toys,Toys & Games,toys,SRC-TRENDS-001,prophet
2024-05-12,20.784339601355807,34.6082856971163,44.086495128699504,20.784339601355807,20.784339601355807,0.8855612676983069,0.8855612676983069,0.8855612676983069,1.1479069461247693,1.1479069461247693,1.1479069461247693,-0.2623456784264624,-0.2623456784264624,-0.2623456784264624,0.0,0.0,0.0,39.19014572700458,toys,Toys & Games,toys,SRC-TRENDS-001,prophet
2024-05-19,20.798469929579245,33.84302672287231,43.332314165149775,20.798469929579245,20.798469929579245,0.8558998145127665,0.8558998145127665,0.8558998145127665,1.1479069461247695,1.1479069461247695,1.1479069461247695,-0.29200713161200287,-0.29200713161200287,-0.29200713161200287,0.0,0.0,0.0,38.59987648445547,toys,Toys & Games,toys,SRC-TRENDS-001,prophet
2024-05-26,20.812600257802682,33.62047872013819,42.6142406619964,20.812600257802682,20.812600257802682,0.8368003264537984,0.8368003264537984,0.8368003264537984,1.1479069461247695,1.1479069461247695,1.1479069461247695,-0.31110661967097114,-0.31110661967097114,-0.31110661967097114,0.0,0.0,0.0,38.22859094788438,toys,Toys & Games,toys,SRC-TRENDS-001,prophet
2024-06-02,20.826730586026123,34.526605039929635,43.21441904206479,20.826730586026123,20.826730586026123,0.8670906978827366,0.8670906978827366,0.8670906978827366,1.1479069461247695,1.1479069461247695,1.1479069461247695,-0.28081624824203283,-0.28081624824203283,-0.28081624824203283,0.0,0.0,0.0,38.88539494447925,toys,Toys & Games,toys,SRC-TRENDS-001,prophet
2024-06-09,20.84086091424956,35.06387089683111,44.728722443881665,20.84086091424956,20.84086091424956,0.9259118679336052,0.9259118679336052,0.9259118679336052,1.1479069461247695,1.1479069461247695,1.1479069461247695,-0.22199507819116418,-0.22199507819116418,-0.22199507819116418,0.0,0.0,0.0,40.13766137270683,toys,Toys & Games,toys,SRC-TRENDS-001,prophet
2024-06-16,20.854991242473,36.344605733784455,45.99979004167009,20.854991242473,20.854991242473,0.9617800024002514,0.9617800024002514,0.9617800024002514,1.1479069461247693,1.1479069461247693,1.1479069461247693,-0.18612694372451782,-0.18612694372451782,-0.18612694372451782,0.0,0.0,0.0,40.91290476971591,toys,Toys & Games,toys,SRC-TRENDS-001,prophet
2024-06-23,20.869121570696443,36.50897479912532,45.60959911009489,20.869121570696443,20.869121570696443,0.9585742663547042,0.9585742663547042,0.9585742663547042,1.1479069461247695,1.1479069461247695,1.1479069461247695,-0.18933267977006543,-0.18933267977006543,-0.18933267977006543,0.0,0.0,0.0,40.87372446979391,toys,Toys & Games,toys,SRC-TRENDS-001,prophet
2024-06-30,20.88613970895834,36.48162767600966,45.556117099544664,20.88613970895834,20.88613970895834,0.9495811238860625,0.9495811238860625,0.9495811238860625,1.1479069461247693,1.1479069461247693,1.1479069461247693,-0.19832582223870682,-0.19832582223870682,-0.19832582223870682,0.0,0.0,0.0,40.719223727432315,toys,Toys & Games,toys,SRC-TRENDS-001,prophet
2024-07-07,20.903157847220243,36.530280906726226,45.86759724501209,20.903157847220243,20.903157847220243,0.9651048653104763,0.9651048653104763,0.9651048653104763,1.1479069461247695,1.1479069461247695,1.1479069461247695,-0.18280208081429328,-0.18280208081429328,-0.18280208081429328,0.0,0.0,0.0,41.07689718592536,toys,Toys & Games,toys,SRC-TRENDS-001,prophet
2024-07-14,20.920175985482143,36.97121292013307,46.47066504230819,20.920175985482143,20.920175985482143,0.9888378428547678,0.9888378428547678,0.9888378428547678,1.1479069461247695,1.1479069461247695,1.1479069461247695,-0.15906910327000168,-0.15906910327000168,-0.15906910327000168,0.0,0.0,0.0,41.60683767910842,toys,Toys & Games,toys,SRC-TRENDS-001,prophet
2024-07-21,20.937194123744042,36.881832415777794,46.25154888648043,20.937194123744042,20.937194123744042,0.9832468542965118,0.9832468542965118,0.9832468542965118,1.1479069461247695,1.1479069461247695,1.1479069461247695,-0.1646600918282577,-0.1646600918282577,-0.1646600918282577,0.0,0.0,0.0,41.52362438371078,toys,Toys & Games,toys,SRC-TRENDS-001,prophet
2024-07-28,20.954212262005946,36.13184701736826,45.48635597573579,20.954212262005946,20.954212262005946,0.9473906931653904,0.9473906931653904,0.9473906931653904,1.1479069461247695,1.1479069461247695,1.1479069461247695,-0.20051625295937905,-0.20051625295937905,-0.20051625295937905,0.0,0.0,0.0,40.80603794164248,toys,Toys & Games,toys,SRC-TRENDS-001,prophet
2024-08-04,20.971230400267846,35.59330622743164,45.06347242075594,20.971230400267846,20.971230400267846,0.9243099999990758,0.9243099999990758,0.9243099999990758,1.1479069461247695,1.1479069461247695,1.1479069461247695,-0.22359694612569353,-0.22359694612569353,-0.22359694612569353,0.0,0.0,0.0,40.35514837152004,toys,Toys & Games,toys,SRC-TRENDS-001,prophet
2024-08-11,20.988248538529746,35.94619361004224,45.2752569152117,20.988248538529746,20.988248538529746,0.9433566777017441,0.9433566777017441,0.9433566777017441,1.1479069461247695,1.1479069461247695,1.1479069461247695,-0.20455026842302523,-0.20455026842302523,-0.20455026842302523,0.0,0.0,0.0,40.78765295061565,toys,Toys & Games,toys,SRC-TRENDS-001,prophet
2024-08-18,21.005266676791646,36.54133918836809,46.3423547629544,21.005266676791646,21.005266676791646,0.9745811898879444,0.9745811898879444,0.9745811898879444,1.1479069461247695,1.1479069461247695,1.1479069461247695,-0.1733257562368251,-0.1733257562368251,-0.1733257562368251,0.0,0.0,0.0,41.47660446857284,toys,Toys & Games,toys,SRC-TRENDS-001,prophet
2024-08-25,21.022312863070468,36.662108763508776,45.79715584318396,21.022312863070468,21.022312863070468,0.9621375063995052,0.9621375063995052,0.9621375063995052,1.1479069461247693,1.1479069461247693,1.1479069461247693,-0.185769439725264,-0.185769439725264,-0.185769439725264,0.0,0.0,0.0,41.248668539895334,toys,Toys & Games,toys,SRC-TRENDS-001,prophet
2024-09-01,21.039359049349294,35.23385902301937,44.93999055868069,21.039359049349294,21.039359049349294,0.900146562378084,0.900146562378084,0.900146562378084,1.1479069461247695,1.1479069461247695,1.1479069461247695,-0.24776038374668563,-0.24776038374668563,-0.24776038374668563,0.0,0.0,0.0,39.97786577225929,toys,Toys & Games,toys,SRC-TRENDS-001,prophet
2024-09-08,21.056405235628116,33.942081956236095,43.736072324990026,21.056405235628116,21.056405235628116,0.8527944117923066,0.8527944117923066,0.8527944117923066,1.1479069461247695,1.1479069461247695,1.1479069461247695,-0.2951125343324628,-0.2951125343324628,-0.2951125343324628,0.0,0.0,0.0,39.01318995300604,toys,Toys & Games,toys,SRC-TRENDS-001,prophet
2024-09-15,21.07345142190694,35.042408064571255,44.4913185046544,21.07345142190694,21.07345142190694,0.8858825094244214,0.8858825094244214,0.8858825094244214,1.1479069461247695,1.1479069461247695,1.1479069461247695,-0.262024436700348,-0.262024436700348,-0.262024436700348,0.0,0.0,0.0,39.742053449779505,toys,Toys & Games,toys,SRC-TRENDS-001,prophet
2024-09-22,21.090497608185764,37.213315296837095,47.03703289799002,21.090497608185764,21.090497608185764,0.9897424382042048,0.9897424382042048,0.9897424382042048,1.1479069461247695,1.1479069461247695,1.1479069461247695,-0.15816450792056472,-0.15816450792056472,-0.15816450792056472,0.0,0.0,0.0,41.96465813385149,toys,Toys & Games,toys,SRC-TRENDS-001,prophet
2024-09-29,21.10754379446459,39.45874985948505,48.781462154720494,21.10754379446459,21.10754379446459,1.0884675051889405,1.0884675051889405,1.0884675051889405,1.1479069461247695,1.1479069461247695,1.1479069461247695,-0.059439440935828855,-0.059439440935828855,-0.059439440935828855,0.0,0.0,0.0,44.08241932909176,toys,Toys & Games,toys,SRC-TRENDS-001,prophet
2024-10-06,21.124589980743412,40.055585023362624,49.48880413463095,21.124589980743412,21.124589980743412,1.1258826043998729,1.1258826043998729,1.1258826043998729,1.1479069461247695,1.1479069461247695,1.1479069461247695,-0.022024341724896486,-0.022024341724896486,-0.022024341724896486,0.0,0.0,0.0,44.90839836514227,toys,Toys & Games,toys,SRC-TRENDS-001,prophet
2024-10-13,21.141636167022238,40.32442059595139,49.27675171237277,21.141636167022238,21.141636167022238,1.126394175905161,1.126394175905161,1.126394175905161,1.1479069461247695,1.1479069461247695,1.1479069461247695,-0.021512770219608505,-0.021512770219608505,-0.021512770219608505,0.0,0.0,0.0,44.955452014662,toys,Toys & Games,toys,SRC-TRENDS-001,prophet
2024-10-20,21.158682353301064,41.185777013950954,50.52374654563823,21.158682353301064,21.158682353301064,1.1649289850583513,1.1649289850583513,1.1649289850583513,1.1479069461247693,1.1479069461247693,1.1479069461247693,0.01702203893358193,0.01702203893358193,0.01702203893358193,0.0,0.0,0.0,45.80704471230411,toys,Toys & Games,toys,SRC-TRENDS-001,prophet
2024-10-27,21.1758497472222,43.880675818954906,53.343054670313684,21.1758497472222,21.1758497472222,1.2944676073382133,1.2944676073382133,1.2944676073382133,1.1479069461247695,1.1479069461247695,1.1479069461247695,0.1465606612134438,0.1465606612134438,0.1465606612134438,0.0,0.0,0.0,48.58730130286243,toys,Toys & Games,toys,SRC-TRENDS-001,prophet
2024-11-03,21.19301714114333,48.803219394083676,58.48831910620853,21.19301714114333,21.19301714114333,1.5220293437627275,1.5220293437627275,1.5220293437627275,1.1479069461247695,1.1479069461247695,1.1479069461247695,0.374122397637958,0.374122397637958,0.374122397637958,0.0,0.0,0.0,53.44941111282994,toys,Toys & Games,toys,SRC-TRENDS-001,prophet
2024-11-10,21.21018453506446,55.48462891076862,64.90612587682202,21.21018453506446,21.21018453506446,1.8425620747958427,1.8425620747958427,1.8425620747958427,1.1479069461247693,1.1479069461247693,1.1479069461247693,0.6946551286710733,0.6946551286710733,0.6946551286710733,0.0,0.0,0.0,60.29126615879552,toys,Toys & Games,toys,SRC-TRENDS-001,prophet
2024-11-17,21.22735192898559,64.48029209269475,73.9357534909425,21.22735192898559,21.22735192898559,2.2514651393437757,2.2514651393437757,2.2514651393437757,1.1479069461247695,1.1479069461247695,1.1479069461247695,1.1035581932190064,1.1035581932190064,1.1035581932190064,0.0,0.0,0.0,69.0199947976785,toys,Toys & Games,toys,SRC-TRENDS-001,prophet
2024-11-24,21.244519322906726,73.52705848824138,83.06517110847628,21.244519322906726,21.244519322906726,2.689812056070723,2.689812056070723,2.689812056070723,1.1479069461247695,1.1479069461247695,1.1479069461247695,1.5419051099459535,1.5419051099459535,1.5419051099459535,0.0,0.0,0.0,78.38828352308867,toys,Toys & Games,toys,SRC-TRENDS-001,prophet
2024-12-01,21.261686716827853,80.20208461348594,89.74274436940534,21.261686716827853,21.261686716827853,2.994396084953527,2.994396084953527,2.994396084953527,1.1479069461247695,1.1479069461247695,1.1479069461247695,1.8464891388287574,1.8464891388287574,1.8464891388287574,0.0,0.0,0.0,84.92759818120558,toys,Toys & Games,toys,SRC-TRENDS-001,prophet
2024-12-08,21.278854110748984,79.33187794167125,89.1226281826297,21.278854110748984,21.278854110748984,2.96145809727513,2.96145809727513,2.96145809727513,1.1479069461247695,1.1479069461247695,1.1479069461247695,1.8135511511503606,1.8135511511503606,1.8135511511503606,0.0,0.0,0.0,84.29528891776275,toys,Toys & Games,toys,SRC-TRENDS-001,prophet
2024-12-15,21.296021504670115,70.04884268984524,79.4446308114265,21.296021504670115,21.296021504670115,2.512402604222448,2.512402604222448,2.512402604222448,1.1479069461247695,1.1479069461247695,1.1479069461247695,1.3644956580976784,1.3644956580976784,1.3644956580976784,0.0,0.0,0.0,74.80020139258056,toys,Toys & Games,toys,SRC-TRENDS-001,prophet
2024-12-22,21.313188935444675,54.926535989666334,64.5159441588782,21.313188935444675,21.313188935444675,1.8040924656180695,1.8040924656180695,1.8040924656180695,1.1479069461247693,1.1479069461247693,1.1479069461247693,0.6561855194933001,0.6561855194933001,0.6561855194933001,0.0,0.0,0.0,59.76415251217481,toys,Toys & Games,toys,SRC-TRENDS-001,prophet
2024-12-29,21.33035636621923,40.77456655453918,50.65478311601724,21.33035636621923,21.33035636621923,1.1459325016181532,1.1459325016181532,1.1459325016181532,1.1479069461247693,1.1479069461247693,1.1479069461247693,-0.0019744445066160465,-0.0019744445066160465,-0.0019744445066160465,0.0,0.0,0.0,45.77350499736754,toys,Toys & Games,toys,SRC-TRENDS-001,prophet
2025-01-05,21.347523796993787,33.23996517793709,42.60456194995897,21.347523796993787,21.347523796993787,0.776489745015269,0.776489745015269,0.776489745015269,1.1479069461247695,1.1479069461247695,1.1479069461247695,-0.3714172011095006,-0.3714172011095006,-0.3714172011095006,0.0,0.0,0.0,37.923657106828884,toys,Toys & Games,toys,SRC-TRENDS-001,prophet
2025-01-12,21.364691227768343,31.767780837717012,41.60073893709282,21.364691227768343,21.364691227768343,0.7063726317219878,0.7063726317219878,0.7063726317219878,1.1479069461247695,1.1479069461247695,1.1479069461247695,-0.44153431440278157,-0.44153431440278157,-0.44153431440278157,0.0,0.0,0.0,36.45612439625474,toys,Toys & Games,toys,SRC-TRENDS-001,prophet
2025-01-19,21.381858658542903,33.212566688521015,42.48334460416606,21.381858658542903,21.381858658542903,0.7698704254075621,0.7698704254075621,0.7698704254075621,1.1479069461247695,1.1479069461247695,1.1479069461247695,-0.3780365207172073,-0.3780365207172073,-0.3780365207172073,0.0,0.0,0.0,37.84311927999969,toys,Toys & Games,toys,SRC-TRENDS-001,prophet
2025-01-26,21.39902608931746,33.69947066514546,43.42762108759253,21.39902608931746,21.39902608931746,0.8113080396070551,0.8113080396070551,0.8113080396070551,1.1479069461247695,1.1479069461247695,1.1479069461247695,-0.3365989065177145,-0.3365989065177145,-0.3365989065177145,0.0,0.0,0.0,38.760227995341836,toys,Toys & Games,toys,SRC-TRENDS-001,prophet
2025-02-02,21.416193520092015,33.9207057905905,43.55164387675368,21.416193520092015,21.416193520092015,0.8057600998452082,0.8057600998452082,0.8057600998452082,1.1479069461247695,1.1479069461247695,1.1479069461247695,-0.34214684627956116,-0.34214684627956116,-0.34214684627956116,0.0,0.0,0.0,38.67250774914566,toys,Toys & Games,toys,SRC-TRENDS-001,prophet
2025-02-09,21.43336095086657,34.31947783664632,43.610334544448655,21.43336095086657,21.43336095086657,0.812583303751256,0.812583303751256,0.812583303751256,1.1479069461247695,1.1479069461247695,1.1479069461247695,-0.3353236423735136,-0.3353236423735136,-0.3353236423735136,0.0,0.0,0.0,38.84975220281489,toys,Toys & Games,toys,SRC-TRENDS-001,prophet
2025-02-16,21.450617367002668,35.16837750300444,44.51158072278023,21.450617367002668,21.450617367002668,0.8561293769021027,0.8561293769021027,0.8561293769021027,1.1479069461247695,1.1479069461247695,1.1479069461247695,-0.2917775692226668,-0.2917775692226668,-0.2917775692226668,0.0,0.0,0.0,39.81512104758008,toys,Toys & Games,toys,SRC-TRENDS-001,prophet
2025-02-23,21.467873783138764,35.510083112075854,45.519416739048346,21.467873783138764,21.467873783138764,0.8901629286946313,0.8901629286946313,0.8901629286946313,1.1479069461247695,1.1479069461247695,1.1479069461247695,-0.25774401743013803,-0.25774401743013803,-0.25774401743013803,0.0,0.0,0.0,40.57777918278426,toys,Toys & Games,toys,SRC-TRENDS-001,prophet
2025-03-02,21.485130199274856,35.58131033480332,45.28009375861157,21.485130199274856,21.485130199274856,0.8739757521599323,0.8739757521599323,0.8739757521599323,1.1479069461247695,1.1479069461247695,1.1479069461247695,-0.27393119396483734,-0.27393119396483734,-0.27393119396483734,0.0,0.0,0.0,40.262613025440174,toys,Toys & Games,toys,SRC-TRENDS-001,prophet
2025-03-09,21.502386615410952,34.680326194422754,43.9603814764244,21.502386615410952,21.502386615410952,0.8423415778328354,0.8423415778328354,0.8423415778328354,1.1479069461247695,1.1479069461247695,1.1479069461247695,-0.30556536829193404,-0.30556536829193404,-0.30556536829193404,0.0,0.0,0.0,39.614740884207855,toys,Toys & Games,toys,SRC-TRENDS-001,prophet
2025-03-16,21.519643031547048,35.57449493744286,44.64458128611197,21.519643031547048,21.519643031547048,0.8684103610708918,0.8684103610708918,0.8684103610708918,1.1479069461247695,1.1479069461247695,1.1479069461247695,-0.27949658505387776,-0.27949658505387776,-0.27949658505387776,0.0,0.0,0.0,40.20752400668952,toys,Toys & Games,toys,SRC-TRENDS-001,prophet
2025-03-23,21.536899447683144,37.9652753409968,46.86577294074173,21.536899447683144,21.536899447683144,0.9654075500370072,0.9654075500370072,0.9654075500370072,1.1479069461247695,1.1479069461247695,1.1479069461247695,-0.18249939608776242,-0.18249939608776242,-0.18249939608776242,0.0,0.0,0.0,42.3287847788643,toys,Toys & Games,toys,SRC-TRENDS-001,prophet
2025-03-30,21.55415586381924,39.675077432329324,48.97289158192943,21.55415586381924,21.55415586381924,1.056337478282717,1.056337478282717,1.056337478282717,1.1479069461247695,1.1479069461247695,1.1479069461247695,-0.09156946784205242,-0.09156946784205242,-0.09156946784205242,0.0,0.0,0.0,44.3226185155187,toys,Toys & Games,toys,SRC-TRENDS-001,prophet
2025-04-06,21.57141227995534,39.590133298364385,49.2182392362831,21.57141227995534,21.57141227995534,1.05587404342991,1.05587404342991,1.05587404342991,1.1479069461247695,1.1479069461247695,1.1479069461247695,-0.0920329026948595,-0.0920329026948595,-0.0920329026948595,0.0,0.0,0.0,44.3481065864854,toys,Toys & Games,toys,SRC-TRENDS-001,prophet
2025-04-13,21.59027934428374,37.889821746905646,47.168168835347224,21.59027934428374,21.59027934428374,0.9666936643430977,0.9666936643430977,0.9666936643430977,1.1479069461247695,1.1479069461247695,1.1479069461247695,-0.18121328178167173,-0.18121328178167173,-0.18121328178167173,0.0,0.0,0.0,42.46146559780048,toys,Toys & Games,toys,SRC-TRENDS-001,prophet
2025-04-20,21.609146408612144,35.629246372153546,45.22317468413811,21.609146408612144,21.609146408612144,0.8740707338224203,0.8740707338224203,0.8740707338224203,1.1479069461247693,1.1479069461247693,1.1479069461247693,-0.2738362123023491,-0.2738362123023491,-0.2738362123023491,0.0,0.0,0.0,40.49706886726388,toys,Toys & Games,toys,SRC-TRENDS-001,prophet
2025-04-27,21.628013472940548,35.48502694122523,44.59534084645334,21.628013472940548,21.628013472940548,0.8482847032145411,0.8482847032145411,0.8482847032145411,1.1479069461247695,1.1479069461247695,1.1479069461247695,-0.29962224291022843,-0.29962224291022843,-0.29962224291022843,0.0,0.0,0.0,39.97472646295402,toys,Toys & Games,toys,SRC-TRENDS-001,prophet
2025-05-04,21.64688053726895,35.860400693385216,45.09846664584828,21.64688053726895,21.64688053726895,0.8743074654092056,0.8743074654092056,0.8743074654092056,1.1479069461247693,1.1479069461247693,1.1479069461247693,-0.2735994807155637,-0.2735994807155637,-0.2735994807155637,0.0,0.0,0.0,40.57290979382442,toys,Toys & Games,toys,SRC-TRENDS-001,prophet
2025-05-11,21.665747601597353,36.16123262336271,45.486230455752256,21.665747601597353,21.665747601597353,0.8877027738270258,0.8877027738270258,0.8877027738270258,1.1479069461247693,1.1479069461247693,1.1479069461247693,-0.2602041722977435,-0.2602041722977435,-0.2602041722977435,0.0,0.0,0.0,40.89849184457155,toys,Toys & Games,toys,SRC-TRENDS-001,prophet
2025-05-18,21.684614665925757,35.29310260759382,44.95079291764638,21.684614665925757,21.684614665925757,0.8621437468558175,0.8621437468558175,0.8621437468558175,1.1479069461247695,1.1479069461247695,1.1479069461247695,-0.285763199268952,-0.285763199268952,-0.285763199268952,0.0,0.0,0.0,40.3798696031316,toys,Toys & Games,toys,SRC-TRENDS-001,prophet
2025-05-25,21.70348173025416,35.043939211238595,44.25930151423229,21.70348173025416,21.70348173025416,0.8370230460104191,0.8370230460104191,0.8370230460104191,1.1479069461247695,1.1479069461247695,1.1479069461247695,-0.31088390011435035,-0.31088390011435035,-0.31088390011435035,0.0,0.0,0.0,39.86979611714298,toys,Toys & Games,toys,SRC-TRENDS-001,prophet
2025-06-01,21.72234879458256,35.35509051867014,44.998014489917225,21.72234879458256,21.72234879458256,0.8582053417900235,0.8582053417900235,0.8582053417900235,1.1479069461247695,1.1479069461247695,1.1479069461247695,-0.289701604334746,-0.289701604334746,-0.289701604334746,0.0,0.0,0.0,40.364584566319394,toys,Toys & Games,toys,SRC-TRENDS-001,prophet
2025-06-08,21.741215858910966,36.892422486930926,46.29240947483734,21.741215858910966,21.741215858910966,0.9157428743420668,0.9157428743420668,0.9157428743420668,1.1479069461247695,1.1479069461247695,1.1479069461247695,-0.23216407178270257,-0.23216407178270257,-0.23216407178270257,0.0,0.0,0.0,41.65057936124142,toys,Toys & Games,toys,SRC-TRENDS-001,prophet
2025-06-15,21.776969796700907,37.68527770558002,47.5352095013937,21.776969796700907,21.776969796700907,0.9585743849086241,0.9585743849086241,0.9585743849086241,1.1479069461247695,1.1479069461247695,1.1479069461247695,-0.18933256121614528,-0.18933256121614528,-0.18933256121614528,0.0,0.0,0.0,42.65181522474717,toys,Toys & Games,toys,SRC-TRENDS-001,prophet
2025-06-22,21.81272373449085,38.19589637593355,47.39454025287139,21.81272373449085,21.81272373449085,0.9608867580884426,0.9608867580884426,0.9608867580884426,1.1479069461247695,1.1479069461247695,1.1479069461247695,-0.18702018803632695,-0.18702018803632695,-0.18702018803632695,0.0,0.0,0.0,42.772281128804586,toys,Toys & Games,toys,SRC-TRENDS-001,prophet
2025-06-29,21.84847767228079,38.05883542921898,47.39459966326337,21.84847767228079,21.84847767228079,0.9497384114859866,0.9497384114859866,0.9497384114859866,1.1479069461247695,1.1479069461247695,1.1479069461247695,-0.1981685346387828,-0.1981685346387828,-0.1981685346387828,0.0,0.0,0.0,42.5988161501398,toys,Toys & Games,toys,SRC-TRENDS-001,prophet
2025-07-06,21.88423161007073,38.287329659700845,47.662218207252906,21.88423161007073,21.88423161007073,0.960646534519634,0.960646534519634,0.960646534519634,1.1479069461247695,1.1479069461247695,1.1479069461247695,-0.18726041160513546,-0.18726041160513546,-0.18726041160513546,0.0,0.0,0.0,42.90724286691021,toys,Toys & Games,toys,SRC-TRENDS-001,prophet
2025-07-13,21.919985547860673,39.32040198095458,48.324331349818,21.919985547860673,21.919985547860673,0.985865108083146,0.985865108083146,0.985865108083146,1.1479069461247695,1.1479069461247695,1.1479069461247695,-0.16204183804162353,-0.16204183804162353,-0.16204183804162353,0.0,0.0,0.0,43.53013446918333,toys,Toys & Games,toys,SRC-TRENDS-001,prophet
2025-07-20,21.955739485650618,38.67818637278036,48.30256549119019,21.955739485650618,21.955739485650618,0.9871973140040775,0.9871973140040775,0.9871973140040775,1.1479069461247695,1.1479069461247695,1.1479069461247695,-0.16070963212069195,-0.16070963212069195,-0.16070963212069195,0.0,0.0,0.0,43.630386532858175,toys,Toys & Games,toys,SRC-TRENDS-001,prophet
2025-07-27,21.991493423440556,38.24779278931244,47.6564153507466,21.991493423440556,21.991493423440556,0.9543406281701543,0.9543406281701543,0.9543406281701543,1.1479069461247695,1.1479069461247695,1.1479069461247695,-0.1935663179546151,-0.1935663179546151,-0.1935663179546151,0.0,0.0,0.0,42.978869071566635,toys,Toys & Games,toys,SRC-TRENDS-001,prophet
2025-08-03,22.027247361230497,37.16697551283231,46.8221077475581,22.027247361230497,22.027247361230497,0.9254905548094555,0.9254905548094555,0.9254905548094555,1.1479069461247695,1.1479069461247695,1.1479069461247695,-0.22241639131531396,-0.22241639131531396,-0.22241639131531396,0.0,0.0,0.0,42.41325674250083,toys,Toys & Games,toys,SRC-TRENDS-001,prophet
2025-08-10,22.123797529789673,37.984409935051936,47.50346951818801,22.123797529789673,22.123797529789673,0.937442227603331,0.937442227603331,0.937442227603331,1.1479069461247695,1.1479069461247695,1.1479069461247695,-0.21046471852143855,-0.21046471852143855,-0.21046471852143855,0.0,0.0,0.0,42.86357956916078,toys,Toys & Games,toys,SRC-TRENDS-001,prophet
2025-08-17,22.220347698348846,38.99556345091769,48.58657879592463,22.220347698348846,22.220347698348846,0.9708547798811376,0.9708547798811376,0.9708547798811376,1.1479069461247695,1.1479069461247695,1.1479069461247695,-0.1770521662436318,-0.1770521662436318,-0.1770521662436318,0.0,0.0,0.0,43.793078471911656,toys,Toys & Games,toys,SRC-TRENDS-001,prophet
2025-08-24,22.31689786690802,39.296989946189406,49.25640305728775,22.31689786690802,22.31689786690802,0.9689005399654861,0.9689005399654861,0.9689005399654861,1.1479069461247695,1.1479069461247695,1.1479069461247695,-0.17900640615928343,-0.17900640615928343,-0.17900640615928343,0.0,0.0,0.0,43.939752260509806,toys,Toys & Games,toys,SRC-TRENDS-001,prophet
2025-08-31,22.41344803546719,38.03489923430605,47.111269457148964,22.41344803546719,22.41344803546719,0.9125755464502702,0.9125755464502702,0.9125755464502702,1.1479069461247695,1.1479069461247695,1.1479069461247695,-0.23533139967449934,-0.23533139967449934,-0.23533139967449934,0.0,0.0,0.0,42.8674126242684,toys,Toys & Games,toys,SRC-TRENDS-001,prophet
2025-09-07,22.50999820402636,37.27198955644069,46.49431792230697,22.50999820402636,22.50999820402636,0.8565413330344992,0.8565413330344992,0.8565413330344992,1.1479069461247695,1.1479069461247695,1.1479069461247695,-0.29136561309027037,-0.29136561309027037,-0.29136561309027037,0.0,0.0,0.0,41.79074207230728,toys,Toys & Games,toys,SRC-TRENDS-001,prophet
2025-09-14,22.606548372585532,37.65156359478535,47.20123461574359,22.606548372585532,22.606548372585532,0.8732849351706298,0.8732849351706298,0.8732849351706298,1.1479069461247695,1.1479069461247695,1.1479069461247695,-0.27462201095413974,-0.27462201095413974,-0.27462201095413974,0.0,0.0,0.0,42.348506502570594,toys,Toys & Games,toys,SRC-TRENDS-001,prophet
2025-09-21,22.703098541144705,39.88321501116849,49.067785970878724,22.703098541144705,22.703098541144705,0.9690771463167189,0.9690771463167189,0.9690771463167189,1.1479069461247695,1.1479069461247695,1.1479069461247695,-0.17882979980805047,-0.17882979980805047,-0.17882979980805047,0.0,0.0,0.0,44.70415248794448,toys,Toys & Games,toys,SRC-TRENDS-001,prophet
2025-09-28,22.799648709703877,42.99782735095506,52.26505287873963,22.799648709703877,22.799648709703877,1.0746542157835355,1.0746542157835355,1.0746542157835355,1.1479069461247693,1.1479069461247693,1.1479069461247693,-0.07325273034123389,-0.07325273034123389,-0.07325273034123389,0.0,0.0,0.0,47.3013873139708,toys,Toys & Games,toys,SRC-TRENDS-001,prophet
2025-10-05,22.896198878263053,43.96762960110263,53.51034552231386,22.896198878263053,22.896198878263053,1.1236816510470806,1.1236816510470806,1.1236816510470806,1.1479069461247695,1.1479069461247695,1.1479069461247695,-0.02422529507768892,-0.02422529507768892,-0.02422529507768892,0.0,0.0,0.0,48.624237436491995,toys,Toys & Games,toys,SRC-TRENDS-001,prophet
2025-10-12,22.992749046822226,44.38173667841175,53.299640867278114,22.992749046822226,22.992749046822226,1.1257591529500166,1.1257591529500166,1.1257591529500166,1.1479069461247695,1.1479069461247695,1.1479069461247695,-0.02214779317475294,-0.02214779317475294,-0.02214779317475294,0.0,0.0,0.0,48.87704673776512,toys,Toys & Games,toys,SRC-TRENDS-001,prophet
2025-10-19,23.089299215381395,45.156970300109606,54.54416792462214,23.089299215381395,23.089299215381395,1.1522169904982416,1.1522169904982416,1.1522169904982416,1.1479069461247695,1.1479069461247695,1.1479069461247695,0.004310044373472113,0.004310044373472113,0.004310044373472113,0.0,0.0,0.0,49.69318207004156,toys,Toys & Games,toys,SRC-TRENDS-001,prophet
2025-10-26,23.185849383940567,47.78939980642438,57.02200586696956,23.185849383940567,23.185849383940567,1.2639354036414785,1.2639354036414785,1.2639354036414785,1.1479069461247695,1.1479069461247695,1.1479069461247695,0.11602845751670895,0.11602845751670895,0.11602845751670895,0.0,0.0,0.0,52.491265283802015,toys,Toys & Games,toys,SRC-TRENDS-001,prophet
2025-11-02,23.28239955249974,52.85492822452889,62.27789274680307,23.28239955249974,23.28239955249974,1.4745534958735975,1.4745534958735975,1.4745534958735975,1.1479069461247695,1.1479069461247695,1.1479069461247695,0.3266465497488281,0.3266465497488281,0.3266465497488281,0.0,0.0,0.0,57.61354320496412,toys,Toys & Games,toys,SRC-TRENDS-001,prophet
2025-11-09,23.378949721058913,60.01974236450232,69.53217208703215,23.378949721058913,23.378949721058913,1.77845177491818,1.77845177491818,1.77845177491818,1.1479069461247695,1.1479069461247695,1.1479069461247695,0.6305448287934108,0.6305448287934108,0.6305448287934108,0.0,0.0,0.0,64.95728434819902,toys,Toys & Games,toys,SRC-TRENDS-001,prophet
2025-11-16,23.475499889618085,69.906169725548,78.97293720899604,23.475499889618085,23.475499889618085,2.17330120791833,2.17330120791833,2.17330120791833,1.1479069461247695,1.1479069461247695,1.1479069461247695,1.0253942617935605,1.0253942617935605,1.0253942617935605,0.0,0.0,0.0,74.49483215621169,toys,Toys & Games,toys,SRC-TRENDS-001,prophet
2025-11-23,23.572050058177258,80.74211564862729,90.00345626120298,23.572050058177258,23.572050058177258,2.6153512481499486,2.6153512481499486,2.6153512481499486,1.1479069461247695,1.1479069461247695,1.1479069461247695,1.4674443020251788,1.4674443020251788,1.4674443020251788,0.0,0.0,0.0,85.22124059928422,toys,Toys & Games,toys,SRC-TRENDS-001,prophet
2025-11-30,23.66860022673643,89.01356966155674,98.22047696574164,23.66860022673643,23.66860022673643,2.959490309146208,2.959490309146208,2.959490309146208,1.1479069461247695,1.1479069461247695,1.1479069461247695,1.8115833630214386,1.8115833630214386,1.8115833630214386,0.0,0.0,0.0,93.71559322881863,toys,Toys & Games,toys,SRC-TRENDS-001,prophet
2025-12-07,23.765150395295603,90.4422706590088,99.6379208226253,23.765150395295603,23.765150395295603,2.9984873901183944,2.9984873901183944,2.9984873901183944,1.1479069461247693,1.1479069461247693,1.1479069461247693,1.850580443993625,1.850580443993625,1.850580443993625,0.0,0.0,0.0,95.02465417985664,toys,Toys & Games,toys,SRC-TRENDS-001,prophet
2025-12-14,23.861700563854775,81.59141235987393,91.4464956936197,23.861700563854775,23.861700563854775,2.6191768639248028,2.6191768639248028,2.6191768639248028,1.1479069461247695,1.1479069461247695,1.1479069461247695,1.4712699178000332,1.4712699178000332,1.4712699178000332,0.0,0.0,0.0,86.35971461460463,toys,Toys & Games,toys,SRC-TRENDS-001,prophet
2025-12-21,23.958250732413948,65.6966742035744,74.85533266201308,23.958250732413948,23.958250732413948,1.936266120302918,1.936266120302918,1.936266120302918,1.1479069461247693,1.1479069461247693,1.1479069461247693,0.7883591741781485,0.7883591741781485,0.7883591741781485,0.0,0.0,0.0,70.34779992730964,toys,Toys & Games,toys,SRC-TRENDS-001,prophet
2025-12-28,24.05480090097312,49.013010242536545,58.77405992937862,24.05480090097312,24.05480090097312,1.246566558295012,1.246566558295012,1.246566558295012,1.1479069461247695,1.1479069461247695,1.1479069461247695,0.09865961217024272,0.09865961217024272,0.09865961217024272,0.0,0.0,0.0,54.04071127057094,toys,Toys & Games,toys,SRC-TRENDS-001,prophet
2026-01-04,24.15135106953229,39.62601963788151,48.45844585683156,24.15135106953229,24.15135106953229,0.817621879563297,0.817621879563297,0.817621879563297,1.1479069461247695,1.1479069461247695,1.1479069461247695,-0.3302850665614725,-0.3302850665614725,-0.3302850665614725,0.0,0.0,0.0,43.898024124996326,toys,Toys & Games,toys,SRC-TRENDS-001,prophet
2026-01-11,24.247901238091462,36.635672807917146,45.729602194899115,24.247901238091462,24.247901238091462,0.7033152908659696,0.7033152908659696,0.7033152908659696,1.1479069461247695,1.1479069461247695,1.1479069461247695,-0.4445916552588,-0.4445916552588,-0.4445916552588,0.0,0.0,0.0,41.30182095024906,toys,Toys & Games,toys,SRC-TRENDS-001,prophet
2026-01-18,24.344451406650634,38.1836469481775,47.22769799907848,24.344451406650634,24.344451406650634,0.757135854518552,0.757135854518552,0.757135854518552,1.1479069461247693,1.1479069461247693,1.1479069461247693,-0.39077109160621726,-0.39077109160621726,-0.39077109160621726,0.0,0.0,0.0,42.77650842521043,toys,Toys & Games,toys,SRC-TRENDS-001,prophet
2026-01-25,24.44100157520981,39.6537790391526,49.03610647809814,24.44100157520981,24.44100157520981,0.808415902235116,0.808415902235116,0.808415902235116,1.1479069461247695,1.1479069461247695,1.1479069461247695,-0.33949104388965357,-0.33949104388965357,-0.33949104388965357,0.0,0.0,0.0,44.19949591516294,toys,Toys & Games,toys,SRC-TRENDS-001,prophet
2026-02-01,24.537551743768983,39.65112927822193,49.14148605836557,24.537551743768983,24.537551743768983,0.8077067407868516,0.8077067407868516,0.8077067407868516,1.1479069461247695,1.1479069461247695,1.1479069461247695,-0.3402002053379179,-0.3402002053379179,-0.3402002053379179,0.0,0.0,0.0,44.35669768961735,toys,Toys & Games,toys,SRC-TRENDS-001,prophet
2026-02-08,24.634101912328155,40.013234172190124,48.85259282412503,24.634101912328155,24.634101912328155,0.8082716484990313,0.8082716484990313,0.8082716484990313,1.1479069461247695,1.1479069461247695,1.1479069461247695,-0.3396352976257382,-0.3396352976257382,-0.3396352976257382,0.0,0.0,0.0,44.54514807429877,toys,Toys & Games,toys,SRC-TRENDS-001,prophet
2026-02-15,24.730652080887324,40.915527066723676,49.96952622815924,24.730652080887324,24.730652080887324,0.84718277117279,0.84718277117279,0.84718277117279,1.1479069461247695,1.1479069461247695,1.1479069461247695,-0.30072417495197945,-0.30072417495197945,-0.30072417495197945,0.0,0.0,0.0,45.68203444368357,toys,Toys & Games,toys,SRC-TRENDS-001,prophet
2026-02-22,24.827202249446497,42.50933175131992,51.71325757003825,24.827202249446497,24.827202249446497,0.8874233699943869,0.8874233699943869,0.8874233699943869,1.1479069461247695,1.1479069461247695,1.1479069461247695,-0.2604835761303826,-0.2604835761303826,-0.2604835761303826,0.0,0.0,0.0,46.85944173718253,toys,Toys & Games,toys,SRC-TRENDS-001,prophet
2026-03-01,24.92375241800567,42.32995390326653,51.507923129601174,24.92375241800567,24.92375241800567,0.8800299479959464,0.8800299479959464,0.8800299479959464,1.1479069461247695,1.1479069461247695,1.1479069461247695,-0.26787699812882326,-0.26787699812882326,-0.26787699812882326,0.0,0.0,0.0,46.85740096228704,toys,Toys & Games,toys,SRC-TRENDS-001,prophet
2026-03-08,25.020302586564842,41.38225450821836,50.68281807544052,25.020302586564842,25.020302586564842,0.8456107605779002,0.8456107605779002,0.8456107605779002,1.1479069461247695,1.1479069461247695,1.1479069461247695,-0.3022961855468693,-0.3022961855468693,-0.3022961855468693,0.0,0.0,0.0,46.17773968667914,toys,Toys & Games,toys,SRC-TRENDS-001,prophet
2026-03-15,25.116852755124015,41.71910437572179,51.062896193162445,25.116852755124015,25.116852755124015,0.8575813723988684,0.8575813723988684,0.8575813723988684,1.1479069461247695,1.1479069461247695,1.1479069461247695,-0.290325573725901,-0.290325573725901,-0.290325573725901,0.0,0.0,0.0,46.65659781120356,toys,Toys & Games,toys,SRC-TRENDS-001,prophet
2026-03-22,25.21340292368319,44.38599908660502,53.96398365844985,25.21340292368319,25.21340292368319,0.9455158660126464,0.9455158660126464,0.9455158660126464,1.1479069461247695,1.1479069461247695,1.1479069461247695,-0.2023910801121231,-0.2023910801121231,-0.2023910801121231,0.0,0.0,0.0,49.05307542419529,toys,Toys & Games,toys,SRC-TRENDS-001,prophet
2026-03-29,25.30995309224236,47.01508787167477,56.80994384937999,25.30995309224236,25.30995309224236,1.0451283209724629,1.0451283209724629,1.0451283209724629,1.1479069461247695,1.1479069461247695,1.1479069461247695,-0.10277862515230671,-0.10277862515230671,-0.10277862515230671,0.0,0.0,0.0,51.762101871429415,toys,Toys & Games,toys,SRC-TRENDS-001,prophet
2026-04-05,25.406503260801532,47.49211040820514,57.29250583925415,25.406503260801532,25.406503260801532,1.064009995103033,1.064009995103033,1.064009995103033,1.1479069461247695,1.1479069461247695,1.1479069461247695,-0.08389695102173647,-0.08389695102173647,-0.08389695102173647,0.0,0.0,0.0,52.43927667091217,toys,Toys & Games,toys,SRC-TRENDS-001,prophet
2026-04-12,25.503053429360705,46.07737778577544,55.713323773284756,25.503053429360705,25.503053429360705,0.9857847808534708,0.9857847808534708,0.9857847808534708,1.1479069461247693,1.1479069461247693,1.1479069461247693,-0.16212216527129852,-0.16212216527129852,-0.16212216527129852,0.0,0.0,0.0,50.6435753653174,toys,Toys & Games,toys,SRC-TRENDS-001,prophet
2026-04-19,25.599603597919874,43.12844434891336,52.994555870590105,25.599603597919874,25.599603597919874,0.8867526738044764,0.8867526738044764,0.8867526738044764,1.1479069461247695,1.1479069461247695,1.1479069461247695,-0.2611542723202929,-0.2611542723202929,-0.2611542723202929,0.0,0.0,0.0,48.30012053671002,toys,Toys & Games,toys,SRC-TRENDS-001,prophet
2026-04-26,25.696153766479046,42.974901135837754,52.09307628367759,25.696153766479046,25.696153766479046,0.8475228819728038,0.8475228819728038,0.8475228819728038,1.1479069461247693,1.1479069461247693,1.1479069461247693,-0.3003840641519655,-0.3003840641519655,-0.3003840641519655,0.0,0.0,0.0,47.474232062261684,toys,Toys & Games,toys,SRC-TRENDS-001,prophet
2026-05-03,25.79270393503822,43.601994538139266,52.809265510736125,25.79270393503822,25.79270393503822,0.8687716681198732,0.8687716681198732,0.8687716681198732,1.1479069461247695,1.1479069461247695,1.1479069461247695,-0.27913527800489635,-0.27913527800489635,-0.27913527800489635,0.0,0.0,0.0,48.20067435800339,toys,Toys & Games,toys,SRC-TRENDS-001,prophet
2026-05-10,25.88925410359739,44.52112824502407,53.6563923338662,25.88925410359739,25.88925410359739,0.8883956521514573,0.8883956521514573,0.8883956521514573,1.1479069461247693,1.1479069461247693,1.1479069461247693,-0.2595112939733121,-0.2595112939733121,-0.2595112939733121,0.0,0.0,0.0,48.88915488667759,toys,Toys & Games,toys,SRC-TRENDS-001,prophet
2026-05-17,25.985804272156564,43.94610578839859,53.054209448850386,25.985804272156564,25.985804272156564,0.8683843733177421,0.8683843733177421,0.8683843733177421,1.1479069461247695,1.1479069461247695,1.1479069461247695,-0.2795225728070274,-0.2795225728070274,-0.2795225728070274,0.0,0.0,0.0,48.55147063019075,toys,Toys & Games,toys,SRC-TRENDS-001,prophet
2026-05-24,26.08235444071574,43.01552738171832,52.85114979292603,26.08235444071574,26.08235444071574,0.8388996211201812,0.8388996211201812,0.8388996211201812,1.1479069461247695,1.1479069461247695,1.1479069461247695,-0.3090073250045882,-0.3090073250045882,-0.3090073250045882,0.0,0.0,0.0,47.962831698954446,toys,Toys & Games,toys,SRC-TRENDS-001,prophet
2026-05-31,26.178904609274912,43.53224117826857,53.01977140954426,26.178904609274912,26.178904609274912,0.8506072110785826,0.8506072110785826,0.8506072110785826,1.1479069461247695,1.1479069461247695,1.1479069461247695,-0.2972997350461869,-0.2972997350461869,-0.2972997350461869,0.0,0.0,0.0,48.4468696480625,toys,Toys & Games,toys,SRC-TRENDS-001,prophet
2026-06-07,26.275454777834085,45.230513532318284,54.487295610566804,26.275454777834085,26.275454777834085,0.9050226244518588,0.9050226244518588,0.9050226244518588,1.1479069461247695,1.1479069461247695,1.1479069461247695,-0.24288432167291069,-0.24288432167291069,-0.24288432167291069,0.0,0.0,0.0,50.05533581953562,toys,Toys & Games,toys,SRC-TRENDS-001,prophet
2026-06-14,26.372004946393258,46.778937102896066,56.262069142076484,26.372004946393258,26.372004946393258,0.9539091234744212,0.9539091234744212,0.9539091234744212,1.1479069461247693,1.1479069461247693,1.1479069461247693,-0.19399782265034804,-0.19399782265034804,-0.19399782265034804,0.0,0.0,0.0,51.52850106907035,toys,Toys & Games,toys,SRC-TRENDS-001,prophet
2026-06-21,26.46855511495243,47.02445282933026,56.653198090653156,26.46855511495243,26.46855511495243,0.9627452985750322,0.9627452985750322,0.9627452985750322,1.1479069461247695,1.1479069461247695,1.1479069461247695,-0.18516164754973718,-0.18516164754973718,-0.18516164754973718,0.0,0.0,0.0,51.951032111947,toys,Toys & Games,toys,SRC-TRENDS-001,prophet
2026-06-28,26.565105283511603,47.06458879244392,56.583828129655586,26.565105283511603,26.565105283511603,0.9507388605210706,0.9507388605210706,0.9507388605210706,1.1479069461247695,1.1479069461247695,1.1479069461247695,-0.1971680856036988,-0.1971680856036988,-0.1971680856036988,0.0,0.0,0.0,51.8215832103797,toys,Toys & Games,toys,SRC-TRENDS-001,prophet
2026-07-05,26.661655452070775,47.273250808542606,56.67099703984999,26.661655452070775,26.661655452070775,0.9567430132306434,0.9567430132306434,0.9567430132306434,1.1479069461247693,1.1479069461247693,1.1479069461247693,-0.191163932894126,-0.191163932894126,-0.191163932894126,0.0,0.0,0.0,52.17000802700218,toys,Toys & Games,toys,SRC-TRENDS-001,prophet
2026-07-12,26.758205620629948,48.414035618811695,57.712459328673525,26.758205620629948,26.758205620629948,0.9820424700351804,0.9820424700351804,0.9820424700351804,1.1479069461247695,1.1479069461247695,1.1479069461247695,-0.16586447608958899,-0.16586447608958899,-0.16586447608958899,0.0,0.0,0.0,53.035899962022626,toys,Toys & Games,toys,SRC-TRENDS-001,prophet
2026-07-19,26.85475578918912,48.8135802215822,57.959469205600854,26.85475578918912,26.85475578918912,0.9899017095037669,0.9899017095037669,0.9899017095037669,1.1479069461247695,1.1479069461247695,1.1479069461247695,-0.1580052366210028,-0.1580052366210028,-0.1580052366210028,0.0,0.0,0.0,53.43832445321361,toys,Toys & Games,toys,SRC-TRENDS-001,prophet
2026-07-26,26.951305957748296,48.042982262889446,57.579428127941576,26.951305957748296,26.951305957748296,0.9614193056331306,0.9614193056331306,0.9614193056331306,1.1479069461247693,1.1479069461247693,1.1479069461247693,-0.18648764049163877,-0.18648764049163877,-0.18648764049163877,0.0,0.0,0.0,52.86281181755272,toys,Toys & Games,toys,SRC-TRENDS-001,prophet
2026-08-02,27.04785612630746,47.727328197057844,56.839036300088274,27.04785612630746,27.04785612630746,0.9281483298675086,0.9281483298675086,0.9281483298675086,1.1479069461247695,1.1479069461247695,1.1479069461247695,-0.2197586162572609,-0.2197586162572609,-0.2197586162572609,0.0,0.0,0.0,52.15227861643639,toys,Toys & Games,toys,SRC-TRENDS-001,prophet
2026-08-09,27.144406294866634,47.77220459419123,57.47738331481192,27.144406294866634,27.144406294866634,0.9323335624333491,0.9323335624333491,0.9323335624333491,1.1479069461247695,1.1479069461247695,1.1479069461247695,-0.21557338369142037,-0.21557338369142037,-0.21557338369142037,0.0,0.0,0.0,52.45204731589787,toys,Toys & Games,toys,SRC-TRENDS-001,prophet
2026-08-16,27.240956463425807,48.694596855460034,58.347507984454744,27.240956463425807,27.240956463425807,0.9658868228304998,0.9658868228304998,0.9658868228304998,1.1479069461247695,1.1479069461247695,1.1479069461247695,-0.18202012329426978,-0.18202012329426978,-0.18202012329426978,0.0,0.0,0.0,53.55263735274813,toys,Toys & Games,toys,SRC-TRENDS-001,prophet
2026-08-23,27.337506631984983,49.31008539604206,58.515113785885404,27.337452874302056,27.337506631984983,0.9737008962403153,0.9737008962403153,0.9737008962403153,1.1479069461247695,1.1479069461247695,1.1479069461247695,-0.1742060498844541,-0.1742060498844541,-0.1742060498844541,0.0,0.0,0.0,53.95606134052432,toys,Toys & Games,toys,SRC-TRENDS-001,prophet
2026-08-30,27.43405680054415,48.26002742447308,57.429947439512986,27.431485872145814,27.43692966670285,0.9249555091767061,0.9249555091767061,0.9249555091767061,1.1479069461247695,1.1479069461247695,1.1479069461247695,-0.2229514369480633,-0.2229514369480633,-0.2229514369480633,0.0,0.0,0.0,52.809338777274135,toys,Toys & Games,toys,SRC-TRENDS-001,prophet
2026-09-06,27.53060696910332,46.56890610864102,55.769853321599044,27.524358353522825,27.53786745094559,0.8628110929549625,0.8628110929549625,0.8628110929549625,1.1479069461247695,1.1479069461247695,1.1479069461247695,-0.285095853169807,-0.285095853169807,-0.285095853169807,0.0,0.0,0.0,51.284320057828864,toys,Toys & Games,toys,SRC-TRENDS-001,prophet
2026-09-13,27.627157137662493,46.51595049482525,55.69487466329764,27.61589429099614,27.640895794765065,0.8634397531919138,0.8634397531919138,0.8634397531919138,1.1479069461247695,1.1479069461247695,1.1479069461247695,-0.28446719293285566,-0.28446719293285566,-0.28446719293285566,0.0,0.0,0.0,51.48154287800001,toys,Toys & Games,toys,SRC-TRENDS-001,prophet
2026-09-20,27.72370730622167,49.63771741693537,58.77082407428339,27.70589285219416,27.745278477514454,0.9487136163821055,0.9487136163821055,0.9487136163821055,1.1479069461247695,1.1479069461247695,1.1479069461247695,-0.19919332974266393,-0.19919332974266393,-0.19919332974266393,0.0,0.0,0.0,54.02556592422623,toys,Toys & Games,toys,SRC-TRENDS-001,prophet
2026-09-27,27.820257474780842,52.7163243604828,62.152985853127745,27.7954078154147,27.84981480078543,1.0588047234217008,1.0588047234217008,1.0588047234217008,1.1479069461247695,1.1479069461247695,1.1479069461247695,-0.08910222270306856,-0.08910222270306856,-0.08910222270306856,0.0,0.0,0.0,57.276477495886674,toys,Toys & Games,toys,SRC-TRENDS-001,prophet
2026-10-04,27.916807643340015,54.30943067178651,63.55777231622251,27.88111234603372,27.95406759211504,1.1198004819581153,1.1198004819581153,1.1198004819581153,1.1479069461247695,1.1479069461247695,1.1479069461247695,-0.028106464166654056,-0.028106464166654056,-0.028106464166654056,0.0,0.0,0.0,59.17806229708416,toys,Toys & Games,toys,SRC-TRENDS-001,prophet
2026-10-11,28.013357811899187,55.04867406287628,64.38912140098,27.96698914074466,28.06001391224708,1.1259451718440596,1.1259451718440596,1.1259451718440596,1.1479069461247695,1.1479069461247695,1.1479069461247695,-0.0219617742807098,-0.0219617742807098,-0.0219617742807098,0.0,0.0,0.0,59.55486278734715,toys,Toys & Games,toys,SRC-TRENDS-001,prophet
2026-10-18,28.10990798045836,55.77069719142826,65.0260018266172,28.053801416468776,28.166292615422755,1.142374642672399,1.142374642672399,1.142374642672399,1.1479069461247695,1.1479069461247695,1.1479069461247695,-0.005532303452370525,-0.005532303452370525,-0.005532303452370525,0.0,0.0,0.0,60.2219540651885,toys,Toys & Games,toys,SRC-TRENDS-001,prophet
2026-10-25,28.206458149017532,58.01798975137943,67.39092115043414,28.139381178031588,28.270517760974094,1.2366041319991365,1.2366041319991365,1.2366041319991365,1.1479069461247693,1.1479069461247693,1.1479069461247693,0.08869718587436724,0.08869718587436724,0.08869718587436724,0.0,0.0,0.0,63.08668084515334,toys,Toys & Games,toys,SRC-TRENDS-001,prophet
2026-11-01,28.303008317576705,64.31396353336126,73.61047133528828,28.224431583808293,28.37596659407521,1.4300125695104628,1.4300125695104628,1.4300125695104628,1.1479069461247695,1.1479069461247695,1.1479069461247695,0.28210562338569345,0.28210562338569345,0.28210562338569345,0.0,0.0,0.0,68.77666596667056,toys,Toys & Games,toys,SRC-TRENDS-001,prophet
2026-11-08,28.399558486135877,71.9459228598166,81.73569063962587,28.30728737348044,28.48200128841917,1.7173382497377228,1.7173382497377228,1.7173382497377228,1.1479069461247695,1.1479069461247695,1.1479069461247695,0.5694313036129534,0.5694313036129534,0.5694313036129534,0.0,0.0,0.0,77.17120655004055,toys,Toys & Games,toys,SRC-TRENDS-001,prophet
