period,category_id,category_name,census_naics,census_label,kind_of_business_source,sales_millions_nsa,sales_note,preliminary_flag,source_id,source_file,source_sheet
1992-01-01,clothing,Clothing & Accessories,448,Clothing and Clothing Accessories Stores,Clothing and clothing access. stores,6734,reported,False,SRC-CENSUS-001,mrtssales92-present.xlsx,1992
1992-02-01,clothing,Clothing & Accessories,448,Clothing and Clothing Accessories Stores,Clothing and clothing access. stores,7302,reported,False,SRC-CENSUS-001,mrtssales92-present.xlsx,1992
1992-03-01,clothing,Clothing & Accessories,448,Clothing and Clothing Accessories Stores,Clothing and clothing access. stores,8245,reported,False,SRC-CENSUS-001,mrtssales92-present.xlsx,1992
1992-04-01,clothing,Clothing & Accessories,448,Clothing and Clothing Accessories Stores,Clothing and clothing access. stores,9152,reported,False,SRC-CENSUS-001,mrtssales92-present.xlsx,1992
1992-05-01,clothing,Clothing & Accessories,448,Clothing and Clothing Accessories Stores,Clothing and clothing access. stores,9294,reported,False,SRC-CENSUS-001,mrtssales92-present.xlsx,1992
1992-06-01,clothing,Clothing & Accessories,448,Clothing and Clothing Accessories Stores,Clothing and clothing access. stores,8930,reported,False,SRC-CENSUS-001,mrtssales92-present.xlsx,1992
1992-07-01,clothing,Clothing & Accessories,448,Clothing and Clothing Accessories Stores,Clothing and clothing access. stores,8846,reported,False,SRC-CENSUS-001,mrtssales92-present.xlsx,1992
1992-08-01,clothing,Clothing & Accessories,448,Clothing and Clothing Accessories Stores,Clothing and clothing access. stores,10226,reported,False,SRC-CENSUS-001,mrtssales92-present.xlsx,1992
1992-09-01,clothing,Clothing & Accessories,448,Clothing and Clothing Accessories Stores,Clothing and clothing access. stores,9311,reported,False,SRC-CENSUS-001,mrtssales92-present.xlsx,1992
1992-10-01,clothing,Clothing & Accessories,448,Clothing and Clothing Accessories Stores,Clothing and clothing access. stores,9974,reported,False,SRC-CENSUS-001,mrtssales92-present.xlsx,1992
1992-11-01,clothing,Clothing & Accessories,448,Clothing and Clothing Accessories Stores,Clothing and clothing access. stores,10876,reported,False,SRC-CENSUS-001,mrtssales92-present.xlsx,1992
1992-12-01,clothing,Clothing & Accessories,448,Clothing and Clothing Accessories Stores,Clothing and clothing access. stores,17834,reported,False,SRC-CENSUS-001,mrtssales92-present.xlsx,1992
1993-01-01,clothing,Clothing & Accessories,448,Clothing and Clothing Accessories Stores,Clothing and clothing access. stores,7297,reported,False,SRC-CENSUS-001,mrtssales92-present.xlsx,1993
1993-02-01,clothing,Clothing & Accessories,448,Clothing and Clothing Accessories Stores,Clothing and clothing access. stores,7306,reported,False,SRC-CENSUS-001,mrtssales92-present.xlsx,1993
1993-03-01,clothing,Clothing & Accessories,448,Clothing and Clothing Accessories Stores,Clothing and clothing access. stores,8531,reported,False,SRC-CENSUS-001,mrtssales92-present.xlsx,1993
1993-04-01,clothing,Clothing & Accessories,448,Clothing and Clothing Accessories Stores,Clothing and clothing access. stores,9610,reported,False,SRC-CENSUS-001,mrtssales92-present.xlsx,1993
1993-05-01,clothing,Clothing & Accessories,448,Clothing and Clothing Accessories Stores,Clothing and clothing access. stores,9787,reported,False,SRC-CENSUS-001,mrtssales92-present.xlsx,1993
1993-06-01,clothing,Clothing & Accessories,448,Clothing and Clothing Accessories Stores,Clothing and clothing access. stores,9364,reported,False,SRC-CENSUS-001,mrtssales92-present.xlsx,1993
1993-07-01,clothing,Clothing & Accessories,448,Clothing and Clothing Accessories Stores,Clothing and clothing access. stores,9511,reported,False,SRC-CENSUS-001,mrtssales92-present.xlsx,1993
1993-08-01,clothing,Clothing & Accessories,448,Clothing and Clothing Accessories Stores,Clothing and clothing access. stores,10331,reported,False,SRC-CENSUS-001,mrtssales92-present.xlsx,1993
1993-09-01,clothing,Clothing & Accessories,448,Clothing and Clothing Accessories Stores,Clothing and clothing access. stores,9735,reported,False,SRC-CENSUS-001,mrtssales92-present.xlsx,1993
1993-10-01,clothing,Clothing & Accessories,448,Clothing and Clothing Accessories Stores,Clothing and clothing access. stores,10060,reported,False,SRC-CENSUS-001,mrtssales92-present.xlsx,1993
1993-11-01,clothing,Clothing & Accessories,448,Clothing and Clothing Accessories Stores,Clothing and clothing access. stores,11430,reported,False,SRC-CENSUS-001,mrtssales92-present.xlsx,1993
1993-12-01,clothing,Clothing & Accessories,448,Clothing and Clothing Accessories Stores,Clothing and clothing access. stores,18272,reported,False,SRC-CENSUS-001,mrtssales92-present.xlsx,1993
1994-01-01,clothing,Clothing & Accessories,448,Clothing and Clothing Accessories Stores,Clothing and clothing access. stores,7077,reported,False,SRC-CENSUS-001,mrtssales92-present.xlsx,1994
1994-02-01,clothing,Clothing & Accessories,448,Clothing and Clothing Accessories Stores,Clothing and clothing access. stores,7676,reported,False,SRC-CENSUS-001,mrtssales92-present.xlsx,1994
1994-03-01,clothing,Clothing & Accessories,448,Clothing and Clothing Accessories Stores,Clothing and clothing access. stores,9661,reported,False,SRC-CENSUS-001,mrtssales92-present.xlsx,1994
1994-04-01,clothing,Clothing & Accessories,448,Clothing and Clothing Accessories Stores,Clothing and clothing access. stores,9607,reported,False,SRC-CENSUS-001,mrtssales92-present.xlsx,1994
1994-05-01,clothing,Clothing & Accessories,448,Clothing and Clothing Accessories Stores,Clothing and clothing access. stores,9736,reported,False,SRC-CENSUS-001,mrtssales92-present.xlsx,1994
1994-06-01,clothing,Clothing & Accessories,448,Clothing and Clothing Accessories Stores,Clothing and clothing access. stores,9629,reported,False,SRC-CENSUS-001,mrtssales92-present.xlsx,1994
1994-07-01,clothing,Clothing & Accessories,448,Clothing and Clothing Accessories Stores,Clothing and clothing access. stores,9467,reported,False,SRC-CENSUS-001,mrtssales92-present.xlsx,1994
1994-08-01,clothing,Clothing & Accessories,448,Clothing and Clothing Accessories Stores,Clothing and clothing access. stores,10846,reported,False,SRC-CENSUS-001,mrtssales92-present.xlsx,1994
1994-09-01,clothing,Clothing & Accessories,448,Clothing and Clothing Accessories Stores,Clothing and clothing access. stores,9936,reported,False,SRC-CENSUS-001,mrtssales92-present.xlsx,1994
1994-10-01,clothing,Clothing & Accessories,448,Clothing and Clothing Accessories Stores,Clothing and clothing access. stores,10434,reported,False,SRC-CENSUS-001,mrtssales92-present.xlsx,1994
1994-11-01,clothing,Clothing & Accessories,448,Clothing and Clothing Accessories Stores,Clothing and clothing access. stores,12003,reported,False,SRC-CENSUS-001,mrtssales92-present.xlsx,1994
1994-12-01,clothing,Clothing & Accessories,448,Clothing and Clothing Accessories Stores,Clothing and clothing access. stores,19396,reported,False,SRC-CENSUS-001,mrtssales92-present.xlsx,1994
1995-01-01,clothing,Clothing & Accessories,448,Clothing and Clothing Accessories Stores,Clothing and clothing access. stores,7306,reported,False,SRC-CENSUS-001,mrtssales92-present.xlsx,1995
1995-02-01,clothing,Clothing & Accessories,448,Clothing and Clothing Accessories Stores,Clothing and clothing access. stores,7731,reported,False,SRC-CENSUS-001,mrtssales92-present.xlsx,1995
1995-03-01,clothing,Clothing & Accessories,448,Clothing and Clothing Accessories Stores,Clothing and clothing access. stores,9552,reported,False,SRC-CENSUS-001,mrtssales92-present.xlsx,1995
1995-04-01,clothing,Clothing & Accessories,448,Clothing and Clothing Accessories Stores,Clothing and clothing access. stores,9902,reported,False,SRC-CENSUS-001,mrtssales92-present.xlsx,1995
1995-05-01,clothing,Clothing & Accessories,448,Clothing and Clothing Accessories Stores,Clothing and clothing access. stores,10323,reported,False,SRC-CENSUS-001,mrtssales92-present.xlsx,1995
1995-06-01,clothing,Clothing & Accessories,448,Clothing and Clothing Accessories Stores,Clothing and clothing access. stores,10024,reported,False,SRC-CENSUS-001,mrtssales92-present.xlsx,1995
1995-07-01,clothing,Clothing & Accessories,448,Clothing and Clothing Accessories Stores,Clothing and clothing access. stores,9514,reported,False,SRC-CENSUS-001,mrtssales92-present.xlsx,1995
1995-08-01,clothing,Clothing & Accessories,448,Clothing and Clothing Accessories Stores,Clothing and clothing access. stores,10961,reported,False,SRC-CENSUS-001,mrtssales92-present.xlsx,1995
1995-09-01,clothing,Clothing & Accessories,448,Clothing and Clothing Accessories Stores,Clothing and clothing access. stores,10417,reported,False,SRC-CENSUS-001,mrtssales92-present.xlsx,1995
1995-10-01,clothing,Clothing & Accessories,448,Clothing and Clothing Accessories Stores,Clothing and clothing access. stores,10151,reported,False,SRC-CENSUS-001,mrtssales92-present.xlsx,1995
1995-11-01,clothing,Clothing & Accessories,448,Clothing and Clothing Accessories Stores,Clothing and clothing access. stores,12401,reported,False,SRC-CENSUS-001,mrtssales92-present.xlsx,1995
1995-12-01,clothing,Clothing & Accessories,448,Clothing and Clothing Accessories Stores,Clothing and clothing access. stores,19390,reported,False,SRC-CENSUS-001,mrtssales92-present.xlsx,1995
1996-01-01,clothing,Clothing & Accessories,448,Clothing and Clothing Accessories Stores,Clothing and clothing access. stores,7460,reported,False,SRC-CENSUS-001,mrtssales92-present.xlsx,1996
1996-02-01,clothing,Clothing & Accessories,448,Clothing and Clothing Accessories Stores,Clothing and clothing access. stores,8734,reported,False,SRC-CENSUS-001,mrtssales92-present.xlsx,1996
1996-03-01,clothing,Clothing & Accessories,448,Clothing and Clothing Accessories Stores,Clothing and clothing access. stores,10066,reported,False,SRC-CENSUS-001,mrtssales92-present.xlsx,1996
1996-04-01,clothing,Clothing & Accessories,448,Clothing and Clothing Accessories Stores,Clothing and clothing access. stores,10286,reported,False,SRC-CENSUS-001,mrtssales92-present.xlsx,1996
1996-05-01,clothing,Clothing & Accessories,448,Clothing and Clothing Accessories Stores,Clothing and clothing access. stores,11082,reported,False,SRC-CENSUS-001,mrtssales92-present.xlsx,1996
1996-06-01,clothing,Clothing & Accessories,448,Clothing and Clothing Accessories Stores,Clothing and clothing access. stores,10267,reported,False,SRC-CENSUS-001,mrtssales92-present.xlsx,1996
1996-07-01,clothing,Clothing & Accessories,448,Clothing and Clothing Accessories Stores,Clothing and clothing access. stores,9915,reported,False,SRC-CENSUS-001,mrtssales92-present.xlsx,1996
1996-08-01,clothing,Clothing & Accessories,448,Clothing and Clothing Accessories Stores,Clothing and clothing access. stores,11803,reported,False,SRC-CENSUS-001,mrtssales92-present.xlsx,1996
1996-09-01,clothing,Clothing & Accessories,448,Clothing and Clothing Accessories Stores,Clothing and clothing access. stores,10327,reported,False,SRC-CENSUS-001,mrtssales92-present.xlsx,1996
1996-10-01,clothing,Clothing & Accessories,448,Clothing and Clothing Accessories Stores,Clothing and clothing access. stores,10936,reported,False,SRC-CENSUS-001,mrtssales92-present.xlsx,1996
1996-11-01,clothing,Clothing & Accessories,448,Clothing and Clothing Accessories Stores,Clothing and clothing access. stores,12514,reported,False,SRC-CENSUS-001,mrtssales92-present.xlsx,1996
1996-12-01,clothing,Clothing & Accessories,448,Clothing and Clothing Accessories Stores,Clothing and clothing access. stores,19321,reported,False,SRC-CENSUS-001,mrtssales92-present.xlsx,1996
1997-01-01,clothing,Clothing & Accessories,448,Clothing and Clothing Accessories Stores,Clothing and clothing access. stores,7959,reported,False,SRC-CENSUS-001,mrtssales92-present.xlsx,1997
1997-02-01,clothing,Clothing & Accessories,448,Clothing and Clothing Accessories Stores,Clothing and clothing access. stores,8577,reported,False,SRC-CENSUS-001,mrtssales92-present.xlsx,1997
1997-03-01,clothing,Clothing & Accessories,448,Clothing and Clothing Accessories Stores,Clothing and clothing access. stores,10551,reported,False,SRC-CENSUS-001,mrtssales92-present.xlsx,1997
1997-04-01,clothing,Clothing & Accessories,448,Clothing and Clothing Accessories Stores,Clothing and clothing access. stores,9851,reported,False,SRC-CENSUS-001,mrtssales92-present.xlsx,1997
1997-05-01,clothing,Clothing & Accessories,448,Clothing and Clothing Accessories Stores,Clothing and clothing access. stores,11182,reported,False,SRC-CENSUS-001,mrtssales92-present.xlsx,1997
1997-06-01,clothing,Clothing & Accessories,448,Clothing and Clothing Accessories Stores,Clothing and clothing access. stores,10364,reported,False,SRC-CENSUS-001,mrtssales92-present.xlsx,1997
1997-07-01,clothing,Clothing & Accessories,448,Clothing and Clothing Accessories Stores,Clothing and clothing access. stores,10442,reported,False,SRC-CENSUS-001,mrtssales92-present.xlsx,1997
1997-08-01,clothing,Clothing & Accessories,448,Clothing and Clothing Accessories Stores,Clothing and clothing access. stores,12134,reported,False,SRC-CENSUS-001,mrtssales92-present.xlsx,1997
1997-09-01,clothing,Clothing & Accessories,448,Clothing and Clothing Accessories Stores,Clothing and clothing access. stores,10649,reported,False,SRC-CENSUS-001,mrtssales92-present.xlsx,1997
1997-10-01,clothing,Clothing & Accessories,448,Clothing and Clothing Accessories Stores,Clothing and clothing access. stores,11331,reported,False,SRC-CENSUS-001,mrtssales92-present.xlsx,1997
1997-11-01,clothing,Clothing & Accessories,448,Clothing and Clothing Accessories Stores,Clothing and clothing access. stores,12894,reported,False,SRC-CENSUS-001,mrtssales92-present.xlsx,1997
1997-12-01,clothing,Clothing & Accessories,448,Clothing and Clothing Accessories Stores,Clothing and clothing access. stores,20463,reported,False,SRC-CENSUS-001,mrtssales92-present.xlsx,1997
1998-01-01,clothing,Clothing & Accessories,448,Clothing and Clothing Accessories Stores,Clothing and clothing access. stores,8556,reported,False,SRC-CENSUS-001,mrtssales92-present.xlsx,1998
1998-02-01,clothing,Clothing & Accessories,448,Clothing and Clothing Accessories Stores,Clothing and clothing access. stores,9231,reported,False,SRC-CENSUS-001,mrtssales92-present.xlsx,1998
1998-03-01,clothing,Clothing & Accessories,448,Clothing and Clothing Accessories Stores,Clothing and clothing access. stores,10572,reported,False,SRC-CENSUS-001,mrtssales92-present.xlsx,1998
1998-04-01,clothing,Clothing & Accessories,448,Clothing and Clothing Accessories Stores,Clothing and clothing access. stores,11521,reported,False,SRC-CENSUS-001,mrtssales92-present.xlsx,1998
1998-05-01,clothing,Clothing & Accessories,448,Clothing and Clothing Accessories Stores,Clothing and clothing access. stores,11914,reported,False,SRC-CENSUS-001,mrtssales92-present.xlsx,1998
1998-06-01,clothing,Clothing & Accessories,448,Clothing and Clothing Accessories Stores,Clothing and clothing access. stores,11149,reported,False,SRC-CENSUS-001,mrtssales92-present.xlsx,1998
1998-07-01,clothing,Clothing & Accessories,448,Clothing and Clothing Accessories Stores,Clothing and clothing access. stores,11334,reported,False,SRC-CENSUS-001,mrtssales92-present.xlsx,1998
1998-08-01,clothing,Clothing & Accessories,448,Clothing and Clothing Accessories Stores,Clothing and clothing access. stores,12647,reported,False,SRC-CENSUS-001,mrtssales92-present.xlsx,1998
1998-09-01,clothing,Clothing & Accessories,448,Clothing and Clothing Accessories Stores,Clothing and clothing access. stores,10922,reported,False,SRC-CENSUS-001,mrtssales92-present.xlsx,1998
1998-10-01,clothing,Clothing & Accessories,448,Clothing and Clothing Accessories Stores,Clothing and clothing access. stores,12075,reported,False,SRC-CENSUS-001,mrtssales92-present.xlsx,1998
1998-11-01,clothing,Clothing & Accessories,448,Clothing and Clothing Accessories Stores,Clothing and clothing access. stores,13504,reported,False,SRC-CENSUS-001,mrtssales92-present.xlsx,1998
1998-12-01,clothing,Clothing & Accessories,448,Clothing and Clothing Accessories Stores,Clothing and clothing access. stores,21757,reported,False,SRC-CENSUS-001,mrtssales92-present.xlsx,1998
1999-01-01,clothing,Clothing & Accessories,448,Clothing and Clothing Accessories Stores,Clothing and clothing access. stores,8993,reported,False,SRC-CENSUS-001,mrtssales92-present.xlsx,1999
1999-02-01,clothing,Clothing & Accessories,448,Clothing and Clothing Accessories Stores,Clothing and clothing access. stores,9897,reported,False,SRC-CENSUS-001,mrtssales92-present.xlsx,1999
1999-03-01,clothing,Clothing & Accessories,448,Clothing and Clothing Accessories Stores,Clothing and clothing access. stores,11781,reported,False,SRC-CENSUS-001,mrtssales92-present.xlsx,1999
1999-04-01,clothing,Clothing & Accessories,448,Clothing and Clothing Accessories Stores,Clothing and clothing access. stores,12081,reported,False,SRC-CENSUS-001,mrtssales92-present.xlsx,1999
1999-05-01,clothing,Clothing & Accessories,448,Clothing and Clothing Accessories Stores,Clothing and clothing access. stores,12833,reported,False,SRC-CENSUS-001,mrtssales92-present.xlsx,1999
1999-06-01,clothing,Clothing & Accessories,448,Clothing and Clothing Accessories Stores,Clothing and clothing access. stores,11968,reported,False,SRC-CENSUS-001,mrtssales92-present.xlsx,1999
1999-07-01,clothing,Clothing & Accessories,448,Clothing and Clothing Accessories Stores,Clothing and clothing access. stores,12150,reported,False,SRC-CENSUS-001,mrtssales92-present.xlsx,1999
1999-08-01,clothing,Clothing & Accessories,448,Clothing and Clothing Accessories Stores,Clothing and clothing access. stores,13398,reported,False,SRC-CENSUS-001,mrtssales92-present.xlsx,1999
1999-09-01,clothing,Clothing & Accessories,448,Clothing and Clothing Accessories Stores,Clothing and clothing access. stores,12053,reported,False,SRC-CENSUS-001,mrtssales92-present.xlsx,1999
1999-10-01,clothing,Clothing & Accessories,448,Clothing and Clothing Accessories Stores,Clothing and clothing access. stores,12628,reported,False,SRC-CENSUS-001,mrtssales92-present.xlsx,1999
1999-11-01,clothing,Clothing & Accessories,448,Clothing and Clothing Accessories Stores,Clothing and clothing access. stores,14282,reported,False,SRC-CENSUS-001,mrtssales92-present.xlsx,1999
1999-12-01,clothing,Clothing & Accessories,448,Clothing and Clothing Accessories Stores,Clothing and clothing access. stores,23590,reported,False,SRC-CENSUS-001,mrtssales92-present.xlsx,1999
2000-01-01,clothing,Clothing & Accessories,448,Clothing and Clothing Accessories Stores,Clothing and clothing access. stores,9206,reported,False,SRC-CENSUS-001,mrtssales92-present.xlsx,2000
2000-02-01,clothing,Clothing & Accessories,448,Clothing and Clothing Accessories Stores,Clothing and clothing access. stores,10875,reported,False,SRC-CENSUS-001,mrtssales92-present.xlsx,2000
2000-03-01,clothing,Clothing & Accessories,448,Clothing and Clothing Accessories Stores,Clothing and clothing access. stores,12535,reported,False,SRC-CENSUS-001,mrtssales92-present.xlsx,2000
2000-04-01,clothing,Clothing & Accessories,448,Clothing and Clothing Accessories Stores,Clothing and clothing access. stores,12815,reported,False,SRC-CENSUS-001,mrtssales92-present.xlsx,2000
2000-05-01,clothing,Clothing & Accessories,448,Clothing and Clothing Accessories Stores,Clothing and clothing access. stores,13393,reported,False,SRC-CENSUS-001,mrtssales92-present.xlsx,2000
2000-06-01,clothing,Clothing & Accessories,448,Clothing and Clothing Accessories Stores,Clothing and clothing access. stores,12638,reported,False,SRC-CENSUS-001,mrtssales92-present.xlsx,2000
2000-07-01,clothing,Clothing & Accessories,448,Clothing and Clothing Accessories Stores,Clothing and clothing access. stores,12199,reported,False,SRC-CENSUS-001,mrtssales92-present.xlsx,2000
2000-08-01,clothing,Clothing & Accessories,448,Clothing and Clothing Accessories Stores,Clothing and clothing access. stores,14264,reported,False,SRC-CENSUS-001,mrtssales92-present.xlsx,2000
2000-09-01,clothing,Clothing & Accessories,448,Clothing and Clothing Accessories Stores,Clothing and clothing access. stores,13046,reported,False,SRC-CENSUS-001,mrtssales92-present.xlsx,2000
2000-10-01,clothing,Clothing & Accessories,448,Clothing and Clothing Accessories Stores,Clothing and clothing access. stores,13046,reported,False,SRC-CENSUS-001,mrtssales92-present.xlsx,2000
2000-11-01,clothing,Clothing & Accessories,448,Clothing and Clothing Accessories Stores,Clothing and clothing access. stores,15299,reported,False,SRC-CENSUS-001,mrtssales92-present.xlsx,2000
2000-12-01,clothing,Clothing & Accessories,448,Clothing and Clothing Accessories Stores,Clothing and clothing access. stores,24187,reported,False,SRC-CENSUS-001,mrtssales92-present.xlsx,2000
2001-01-01,clothing,Clothing & Accessories,448,Clothing and Clothing Accessories Stores,Clothing and clothing access. stores,9803,reported,False,SRC-CENSUS-001,mrtssales92-present.xlsx,2001
2001-02-01,clothing,Clothing & Accessories,448,Clothing and Clothing Accessories Stores,Clothing and clothing access. stores,11147,reported,False,SRC-CENSUS-001,mrtssales92-present.xlsx,2001
2001-03-01,clothing,Clothing & Accessories,448,Clothing and Clothing Accessories Stores,Clothing and clothing access. stores,12749,reported,False,SRC-CENSUS-001,mrtssales92-present.xlsx,2001
2001-04-01,clothing,Clothing & Accessories,448,Clothing and Clothing Accessories Stores,Clothing and clothing access. stores,13047,reported,False,SRC-CENSUS-001,mrtssales92-present.xlsx,2001
2001-05-01,clothing,Clothing & Accessories,448,Clothing and Clothing Accessories Stores,Clothing and clothing access. stores,13443,reported,False,SRC-CENSUS-001,mrtssales92-present.xlsx,2001
2001-06-01,clothing,Clothing & Accessories,448,Clothing and Clothing Accessories Stores,Clothing and clothing access. stores,12620,reported,False,SRC-CENSUS-001,mrtssales92-present.xlsx,2001
2001-07-01,clothing,Clothing & Accessories,448,Clothing and Clothing Accessories Stores,Clothing and clothing access. stores,12291,reported,False,SRC-CENSUS-001,mrtssales92-present.xlsx,2001
2001-08-01,clothing,Clothing & Accessories,448,Clothing and Clothing Accessories Stores,Clothing and clothing access. stores,14470,reported,False,SRC-CENSUS-001,mrtssales92-present.xlsx,2001
2001-09-01,clothing,Clothing & Accessories,448,Clothing and Clothing Accessories Stores,Clothing and clothing access. stores,11815,reported,False,SRC-CENSUS-001,mrtssales92-present.xlsx,2001
2001-10-01,clothing,Clothing & Accessories,448,Clothing and Clothing Accessories Stores,Clothing and clothing access. stores,12899,reported,False,SRC-CENSUS-001,mrtssales92-present.xlsx,2001
2001-11-01,clothing,Clothing & Accessories,448,Clothing and Clothing Accessories Stores,Clothing and clothing access. stores,14977,reported,False,SRC-CENSUS-001,mrtssales92-present.xlsx,2001
2001-12-01,clothing,Clothing & Accessories,448,Clothing and Clothing Accessories Stores,Clothing and clothing access. stores,23850,reported,False,SRC-CENSUS-001,mrtssales92-present.xlsx,2001
2002-01-01,clothing,Clothing & Accessories,448,Clothing and Clothing Accessories Stores,Clothing and clothing access. stores,10071,reported,False,SRC-CENSUS-001,mrtssales92-present.xlsx,2002
2002-02-01,clothing,Clothing & Accessories,448,Clothing and Clothing Accessories Stores,Clothing and clothing access. stores,11410,reported,False,SRC-CENSUS-001,mrtssales92-present.xlsx,2002
2002-03-01,clothing,Clothing & Accessories,448,Clothing and Clothing Accessories Stores,Clothing and clothing access. stores,13632,reported,False,SRC-CENSUS-001,mrtssales92-present.xlsx,2002
2002-04-01,clothing,Clothing & Accessories,448,Clothing and Clothing Accessories Stores,Clothing and clothing access. stores,12865,reported,False,SRC-CENSUS-001,mrtssales92-present.xlsx,2002
2002-05-01,clothing,Clothing & Accessories,448,Clothing and Clothing Accessories Stores,Clothing and clothing access. stores,13785,reported,False,SRC-CENSUS-001,mrtssales92-present.xlsx,2002
2002-06-01,clothing,Clothing & Accessories,448,Clothing and Clothing Accessories Stores,Clothing and clothing access. stores,12881,reported,False,SRC-CENSUS-001,mrtssales92-present.xlsx,2002
2002-07-01,clothing,Clothing & Accessories,448,Clothing and Clothing Accessories Stores,Clothing and clothing access. stores,12557,reported,False,SRC-CENSUS-001,mrtssales92-present.xlsx,2002
2002-08-01,clothing,Clothing & Accessories,448,Clothing and Clothing Accessories Stores,Clothing and clothing access. stores,14760,reported,False,SRC-CENSUS-001,mrtssales92-present.xlsx,2002
2002-09-01,clothing,Clothing & Accessories,448,Clothing and Clothing Accessories Stores,Clothing and clothing access. stores,12138,reported,False,SRC-CENSUS-001,mrtssales92-present.xlsx,2002
2002-10-01,clothing,Clothing & Accessories,448,Clothing and Clothing Accessories Stores,Clothing and clothing access. stores,13668,reported,False,SRC-CENSUS-001,mrtssales92-present.xlsx,2002
2002-11-01,clothing,Clothing & Accessories,448,Clothing and Clothing Accessories Stores,Clothing and clothing access. stores,15524,reported,False,SRC-CENSUS-001,mrtssales92-present.xlsx,2002
2002-12-01,clothing,Clothing & Accessories,448,Clothing and Clothing Accessories Stores,Clothing and clothing access. stores,24643,reported,False,SRC-CENSUS-001,mrtssales92-present.xlsx,2002
2003-01-01,clothing,Clothing & Accessories,448,Clothing and Clothing Accessories Stores,Clothing and clothing access. stores,10523,reported,False,SRC-CENSUS-001,mrtssales92-present.xlsx,2003
2003-02-01,clothing,Clothing & Accessories,448,Clothing and Clothing Accessories Stores,Clothing and clothing access. stores,11344,reported,False,SRC-CENSUS-001,mrtssales92-present.xlsx,2003
2003-03-01,clothing,Clothing & Accessories,448,Clothing and Clothing Accessories Stores,Clothing and clothing access. stores,13125,reported,False,SRC-CENSUS-001,mrtssales92-present.xlsx,2003
2003-04-01,clothing,Clothing & Accessories,448,Clothing and Clothing Accessories Stores,Clothing and clothing access. stores,13356,reported,False,SRC-CENSUS-001,mrtssales92-present.xlsx,2003
2003-05-01,clothing,Clothing & Accessories,448,Clothing and Clothing Accessories Stores,Clothing and clothing access. stores,14360,reported,False,SRC-CENSUS-001,mrtssales92-present.xlsx,2003
2003-06-01,clothing,Clothing & Accessories,448,Clothing and Clothing Accessories Stores,Clothing and clothing access. stores,13163,reported,False,SRC-CENSUS-001,mrtssales92-present.xlsx,2003
2003-07-01,clothing,Clothing & Accessories,448,Clothing and Clothing Accessories Stores,Clothing and clothing access. stores,13519,reported,False,SRC-CENSUS-001,mrtssales92-present.xlsx,2003
2003-08-01,clothing,Clothing & Accessories,448,Clothing and Clothing Accessories Stores,Clothing and clothing access. stores,15151,reported,False,SRC-CENSUS-001,mrtssales92-present.xlsx,2003
2003-09-01,clothing,Clothing & Accessories,448,Clothing and Clothing Accessories Stores,Clothing and clothing access. stores,13236,reported,False,SRC-CENSUS-001,mrtssales92-present.xlsx,2003
2003-10-01,clothing,Clothing & Accessories,448,Clothing and Clothing Accessories Stores,Clothing and clothing access. stores,14251,reported,False,SRC-CENSUS-001,mrtssales92-present.xlsx,2003
2003-11-01,clothing,Clothing & Accessories,448,Clothing and Clothing Accessories Stores,Clothing and clothing access. stores,16155,reported,False,SRC-CENSUS-001,mrtssales92-present.xlsx,2003
2003-12-01,clothing,Clothing & Accessories,448,Clothing and Clothing Accessories Stores,Clothing and clothing access. stores,26020,reported,False,SRC-CENSUS-001,mrtssales92-present.xlsx,2003
2004-01-01,clothing,Clothing & Accessories,448,Clothing and Clothing Accessories Stores,Clothing and clothing access. stores,11489,reported,False,SRC-CENSUS-001,mrtssales92-present.xlsx,2004
2004-02-01,clothing,Clothing & Accessories,448,Clothing and Clothing Accessories Stores,Clothing and clothing access. stores,12990,reported,False,SRC-CENSUS-001,mrtssales92-present.xlsx,2004
2004-03-01,clothing,Clothing & Accessories,448,Clothing and Clothing Accessories Stores,Clothing and clothing access. stores,14410,reported,False,SRC-CENSUS-001,mrtssales92-present.xlsx,2004
2004-04-01,clothing,Clothing & Accessories,448,Clothing and Clothing Accessories Stores,Clothing and clothing access. stores,14702,reported,False,SRC-CENSUS-001,mrtssales92-present.xlsx,2004
2004-05-01,clothing,Clothing & Accessories,448,Clothing and Clothing Accessories Stores,Clothing and clothing access. stores,15002,reported,False,SRC-CENSUS-001,mrtssales92-present.xlsx,2004
2004-06-01,clothing,Clothing & Accessories,448,Clothing and Clothing Accessories Stores,Clothing and clothing access. stores,13888,reported,False,SRC-CENSUS-001,mrtssales92-present.xlsx,2004
2004-07-01,clothing,Clothing & Accessories,448,Clothing and Clothing Accessories Stores,Clothing and clothing access. stores,14314,reported,False,SRC-CENSUS-001,mrtssales92-present.xlsx,2004
2004-08-01,clothing,Clothing & Accessories,448,Clothing and Clothing Accessories Stores,Clothing and clothing access. stores,15219,reported,False,SRC-CENSUS-001,mrtssales92-present.xlsx,2004
2004-09-01,clothing,Clothing & Accessories,448,Clothing and Clothing Accessories Stores,Clothing and clothing access. stores,13884,reported,False,SRC-CENSUS-001,mrtssales92-present.xlsx,2004
2004-10-01,clothing,Clothing & Accessories,448,Clothing and Clothing Accessories Stores,Clothing and clothing access. stores,15207,reported,False,SRC-CENSUS-001,mrtssales92-present.xlsx,2004
2004-11-01,clothing,Clothing & Accessories,448,Clothing and Clothing Accessories Stores,Clothing and clothing access. stores,16823,reported,False,SRC-CENSUS-001,mrtssales92-present.xlsx,2004
2004-12-01,clothing,Clothing & Accessories,448,Clothing and Clothing Accessories Stores,Clothing and clothing access. stores,27633,reported,False,SRC-CENSUS-001,mrtssales92-present.xlsx,2004
2005-01-01,clothing,Clothing & Accessories,448,Clothing and Clothing Accessories Stores,Clothing and clothing access. stores,11740,reported,False,SRC-CENSUS-001,mrtssales92-present.xlsx,2005
2005-02-01,clothing,Clothing & Accessories,448,Clothing and Clothing Accessories Stores,Clothing and clothing access. stores,13520,reported,False,SRC-CENSUS-001,mrtssales92-present.xlsx,2005
2005-03-01,clothing,Clothing & Accessories,448,Clothing and Clothing Accessories Stores,Clothing and clothing access. stores,15358,reported,False,SRC-CENSUS-001,mrtssales92-present.xlsx,2005
2005-04-01,clothing,Clothing & Accessories,448,Clothing and Clothing Accessories Stores,Clothing and clothing access. stores,15338,reported,False,SRC-CENSUS-001,mrtssales92-present.xlsx,2005
2005-05-01,clothing,Clothing & Accessories,448,Clothing and Clothing Accessories Stores,Clothing and clothing access. stores,15597,reported,False,SRC-CENSUS-001,mrtssales92-present.xlsx,2005
2005-06-01,clothing,Clothing & Accessories,448,Clothing and Clothing Accessories Stores,Clothing and clothing access. stores,15182,reported,False,SRC-CENSUS-001,mrtssales92-present.xlsx,2005
2005-07-01,clothing,Clothing & Accessories,448,Clothing and Clothing Accessories Stores,Clothing and clothing access. stores,14865,reported,False,SRC-CENSUS-001,mrtssales92-present.xlsx,2005
2005-08-01,clothing,Clothing & Accessories,448,Clothing and Clothing Accessories Stores,Clothing and clothing access. stores,16311,reported,False,SRC-CENSUS-001,mrtssales92-present.xlsx,2005
2005-09-01,clothing,Clothing & Accessories,448,Clothing and Clothing Accessories Stores,Clothing and clothing access. stores,14606,reported,False,SRC-CENSUS-001,mrtssales92-present.xlsx,2005
2005-10-01,clothing,Clothing & Accessories,448,Clothing and Clothing Accessories Stores,Clothing and clothing access. stores,16126,reported,False,SRC-CENSUS-001,mrtssales92-present.xlsx,2005
2005-11-01,clothing,Clothing & Accessories,448,Clothing and Clothing Accessories Stores,Clothing and clothing access. stores,17972,reported,False,SRC-CENSUS-001,mrtssales92-present.xlsx,2005
2005-12-01,clothing,Clothing & Accessories,448,Clothing and Clothing Accessories Stores,Clothing and clothing access. stores,29465,reported,False,SRC-CENSUS-001,mrtssales92-present.xlsx,2005
2006-01-01,clothing,Clothing & Accessories,448,Clothing and Clothing Accessories Stores,Clothing and clothing access. stores,12582,reported,False,SRC-CENSUS-001,mrtssales92-present.xlsx,2006
2006-02-01,clothing,Clothing & Accessories,448,Clothing and Clothing Accessories Stores,Clothing and clothing access. stores,14111,reported,False,SRC-CENSUS-001,mrtssales92-present.xlsx,2006
2006-03-01,clothing,Clothing & Accessories,448,Clothing and Clothing Accessories Stores,Clothing and clothing access. stores,16011,reported,False,SRC-CENSUS-001,mrtssales92-present.xlsx,2006
2006-04-01,clothing,Clothing & Accessories,448,Clothing and Clothing Accessories Stores,Clothing and clothing access. stores,16475,reported,False,SRC-CENSUS-001,mrtssales92-present.xlsx,2006
2006-05-01,clothing,Clothing & Accessories,448,Clothing and Clothing Accessories Stores,Clothing and clothing access. stores,16703,reported,False,SRC-CENSUS-001,mrtssales92-present.xlsx,2006
2006-06-01,clothing,Clothing & Accessories,448,Clothing and Clothing Accessories Stores,Clothing and clothing access. stores,16126,reported,False,SRC-CENSUS-001,mrtssales92-present.xlsx,2006
2006-07-01,clothing,Clothing & Accessories,448,Clothing and Clothing Accessories Stores,Clothing and clothing access. stores,15909,reported,False,SRC-CENSUS-001,mrtssales92-present.xlsx,2006
2006-08-01,clothing,Clothing & Accessories,448,Clothing and Clothing Accessories Stores,Clothing and clothing access. stores,17432,reported,False,SRC-CENSUS-001,mrtssales92-present.xlsx,2006
2006-09-01,clothing,Clothing & Accessories,448,Clothing and Clothing Accessories Stores,Clothing and clothing access. stores,16389,reported,False,SRC-CENSUS-001,mrtssales92-present.xlsx,2006
2006-10-01,clothing,Clothing & Accessories,448,Clothing and Clothing Accessories Stores,Clothing and clothing access. stores,16873,reported,False,SRC-CENSUS-001,mrtssales92-present.xlsx,2006
2006-11-01,clothing,Clothing & Accessories,448,Clothing and Clothing Accessories Stores,Clothing and clothing access. stores,18949,reported,False,SRC-CENSUS-001,mrtssales92-present.xlsx,2006
2006-12-01,clothing,Clothing & Accessories,448,Clothing and Clothing Accessories Stores,Clothing and clothing access. stores,30652,reported,False,SRC-CENSUS-001,mrtssales92-present.xlsx,2006
2007-01-01,clothing,Clothing & Accessories,448,Clothing and Clothing Accessories Stores,Clothing and clothing access. stores,13581,reported,False,SRC-CENSUS-001,mrtssales92-present.xlsx,2007
2007-02-01,clothing,Clothing & Accessories,448,Clothing and Clothing Accessories Stores,Clothing and clothing access. stores,14682,reported,False,SRC-CENSUS-001,mrtssales92-present.xlsx,2007
2007-03-01,clothing,Clothing & Accessories,448,Clothing and Clothing Accessories Stores,Clothing and clothing access. stores,17623,reported,False,SRC-CENSUS-001,mrtssales92-present.xlsx,2007
2007-04-01,clothing,Clothing & Accessories,448,Clothing and Clothing Accessories Stores,Clothing and clothing access. stores,16692,reported,False,SRC-CENSUS-001,mrtssales92-present.xlsx,2007
2007-05-01,clothing,Clothing & Accessories,448,Clothing and Clothing Accessories Stores,Clothing and clothing access. stores,18020,reported,False,SRC-CENSUS-001,mrtssales92-present.xlsx,2007
2007-06-01,clothing,Clothing & Accessories,448,Clothing and Clothing Accessories Stores,Clothing and clothing access. stores,16864,reported,False,SRC-CENSUS-001,mrtssales92-present.xlsx,2007
2007-07-01,clothing,Clothing & Accessories,448,Clothing and Clothing Accessories Stores,Clothing and clothing access. stores,16459,reported,False,SRC-CENSUS-001,mrtssales92-present.xlsx,2007
2007-08-01,clothing,Clothing & Accessories,448,Clothing and Clothing Accessories Stores,Clothing and clothing access. stores,18405,reported,False,SRC-CENSUS-001,mrtssales92-present.xlsx,2007
2007-09-01,clothing,Clothing & Accessories,448,Clothing and Clothing Accessories Stores,Clothing and clothing access. stores,16346,reported,False,SRC-CENSUS-001,mrtssales92-present.xlsx,2007
2007-10-01,clothing,Clothing & Accessories,448,Clothing and Clothing Accessories Stores,Clothing and clothing access. stores,17179,reported,False,SRC-CENSUS-001,mrtssales92-present.xlsx,2007
2007-11-01,clothing,Clothing & Accessories,448,Clothing and Clothing Accessories Stores,Clothing and clothing access. stores,20035,reported,False,SRC-CENSUS-001,mrtssales92-present.xlsx,2007
2007-12-01,clothing,Clothing & Accessories,448,Clothing and Clothing Accessories Stores,Clothing and clothing access. stores,29761,reported,False,SRC-CENSUS-001,mrtssales92-present.xlsx,2007
2008-01-01,clothing,Clothing & Accessories,448,Clothing and Clothing Accessories Stores,Clothing and clothing access. stores,13812,reported,False,SRC-CENSUS-001,mrtssales92-present.xlsx,2008
2008-02-01,clothing,Clothing & Accessories,448,Clothing and Clothing Accessories Stores,Clothing and clothing access. stores,15468,reported,False,SRC-CENSUS-001,mrtssales92-present.xlsx,2008
2008-03-01,clothing,Clothing & Accessories,448,Clothing and Clothing Accessories Stores,Clothing and clothing access. stores,17341,reported,False,SRC-CENSUS-001,mrtssales92-present.xlsx,2008
2008-04-01,clothing,Clothing & Accessories,448,Clothing and Clothing Accessories Stores,Clothing and clothing access. stores,16696,reported,False,SRC-CENSUS-001,mrtssales92-present.xlsx,2008
2008-05-01,clothing,Clothing & Accessories,448,Clothing and Clothing Accessories Stores,Clothing and clothing access. stores,18616,reported,False,SRC-CENSUS-001,mrtssales92-present.xlsx,2008
2008-06-01,clothing,Clothing & Accessories,448,Clothing and Clothing Accessories Stores,Clothing and clothing access. stores,16595,reported,False,SRC-CENSUS-001,mrtssales92-present.xlsx,2008
2008-07-01,clothing,Clothing & Accessories,448,Clothing and Clothing Accessories Stores,Clothing and clothing access. stores,16964,reported,False,SRC-CENSUS-001,mrtssales92-present.xlsx,2008
2008-08-01,clothing,Clothing & Accessories,448,Clothing and Clothing Accessories Stores,Clothing and clothing access. stores,18612,reported,False,SRC-CENSUS-001,mrtssales92-present.xlsx,2008
2008-09-01,clothing,Clothing & Accessories,448,Clothing and Clothing Accessories Stores,Clothing and clothing access. stores,15502,reported,False,SRC-CENSUS-001,mrtssales92-present.xlsx,2008
2008-10-01,clothing,Clothing & Accessories,448,Clothing and Clothing Accessories Stores,Clothing and clothing access. stores,16397,reported,False,SRC-CENSUS-001,mrtssales92-present.xlsx,2008
2008-11-01,clothing,Clothing & Accessories,448,Clothing and Clothing Accessories Stores,Clothing and clothing access. stores,18319,reported,False,SRC-CENSUS-001,mrtssales92-present.xlsx,2008
2008-12-01,clothing,Clothing & Accessories,448,Clothing and Clothing Accessories Stores,Clothing and clothing access. stores,26035,reported,False,SRC-CENSUS-001,mrtssales92-present.xlsx,2008
2009-01-01,clothing,Clothing & Accessories,448,Clothing and Clothing Accessories Stores,Clothing and clothing access. stores,13060,reported,False,SRC-CENSUS-001,mrtssales92-present.xlsx,2009
2009-02-01,clothing,Clothing & Accessories,448,Clothing and Clothing Accessories Stores,Clothing and clothing access. stores,14320,reported,False,SRC-CENSUS-001,mrtssales92-present.xlsx,2009
2009-03-01,clothing,Clothing & Accessories,448,Clothing and Clothing Accessories Stores,Clothing and clothing access. stores,15195,reported,False,SRC-CENSUS-001,mrtssales92-present.xlsx,2009
2009-04-01,clothing,Clothing & Accessories,448,Clothing and Clothing Accessories Stores,Clothing and clothing access. stores,15953,reported,False,SRC-CENSUS-001,mrtssales92-present.xlsx,2009
2009-05-01,clothing,Clothing & Accessories,448,Clothing and Clothing Accessories Stores,Clothing and clothing access. stores,16832,reported,False,SRC-CENSUS-001,mrtssales92-present.xlsx,2009
2009-06-01,clothing,Clothing & Accessories,448,Clothing and Clothing Accessories Stores,Clothing and clothing access. stores,15057,reported,False,SRC-CENSUS-001,mrtssales92-present.xlsx,2009
2009-07-01,clothing,Clothing & Accessories,448,Clothing and Clothing Accessories Stores,Clothing and clothing access. stores,15627,reported,False,SRC-CENSUS-001,mrtssales92-present.xlsx,2009
2009-08-01,clothing,Clothing & Accessories,448,Clothing and Clothing Accessories Stores,Clothing and clothing access. stores,17253,reported,False,SRC-CENSUS-001,mrtssales92-present.xlsx,2009
2009-09-01,clothing,Clothing & Accessories,448,Clothing and Clothing Accessories Stores,Clothing and clothing access. stores,15243,reported,False,SRC-CENSUS-001,mrtssales92-present.xlsx,2009
2009-10-01,clothing,Clothing & Accessories,448,Clothing and Clothing Accessories Stores,Clothing and clothing access. stores,16642,reported,False,SRC-CENSUS-001,mrtssales92-present.xlsx,2009
2009-11-01,clothing,Clothing & Accessories,448,Clothing and Clothing Accessories Stores,Clothing and clothing access. stores,17881,reported,False,SRC-CENSUS-001,mrtssales92-present.xlsx,2009
2009-12-01,clothing,Clothing & Accessories,448,Clothing and Clothing Accessories Stores,Clothing and clothing access. stores,26378,reported,False,SRC-CENSUS-001,mrtssales92-present.xlsx,2009
2010-01-01,clothing,Clothing & Accessories,448,Clothing and Clothing Accessories Stores,Clothing and clothing access. stores,12866,reported,False,SRC-CENSUS-001,mrtssales92-present.xlsx,2010
2010-02-01,clothing,Clothing & Accessories,448,Clothing and Clothing Accessories Stores,Clothing and clothing access. stores,14432,reported,False,SRC-CENSUS-001,mrtssales92-present.xlsx,2010
2010-03-01,clothing,Clothing & Accessories,448,Clothing and Clothing Accessories Stores,Clothing and clothing access. stores,16972,reported,False,SRC-CENSUS-001,mrtssales92-present.xlsx,2010
2010-04-01,clothing,Clothing & Accessories,448,Clothing and Clothing Accessories Stores,Clothing and clothing access. stores,16632,reported,False,SRC-CENSUS-001,mrtssales92-present.xlsx,2010
2010-05-01,clothing,Clothing & Accessories,448,Clothing and Clothing Accessories Stores,Clothing and clothing access. stores,17284,reported,False,SRC-CENSUS-001,mrtssales92-present.xlsx,2010
2010-06-01,clothing,Clothing & Accessories,448,Clothing and Clothing Accessories Stores,Clothing and clothing access. stores,15740,reported,False,SRC-CENSUS-001,mrtssales92-present.xlsx,2010
2010-07-01,clothing,Clothing & Accessories,448,Clothing and Clothing Accessories Stores,Clothing and clothing access. stores,16444,reported,False,SRC-CENSUS-001,mrtssales92-present.xlsx,2010
2010-08-01,clothing,Clothing & Accessories,448,Clothing and Clothing Accessories Stores,Clothing and clothing access. stores,17522,reported,False,SRC-CENSUS-001,mrtssales92-present.xlsx,2010
2010-09-01,clothing,Clothing & Accessories,448,Clothing and Clothing Accessories Stores,Clothing and clothing access. stores,15853,reported,False,SRC-CENSUS-001,mrtssales92-present.xlsx,2010
2010-10-01,clothing,Clothing & Accessories,448,Clothing and Clothing Accessories Stores,Clothing and clothing access. stores,17008,reported,False,SRC-CENSUS-001,mrtssales92-present.xlsx,2010
2010-11-01,clothing,Clothing & Accessories,448,Clothing and Clothing Accessories Stores,Clothing and clothing access. stores,19537,reported,False,SRC-CENSUS-001,mrtssales92-present.xlsx,2010
2010-12-01,clothing,Clothing & Accessories,448,Clothing and Clothing Accessories Stores,Clothing and clothing access. stores,27815,reported,False,SRC-CENSUS-001,mrtssales92-present.xlsx,2010
2011-01-01,clothing,Clothing & Accessories,448,Clothing and Clothing Accessories Stores,Clothing and clothing access. stores,13358,reported,False,SRC-CENSUS-001,mrtssales92-present.xlsx,2011
2011-02-01,clothing,Clothing & Accessories,448,Clothing and Clothing Accessories Stores,Clothing and clothing access. stores,15538,reported,False,SRC-CENSUS-001,mrtssales92-present.xlsx,2011
2011-03-01,clothing,Clothing & Accessories,448,Clothing and Clothing Accessories Stores,Clothing and clothing access. stores,17821,reported,False,SRC-CENSUS-001,mrtssales92-present.xlsx,2011
2011-04-01,clothing,Clothing & Accessories,448,Clothing and Clothing Accessories Stores,Clothing and clothing access. stores,18209,reported,False,SRC-CENSUS-001,mrtssales92-present.xlsx,2011
2011-05-01,clothing,Clothing & Accessories,448,Clothing and Clothing Accessories Stores,Clothing and clothing access. stores,18309,reported,False,SRC-CENSUS-001,mrtssales92-present.xlsx,2011
2011-06-01,clothing,Clothing & Accessories,448,Clothing and Clothing Accessories Stores,Clothing and clothing access. stores,17355,reported,False,SRC-CENSUS-001,mrtssales92-present.xlsx,2011
2011-07-01,clothing,Clothing & Accessories,448,Clothing and Clothing Accessories Stores,Clothing and clothing access. stores,17521,reported,False,SRC-CENSUS-001,mrtssales92-present.xlsx,2011
2011-08-01,clothing,Clothing & Accessories,448,Clothing and Clothing Accessories Stores,Clothing and clothing access. stores,18828,reported,False,SRC-CENSUS-001,mrtssales92-present.xlsx,2011
2011-09-01,clothing,Clothing & Accessories,448,Clothing and Clothing Accessories Stores,Clothing and clothing access. stores,17575,reported,False,SRC-CENSUS-001,mrtssales92-present.xlsx,2011
2011-10-01,clothing,Clothing & Accessories,448,Clothing and Clothing Accessories Stores,Clothing and clothing access. stores,17833,reported,False,SRC-CENSUS-001,mrtssales92-present.xlsx,2011
2011-11-01,clothing,Clothing & Accessories,448,Clothing and Clothing Accessories Stores,Clothing and clothing access. stores,20478,reported,False,SRC-CENSUS-001,mrtssales92-present.xlsx,2011
2011-12-01,clothing,Clothing & Accessories,448,Clothing and Clothing Accessories Stores,Clothing and clothing access. stores,30334,reported,False,SRC-CENSUS-001,mrtssales92-present.xlsx,2011
2012-01-01,clothing,Clothing & Accessories,448,Clothing and Clothing Accessories Stores,Clothing and clothing access. stores,13998,reported,False,SRC-CENSUS-001,mrtssales92-present.xlsx,2012
2012-02-01,clothing,Clothing & Accessories,448,Clothing and Clothing Accessories Stores,Clothing and clothing access. stores,17496,reported,False,SRC-CENSUS-001,mrtssales92-present.xlsx,2012
2012-03-01,clothing,Clothing & Accessories,448,Clothing and Clothing Accessories Stores,Clothing and clothing access. stores,19709,reported,False,SRC-CENSUS-001,mrtssales92-present.xlsx,2012
2012-04-01,clothing,Clothing & Accessories,448,Clothing and Clothing Accessories Stores,Clothing and clothing access. stores,18175,reported,False,SRC-CENSUS-001,mrtssales92-present.xlsx,2012
2012-05-01,clothing,Clothing & Accessories,448,Clothing and Clothing Accessories Stores,Clothing and clothing access. stores,19476,reported,False,SRC-CENSUS-001,mrtssales92-present.xlsx,2012
2012-06-01,clothing,Clothing & Accessories,448,Clothing and Clothing Accessories Stores,Clothing and clothing access. stores,18272,reported,False,SRC-CENSUS-001,mrtssales92-present.xlsx,2012
2012-07-01,clothing,Clothing & Accessories,448,Clothing and Clothing Accessories Stores,Clothing and clothing access. stores,17852,reported,False,SRC-CENSUS-001,mrtssales92-present.xlsx,2012
2012-08-01,clothing,Clothing & Accessories,448,Clothing and Clothing Accessories Stores,Clothing and clothing access. stores,20290,reported,False,SRC-CENSUS-001,mrtssales92-present.xlsx,2012
2012-09-01,clothing,Clothing & Accessories,448,Clothing and Clothing Accessories Stores,Clothing and clothing access. stores,17954,reported,False,SRC-CENSUS-001,mrtssales92-present.xlsx,2012
2012-10-01,clothing,Clothing & Accessories,448,Clothing and Clothing Accessories Stores,Clothing and clothing access. stores,18395,reported,False,SRC-CENSUS-001,mrtssales92-present.xlsx,2012
2012-11-01,clothing,Clothing & Accessories,448,Clothing and Clothing Accessories Stores,Clothing and clothing access. stores,21502,reported,False,SRC-CENSUS-001,mrtssales92-present.xlsx,2012
2012-12-01,clothing,Clothing & Accessories,448,Clothing and Clothing Accessories Stores,Clothing and clothing access. stores,30692,reported,False,SRC-CENSUS-001,mrtssales92-present.xlsx,2012
2013-01-01,clothing,Clothing & Accessories,448,Clothing and Clothing Accessories Stores,Clothing and clothing access. stores,14800,reported,False,SRC-CENSUS-001,mrtssales92-present.xlsx,2013
2013-02-01,clothing,Clothing & Accessories,448,Clothing and Clothing Accessories Stores,Clothing and clothing access. stores,16971,reported,False,SRC-CENSUS-001,mrtssales92-present.xlsx,2013
2013-03-01,clothing,Clothing & Accessories,448,Clothing and Clothing Accessories Stores,Clothing and clothing access. stores,20125,reported,False,SRC-CENSUS-001,mrtssales92-present.xlsx,2013
2013-04-01,clothing,Clothing & Accessories,448,Clothing and Clothing Accessories Stores,Clothing and clothing access. stores,18758,reported,False,SRC-CENSUS-001,mrtssales92-present.xlsx,2013
2013-05-01,clothing,Clothing & Accessories,448,Clothing and Clothing Accessories Stores,Clothing and clothing access. stores,20319,reported,False,SRC-CENSUS-001,mrtssales92-present.xlsx,2013
2013-06-01,clothing,Clothing & Accessories,448,Clothing and Clothing Accessories Stores,Clothing and clothing access. stores,18519,reported,False,SRC-CENSUS-001,mrtssales92-present.xlsx,2013
2013-07-01,clothing,Clothing & Accessories,448,Clothing and Clothing Accessories Stores,Clothing and clothing access. stores,18764,reported,False,SRC-CENSUS-001,mrtssales92-present.xlsx,2013
2013-08-01,clothing,Clothing & Accessories,448,Clothing and Clothing Accessories Stores,Clothing and clothing access. stores,21102,reported,False,SRC-CENSUS-001,mrtssales92-present.xlsx,2013
2013-09-01,clothing,Clothing & Accessories,448,Clothing and Clothing Accessories Stores,Clothing and clothing access. stores,17713,reported,False,SRC-CENSUS-001,mrtssales92-present.xlsx,2013
2013-10-01,clothing,Clothing & Accessories,448,Clothing and Clothing Accessories Stores,Clothing and clothing access. stores,19427,reported,False,SRC-CENSUS-001,mrtssales92-present.xlsx,2013
2013-11-01,clothing,Clothing & Accessories,448,Clothing and Clothing Accessories Stores,Clothing and clothing access. stores,21950,reported,False,SRC-CENSUS-001,mrtssales92-present.xlsx,2013
2013-12-01,clothing,Clothing & Accessories,448,Clothing and Clothing Accessories Stores,Clothing and clothing access. stores,30821,reported,False,SRC-CENSUS-001,mrtssales92-present.xlsx,2013
2014-01-01,clothing,Clothing & Accessories,448,Clothing and Clothing Accessories Stores,Clothing and clothing access. stores,14828,reported,False,SRC-CENSUS-001,mrtssales92-present.xlsx,2014
2014-02-01,clothing,Clothing & Accessories,448,Clothing and Clothing Accessories Stores,Clothing and clothing access. stores,17106,reported,False,SRC-CENSUS-001,mrtssales92-present.xlsx,2014
2014-03-01,clothing,Clothing & Accessories,448,Clothing and Clothing Accessories Stores,Clothing and clothing access. stores,19639,reported,False,SRC-CENSUS-001,mrtssales92-present.xlsx,2014
2014-04-01,clothing,Clothing & Accessories,448,Clothing and Clothing Accessories Stores,Clothing and clothing access. stores,19889,reported,False,SRC-CENSUS-001,mrtssales92-present.xlsx,2014
2014-05-01,clothing,Clothing & Accessories,448,Clothing and Clothing Accessories Stores,Clothing and clothing access. stores,21094,reported,False,SRC-CENSUS-001,mrtssales92-present.xlsx,2014
2014-06-01,clothing,Clothing & Accessories,448,Clothing and Clothing Accessories Stores,Clothing and clothing access. stores,18536,reported,False,SRC-CENSUS-001,mrtssales92-present.xlsx,2014
2014-07-01,clothing,Clothing & Accessories,448,Clothing and Clothing Accessories Stores,Clothing and clothing access. stores,19413,reported,False,SRC-CENSUS-001,mrtssales92-present.xlsx,2014
2014-08-01,clothing,Clothing & Accessories,448,Clothing and Clothing Accessories Stores,Clothing and clothing access. stores,21528,reported,False,SRC-CENSUS-001,mrtssales92-present.xlsx,2014
2014-09-01,clothing,Clothing & Accessories,448,Clothing and Clothing Accessories Stores,Clothing and clothing access. stores,18243,reported,False,SRC-CENSUS-001,mrtssales92-present.xlsx,2014
2014-10-01,clothing,Clothing & Accessories,448,Clothing and Clothing Accessories Stores,Clothing and clothing access. stores,19790,reported,False,SRC-CENSUS-001,mrtssales92-present.xlsx,2014
2014-11-01,clothing,Clothing & Accessories,448,Clothing and Clothing Accessories Stores,Clothing and clothing access. stores,22985,reported,False,SRC-CENSUS-001,mrtssales92-present.xlsx,2014
2014-12-01,clothing,Clothing & Accessories,448,Clothing and Clothing Accessories Stores,Clothing and clothing access. stores,31870,reported,False,SRC-CENSUS-001,mrtssales92-present.xlsx,2014
2015-01-01,clothing,Clothing & Accessories,448,Clothing and Clothing Accessories Stores,Clothing and clothing access. stores,15417,reported,False,SRC-CENSUS-001,mrtssales92-present.xlsx,2015
2015-02-01,clothing,Clothing & Accessories,448,Clothing and Clothing Accessories Stores,Clothing and clothing access. stores,17593,reported,False,SRC-CENSUS-001,mrtssales92-present.xlsx,2015
2015-03-01,clothing,Clothing & Accessories,448,Clothing and Clothing Accessories Stores,Clothing and clothing access. stores,20293,reported,False,SRC-CENSUS-001,mrtssales92-present.xlsx,2015
2015-04-01,clothing,Clothing & Accessories,448,Clothing and Clothing Accessories Stores,Clothing and clothing access. stores,19952,reported,False,SRC-CENSUS-001,mrtssales92-present.xlsx,2015
2015-05-01,clothing,Clothing & Accessories,448,Clothing and Clothing Accessories Stores,Clothing and clothing access. stores,21665,reported,False,SRC-CENSUS-001,mrtssales92-present.xlsx,2015
2015-06-01,clothing,Clothing & Accessories,448,Clothing and Clothing Accessories Stores,Clothing and clothing access. stores,19252,reported,False,SRC-CENSUS-001,mrtssales92-present.xlsx,2015
2015-07-01,clothing,Clothing & Accessories,448,Clothing and Clothing Accessories Stores,Clothing and clothing access. stores,20158,reported,False,SRC-CENSUS-001,mrtssales92-present.xlsx,2015
2015-08-01,clothing,Clothing & Accessories,448,Clothing and Clothing Accessories Stores,Clothing and clothing access. stores,21884,reported,False,SRC-CENSUS-001,mrtssales92-present.xlsx,2015
2015-09-01,clothing,Clothing & Accessories,448,Clothing and Clothing Accessories Stores,Clothing and clothing access. stores,18769,reported,False,SRC-CENSUS-001,mrtssales92-present.xlsx,2015
2015-10-01,clothing,Clothing & Accessories,448,Clothing and Clothing Accessories Stores,Clothing and clothing access. stores,20263,reported,False,SRC-CENSUS-001,mrtssales92-present.xlsx,2015
2015-11-01,clothing,Clothing & Accessories,448,Clothing and Clothing Accessories Stores,Clothing and clothing access. stores,22575,reported,False,SRC-CENSUS-001,mrtssales92-present.xlsx,2015
2015-12-01,clothing,Clothing & Accessories,448,Clothing and Clothing Accessories Stores,Clothing and clothing access. stores,32614,reported,False,SRC-CENSUS-001,mrtssales92-present.xlsx,2015
2016-01-01,clothing,Clothing & Accessories,448,Clothing and Clothing Accessories Stores,Clothing and clothing access. stores,15322,reported,False,SRC-CENSUS-001,mrtssales92-present.xlsx,2016
2016-02-01,clothing,Clothing & Accessories,448,Clothing and Clothing Accessories Stores,Clothing and clothing access. stores,18486,reported,False,SRC-CENSUS-001,mrtssales92-present.xlsx,2016
2016-03-01,clothing,Clothing & Accessories,448,Clothing and Clothing Accessories Stores,Clothing and clothing access. stores,20997,reported,False,SRC-CENSUS-001,mrtssales92-present.xlsx,2016
2016-04-01,clothing,Clothing & Accessories,448,Clothing and Clothing Accessories Stores,Clothing and clothing access. stores,19951,reported,False,SRC-CENSUS-001,mrtssales92-present.xlsx,2016
2016-05-01,clothing,Clothing & Accessories,448,Clothing and Clothing Accessories Stores,Clothing and clothing access. stores,21165,reported,False,SRC-CENSUS-001,mrtssales92-present.xlsx,2016
2016-06-01,clothing,Clothing & Accessories,448,Clothing and Clothing Accessories Stores,Clothing and clothing access. stores,19723,reported,False,SRC-CENSUS-001,mrtssales92-present.xlsx,2016
2016-07-01,clothing,Clothing & Accessories,448,Clothing and Clothing Accessories Stores,Clothing and clothing access. stores,20233,reported,False,SRC-CENSUS-001,mrtssales92-present.xlsx,2016
2016-08-01,clothing,Clothing & Accessories,448,Clothing and Clothing Accessories Stores,Clothing and clothing access. stores,21918,reported,False,SRC-CENSUS-001,mrtssales92-present.xlsx,2016
2016-09-01,clothing,Clothing & Accessories,448,Clothing and Clothing Accessories Stores,Clothing and clothing access. stores,19391,reported,False,SRC-CENSUS-001,mrtssales92-present.xlsx,2016
2016-10-01,clothing,Clothing & Accessories,448,Clothing and Clothing Accessories Stores,Clothing and clothing access. stores,20105,reported,False,SRC-CENSUS-001,mrtssales92-present.xlsx,2016
2016-11-01,clothing,Clothing & Accessories,448,Clothing and Clothing Accessories Stores,Clothing and clothing access. stores,23176,reported,False,SRC-CENSUS-001,mrtssales92-present.xlsx,2016
2016-12-01,clothing,Clothing & Accessories,448,Clothing and Clothing Accessories Stores,Clothing and clothing access. stores,33817,reported,False,SRC-CENSUS-001,mrtssales92-present.xlsx,2016
2017-01-01,clothing,Clothing & Accessories,448,Clothing and Clothing Accessories Stores,Clothing and clothing access. stores,15473,reported,False,SRC-CENSUS-001,mrtssales92-present.xlsx,2017
2017-02-01,clothing,Clothing & Accessories,448,Clothing and Clothing Accessories Stores,Clothing and clothing access. stores,17538,reported,False,SRC-CENSUS-001,mrtssales92-present.xlsx,2017
2017-03-01,clothing,Clothing & Accessories,448,Clothing and Clothing Accessories Stores,Clothing and clothing access. stores,20800,reported,False,SRC-CENSUS-001,mrtssales92-present.xlsx,2017
2017-04-01,clothing,Clothing & Accessories,448,Clothing and Clothing Accessories Stores,Clothing and clothing access. stores,20625,reported,False,SRC-CENSUS-001,mrtssales92-present.xlsx,2017
2017-05-01,clothing,Clothing & Accessories,448,Clothing and Clothing Accessories Stores,Clothing and clothing access. stores,21384,reported,False,SRC-CENSUS-001,mrtssales92-present.xlsx,2017
2017-06-01,clothing,Clothing & Accessories,448,Clothing and Clothing Accessories Stores,Clothing and clothing access. stores,20092,reported,False,SRC-CENSUS-001,mrtssales92-present.xlsx,2017
2017-07-01,clothing,Clothing & Accessories,448,Clothing and Clothing Accessories Stores,Clothing and clothing access. stores,20273,reported,False,SRC-CENSUS-001,mrtssales92-present.xlsx,2017
2017-08-01,clothing,Clothing & Accessories,448,Clothing and Clothing Accessories Stores,Clothing and clothing access. stores,22200,reported,False,SRC-CENSUS-001,mrtssales92-present.xlsx,2017
2017-09-01,clothing,Clothing & Accessories,448,Clothing and Clothing Accessories Stores,Clothing and clothing access. stores,19381,reported,False,SRC-CENSUS-001,mrtssales92-present.xlsx,2017
2017-10-01,clothing,Clothing & Accessories,448,Clothing and Clothing Accessories Stores,Clothing and clothing access. stores,19926,reported,False,SRC-CENSUS-001,mrtssales92-present.xlsx,2017
2017-11-01,clothing,Clothing & Accessories,448,Clothing and Clothing Accessories Stores,Clothing and clothing access. stores,23911,reported,False,SRC-CENSUS-001,mrtssales92-present.xlsx,2017
2017-12-01,clothing,Clothing & Accessories,448,Clothing and Clothing Accessories Stores,Clothing and clothing access. stores,32958,reported,False,SRC-CENSUS-001,mrtssales92-present.xlsx,2017
2018-01-01,clothing,Clothing & Accessories,448,Clothing and Clothing Accessories Stores,Clothing and clothing access. stores,15316,reported,False,SRC-CENSUS-001,mrtssales92-present.xlsx,2018
2018-02-01,clothing,Clothing & Accessories,448,Clothing and Clothing Accessories Stores,Clothing and clothing access. stores,17879,reported,False,SRC-CENSUS-001,mrtssales92-present.xlsx,2018
2018-03-01,clothing,Clothing & Accessories,448,Clothing and Clothing Accessories Stores,Clothing and clothing access. stores,21580,reported,False,SRC-CENSUS-001,mrtssales92-present.xlsx,2018
2018-04-01,clothing,Clothing & Accessories,448,Clothing and Clothing Accessories Stores,Clothing and clothing access. stores,19853,reported,False,SRC-CENSUS-001,mrtssales92-present.xlsx,2018
2018-05-01,clothing,Clothing & Accessories,448,Clothing and Clothing Accessories Stores,Clothing and clothing access. stores,22952,reported,False,SRC-CENSUS-001,mrtssales92-present.xlsx,2018
2018-06-01,clothing,Clothing & Accessories,448,Clothing and Clothing Accessories Stores,Clothing and clothing access. stores,20703,reported,False,SRC-CENSUS-001,mrtssales92-present.xlsx,2018
2018-07-01,clothing,Clothing & Accessories,448,Clothing and Clothing Accessories Stores,Clothing and clothing access. stores,21067,reported,False,SRC-CENSUS-001,mrtssales92-present.xlsx,2018
2018-08-01,clothing,Clothing & Accessories,448,Clothing and Clothing Accessories Stores,Clothing and clothing access. stores,22457,reported,False,SRC-CENSUS-001,mrtssales92-present.xlsx,2018
2018-09-01,clothing,Clothing & Accessories,448,Clothing and Clothing Accessories Stores,Clothing and clothing access. stores,19227,reported,False,SRC-CENSUS-001,mrtssales92-present.xlsx,2018
2018-10-01,clothing,Clothing & Accessories,448,Clothing and Clothing Accessories Stores,Clothing and clothing access. stores,20599,reported,False,SRC-CENSUS-001,mrtssales92-present.xlsx,2018
2018-11-01,clothing,Clothing & Accessories,448,Clothing and Clothing Accessories Stores,Clothing and clothing access. stores,24658,reported,False,SRC-CENSUS-001,mrtssales92-present.xlsx,2018
2018-12-01,clothing,Clothing & Accessories,448,Clothing and Clothing Accessories Stores,Clothing and clothing access. stores,33074,reported,False,SRC-CENSUS-001,mrtssales92-present.xlsx,2018
2019-01-01,clothing,Clothing & Accessories,448,Clothing and Clothing Accessories Stores,Clothing and clothing access. stores,15709,reported,False,SRC-CENSUS-001,mrtssales92-present.xlsx,2019
2019-02-01,clothing,Clothing & Accessories,448,Clothing and Clothing Accessories Stores,Clothing and clothing access. stores,17456,reported,False,SRC-CENSUS-001,mrtssales92-present.xlsx,2019
2019-03-01,clothing,Clothing & Accessories,448,Clothing and Clothing Accessories Stores,Clothing and clothing access. stores,21468,reported,False,SRC-CENSUS-001,mrtssales92-present.xlsx,2019
2019-04-01,clothing,Clothing & Accessories,448,Clothing and Clothing Accessories Stores,Clothing and clothing access. stores,20864,reported,False,SRC-CENSUS-001,mrtssales92-present.xlsx,2019
2019-05-01,clothing,Clothing & Accessories,448,Clothing and Clothing Accessories Stores,Clothing and clothing access. stores,22443,reported,False,SRC-CENSUS-001,mrtssales92-present.xlsx,2019
2019-06-01,clothing,Clothing & Accessories,448,Clothing and Clothing Accessories Stores,Clothing and clothing access. stores,20537,reported,False,SRC-CENSUS-001,mrtssales92-present.xlsx,2019
2019-07-01,clothing,Clothing & Accessories,448,Clothing and Clothing Accessories Stores,Clothing and clothing access. stores,21128,reported,False,SRC-CENSUS-001,mrtssales92-present.xlsx,2019
2019-08-01,clothing,Clothing & Accessories,448,Clothing and Clothing Accessories Stores,Clothing and clothing access. stores,23201,reported,False,SRC-CENSUS-001,mrtssales92-present.xlsx,2019
2019-09-01,clothing,Clothing & Accessories,448,Clothing and Clothing Accessories Stores,Clothing and clothing access. stores,19018,reported,False,SRC-CENSUS-001,mrtssales92-present.xlsx,2019
2019-10-01,clothing,Clothing & Accessories,448,Clothing and Clothing Accessories Stores,Clothing and clothing access. stores,20828,reported,False,SRC-CENSUS-001,mrtssales92-present.xlsx,2019
2019-11-01,clothing,Clothing & Accessories,448,Clothing and Clothing Accessories Stores,Clothing and clothing access. stores,24454,reported,False,SRC-CENSUS-001,mrtssales92-present.xlsx,2019
2019-12-01,clothing,Clothing & Accessories,448,Clothing and Clothing Accessories Stores,Clothing and clothing access. stores,34163,reported,False,SRC-CENSUS-001,mrtssales92-present.xlsx,2019
2020-01-01,clothing,Clothing & Accessories,448,Clothing and Clothing Accessories Stores,Clothing and clothing access. stores,16314,reported,False,SRC-CENSUS-001,mrtssales92-present.xlsx,2020
2020-02-01,clothing,Clothing & Accessories,448,Clothing and Clothing Accessories Stores,Clothing and clothing access. stores,18587,reported,False,SRC-CENSUS-001,mrtssales92-present.xlsx,2020
2020-03-01,clothing,Clothing & Accessories,448,Clothing and Clothing Accessories Stores,Clothing and clothing access. stores,10614,reported,False,SRC-CENSUS-001,mrtssales92-present.xlsx,2020
2020-04-01,clothing,Clothing & Accessories,448,Clothing and Clothing Accessories Stores,Clothing and clothing access. stores,2631,reported,False,SRC-CENSUS-001,mrtssales92-present.xlsx,2020
2020-05-01,clothing,Clothing & Accessories,448,Clothing and Clothing Accessories Stores,Clothing and clothing access. stores,8403,reported,False,SRC-CENSUS-001,mrtssales92-present.xlsx,2020
2020-06-01,clothing,Clothing & Accessories,448,Clothing and Clothing Accessories Stores,Clothing and clothing access. stores,15756,reported,False,SRC-CENSUS-001,mrtssales92-present.xlsx,2020
2020-07-01,clothing,Clothing & Accessories,448,Clothing and Clothing Accessories Stores,Clothing and clothing access. stores,17056,reported,False,SRC-CENSUS-001,mrtssales92-present.xlsx,2020
2020-08-01,clothing,Clothing & Accessories,448,Clothing and Clothing Accessories Stores,Clothing and clothing access. stores,18045,reported,False,SRC-CENSUS-001,mrtssales92-present.xlsx,2020
2020-09-01,clothing,Clothing & Accessories,448,Clothing and Clothing Accessories Stores,Clothing and clothing access. stores,17845,reported,False,SRC-CENSUS-001,mrtssales92-present.xlsx,2020
2020-10-01,clothing,Clothing & Accessories,448,Clothing and Clothing Accessories Stores,Clothing and clothing access. stores,19047,reported,False,SRC-CENSUS-001,mrtssales92-present.xlsx,2020
2020-11-01,clothing,Clothing & Accessories,448,Clothing and Clothing Accessories Stores,Clothing and clothing access. stores,20197,reported,False,SRC-CENSUS-001,mrtssales92-present.xlsx,2020
2020-12-01,clothing,Clothing & Accessories,448,Clothing and Clothing Accessories Stores,Clothing and clothing access. stores,30425,reported,False,SRC-CENSUS-001,mrtssales92-present.xlsx,2020
2021-01-01,clothing,Clothing & Accessories,448,Clothing and Clothing Accessories Stores,Clothing and clothing access. stores,14864,reported,False,SRC-CENSUS-001,mrtssales92-present.xlsx,2021
2021-02-01,clothing,Clothing & Accessories,448,Clothing and Clothing Accessories Stores,Clothing and clothing access. stores,15471,reported,False,SRC-CENSUS-001,mrtssales92-present.xlsx,2021
2021-03-01,clothing,Clothing & Accessories,448,Clothing and Clothing Accessories Stores,Clothing and clothing access. stores,22898,reported,False,SRC-CENSUS-001,mrtssales92-present.xlsx,2021
2021-04-01,clothing,Clothing & Accessories,448,Clothing and Clothing Accessories Stores,Clothing and clothing access. stores,22386,reported,False,SRC-CENSUS-001,mrtssales92-present.xlsx,2021
2021-05-01,clothing,Clothing & Accessories,448,Clothing and Clothing Accessories Stores,Clothing and clothing access. stores,24962,reported,False,SRC-CENSUS-001,mrtssales92-present.xlsx,2021
2021-06-01,clothing,Clothing & Accessories,448,Clothing and Clothing Accessories Stores,Clothing and clothing access. stores,23705,reported,False,SRC-CENSUS-001,mrtssales92-present.xlsx,2021
2021-07-01,clothing,Clothing & Accessories,448,Clothing and Clothing Accessories Stores,Clothing and clothing access. stores,24315,reported,False,SRC-CENSUS-001,mrtssales92-present.xlsx,2021
2021-08-01,clothing,Clothing & Accessories,448,Clothing and Clothing Accessories Stores,Clothing and clothing access. stores,24108,reported,False,SRC-CENSUS-001,mrtssales92-present.xlsx,2021
2021-09-01,clothing,Clothing & Accessories,448,Clothing and Clothing Accessories Stores,Clothing and clothing access. stores,21703,reported,False,SRC-CENSUS-001,mrtssales92-present.xlsx,2021
2021-10-01,clothing,Clothing & Accessories,448,Clothing and Clothing Accessories Stores,Clothing and clothing access. stores,23350,reported,False,SRC-CENSUS-001,mrtssales92-present.xlsx,2021
2021-11-01,clothing,Clothing & Accessories,448,Clothing and Clothing Accessories Stores,Clothing and clothing access. stores,27451,reported,False,SRC-CENSUS-001,mrtssales92-present.xlsx,2021
2021-12-01,clothing,Clothing & Accessories,448,Clothing and Clothing Accessories Stores,Clothing and clothing access. stores,37490,reported,False,SRC-CENSUS-001,mrtssales92-present.xlsx,2021
2022-01-01,clothing,Clothing & Accessories,448,Clothing and Clothing Accessories Stores,Clothing and clothing access. stores,17137,reported,False,SRC-CENSUS-001,mrtssales92-present.xlsx,2022
2022-02-01,clothing,Clothing & Accessories,448,Clothing and Clothing Accessories Stores,Clothing and clothing access. stores,19345,reported,False,SRC-CENSUS-001,mrtssales92-present.xlsx,2022
2022-03-01,clothing,Clothing & Accessories,448,Clothing and Clothing Accessories Stores,Clothing and clothing access. stores,24310,reported,False,SRC-CENSUS-001,mrtssales92-present.xlsx,2022
2022-04-01,clothing,Clothing & Accessories,448,Clothing and Clothing Accessories Stores,Clothing and clothing access. stores,24428,reported,False,SRC-CENSUS-001,mrtssales92-present.xlsx,2022
2022-05-01,clothing,Clothing & Accessories,448,Clothing and Clothing Accessories Stores,Clothing and clothing access. stores,25313,reported,False,SRC-CENSUS-001,mrtssales92-present.xlsx,2022
2022-06-01,clothing,Clothing & Accessories,448,Clothing and Clothing Accessories Stores,Clothing and clothing access. stores,23552,reported,False,SRC-CENSUS-001,mrtssales92-present.xlsx,2022
2022-07-01,clothing,Clothing & Accessories,448,Clothing and Clothing Accessories Stores,Clothing and clothing access. stores,23733,reported,False,SRC-CENSUS-001,mrtssales92-present.xlsx,2022
2022-08-01,clothing,Clothing & Accessories,448,Clothing and Clothing Accessories Stores,Clothing and clothing access. stores,24772,reported,False,SRC-CENSUS-001,mrtssales92-present.xlsx,2022
2022-09-01,clothing,Clothing & Accessories,448,Clothing and Clothing Accessories Stores,Clothing and clothing access. stores,22359,reported,False,SRC-CENSUS-001,mrtssales92-present.xlsx,2022
2022-10-01,clothing,Clothing & Accessories,448,Clothing and Clothing Accessories Stores,Clothing and clothing access. stores,23409,reported,False,SRC-CENSUS-001,mrtssales92-present.xlsx,2022
2022-11-01,clothing,Clothing & Accessories,448,Clothing and Clothing Accessories Stores,Clothing and clothing access. stores,27000,reported,False,SRC-CENSUS-001,mrtssales92-present.xlsx,2022
2022-12-01,clothing,Clothing & Accessories,448,Clothing and Clothing Accessories Stores,Clothing and clothing access. stores,37932,reported,False,SRC-CENSUS-001,mrtssales92-present.xlsx,2022
2023-01-01,clothing,Clothing & Accessories,448,Clothing and Clothing Accessories Stores,Clothing and clothing access. stores,18427,reported,False,SRC-CENSUS-001,mrtssales92-present.xlsx,2023
2023-02-01,clothing,Clothing & Accessories,448,Clothing and Clothing Accessories Stores,Clothing and clothing access. stores,19902,reported,False,SRC-CENSUS-001,mrtssales92-present.xlsx,2023
2023-03-01,clothing,Clothing & Accessories,448,Clothing and Clothing Accessories Stores,Clothing and clothing access. stores,23641,reported,False,SRC-CENSUS-001,mrtssales92-present.xlsx,2023
2023-04-01,clothing,Clothing & Accessories,448,Clothing and Clothing Accessories Stores,Clothing and clothing access. stores,23422,reported,False,SRC-CENSUS-001,mrtssales92-present.xlsx,2023
2023-05-01,clothing,Clothing & Accessories,448,Clothing and Clothing Accessories Stores,Clothing and clothing access. stores,25160,reported,False,SRC-CENSUS-001,mrtssales92-present.xlsx,2023
2023-06-01,clothing,Clothing & Accessories,448,Clothing and Clothing Accessories Stores,Clothing and clothing access. stores,23528,reported,False,SRC-CENSUS-001,mrtssales92-present.xlsx,2023
2023-07-01,clothing,Clothing & Accessories,448,Clothing and Clothing Accessories Stores,Clothing and clothing access. stores,24075,reported,False,SRC-CENSUS-001,mrtssales92-present.xlsx,2023
2023-08-01,clothing,Clothing & Accessories,448,Clothing and Clothing Accessories Stores,Clothing and clothing access. stores,25772,reported,False,SRC-CENSUS-001,mrtssales92-present.xlsx,2023
2023-09-01,clothing,Clothing & Accessories,448,Clothing and Clothing Accessories Stores,Clothing and clothing access. stores,22573,reported,False,SRC-CENSUS-001,mrtssales92-present.xlsx,2023
2023-10-01,clothing,Clothing & Accessories,448,Clothing and Clothing Accessories Stores,Clothing and clothing access. stores,23143,reported,False,SRC-CENSUS-001,mrtssales92-present.xlsx,2023
2023-11-01,clothing,Clothing & Accessories,448,Clothing and Clothing Accessories Stores,Clothing and clothing access. stores,27490,reported,False,SRC-CENSUS-001,mrtssales92-present.xlsx,2023
2023-12-01,clothing,Clothing & Accessories,448,Clothing and Clothing Accessories Stores,Clothing and clothing access. stores,39318,reported,False,SRC-CENSUS-001,mrtssales92-present.xlsx,2023
2024-01-01,clothing,Clothing & Accessories,448,Clothing and Clothing Accessories Stores,Clothing and clothing access. stores,18472,reported,False,SRC-CENSUS-001,mrtssales92-present.xlsx,2024
2024-02-01,clothing,Clothing & Accessories,448,Clothing and Clothing Accessories Stores,Clothing and clothing access. stores,21169,reported,False,SRC-CENSUS-001,mrtssales92-present.xlsx,2024
2024-03-01,clothing,Clothing & Accessories,448,Clothing and Clothing Accessories Stores,Clothing and clothing access. stores,24109,reported,False,SRC-CENSUS-001,mrtssales92-present.xlsx,2024
2024-04-01,clothing,Clothing & Accessories,448,Clothing and Clothing Accessories Stores,Clothing and clothing access. stores,23150,reported,False,SRC-CENSUS-001,mrtssales92-present.xlsx,2024
2024-05-01,clothing,Clothing & Accessories,448,Clothing and Clothing Accessories Stores,Clothing and clothing access. stores,26511,reported,False,SRC-CENSUS-001,mrtssales92-present.xlsx,2024
2024-06-01,clothing,Clothing & Accessories,448,Clothing and Clothing Accessories Stores,Clothing and clothing access. stores,24285,reported,False,SRC-CENSUS-001,mrtssales92-present.xlsx,2024
2024-07-01,clothing,Clothing & Accessories,448,Clothing and Clothing Accessories Stores,Clothing and clothing access. stores,24575,reported,False,SRC-CENSUS-001,mrtssales92-present.xlsx,2024
2024-08-01,clothing,Clothing & Accessories,448,Clothing and Clothing Accessories Stores,Clothing and clothing access. stores,26262,reported,False,SRC-CENSUS-001,mrtssales92-present.xlsx,2024
2024-09-01,clothing,Clothing & Accessories,448,Clothing and Clothing Accessories Stores,Clothing and clothing access. stores,22259,reported,False,SRC-CENSUS-001,mrtssales92-present.xlsx,2024
2024-10-01,clothing,Clothing & Accessories,448,Clothing and Clothing Accessories Stores,Clothing and clothing access. stores,24359,reported,False,SRC-CENSUS-001,mrtssales92-present.xlsx,2024
2024-11-01,clothing,Clothing & Accessories,448,Clothing and Clothing Accessories Stores,Clothing and clothing access. stores,28716,reported,False,SRC-CENSUS-001,mrtssales92-present.xlsx,2024
2024-12-01,clothing,Clothing & Accessories,448,Clothing and Clothing Accessories Stores,Clothing and clothing access. stores,39876,reported,False,SRC-CENSUS-001,mrtssales92-present.xlsx,2024
2025-01-01,clothing,Clothing & Accessories,448,Clothing and Clothing Accessories Stores,Clothing and clothing access. stores,19461,reported,False,SRC-CENSUS-001,mrtssales92-present.xlsx,2025
2025-02-01,clothing,Clothing & Accessories,448,Clothing and Clothing Accessories Stores,Clothing and clothing access. stores,20653,reported,False,SRC-CENSUS-001,mrtssales92-present.xlsx,2025
2025-03-01,clothing,Clothing & Accessories,448,Clothing and Clothing Accessories Stores,Clothing and clothing access. stores,24941,reported,False,SRC-CENSUS-001,mrtssales92-present.xlsx,2025
2025-04-01,clothing,Clothing & Accessories,448,Clothing and Clothing Accessories Stores,Clothing and clothing access. stores,24739,reported,False,SRC-CENSUS-001,mrtssales92-present.xlsx,2025
2025-05-01,clothing,Clothing & Accessories,448,Clothing and Clothing Accessories Stores,Clothing and clothing access. stores,27920,reported,False,SRC-CENSUS-001,mrtssales92-present.xlsx,2025
2025-06-01,clothing,Clothing & Accessories,448,Clothing and Clothing Accessories Stores,Clothing and clothing access. stores,24976,reported,False,SRC-CENSUS-001,mrtssales92-present.xlsx,2025
2025-07-01,clothing,Clothing & Accessories,448,Clothing and Clothing Accessories Stores,Clothing and clothing access. stores,26670,reported,False,SRC-CENSUS-001,mrtssales92-present.xlsx,2025
2025-08-01,clothing,Clothing & Accessories,448,Clothing and Clothing Accessories Stores,Clothing and clothing access. stores,28215,reported,False,SRC-CENSUS-001,mrtssales92-present.xlsx,2025
2025-09-01,clothing,Clothing & Accessories,448,Clothing and Clothing Accessories Stores,Clothing and clothing access. stores,23868,reported,False,SRC-CENSUS-001,mrtssales92-present.xlsx,2025
2025-10-01,clothing,Clothing & Accessories,448,Clothing and Clothing Accessories Stores,Clothing and clothing access. stores,26124,reported,False,SRC-CENSUS-001,mrtssales92-present.xlsx,2025
2025-11-01,clothing,Clothing & Accessories,448,Clothing and Clothing Accessories Stores,Clothing and clothing access. stores,30762,reported,False,SRC-CENSUS-001,mrtssales92-present.xlsx,2025
2025-12-01,clothing,Clothing & Accessories,448,Clothing and Clothing Accessories Stores,Clothing and clothing access. stores,41920,reported,False,SRC-CENSUS-001,mrtssales92-present.xlsx,2025
2026-01-01,clothing,Clothing & Accessories,448,Clothing and Clothing Accessories Stores,Clothing and clothing access. stores,20522,reported,False,SRC-CENSUS-001,mrtssales92-present.xlsx,2026
2026-02-01,clothing,Clothing & Accessories,448,Clothing and Clothing Accessories Stores,Clothing and clothing access. stores,22418,reported,False,SRC-CENSUS-001,mrtssales92-present.xlsx,2026
2026-03-01,clothing,Clothing & Accessories,448,Clothing and Clothing Accessories Stores,Clothing and clothing access. stores,26690,reported,False,SRC-CENSUS-001,mrtssales92-present.xlsx,2026
2026-04-01,clothing,Clothing & Accessories,448,Clothing and Clothing Accessories Stores,Clothing and clothing access. stores,25869,reported,False,SRC-CENSUS-001,mrtssales92-present.xlsx,2026
2026-05-01,clothing,Clothing & Accessories,448,Clothing and Clothing Accessories Stores,Clothing and clothing access. stores,29282,reported,False,SRC-CENSUS-001,mrtssales92-present.xlsx,2026
2026-06-01,clothing,Clothing & Accessories,448,Clothing and Clothing Accessories Stores,Clothing and clothing access. stores,26291,reported,True,SRC-CENSUS-001,mrtssales92-present.xlsx,2026
1992-01-01,electronics,Electronics,443,Electronics and Appliance Stores,Electronics and appliance stores,3560,reported,False,SRC-CENSUS-001,mrtssales92-present.xlsx,1992
1992-02-01,electronics,Electronics,443,Electronics and Appliance Stores,Electronics and appliance stores,3396,reported,False,SRC-CENSUS-001,mrtssales92-present.xlsx,1992
1992-03-01,electronics,Electronics,443,Electronics and Appliance Stores,Electronics and appliance stores,3554,reported,False,SRC-CENSUS-001,mrtssales92-present.xlsx,1992
1992-04-01,electronics,Electronics,443,Electronics and Appliance Stores,Electronics and appliance stores,3394,reported,False,SRC-CENSUS-001,mrtssales92-present.xlsx,1992
1992-05-01,electronics,Electronics,443,Electronics and Appliance Stores,Electronics and appliance stores,3430,reported,False,SRC-CENSUS-001,mrtssales92-present.xlsx,1992
1992-06-01,electronics,Electronics,443,Electronics and Appliance Stores,Electronics and appliance stores,3612,reported,False,SRC-CENSUS-001,mrtssales92-present.xlsx,1992
1992-07-01,electronics,Electronics,443,Electronics and Appliance Stores,Electronics and appliance stores,3753,reported,False,SRC-CENSUS-001,mrtssales92-present.xlsx,1992
1992-08-01,electronics,Electronics,443,Electronics and Appliance Stores,Electronics and appliance stores,3655,reported,False,SRC-CENSUS-001,mrtssales92-present.xlsx,1992
1992-09-01,electronics,Electronics,443,Electronics and Appliance Stores,Electronics and appliance stores,3660,reported,False,SRC-CENSUS-001,mrtssales92-present.xlsx,1992
1992-10-01,electronics,Electronics,443,Electronics and Appliance Stores,Electronics and appliance stores,3866,reported,False,SRC-CENSUS-001,mrtssales92-present.xlsx,1992
1992-11-01,electronics,Electronics,443,Electronics and Appliance Stores,Electronics and appliance stores,4289,reported,False,SRC-CENSUS-001,mrtssales92-present.xlsx,1992
1992-12-01,electronics,Electronics,443,Electronics and Appliance Stores,Electronics and appliance stores,6974,reported,False,SRC-CENSUS-001,mrtssales92-present.xlsx,1992
1993-01-01,electronics,Electronics,443,Electronics and Appliance Stores,Electronics and appliance stores,4016,reported,False,SRC-CENSUS-001,mrtssales92-present.xlsx,1993
1993-02-01,electronics,Electronics,443,Electronics and Appliance Stores,Electronics and appliance stores,3648,reported,False,SRC-CENSUS-001,mrtssales92-present.xlsx,1993
1993-03-01,electronics,Electronics,443,Electronics and Appliance Stores,Electronics and appliance stores,4056,reported,False,SRC-CENSUS-001,mrtssales92-present.xlsx,1993
1993-04-01,electronics,Electronics,443,Electronics and Appliance Stores,Electronics and appliance stores,3838,reported,False,SRC-CENSUS-001,mrtssales92-present.xlsx,1993
1993-05-01,electronics,Electronics,443,Electronics and Appliance Stores,Electronics and appliance stores,3875,reported,False,SRC-CENSUS-001,mrtssales92-present.xlsx,1993
1993-06-01,electronics,Electronics,443,Electronics and Appliance Stores,Electronics and appliance stores,4161,reported,False,SRC-CENSUS-001,mrtssales92-present.xlsx,1993
1993-07-01,electronics,Electronics,443,Electronics and Appliance Stores,Electronics and appliance stores,4212,reported,False,SRC-CENSUS-001,mrtssales92-present.xlsx,1993
1993-08-01,electronics,Electronics,443,Electronics and Appliance Stores,Electronics and appliance stores,4219,reported,False,SRC-CENSUS-001,mrtssales92-present.xlsx,1993
1993-09-01,electronics,Electronics,443,Electronics and Appliance Stores,Electronics and appliance stores,4245,reported,False,SRC-CENSUS-001,mrtssales92-present.xlsx,1993
1993-10-01,electronics,Electronics,443,Electronics and Appliance Stores,Electronics and appliance stores,4291,reported,False,SRC-CENSUS-001,mrtssales92-present.xlsx,1993
1993-11-01,electronics,Electronics,443,Electronics and Appliance Stores,Electronics and appliance stores,5003,reported,False,SRC-CENSUS-001,mrtssales92-present.xlsx,1993
1993-12-01,electronics,Electronics,443,Electronics and Appliance Stores,Electronics and appliance stores,7884,reported,False,SRC-CENSUS-001,mrtssales92-present.xlsx,1993
1994-01-01,electronics,Electronics,443,Electronics and Appliance Stores,Electronics and appliance stores,4402,reported,False,SRC-CENSUS-001,mrtssales92-present.xlsx,1994
1994-02-01,electronics,Electronics,443,Electronics and Appliance Stores,Electronics and appliance stores,4150,reported,False,SRC-CENSUS-001,mrtssales92-present.xlsx,1994
1994-03-01,electronics,Electronics,443,Electronics and Appliance Stores,Electronics and appliance stores,4671,reported,False,SRC-CENSUS-001,mrtssales92-present.xlsx,1994
1994-04-01,electronics,Electronics,443,Electronics and Appliance Stores,Electronics and appliance stores,4374,reported,False,SRC-CENSUS-001,mrtssales92-present.xlsx,1994
1994-05-01,electronics,Electronics,443,Electronics and Appliance Stores,Electronics and appliance stores,4498,reported,False,SRC-CENSUS-001,mrtssales92-present.xlsx,1994
1994-06-01,electronics,Electronics,443,Electronics and Appliance Stores,Electronics and appliance stores,4823,reported,False,SRC-CENSUS-001,mrtssales92-present.xlsx,1994
1994-07-01,electronics,Electronics,443,Electronics and Appliance Stores,Electronics and appliance stores,4800,reported,False,SRC-CENSUS-001,mrtssales92-present.xlsx,1994
1994-08-01,electronics,Electronics,443,Electronics and Appliance Stores,Electronics and appliance stores,5033,reported,False,SRC-CENSUS-001,mrtssales92-present.xlsx,1994
1994-09-01,electronics,Electronics,443,Electronics and Appliance Stores,Electronics and appliance stores,4990,reported,False,SRC-CENSUS-001,mrtssales92-present.xlsx,1994
1994-10-01,electronics,Electronics,443,Electronics and Appliance Stores,Electronics and appliance stores,5175,reported,False,SRC-CENSUS-001,mrtssales92-present.xlsx,1994
1994-11-01,electronics,Electronics,443,Electronics and Appliance Stores,Electronics and appliance stores,6099,reported,False,SRC-CENSUS-001,mrtssales92-present.xlsx,1994
1994-12-01,electronics,Electronics,443,Electronics and Appliance Stores,Electronics and appliance stores,9645,reported,False,SRC-CENSUS-001,mrtssales92-present.xlsx,1994
1995-01-01,electronics,Electronics,443,Electronics and Appliance Stores,Electronics and appliance stores,5348,reported,False,SRC-CENSUS-001,mrtssales92-present.xlsx,1995
1995-02-01,electronics,Electronics,443,Electronics and Appliance Stores,Electronics and appliance stores,4896,reported,False,SRC-CENSUS-001,mrtssales92-present.xlsx,1995
1995-03-01,electronics,Electronics,443,Electronics and Appliance Stores,Electronics and appliance stores,5423,reported,False,SRC-CENSUS-001,mrtssales92-present.xlsx,1995
1995-04-01,electronics,Electronics,443,Electronics and Appliance Stores,Electronics and appliance stores,4877,reported,False,SRC-CENSUS-001,mrtssales92-present.xlsx,1995
1995-05-01,electronics,Electronics,443,Electronics and Appliance Stores,Electronics and appliance stores,5266,reported,False,SRC-CENSUS-001,mrtssales92-present.xlsx,1995
1995-06-01,electronics,Electronics,443,Electronics and Appliance Stores,Electronics and appliance stores,5494,reported,False,SRC-CENSUS-001,mrtssales92-present.xlsx,1995
1995-07-01,electronics,Electronics,443,Electronics and Appliance Stores,Electronics and appliance stores,5351,reported,False,SRC-CENSUS-001,mrtssales92-present.xlsx,1995
1995-08-01,electronics,Electronics,443,Electronics and Appliance Stores,Electronics and appliance stores,5818,reported,False,SRC-CENSUS-001,mrtssales92-present.xlsx,1995
1995-09-01,electronics,Electronics,443,Electronics and Appliance Stores,Electronics and appliance stores,5608,reported,False,SRC-CENSUS-001,mrtssales92-present.xlsx,1995
1995-10-01,electronics,Electronics,443,Electronics and Appliance Stores,Electronics and appliance stores,5705,reported,False,SRC-CENSUS-001,mrtssales92-present.xlsx,1995
1995-11-01,electronics,Electronics,443,Electronics and Appliance Stores,Electronics and appliance stores,6710,reported,False,SRC-CENSUS-001,mrtssales92-present.xlsx,1995
1995-12-01,electronics,Electronics,443,Electronics and Appliance Stores,Electronics and appliance stores,10168,reported,False,SRC-CENSUS-001,mrtssales92-present.xlsx,1995
1996-01-01,electronics,Electronics,443,Electronics and Appliance Stores,Electronics and appliance stores,5712,reported,False,SRC-CENSUS-001,mrtssales92-present.xlsx,1996
1996-02-01,electronics,Electronics,443,Electronics and Appliance Stores,Electronics and appliance stores,5497,reported,False,SRC-CENSUS-001,mrtssales92-present.xlsx,1996
1996-03-01,electronics,Electronics,443,Electronics and Appliance Stores,Electronics and appliance stores,5885,reported,False,SRC-CENSUS-001,mrtssales92-present.xlsx,1996
1996-04-01,electronics,Electronics,443,Electronics and Appliance Stores,Electronics and appliance stores,5466,reported,False,SRC-CENSUS-001,mrtssales92-present.xlsx,1996
1996-05-01,electronics,Electronics,443,Electronics and Appliance Stores,Electronics and appliance stores,5752,reported,False,SRC-CENSUS-001,mrtssales92-present.xlsx,1996
1996-06-01,electronics,Electronics,443,Electronics and Appliance Stores,Electronics and appliance stores,5735,reported,False,SRC-CENSUS-001,mrtssales92-present.xlsx,1996
1996-07-01,electronics,Electronics,443,Electronics and Appliance Stores,Electronics and appliance stores,5727,reported,False,SRC-CENSUS-001,mrtssales92-present.xlsx,1996
1996-08-01,electronics,Electronics,443,Electronics and Appliance Stores,Electronics and appliance stores,6088,reported,False,SRC-CENSUS-001,mrtssales92-present.xlsx,1996
1996-09-01,electronics,Electronics,443,Electronics and Appliance Stores,Electronics and appliance stores,5789,reported,False,SRC-CENSUS-001,mrtssales92-present.xlsx,1996
1996-10-01,electronics,Electronics,443,Electronics and Appliance Stores,Electronics and appliance stores,5913,reported,False,SRC-CENSUS-001,mrtssales92-present.xlsx,1996
1996-11-01,electronics,Electronics,443,Electronics and Appliance Stores,Electronics and appliance stores,6758,reported,False,SRC-CENSUS-001,mrtssales92-present.xlsx,1996
1996-12-01,electronics,Electronics,443,Electronics and Appliance Stores,Electronics and appliance stores,9986,reported,False,SRC-CENSUS-001,mrtssales92-present.xlsx,1996
1997-01-01,electronics,Electronics,443,Electronics and Appliance Stores,Electronics and appliance stores,5675,reported,False,SRC-CENSUS-001,mrtssales92-present.xlsx,1997
1997-02-01,electronics,Electronics,443,Electronics and Appliance Stores,Electronics and appliance stores,5429,reported,False,SRC-CENSUS-001,mrtssales92-present.xlsx,1997
1997-03-01,electronics,Electronics,443,Electronics and Appliance Stores,Electronics and appliance stores,5866,reported,False,SRC-CENSUS-001,mrtssales92-present.xlsx,1997
1997-04-01,electronics,Electronics,443,Electronics and Appliance Stores,Electronics and appliance stores,5548,reported,False,SRC-CENSUS-001,mrtssales92-present.xlsx,1997
1997-05-01,electronics,Electronics,443,Electronics and Appliance Stores,Electronics and appliance stores,5754,reported,False,SRC-CENSUS-001,mrtssales92-present.xlsx,1997
1997-06-01,electronics,Electronics,443,Electronics and Appliance Stores,Electronics and appliance stores,5826,reported,False,SRC-CENSUS-001,mrtssales92-present.xlsx,1997
1997-07-01,electronics,Electronics,443,Electronics and Appliance Stores,Electronics and appliance stores,6061,reported,False,SRC-CENSUS-001,mrtssales92-present.xlsx,1997
1997-08-01,electronics,Electronics,443,Electronics and Appliance Stores,Electronics and appliance stores,6272,reported,False,SRC-CENSUS-001,mrtssales92-present.xlsx,1997
1997-09-01,electronics,Electronics,443,Electronics and Appliance Stores,Electronics and appliance stores,5970,reported,False,SRC-CENSUS-001,mrtssales92-present.xlsx,1997
1997-10-01,electronics,Electronics,443,Electronics and Appliance Stores,Electronics and appliance stores,6033,reported,False,SRC-CENSUS-001,mrtssales92-present.xlsx,1997
1997-11-01,electronics,Electronics,443,Electronics and Appliance Stores,Electronics and appliance stores,6925,reported,False,SRC-CENSUS-001,mrtssales92-present.xlsx,1997
1997-12-01,electronics,Electronics,443,Electronics and Appliance Stores,Electronics and appliance stores,10570,reported,False,SRC-CENSUS-001,mrtssales92-present.xlsx,1997
1998-01-01,electronics,Electronics,443,Electronics and Appliance Stores,Electronics and appliance stores,6333,reported,False,SRC-CENSUS-001,mrtssales92-present.xlsx,1998
1998-02-01,electronics,Electronics,443,Electronics and Appliance Stores,Electronics and appliance stores,5875,reported,False,SRC-CENSUS-001,mrtssales92-present.xlsx,1998
1998-03-01,electronics,Electronics,443,Electronics and Appliance Stores,Electronics and appliance stores,6274,reported,False,SRC-CENSUS-001,mrtssales92-present.xlsx,1998
1998-04-01,electronics,Electronics,443,Electronics and Appliance Stores,Electronics and appliance stores,5813,reported,False,SRC-CENSUS-001,mrtssales92-present.xlsx,1998
1998-05-01,electronics,Electronics,443,Electronics and Appliance Stores,Electronics and appliance stores,6070,reported,False,SRC-CENSUS-001,mrtssales92-present.xlsx,1998
1998-06-01,electronics,Electronics,443,Electronics and Appliance Stores,Electronics and appliance stores,6327,reported,False,SRC-CENSUS-001,mrtssales92-present.xlsx,1998
1998-07-01,electronics,Electronics,443,Electronics and Appliance Stores,Electronics and appliance stores,6506,reported,False,SRC-CENSUS-001,mrtssales92-present.xlsx,1998
1998-08-01,electronics,Electronics,443,Electronics and Appliance Stores,Electronics and appliance stores,6776,reported,False,SRC-CENSUS-001,mrtssales92-present.xlsx,1998
1998-09-01,electronics,Electronics,443,Electronics and Appliance Stores,Electronics and appliance stores,6321,reported,False,SRC-CENSUS-001,mrtssales92-present.xlsx,1998
1998-10-01,electronics,Electronics,443,Electronics and Appliance Stores,Electronics and appliance stores,6326,reported,False,SRC-CENSUS-001,mrtssales92-present.xlsx,1998
1998-11-01,electronics,Electronics,443,Electronics and Appliance Stores,Electronics and appliance stores,7273,reported,False,SRC-CENSUS-001,mrtssales92-present.xlsx,1998
1998-12-01,electronics,Electronics,443,Electronics and Appliance Stores,Electronics and appliance stores,11044,reported,False,SRC-CENSUS-001,mrtssales92-present.xlsx,1998
1999-01-01,electronics,Electronics,443,Electronics and Appliance Stores,Electronics and appliance stores,6497,reported,False,SRC-CENSUS-001,mrtssales92-present.xlsx,1999
1999-02-01,electronics,Electronics,443,Electronics and Appliance Stores,Electronics and appliance stores,6133,reported,False,SRC-CENSUS-001,mrtssales92-present.xlsx,1999
1999-03-01,electronics,Electronics,443,Electronics and Appliance Stores,Electronics and appliance stores,6680,reported,False,SRC-CENSUS-001,mrtssales92-present.xlsx,1999
1999-04-01,electronics,Electronics,443,Electronics and Appliance Stores,Electronics and appliance stores,6169,reported,False,SRC-CENSUS-001,mrtssales92-present.xlsx,1999
1999-05-01,electronics,Electronics,443,Electronics and Appliance Stores,Electronics and appliance stores,6433,reported,False,SRC-CENSUS-001,mrtssales92-present.xlsx,1999
1999-06-01,electronics,Electronics,443,Electronics and Appliance Stores,Electronics and appliance stores,6661,reported,False,SRC-CENSUS-001,mrtssales92-present.xlsx,1999
1999-07-01,electronics,Electronics,443,Electronics and Appliance Stores,Electronics and appliance stores,6904,reported,False,SRC-CENSUS-001,mrtssales92-present.xlsx,1999
1999-08-01,electronics,Electronics,443,Electronics and Appliance Stores,Electronics and appliance stores,6989,reported,False,SRC-CENSUS-001,mrtssales92-present.xlsx,1999
1999-09-01,electronics,Electronics,443,Electronics and Appliance Stores,Electronics and appliance stores,6727,reported,False,SRC-CENSUS-001,mrtssales92-present.xlsx,1999
1999-10-01,electronics,Electronics,443,Electronics and Appliance Stores,Electronics and appliance stores,6638,reported,False,SRC-CENSUS-001,mrtssales92-present.xlsx,1999
1999-11-01,electronics,Electronics,443,Electronics and Appliance Stores,Electronics and appliance stores,7713,reported,False,SRC-CENSUS-001,mrtssales92-present.xlsx,1999
1999-12-01,electronics,Electronics,443,Electronics and Appliance Stores,Electronics and appliance stores,12005,reported,False,SRC-CENSUS-001,mrtssales92-present.xlsx,1999
2000-01-01,electronics,Electronics,443,Electronics and Appliance Stores,Electronics and appliance stores,7059,reported,False,SRC-CENSUS-001,mrtssales92-present.xlsx,2000
2000-02-01,electronics,Electronics,443,Electronics and Appliance Stores,Electronics and appliance stores,6996,reported,False,SRC-CENSUS-001,mrtssales92-present.xlsx,2000
2000-03-01,electronics,Electronics,443,Electronics and Appliance Stores,Electronics and appliance stores,7231,reported,False,SRC-CENSUS-001,mrtssales92-present.xlsx,2000
2000-04-01,electronics,Electronics,443,Electronics and Appliance Stores,Electronics and appliance stores,6578,reported,False,SRC-CENSUS-001,mrtssales92-present.xlsx,2000
2000-05-01,electronics,Electronics,443,Electronics and Appliance Stores,Electronics and appliance stores,6841,reported,False,SRC-CENSUS-001,mrtssales92-present.xlsx,2000
2000-06-01,electronics,Electronics,443,Electronics and Appliance Stores,Electronics and appliance stores,6814,reported,False,SRC-CENSUS-001,mrtssales92-present.xlsx,2000
2000-07-01,electronics,Electronics,443,Electronics and Appliance Stores,Electronics and appliance stores,6773,reported,False,SRC-CENSUS-001,mrtssales92-present.xlsx,2000
2000-08-01,electronics,Electronics,443,Electronics and Appliance Stores,Electronics and appliance stores,7250,reported,False,SRC-CENSUS-001,mrtssales92-present.xlsx,2000
2000-09-01,electronics,Electronics,443,Electronics and Appliance Stores,Electronics and appliance stores,6874,reported,False,SRC-CENSUS-001,mrtssales92-present.xlsx,2000
2000-10-01,electronics,Electronics,443,Electronics and Appliance Stores,Electronics and appliance stores,6631,reported,False,SRC-CENSUS-001,mrtssales92-present.xlsx,2000
2000-11-01,electronics,Electronics,443,Electronics and Appliance Stores,Electronics and appliance stores,7843,reported,False,SRC-CENSUS-001,mrtssales92-present.xlsx,2000
2000-12-01,electronics,Electronics,443,Electronics and Appliance Stores,Electronics and appliance stores,11757,reported,False,SRC-CENSUS-001,mrtssales92-present.xlsx,2000
2001-01-01,electronics,Electronics,443,Electronics and Appliance Stores,Electronics and appliance stores,6882,reported,False,SRC-CENSUS-001,mrtssales92-present.xlsx,2001
2001-02-01,electronics,Electronics,443,Electronics and Appliance Stores,Electronics and appliance stores,6448,reported,False,SRC-CENSUS-001,mrtssales92-present.xlsx,2001
2001-03-01,electronics,Electronics,443,Electronics and Appliance Stores,Electronics and appliance stores,6846,reported,False,SRC-CENSUS-001,mrtssales92-present.xlsx,2001
2001-04-01,electronics,Electronics,443,Electronics and Appliance Stores,Electronics and appliance stores,6015,reported,False,SRC-CENSUS-001,mrtssales92-present.xlsx,2001
2001-05-01,electronics,Electronics,443,Electronics and Appliance Stores,Electronics and appliance stores,6407,reported,False,SRC-CENSUS-001,mrtssales92-present.xlsx,2001
2001-06-01,electronics,Electronics,443,Electronics and Appliance Stores,Electronics and appliance stores,6650,reported,False,SRC-CENSUS-001,mrtssales92-present.xlsx,2001
2001-07-01,electronics,Electronics,443,Electronics and Appliance Stores,Electronics and appliance stores,6627,reported,False,SRC-CENSUS-001,mrtssales92-present.xlsx,2001
2001-08-01,electronics,Electronics,443,Electronics and Appliance Stores,Electronics and appliance stores,7137,reported,False,SRC-CENSUS-001,mrtssales92-present.xlsx,2001
2001-09-01,electronics,Electronics,443,Electronics and Appliance Stores,Electronics and appliance stores,6347,reported,False,SRC-CENSUS-001,mrtssales92-present.xlsx,2001
2001-10-01,electronics,Electronics,443,Electronics and Appliance Stores,Electronics and appliance stores,6565,reported,False,SRC-CENSUS-001,mrtssales92-present.xlsx,2001
2001-11-01,electronics,Electronics,443,Electronics and Appliance Stores,Electronics and appliance stores,8229,reported,False,SRC-CENSUS-001,mrtssales92-present.xlsx,2001
2001-12-01,electronics,Electronics,443,Electronics and Appliance Stores,Electronics and appliance stores,12597,reported,False,SRC-CENSUS-001,mrtssales92-present.xlsx,2001
2002-01-01,electronics,Electronics,443,Electronics and Appliance Stores,Electronics and appliance stores,7049,reported,False,SRC-CENSUS-001,mrtssales92-present.xlsx,2002
2002-02-01,electronics,Electronics,443,Electronics and Appliance Stores,Electronics and appliance stores,6691,reported,False,SRC-CENSUS-001,mrtssales92-present.xlsx,2002
2002-03-01,electronics,Electronics,443,Electronics and Appliance Stores,Electronics and appliance stores,7114,reported,False,SRC-CENSUS-001,mrtssales92-present.xlsx,2002
2002-04-01,electronics,Electronics,443,Electronics and Appliance Stores,Electronics and appliance stores,6403,reported,False,SRC-CENSUS-001,mrtssales92-present.xlsx,2002
2002-05-01,electronics,Electronics,443,Electronics and Appliance Stores,Electronics and appliance stores,6932,reported,False,SRC-CENSUS-001,mrtssales92-present.xlsx,2002
2002-06-01,electronics,Electronics,443,Electronics and Appliance Stores,Electronics and appliance stores,6966,reported,False,SRC-CENSUS-001,mrtssales92-present.xlsx,2002
2002-07-01,electronics,Electronics,443,Electronics and Appliance Stores,Electronics and appliance stores,6932,reported,False,SRC-CENSUS-001,mrtssales92-present.xlsx,2002
2002-08-01,electronics,Electronics,443,Electronics and Appliance Stores,Electronics and appliance stores,7409,reported,False,SRC-CENSUS-001,mrtssales92-present.xlsx,2002
2002-09-01,electronics,Electronics,443,Electronics and Appliance Stores,Electronics and appliance stores,6652,reported,False,SRC-CENSUS-001,mrtssales92-present.xlsx,2002
2002-10-01,electronics,Electronics,443,Electronics and Appliance Stores,Electronics and appliance stores,6823,reported,False,SRC-CENSUS-001,mrtssales92-present.xlsx,2002
2002-11-01,electronics,Electronics,443,Electronics and Appliance Stores,Electronics and appliance stores,8180,reported,False,SRC-CENSUS-001,mrtssales92-present.xlsx,2002
2002-12-01,electronics,Electronics,443,Electronics and Appliance Stores,Electronics and appliance stores,12304,reported,False,SRC-CENSUS-001,mrtssales92-present.xlsx,2002
2003-01-01,electronics,Electronics,443,Electronics and Appliance Stores,Electronics and appliance stores,6891,reported,False,SRC-CENSUS-001,mrtssales92-present.xlsx,2003
2003-02-01,electronics,Electronics,443,Electronics and Appliance Stores,Electronics and appliance stores,6426,reported,False,SRC-CENSUS-001,mrtssales92-present.xlsx,2003
2003-03-01,electronics,Electronics,443,Electronics and Appliance Stores,Electronics and appliance stores,6765,reported,False,SRC-CENSUS-001,mrtssales92-present.xlsx,2003
2003-04-01,electronics,Electronics,443,Electronics and Appliance Stores,Electronics and appliance stores,6237,reported,False,SRC-CENSUS-001,mrtssales92-present.xlsx,2003
2003-05-01,electronics,Electronics,443,Electronics and Appliance Stores,Electronics and appliance stores,6829,reported,False,SRC-CENSUS-001,mrtssales92-present.xlsx,2003
2003-06-01,electronics,Electronics,443,Electronics and Appliance Stores,Electronics and appliance stores,6944,reported,False,SRC-CENSUS-001,mrtssales92-present.xlsx,2003
2003-07-01,electronics,Electronics,443,Electronics and Appliance Stores,Electronics and appliance stores,7088,reported,False,SRC-CENSUS-001,mrtssales92-present.xlsx,2003
2003-08-01,electronics,Electronics,443,Electronics and Appliance Stores,Electronics and appliance stores,7702,reported,False,SRC-CENSUS-001,mrtssales92-present.xlsx,2003
2003-09-01,electronics,Electronics,443,Electronics and Appliance Stores,Electronics and appliance stores,7077,reported,False,SRC-CENSUS-001,mrtssales92-present.xlsx,2003
2003-10-01,electronics,Electronics,443,Electronics and Appliance Stores,Electronics and appliance stores,7239,reported,False,SRC-CENSUS-001,mrtssales92-present.xlsx,2003
2003-11-01,electronics,Electronics,443,Electronics and Appliance Stores,Electronics and appliance stores,8650,reported,False,SRC-CENSUS-001,mrtssales92-present.xlsx,2003
2003-12-01,electronics,Electronics,443,Electronics and Appliance Stores,Electronics and appliance stores,13251,reported,False,SRC-CENSUS-001,mrtssales92-present.xlsx,2003
2004-01-01,electronics,Electronics,443,Electronics and Appliance Stores,Electronics and appliance stores,7484,reported,False,SRC-CENSUS-001,mrtssales92-present.xlsx,2004
2004-02-01,electronics,Electronics,443,Electronics and Appliance Stores,Electronics and appliance stores,7274,reported,False,SRC-CENSUS-001,mrtssales92-present.xlsx,2004
2004-03-01,electronics,Electronics,443,Electronics and Appliance Stores,Electronics and appliance stores,7525,reported,False,SRC-CENSUS-001,mrtssales92-present.xlsx,2004
2004-04-01,electronics,Electronics,443,Electronics and Appliance Stores,Electronics and appliance stores,6934,reported,False,SRC-CENSUS-001,mrtssales92-present.xlsx,2004
2004-05-01,electronics,Electronics,443,Electronics and Appliance Stores,Electronics and appliance stores,7352,reported,False,SRC-CENSUS-001,mrtssales92-present.xlsx,2004
2004-06-01,electronics,Electronics,443,Electronics and Appliance Stores,Electronics and appliance stores,7614,reported,False,SRC-CENSUS-001,mrtssales92-present.xlsx,2004
2004-07-01,electronics,Electronics,443,Electronics and Appliance Stores,Electronics and appliance stores,7691,reported,False,SRC-CENSUS-001,mrtssales92-present.xlsx,2004
2004-08-01,electronics,Electronics,443,Electronics and Appliance Stores,Electronics and appliance stores,8067,reported,False,SRC-CENSUS-001,mrtssales92-present.xlsx,2004
2004-09-01,electronics,Electronics,443,Electronics and Appliance Stores,Electronics and appliance stores,7588,reported,False,SRC-CENSUS-001,mrtssales92-present.xlsx,2004
2004-10-01,electronics,Electronics,443,Electronics and Appliance Stores,Electronics and appliance stores,7579,reported,False,SRC-CENSUS-001,mrtssales92-present.xlsx,2004
2004-11-01,electronics,Electronics,443,Electronics and Appliance Stores,Electronics and appliance stores,9270,reported,False,SRC-CENSUS-001,mrtssales92-present.xlsx,2004
2004-12-01,electronics,Electronics,443,Electronics and Appliance Stores,Electronics and appliance stores,13865,reported,False,SRC-CENSUS-001,mrtssales92-present.xlsx,2004
2005-01-01,electronics,Electronics,443,Electronics and Appliance Stores,Electronics and appliance stores,7831,reported,False,SRC-CENSUS-001,mrtssales92-present.xlsx,2005
2005-02-01,electronics,Electronics,443,Electronics and Appliance Stores,Electronics and appliance stores,7763,reported,False,SRC-CENSUS-001,mrtssales92-present.xlsx,2005
2005-03-01,electronics,Electronics,443,Electronics and Appliance Stores,Electronics and appliance stores,8167,reported,False,SRC-CENSUS-001,mrtssales92-present.xlsx,2005
2005-04-01,electronics,Electronics,443,Electronics and Appliance Stores,Electronics and appliance stores,7443,reported,False,SRC-CENSUS-001,mrtssales92-present.xlsx,2005
2005-05-01,electronics,Electronics,443,Electronics and Appliance Stores,Electronics and appliance stores,7810,reported,False,SRC-CENSUS-001,mrtssales92-present.xlsx,2005
2005-06-01,electronics,Electronics,443,Electronics and Appliance Stores,Electronics and appliance stores,8072,reported,False,SRC-CENSUS-001,mrtssales92-present.xlsx,2005
2005-07-01,electronics,Electronics,443,Electronics and Appliance Stores,Electronics and appliance stores,8066,reported,False,SRC-CENSUS-001,mrtssales92-present.xlsx,2005
2005-08-01,electronics,Electronics,443,Electronics and Appliance Stores,Electronics and appliance stores,8637,reported,False,SRC-CENSUS-001,mrtssales92-present.xlsx,2005
2005-09-01,electronics,Electronics,443,Electronics and Appliance Stores,Electronics and appliance stores,8072,reported,False,SRC-CENSUS-001,mrtssales92-present.xlsx,2005
2005-10-01,electronics,Electronics,443,Electronics and Appliance Stores,Electronics and appliance stores,8075,reported,False,SRC-CENSUS-001,mrtssales92-present.xlsx,2005
2005-11-01,electronics,Electronics,443,Electronics and Appliance Stores,Electronics and appliance stores,9846,reported,False,SRC-CENSUS-001,mrtssales92-present.xlsx,2005
2005-12-01,electronics,Electronics,443,Electronics and Appliance Stores,Electronics and appliance stores,14572,reported,False,SRC-CENSUS-001,mrtssales92-present.xlsx,2005
2006-01-01,electronics,Electronics,443,Electronics and Appliance Stores,Electronics and appliance stores,8642,reported,False,SRC-CENSUS-001,mrtssales92-present.xlsx,2006
2006-02-01,electronics,Electronics,443,Electronics and Appliance Stores,Electronics and appliance stores,8111,reported,False,SRC-CENSUS-001,mrtssales92-present.xlsx,2006
2006-03-01,electronics,Electronics,443,Electronics and Appliance Stores,Electronics and appliance stores,8543,reported,False,SRC-CENSUS-001,mrtssales92-present.xlsx,2006
2006-04-01,electronics,Electronics,443,Electronics and Appliance Stores,Electronics and appliance stores,7666,reported,False,SRC-CENSUS-001,mrtssales92-present.xlsx,2006
2006-05-01,electronics,Electronics,443,Electronics and Appliance Stores,Electronics and appliance stores,8242,reported,False,SRC-CENSUS-001,mrtssales92-present.xlsx,2006
2006-06-01,electronics,Electronics,443,Electronics and Appliance Stores,Electronics and appliance stores,8375,reported,False,SRC-CENSUS-001,mrtssales92-present.xlsx,2006
2006-07-01,electronics,Electronics,443,Electronics and Appliance Stores,Electronics and appliance stores,8316,reported,False,SRC-CENSUS-001,mrtssales92-present.xlsx,2006
2006-08-01,electronics,Electronics,443,Electronics and Appliance Stores,Electronics and appliance stores,8909,reported,False,SRC-CENSUS-001,mrtssales92-present.xlsx,2006
2006-09-01,electronics,Electronics,443,Electronics and Appliance Stores,Electronics and appliance stores,8237,reported,False,SRC-CENSUS-001,mrtssales92-present.xlsx,2006
2006-10-01,electronics,Electronics,443,Electronics and Appliance Stores,Electronics and appliance stores,7928,reported,False,SRC-CENSUS-001,mrtssales92-present.xlsx,2006
2006-11-01,electronics,Electronics,443,Electronics and Appliance Stores,Electronics and appliance stores,10181,reported,False,SRC-CENSUS-001,mrtssales92-present.xlsx,2006
2006-12-01,electronics,Electronics,443,Electronics and Appliance Stores,Electronics and appliance stores,15243,reported,False,SRC-CENSUS-001,mrtssales92-present.xlsx,2006
2007-01-01,electronics,Electronics,443,Electronics and Appliance Stores,Electronics and appliance stores,8569,reported,False,SRC-CENSUS-001,mrtssales92-present.xlsx,2007
2007-02-01,electronics,Electronics,443,Electronics and Appliance Stores,Electronics and appliance stores,8156,reported,False,SRC-CENSUS-001,mrtssales92-present.xlsx,2007
2007-03-01,electronics,Electronics,443,Electronics and Appliance Stores,Electronics and appliance stores,8377,reported,False,SRC-CENSUS-001,mrtssales92-present.xlsx,2007
2007-04-01,electronics,Electronics,443,Electronics and Appliance Stores,Electronics and appliance stores,7526,reported,False,SRC-CENSUS-001,mrtssales92-present.xlsx,2007
2007-05-01,electronics,Electronics,443,Electronics and Appliance Stores,Electronics and appliance stores,8237,reported,False,SRC-CENSUS-001,mrtssales92-present.xlsx,2007
2007-06-01,electronics,Electronics,443,Electronics and Appliance Stores,Electronics and appliance stores,8255,reported,False,SRC-CENSUS-001,mrtssales92-present.xlsx,2007
2007-07-01,electronics,Electronics,443,Electronics and Appliance Stores,Electronics and appliance stores,8298,reported,False,SRC-CENSUS-001,mrtssales92-present.xlsx,2007
2007-08-01,electronics,Electronics,443,Electronics and Appliance Stores,Electronics and appliance stores,9052,reported,False,SRC-CENSUS-001,mrtssales92-present.xlsx,2007
2007-09-01,electronics,Electronics,443,Electronics and Appliance Stores,Electronics and appliance stores,8135,reported,False,SRC-CENSUS-001,mrtssales92-present.xlsx,2007
2007-10-01,electronics,Electronics,443,Electronics and Appliance Stores,Electronics and appliance stores,8202,reported,False,SRC-CENSUS-001,mrtssales92-present.xlsx,2007
2007-11-01,electronics,Electronics,443,Electronics and Appliance Stores,Electronics and appliance stores,10764,reported,False,SRC-CENSUS-001,mrtssales92-present.xlsx,2007
2007-12-01,electronics,Electronics,443,Electronics and Appliance Stores,Electronics and appliance stores,14913,reported,False,SRC-CENSUS-001,mrtssales92-present.xlsx,2007
2008-01-01,electronics,Electronics,443,Electronics and Appliance Stores,Electronics and appliance stores,8540,reported,False,SRC-CENSUS-001,mrtssales92-present.xlsx,2008
2008-02-01,electronics,Electronics,443,Electronics and Appliance Stores,Electronics and appliance stores,8568,reported,False,SRC-CENSUS-001,mrtssales92-present.xlsx,2008
2008-03-01,electronics,Electronics,443,Electronics and Appliance Stores,Electronics and appliance stores,8393,reported,False,SRC-CENSUS-001,mrtssales92-present.xlsx,2008
2008-04-01,electronics,Electronics,443,Electronics and Appliance Stores,Electronics and appliance stores,7831,reported,False,SRC-CENSUS-001,mrtssales92-present.xlsx,2008
2008-05-01,electronics,Electronics,443,Electronics and Appliance Stores,Electronics and appliance stores,8694,reported,False,SRC-CENSUS-001,mrtssales92-present.xlsx,2008
2008-06-01,electronics,Electronics,443,Electronics and Appliance Stores,Electronics and appliance stores,8497,reported,False,SRC-CENSUS-001,mrtssales92-present.xlsx,2008
2008-07-01,electronics,Electronics,443,Electronics and Appliance Stores,Electronics and appliance stores,8667,reported,False,SRC-CENSUS-001,mrtssales92-present.xlsx,2008
2008-08-01,electronics,Electronics,443,Electronics and Appliance Stores,Electronics and appliance stores,8875,reported,False,SRC-CENSUS-001,mrtssales92-present.xlsx,2008
2008-09-01,electronics,Electronics,443,Electronics and Appliance Stores,Electronics and appliance stores,7919,reported,False,SRC-CENSUS-001,mrtssales92-present.xlsx,2008
2008-10-01,electronics,Electronics,443,Electronics and Appliance Stores,Electronics and appliance stores,7664,reported,False,SRC-CENSUS-001,mrtssales92-present.xlsx,2008
2008-11-01,electronics,Electronics,443,Electronics and Appliance Stores,Electronics and appliance stores,9780,reported,False,SRC-CENSUS-001,mrtssales92-present.xlsx,2008
2008-12-01,electronics,Electronics,443,Electronics and Appliance Stores,Electronics and appliance stores,13244,reported,False,SRC-CENSUS-001,mrtssales92-present.xlsx,2008
2009-01-01,electronics,Electronics,443,Electronics and Appliance Stores,Electronics and appliance stores,8271,reported,False,SRC-CENSUS-001,mrtssales92-present.xlsx,2009
2009-02-01,electronics,Electronics,443,Electronics and Appliance Stores,Electronics and appliance stores,8000,reported,False,SRC-CENSUS-001,mrtssales92-present.xlsx,2009
2009-03-01,electronics,Electronics,443,Electronics and Appliance Stores,Electronics and appliance stores,7471,reported,False,SRC-CENSUS-001,mrtssales92-present.xlsx,2009
2009-04-01,electronics,Electronics,443,Electronics and Appliance Stores,Electronics and appliance stores,6811,reported,False,SRC-CENSUS-001,mrtssales92-present.xlsx,2009
2009-05-01,electronics,Electronics,443,Electronics and Appliance Stores,Electronics and appliance stores,7193,reported,False,SRC-CENSUS-001,mrtssales92-present.xlsx,2009
2009-06-01,electronics,Electronics,443,Electronics and Appliance Stores,Electronics and appliance stores,7442,reported,False,SRC-CENSUS-001,mrtssales92-present.xlsx,2009
2009-07-01,electronics,Electronics,443,Electronics and Appliance Stores,Electronics and appliance stores,7410,reported,False,SRC-CENSUS-001,mrtssales92-present.xlsx,2009
2009-08-01,electronics,Electronics,443,Electronics and Appliance Stores,Electronics and appliance stores,7696,reported,False,SRC-CENSUS-001,mrtssales92-present.xlsx,2009
2009-09-01,electronics,Electronics,443,Electronics and Appliance Stores,Electronics and appliance stores,7122,reported,False,SRC-CENSUS-001,mrtssales92-present.xlsx,2009
2009-10-01,electronics,Electronics,443,Electronics and Appliance Stores,Electronics and appliance stores,6948,reported,False,SRC-CENSUS-001,mrtssales92-present.xlsx,2009
2009-11-01,electronics,Electronics,443,Electronics and Appliance Stores,Electronics and appliance stores,9276,reported,False,SRC-CENSUS-001,mrtssales92-present.xlsx,2009
2009-12-01,electronics,Electronics,443,Electronics and Appliance Stores,Electronics and appliance stores,12628,reported,False,SRC-CENSUS-001,mrtssales92-present.xlsx,2009
2010-01-01,electronics,Electronics,443,Electronics and Appliance Stores,Electronics and appliance stores,7515,reported,False,SRC-CENSUS-001,mrtssales92-present.xlsx,2010
2010-02-01,electronics,Electronics,443,Electronics and Appliance Stores,Electronics and appliance stores,7729,reported,False,SRC-CENSUS-001,mrtssales92-present.xlsx,2010
2010-03-01,electronics,Electronics,443,Electronics and Appliance Stores,Electronics and appliance stores,7646,reported,False,SRC-CENSUS-001,mrtssales92-present.xlsx,2010
2010-04-01,electronics,Electronics,443,Electronics and Appliance Stores,Electronics and appliance stores,7041,reported,False,SRC-CENSUS-001,mrtssales92-present.xlsx,2010
2010-05-01,electronics,Electronics,443,Electronics and Appliance Stores,Electronics and appliance stores,7484,reported,False,SRC-CENSUS-001,mrtssales92-present.xlsx,2010
2010-06-01,electronics,Electronics,443,Electronics and Appliance Stores,Electronics and appliance stores,7841,reported,False,SRC-CENSUS-001,mrtssales92-present.xlsx,2010
2010-07-01,electronics,Electronics,443,Electronics and Appliance Stores,Electronics and appliance stores,7828,reported,False,SRC-CENSUS-001,mrtssales92-present.xlsx,2010
2010-08-01,electronics,Electronics,443,Electronics and Appliance Stores,Electronics and appliance stores,8005,reported,False,SRC-CENSUS-001,mrtssales92-present.xlsx,2010
2010-09-01,electronics,Electronics,443,Electronics and Appliance Stores,Electronics and appliance stores,7529,reported,False,SRC-CENSUS-001,mrtssales92-present.xlsx,2010
2010-10-01,electronics,Electronics,443,Electronics and Appliance Stores,Electronics and appliance stores,7202,reported,False,SRC-CENSUS-001,mrtssales92-present.xlsx,2010
2010-11-01,electronics,Electronics,443,Electronics and Appliance Stores,Electronics and appliance stores,9329,reported,False,SRC-CENSUS-001,mrtssales92-present.xlsx,2010
2010-12-01,electronics,Electronics,443,Electronics and Appliance Stores,Electronics and appliance stores,12813,reported,False,SRC-CENSUS-001,mrtssales92-present.xlsx,2010
2011-01-01,electronics,Electronics,443,Electronics and Appliance Stores,Electronics and appliance stores,7459,reported,False,SRC-CENSUS-001,mrtssales92-present.xlsx,2011
2011-02-01,electronics,Electronics,443,Electronics and Appliance Stores,Electronics and appliance stores,7658,reported,False,SRC-CENSUS-001,mrtssales92-present.xlsx,2011
2011-03-01,electronics,Electronics,443,Electronics and Appliance Stores,Electronics and appliance stores,8058,reported,False,SRC-CENSUS-001,mrtssales92-present.xlsx,2011
2011-04-01,electronics,Electronics,443,Electronics and Appliance Stores,Electronics and appliance stores,7210,reported,False,SRC-CENSUS-001,mrtssales92-present.xlsx,2011
2011-05-01,electronics,Electronics,443,Electronics and Appliance Stores,Electronics and appliance stores,7495,reported,False,SRC-CENSUS-001,mrtssales92-present.xlsx,2011
2011-06-01,electronics,Electronics,443,Electronics and Appliance Stores,Electronics and appliance stores,7742,reported,False,SRC-CENSUS-001,mrtssales92-present.xlsx,2011
2011-07-01,electronics,Electronics,443,Electronics and Appliance Stores,Electronics and appliance stores,7904,reported,False,SRC-CENSUS-001,mrtssales92-present.xlsx,2011
2011-08-01,electronics,Electronics,443,Electronics and Appliance Stores,Electronics and appliance stores,8325,reported,False,SRC-CENSUS-001,mrtssales92-present.xlsx,2011
2011-09-01,electronics,Electronics,443,Electronics and Appliance Stores,Electronics and appliance stores,7648,reported,False,SRC-CENSUS-001,mrtssales92-present.xlsx,2011
2011-10-01,electronics,Electronics,443,Electronics and Appliance Stores,Electronics and appliance stores,7780,reported,False,SRC-CENSUS-001,mrtssales92-present.xlsx,2011
2011-11-01,electronics,Electronics,443,Electronics and Appliance Stores,Electronics and appliance stores,10046,reported,False,SRC-CENSUS-001,mrtssales92-present.xlsx,2011
2011-12-01,electronics,Electronics,443,Electronics and Appliance Stores,Electronics and appliance stores,13037,reported,False,SRC-CENSUS-001,mrtssales92-present.xlsx,2011
2012-01-01,electronics,Electronics,443,Electronics and Appliance Stores,Electronics and appliance stores,7736,reported,False,SRC-CENSUS-001,mrtssales92-present.xlsx,2012
2012-02-01,electronics,Electronics,443,Electronics and Appliance Stores,Electronics and appliance stores,8158,reported,False,SRC-CENSUS-001,mrtssales92-present.xlsx,2012
2012-03-01,electronics,Electronics,443,Electronics and Appliance Stores,Electronics and appliance stores,8408,reported,False,SRC-CENSUS-001,mrtssales92-present.xlsx,2012
2012-04-01,electronics,Electronics,443,Electronics and Appliance Stores,Electronics and appliance stores,7159,reported,False,SRC-CENSUS-001,mrtssales92-present.xlsx,2012
2012-05-01,electronics,Electronics,443,Electronics and Appliance Stores,Electronics and appliance stores,7865,reported,False,SRC-CENSUS-001,mrtssales92-present.xlsx,2012
2012-06-01,electronics,Electronics,443,Electronics and Appliance Stores,Electronics and appliance stores,7918,reported,False,SRC-CENSUS-001,mrtssales92-present.xlsx,2012
2012-07-01,electronics,Electronics,443,Electronics and Appliance Stores,Electronics and appliance stores,8095,reported,False,SRC-CENSUS-001,mrtssales92-present.xlsx,2012
2012-08-01,electronics,Electronics,443,Electronics and Appliance Stores,Electronics and appliance stores,8373,reported,False,SRC-CENSUS-001,mrtssales92-present.xlsx,2012
2012-09-01,electronics,Electronics,443,Electronics and Appliance Stores,Electronics and appliance stores,7728,reported,False,SRC-CENSUS-001,mrtssales92-present.xlsx,2012
2012-10-01,electronics,Electronics,443,Electronics and Appliance Stores,Electronics and appliance stores,7556,reported,False,SRC-CENSUS-001,mrtssales92-present.xlsx,2012
2012-11-01,electronics,Electronics,443,Electronics and Appliance Stores,Electronics and appliance stores,10259,reported,False,SRC-CENSUS-001,mrtssales92-present.xlsx,2012
2012-12-01,electronics,Electronics,443,Electronics and Appliance Stores,Electronics and appliance stores,13342,reported,False,SRC-CENSUS-001,mrtssales92-present.xlsx,2012
2013-01-01,electronics,Electronics,443,Electronics and Appliance Stores,Electronics and appliance stores,8058,reported,False,SRC-CENSUS-001,mrtssales92-present.xlsx,2013
2013-02-01,electronics,Electronics,443,Electronics and Appliance Stores,Electronics and appliance stores,8152,reported,False,SRC-CENSUS-001,mrtssales92-present.xlsx,2013
2013-03-01,electronics,Electronics,443,Electronics and Appliance Stores,Electronics and appliance stores,8179,reported,False,SRC-CENSUS-001,mrtssales92-present.xlsx,2013
2013-04-01,electronics,Electronics,443,Electronics and Appliance Stores,Electronics and appliance stores,7264,reported,False,SRC-CENSUS-001,mrtssales92-present.xlsx,2013
2013-05-01,electronics,Electronics,443,Electronics and Appliance Stores,Electronics and appliance stores,7792,reported,False,SRC-CENSUS-001,mrtssales92-present.xlsx,2013
2013-06-01,electronics,Electronics,443,Electronics and Appliance Stores,Electronics and appliance stores,7770,reported,False,SRC-CENSUS-001,mrtssales92-present.xlsx,2013
2013-07-01,electronics,Electronics,443,Electronics and Appliance Stores,Electronics and appliance stores,7963,reported,False,SRC-CENSUS-001,mrtssales92-present.xlsx,2013
2013-08-01,electronics,Electronics,443,Electronics and Appliance Stores,Electronics and appliance stores,8297,reported,False,SRC-CENSUS-001,mrtssales92-present.xlsx,2013
2013-09-01,electronics,Electronics,443,Electronics and Appliance Stores,Electronics and appliance stores,7755,reported,False,SRC-CENSUS-001,mrtssales92-present.xlsx,2013
2013-10-01,electronics,Electronics,443,Electronics and Appliance Stores,Electronics and appliance stores,7930,reported,False,SRC-CENSUS-001,mrtssales92-present.xlsx,2013
2013-11-01,electronics,Electronics,443,Electronics and Appliance Stores,Electronics and appliance stores,10220,reported,False,SRC-CENSUS-001,mrtssales92-present.xlsx,2013
2013-12-01,electronics,Electronics,443,Electronics and Appliance Stores,Electronics and appliance stores,12837,reported,False,SRC-CENSUS-001,mrtssales92-present.xlsx,2013
2014-01-01,electronics,Electronics,443,Electronics and Appliance Stores,Electronics and appliance stores,7776,reported,False,SRC-CENSUS-001,mrtssales92-present.xlsx,2014
2014-02-01,electronics,Electronics,443,Electronics and Appliance Stores,Electronics and appliance stores,7757,reported,False,SRC-CENSUS-001,mrtssales92-present.xlsx,2014
2014-03-01,electronics,Electronics,443,Electronics and Appliance Stores,Electronics and appliance stores,8057,reported,False,SRC-CENSUS-001,mrtssales92-present.xlsx,2014
2014-04-01,electronics,Electronics,443,Electronics and Appliance Stores,Electronics and appliance stores,7108,reported,False,SRC-CENSUS-001,mrtssales92-present.xlsx,2014
2014-05-01,electronics,Electronics,443,Electronics and Appliance Stores,Electronics and appliance stores,7566,reported,False,SRC-CENSUS-001,mrtssales92-present.xlsx,2014
2014-06-01,electronics,Electronics,443,Electronics and Appliance Stores,Electronics and appliance stores,7489,reported,False,SRC-CENSUS-001,mrtssales92-present.xlsx,2014
2014-07-01,electronics,Electronics,443,Electronics and Appliance Stores,Electronics and appliance stores,7778,reported,False,SRC-CENSUS-001,mrtssales92-present.xlsx,2014
2014-08-01,electronics,Electronics,443,Electronics and Appliance Stores,Electronics and appliance stores,8065,reported,False,SRC-CENSUS-001,mrtssales92-present.xlsx,2014
2014-09-01,electronics,Electronics,443,Electronics and Appliance Stores,Electronics and appliance stores,8067,reported,False,SRC-CENSUS-001,mrtssales92-present.xlsx,2014
2014-10-01,electronics,Electronics,443,Electronics and Appliance Stores,Electronics and appliance stores,7951,reported,False,SRC-CENSUS-001,mrtssales92-present.xlsx,2014
2014-11-01,electronics,Electronics,443,Electronics and Appliance Stores,Electronics and appliance stores,10535,reported,False,SRC-CENSUS-001,mrtssales92-present.xlsx,2014
2014-12-01,electronics,Electronics,443,Electronics and Appliance Stores,Electronics and appliance stores,13324,reported,False,SRC-CENSUS-001,mrtssales92-present.xlsx,2014
2015-01-01,electronics,Electronics,443,Electronics and Appliance Stores,Electronics and appliance stores,7876,reported,False,SRC-CENSUS-001,mrtssales92-present.xlsx,2015
2015-02-01,electronics,Electronics,443,Electronics and Appliance Stores,Electronics and appliance stores,7597,reported,False,SRC-CENSUS-001,mrtssales92-present.xlsx,2015
2015-03-01,electronics,Electronics,443,Electronics and Appliance Stores,Electronics and appliance stores,7765,reported,False,SRC-CENSUS-001,mrtssales92-present.xlsx,2015
2015-04-01,electronics,Electronics,443,Electronics and Appliance Stores,Electronics and appliance stores,7004,reported,False,SRC-CENSUS-001,mrtssales92-present.xlsx,2015
2015-05-01,electronics,Electronics,443,Electronics and Appliance Stores,Electronics and appliance stores,7511,reported,False,SRC-CENSUS-001,mrtssales92-present.xlsx,2015
2015-06-01,electronics,Electronics,443,Electronics and Appliance Stores,Electronics and appliance stores,7806,reported,False,SRC-CENSUS-001,mrtssales92-present.xlsx,2015
2015-07-01,electronics,Electronics,443,Electronics and Appliance Stores,Electronics and appliance stores,7762,reported,False,SRC-CENSUS-001,mrtssales92-present.xlsx,2015
2015-08-01,electronics,Electronics,443,Electronics and Appliance Stores,Electronics and appliance stores,7945,reported,False,SRC-CENSUS-001,mrtssales92-present.xlsx,2015
2015-09-01,electronics,Electronics,443,Electronics and Appliance Stores,Electronics and appliance stores,7859,reported,False,SRC-CENSUS-001,mrtssales92-present.xlsx,2015
2015-10-01,electronics,Electronics,443,Electronics and Appliance Stores,Electronics and appliance stores,7681,reported,False,SRC-CENSUS-001,mrtssales92-present.xlsx,2015
2015-11-01,electronics,Electronics,443,Electronics and Appliance Stores,Electronics and appliance stores,9787,reported,False,SRC-CENSUS-001,mrtssales92-present.xlsx,2015
2015-12-01,electronics,Electronics,443,Electronics and Appliance Stores,Electronics and appliance stores,12203,reported,False,SRC-CENSUS-001,mrtssales92-present.xlsx,2015
2016-01-01,electronics,Electronics,443,Electronics and Appliance Stores,Electronics and appliance stores,7150,reported,False,SRC-CENSUS-001,mrtssales92-present.xlsx,2016
2016-02-01,electronics,Electronics,443,Electronics and Appliance Stores,Electronics and appliance stores,7368,reported,False,SRC-CENSUS-001,mrtssales92-present.xlsx,2016
2016-03-01,electronics,Electronics,443,Electronics and Appliance Stores,Electronics and appliance stores,7453,reported,False,SRC-CENSUS-001,mrtssales92-present.xlsx,2016
2016-04-01,electronics,Electronics,443,Electronics and Appliance Stores,Electronics and appliance stores,6630,reported,False,SRC-CENSUS-001,mrtssales92-present.xlsx,2016
2016-05-01,electronics,Electronics,443,Electronics and Appliance Stores,Electronics and appliance stores,7096,reported,False,SRC-CENSUS-001,mrtssales92-present.xlsx,2016
2016-06-01,electronics,Electronics,443,Electronics and Appliance Stores,Electronics and appliance stores,7257,reported,False,SRC-CENSUS-001,mrtssales92-present.xlsx,2016
2016-07-01,electronics,Electronics,443,Electronics and Appliance Stores,Electronics and appliance stores,7304,reported,False,SRC-CENSUS-001,mrtssales92-present.xlsx,2016
2016-08-01,electronics,Electronics,443,Electronics and Appliance Stores,Electronics and appliance stores,7740,reported,False,SRC-CENSUS-001,mrtssales92-present.xlsx,2016
2016-09-01,electronics,Electronics,443,Electronics and Appliance Stores,Electronics and appliance stores,7308,reported,False,SRC-CENSUS-001,mrtssales92-present.xlsx,2016
2016-10-01,electronics,Electronics,443,Electronics and Appliance Stores,Electronics and appliance stores,6955,reported,False,SRC-CENSUS-001,mrtssales92-present.xlsx,2016
2016-11-01,electronics,Electronics,443,Electronics and Appliance Stores,Electronics and appliance stores,9071,reported,False,SRC-CENSUS-001,mrtssales92-present.xlsx,2016
2016-12-01,electronics,Electronics,443,Electronics and Appliance Stores,Electronics and appliance stores,11270,reported,False,SRC-CENSUS-001,mrtssales92-present.xlsx,2016
2017-01-01,electronics,Electronics,443,Electronics and Appliance Stores,Electronics and appliance stores,6938,reported,False,SRC-CENSUS-001,mrtssales92-present.xlsx,2017
2017-02-01,electronics,Electronics,443,Electronics and Appliance Stores,Electronics and appliance stores,6627,reported,False,SRC-CENSUS-001,mrtssales92-present.xlsx,2017
2017-03-01,electronics,Electronics,443,Electronics and Appliance Stores,Electronics and appliance stores,7393,reported,False,SRC-CENSUS-001,mrtssales92-present.xlsx,2017
2017-04-01,electronics,Electronics,443,Electronics and Appliance Stores,Electronics and appliance stores,6582,reported,False,SRC-CENSUS-001,mrtssales92-present.xlsx,2017
2017-05-01,electronics,Electronics,443,Electronics and Appliance Stores,Electronics and appliance stores,7058,reported,False,SRC-CENSUS-001,mrtssales92-present.xlsx,2017
2017-06-01,electronics,Electronics,443,Electronics and Appliance Stores,Electronics and appliance stores,7128,reported,False,SRC-CENSUS-001,mrtssales92-present.xlsx,2017
2017-07-01,electronics,Electronics,443,Electronics and Appliance Stores,Electronics and appliance stores,6973,reported,False,SRC-CENSUS-001,mrtssales92-present.xlsx,2017
2017-08-01,electronics,Electronics,443,Electronics and Appliance Stores,Electronics and appliance stores,7364,reported,False,SRC-CENSUS-001,mrtssales92-present.xlsx,2017
2017-09-01,electronics,Electronics,443,Electronics and Appliance Stores,Electronics and appliance stores,7189,reported,False,SRC-CENSUS-001,mrtssales92-present.xlsx,2017
2017-10-01,electronics,Electronics,443,Electronics and Appliance Stores,Electronics and appliance stores,7061,reported,False,SRC-CENSUS-001,mrtssales92-present.xlsx,2017
2017-11-01,electronics,Electronics,443,Electronics and Appliance Stores,Electronics and appliance stores,9556,reported,False,SRC-CENSUS-001,mrtssales92-present.xlsx,2017
2017-12-01,electronics,Electronics,443,Electronics and Appliance Stores,Electronics and appliance stores,11235,reported,False,SRC-CENSUS-001,mrtssales92-present.xlsx,2017
2018-01-01,electronics,Electronics,443,Electronics and Appliance Stores,Electronics and appliance stores,7161,reported,False,SRC-CENSUS-001,mrtssales92-present.xlsx,2018
2018-02-01,electronics,Electronics,443,Electronics and Appliance Stores,Electronics and appliance stores,6848,reported,False,SRC-CENSUS-001,mrtssales92-present.xlsx,2018
2018-03-01,electronics,Electronics,443,Electronics and Appliance Stores,Electronics and appliance stores,7457,reported,False,SRC-CENSUS-001,mrtssales92-present.xlsx,2018
2018-04-01,electronics,Electronics,443,Electronics and Appliance Stores,Electronics and appliance stores,6714,reported,False,SRC-CENSUS-001,mrtssales92-present.xlsx,2018
2018-05-01,electronics,Electronics,443,Electronics and Appliance Stores,Electronics and appliance stores,7269,reported,False,SRC-CENSUS-001,mrtssales92-present.xlsx,2018
2018-06-01,electronics,Electronics,443,Electronics and Appliance Stores,Electronics and appliance stores,7374,reported,False,SRC-CENSUS-001,mrtssales92-present.xlsx,2018
2018-07-01,electronics,Electronics,443,Electronics and Appliance Stores,Electronics and appliance stores,7257,reported,False,SRC-CENSUS-001,mrtssales92-present.xlsx,2018
2018-08-01,electronics,Electronics,443,Electronics and Appliance Stores,Electronics and appliance stores,7737,reported,False,SRC-CENSUS-001,mrtssales92-present.xlsx,2018
2018-09-01,electronics,Electronics,443,Electronics and Appliance Stores,Electronics and appliance stores,7175,reported,False,SRC-CENSUS-001,mrtssales92-present.xlsx,2018
2018-10-01,electronics,Electronics,443,Electronics and Appliance Stores,Electronics and appliance stores,7231,reported,False,SRC-CENSUS-001,mrtssales92-present.xlsx,2018
2018-11-01,electronics,Electronics,443,Electronics and Appliance Stores,Electronics and appliance stores,9462,reported,False,SRC-CENSUS-001,mrtssales92-present.xlsx,2018
2018-12-01,electronics,Electronics,443,Electronics and Appliance Stores,Electronics and appliance stores,10892,reported,False,SRC-CENSUS-001,mrtssales92-present.xlsx,2018
2019-01-01,electronics,Electronics,443,Electronics and Appliance Stores,Electronics and appliance stores,7110,reported,False,SRC-CENSUS-001,mrtssales92-present.xlsx,2019
2019-02-01,electronics,Electronics,443,Electronics and Appliance Stores,Electronics and appliance stores,6518,reported,False,SRC-CENSUS-001,mrtssales92-present.xlsx,2019
2019-03-01,electronics,Electronics,443,Electronics and Appliance Stores,Electronics and appliance stores,7140,reported,False,SRC-CENSUS-001,mrtssales92-present.xlsx,2019
2019-04-01,electronics,Electronics,443,Electronics and Appliance Stores,Electronics and appliance stores,6434,reported,False,SRC-CENSUS-001,mrtssales92-present.xlsx,2019
2019-05-01,electronics,Electronics,443,Electronics and Appliance Stores,Electronics and appliance stores,7058,reported,False,SRC-CENSUS-001,mrtssales92-present.xlsx,2019
2019-06-01,electronics,Electronics,443,Electronics and Appliance Stores,Electronics and appliance stores,6924,reported,False,SRC-CENSUS-001,mrtssales92-present.xlsx,2019
2019-07-01,electronics,Electronics,443,Electronics and Appliance Stores,Electronics and appliance stores,7105,reported,False,SRC-CENSUS-001,mrtssales92-present.xlsx,2019
2019-08-01,electronics,Electronics,443,Electronics and Appliance Stores,Electronics and appliance stores,7433,reported,False,SRC-CENSUS-001,mrtssales92-present.xlsx,2019
2019-09-01,electronics,Electronics,443,Electronics and Appliance Stores,Electronics and appliance stores,7030,reported,False,SRC-CENSUS-001,mrtssales92-present.xlsx,2019
2019-10-01,electronics,Electronics,443,Electronics and Appliance Stores,Electronics and appliance stores,6985,reported,False,SRC-CENSUS-001,mrtssales92-present.xlsx,2019
2019-11-01,electronics,Electronics,443,Electronics and Appliance Stores,Electronics and appliance stores,9097,reported,False,SRC-CENSUS-001,mrtssales92-present.xlsx,2019
2019-12-01,electronics,Electronics,443,Electronics and Appliance Stores,Electronics and appliance stores,10679,reported,False,SRC-CENSUS-001,mrtssales92-present.xlsx,2019
2020-01-01,electronics,Electronics,443,Electronics and Appliance Stores,Electronics and appliance stores,6878,reported,False,SRC-CENSUS-001,mrtssales92-present.xlsx,2020
2020-02-01,electronics,Electronics,443,Electronics and Appliance Stores,Electronics and appliance stores,6472,reported,False,SRC-CENSUS-001,mrtssales92-present.xlsx,2020
2020-03-01,electronics,Electronics,443,Electronics and Appliance Stores,Electronics and appliance stores,5596,reported,False,SRC-CENSUS-001,mrtssales92-present.xlsx,2020
2020-04-01,electronics,Electronics,443,Electronics and Appliance Stores,Electronics and appliance stores,2895,reported,False,SRC-CENSUS-001,mrtssales92-present.xlsx,2020
2020-05-01,electronics,Electronics,443,Electronics and Appliance Stores,Electronics and appliance stores,3772,reported,False,SRC-CENSUS-001,mrtssales92-present.xlsx,2020
2020-06-01,electronics,Electronics,443,Electronics and Appliance Stores,Electronics and appliance stores,5387,reported,False,SRC-CENSUS-001,mrtssales92-present.xlsx,2020
2020-07-01,electronics,Electronics,443,Electronics and Appliance Stores,Electronics and appliance stores,6248,reported,False,SRC-CENSUS-001,mrtssales92-present.xlsx,2020
2020-08-01,electronics,Electronics,443,Electronics and Appliance Stores,Electronics and appliance stores,6524,reported,False,SRC-CENSUS-001,mrtssales92-present.xlsx,2020
2020-09-01,electronics,Electronics,443,Electronics and Appliance Stores,Electronics and appliance stores,6161,reported,False,SRC-CENSUS-001,mrtssales92-present.xlsx,2020
2020-10-01,electronics,Electronics,443,Electronics and Appliance Stores,Electronics and appliance stores,6547,reported,False,SRC-CENSUS-001,mrtssales92-present.xlsx,2020
2020-11-01,electronics,Electronics,443,Electronics and Appliance Stores,Electronics and appliance stores,7918,reported,False,SRC-CENSUS-001,mrtssales92-present.xlsx,2020
2020-12-01,electronics,Electronics,443,Electronics and Appliance Stores,Electronics and appliance stores,9055,reported,False,SRC-CENSUS-001,mrtssales92-present.xlsx,2020
2021-01-01,electronics,Electronics,443,Electronics and Appliance Stores,Electronics and appliance stores,6672,reported,False,SRC-CENSUS-001,mrtssales92-present.xlsx,2021
2021-02-01,electronics,Electronics,443,Electronics and Appliance Stores,Electronics and appliance stores,5976,reported,False,SRC-CENSUS-001,mrtssales92-present.xlsx,2021
2021-03-01,electronics,Electronics,443,Electronics and Appliance Stores,Electronics and appliance stores,7696,reported,False,SRC-CENSUS-001,mrtssales92-present.xlsx,2021
2021-04-01,electronics,Electronics,443,Electronics and Appliance Stores,Electronics and appliance stores,7186,reported,False,SRC-CENSUS-001,mrtssales92-present.xlsx,2021
2021-05-01,electronics,Electronics,443,Electronics and Appliance Stores,Electronics and appliance stores,7360,reported,False,SRC-CENSUS-001,mrtssales92-present.xlsx,2021
2021-06-01,electronics,Electronics,443,Electronics and Appliance Stores,Electronics and appliance stores,7749,reported,False,SRC-CENSUS-001,mrtssales92-present.xlsx,2021
2021-07-01,electronics,Electronics,443,Electronics and Appliance Stores,Electronics and appliance stores,7783,reported,False,SRC-CENSUS-001,mrtssales92-present.xlsx,2021
2021-08-01,electronics,Electronics,443,Electronics and Appliance Stores,Electronics and appliance stores,7720,reported,False,SRC-CENSUS-001,mrtssales92-present.xlsx,2021
2021-09-01,electronics,Electronics,443,Electronics and Appliance Stores,Electronics and appliance stores,7424,reported,False,SRC-CENSUS-001,mrtssales92-present.xlsx,2021
2021-10-01,electronics,Electronics,443,Electronics and Appliance Stores,Electronics and appliance stores,7744,reported,False,SRC-CENSUS-001,mrtssales92-present.xlsx,2021
2021-11-01,electronics,Electronics,443,Electronics and Appliance Stores,Electronics and appliance stores,8786,reported,False,SRC-CENSUS-001,mrtssales92-present.xlsx,2021
2021-12-01,electronics,Electronics,443,Electronics and Appliance Stores,Electronics and appliance stores,10268,reported,False,SRC-CENSUS-001,mrtssales92-present.xlsx,2021
2022-01-01,electronics,Electronics,443,Electronics and Appliance Stores,Electronics and appliance stores,6812,reported,False,SRC-CENSUS-001,mrtssales92-present.xlsx,2022
2022-02-01,electronics,Electronics,443,Electronics and Appliance Stores,Electronics and appliance stores,6556,reported,False,SRC-CENSUS-001,mrtssales92-present.xlsx,2022
2022-03-01,electronics,Electronics,443,Electronics and Appliance Stores,Electronics and appliance stores,7785,reported,False,SRC-CENSUS-001,mrtssales92-present.xlsx,2022
2022-04-01,electronics,Electronics,443,Electronics and Appliance Stores,Electronics and appliance stores,7360,reported,False,SRC-CENSUS-001,mrtssales92-present.xlsx,2022
2022-05-01,electronics,Electronics,443,Electronics and Appliance Stores,Electronics and appliance stores,7369,reported,False,SRC-CENSUS-001,mrtssales92-present.xlsx,2022
2022-06-01,electronics,Electronics,443,Electronics and Appliance Stores,Electronics and appliance stores,7271,reported,False,SRC-CENSUS-001,mrtssales92-present.xlsx,2022
2022-07-01,electronics,Electronics,443,Electronics and Appliance Stores,Electronics and appliance stores,7413,reported,False,SRC-CENSUS-001,mrtssales92-present.xlsx,2022
2022-08-01,electronics,Electronics,443,Electronics and Appliance Stores,Electronics and appliance stores,7725,reported,False,SRC-CENSUS-001,mrtssales92-present.xlsx,2022
2022-09-01,electronics,Electronics,443,Electronics and Appliance Stores,Electronics and appliance stores,7498,reported,False,SRC-CENSUS-001,mrtssales92-present.xlsx,2022
2022-10-01,electronics,Electronics,443,Electronics and Appliance Stores,Electronics and appliance stores,7242,reported,False,SRC-CENSUS-001,mrtssales92-present.xlsx,2022
2022-11-01,electronics,Electronics,443,Electronics and Appliance Stores,Electronics and appliance stores,8326,reported,False,SRC-CENSUS-001,mrtssales92-present.xlsx,2022
2022-12-01,electronics,Electronics,443,Electronics and Appliance Stores,Electronics and appliance stores,9694,reported,False,SRC-CENSUS-001,mrtssales92-present.xlsx,2022
2023-01-01,electronics,Electronics,443,Electronics and Appliance Stores,Electronics and appliance stores,7396,reported,False,SRC-CENSUS-001,mrtssales92-present.xlsx,2023
2023-02-01,electronics,Electronics,443,Electronics and Appliance Stores,Electronics and appliance stores,6732,reported,False,SRC-CENSUS-001,mrtssales92-present.xlsx,2023
2023-03-01,electronics,Electronics,443,Electronics and Appliance Stores,Electronics and appliance stores,7368,reported,False,SRC-CENSUS-001,mrtssales92-present.xlsx,2023
2023-04-01,electronics,Electronics,443,Electronics and Appliance Stores,Electronics and appliance stores,6569,reported,False,SRC-CENSUS-001,mrtssales92-present.xlsx,2023
2023-05-01,electronics,Electronics,443,Electronics and Appliance Stores,Electronics and appliance stores,7145,reported,False,SRC-CENSUS-001,mrtssales92-present.xlsx,2023
2023-06-01,electronics,Electronics,443,Electronics and Appliance Stores,Electronics and appliance stores,7222,reported,False,SRC-CENSUS-001,mrtssales92-present.xlsx,2023
2023-07-01,electronics,Electronics,443,Electronics and Appliance Stores,Electronics and appliance stores,7072,reported,False,SRC-CENSUS-001,mrtssales92-present.xlsx,2023
2023-08-01,electronics,Electronics,443,Electronics and Appliance Stores,Electronics and appliance stores,7541,reported,False,SRC-CENSUS-001,mrtssales92-present.xlsx,2023
2023-09-01,electronics,Electronics,443,Electronics and Appliance Stores,Electronics and appliance stores,7393,reported,False,SRC-CENSUS-001,mrtssales92-present.xlsx,2023
2023-10-01,electronics,Electronics,443,Electronics and Appliance Stores,Electronics and appliance stores,7301,reported,False,SRC-CENSUS-001,mrtssales92-present.xlsx,2023
2023-11-01,electronics,Electronics,443,Electronics and Appliance Stores,Electronics and appliance stores,8625,reported,False,SRC-CENSUS-001,mrtssales92-present.xlsx,2023
2023-12-01,electronics,Electronics,443,Electronics and Appliance Stores,Electronics and appliance stores,9826,reported,False,SRC-CENSUS-001,mrtssales92-present.xlsx,2023
2024-01-01,electronics,Electronics,443,Electronics and Appliance Stores,Electronics and appliance stores,7267,reported,False,SRC-CENSUS-001,mrtssales92-present.xlsx,2024
2024-02-01,electronics,Electronics,443,Electronics and Appliance Stores,Electronics and appliance stores,7132,reported,False,SRC-CENSUS-001,mrtssales92-present.xlsx,2024
2024-03-01,electronics,Electronics,443,Electronics and Appliance Stores,Electronics and appliance stores,7075,reported,False,SRC-CENSUS-001,mrtssales92-present.xlsx,2024
2024-04-01,electronics,Electronics,443,Electronics and Appliance Stores,Electronics and appliance stores,6847,reported,False,SRC-CENSUS-001,mrtssales92-present.xlsx,2024
2024-05-01,electronics,Electronics,443,Electronics and Appliance Stores,Electronics and appliance stores,7504,reported,False,SRC-CENSUS-001,mrtssales92-present.xlsx,2024
2024-06-01,electronics,Electronics,443,Electronics and Appliance Stores,Electronics and appliance stores,7147,reported,False,SRC-CENSUS-001,mrtssales92-present.xlsx,2024
2024-07-01,electronics,Electronics,443,Electronics and Appliance Stores,Electronics and appliance stores,7490,reported,False,SRC-CENSUS-001,mrtssales92-present.xlsx,2024
2024-08-01,electronics,Electronics,443,Electronics and Appliance Stores,Electronics and appliance stores,7512,reported,False,SRC-CENSUS-001,mrtssales92-present.xlsx,2024
2024-09-01,electronics,Electronics,443,Electronics and Appliance Stores,Electronics and appliance stores,6883,reported,False,SRC-CENSUS-001,mrtssales92-present.xlsx,2024
2024-10-01,electronics,Electronics,443,Electronics and Appliance Stores,Electronics and appliance stores,7224,reported,False,SRC-CENSUS-001,mrtssales92-present.xlsx,2024
2024-11-01,electronics,Electronics,443,Electronics and Appliance Stores,Electronics and appliance stores,8772,reported,False,SRC-CENSUS-001,mrtssales92-present.xlsx,2024
2024-12-01,electronics,Electronics,443,Electronics and Appliance Stores,Electronics and appliance stores,10330,reported,False,SRC-CENSUS-001,mrtssales92-present.xlsx,2024
2025-01-01,electronics,Electronics,443,Electronics and Appliance Stores,Electronics and appliance stores,7050,reported,False,SRC-CENSUS-001,mrtssales92-present.xlsx,2025
2025-02-01,electronics,Electronics,443,Electronics and Appliance Stores,Electronics and appliance stores,6630,reported,False,SRC-CENSUS-001,mrtssales92-present.xlsx,2025
2025-03-01,electronics,Electronics,443,Electronics and Appliance Stores,Electronics and appliance stores,7199,reported,False,SRC-CENSUS-001,mrtssales92-present.xlsx,2025
2025-04-01,electronics,Electronics,443,Electronics and Appliance Stores,Electronics and appliance stores,6820,reported,False,SRC-CENSUS-001,mrtssales92-present.xlsx,2025
2025-05-01,electronics,Electronics,443,Electronics and Appliance Stores,Electronics and appliance stores,7437,reported,False,SRC-CENSUS-001,mrtssales92-present.xlsx,2025
2025-06-01,electronics,Electronics,443,Electronics and Appliance Stores,Electronics and appliance stores,7147,reported,False,SRC-CENSUS-001,mrtssales92-present.xlsx,2025
2025-07-01,electronics,Electronics,443,Electronics and Appliance Stores,Electronics and appliance stores,7647,reported,False,SRC-CENSUS-001,mrtssales92-present.xlsx,2025
2025-08-01,electronics,Electronics,443,Electronics and Appliance Stores,Electronics and appliance stores,7626,reported,False,SRC-CENSUS-001,mrtssales92-present.xlsx,2025
2025-09-01,electronics,Electronics,443,Electronics and Appliance Stores,Electronics and appliance stores,7413,reported,False,SRC-CENSUS-001,mrtssales92-present.xlsx,2025
2025-10-01,electronics,Electronics,443,Electronics and Appliance Stores,Electronics and appliance stores,7493,reported,False,SRC-CENSUS-001,mrtssales92-present.xlsx,2025
2025-11-01,electronics,Electronics,443,Electronics and Appliance Stores,Electronics and appliance stores,8894,reported,False,SRC-CENSUS-001,mrtssales92-present.xlsx,2025
2025-12-01,electronics,Electronics,443,Electronics and Appliance Stores,Electronics and appliance stores,10689,reported,False,SRC-CENSUS-001,mrtssales92-present.xlsx,2025
2026-01-01,electronics,Electronics,443,Electronics and Appliance Stores,Electronics and appliance stores,7362,reported,False,SRC-CENSUS-001,mrtssales92-present.xlsx,2026
2026-02-01,electronics,Electronics,443,Electronics and Appliance Stores,Electronics and appliance stores,6975,reported,False,SRC-CENSUS-001,mrtssales92-present.xlsx,2026
2026-03-01,electronics,Electronics,443,Electronics and Appliance Stores,Electronics and appliance stores,7682,reported,False,SRC-CENSUS-001,mrtssales92-present.xlsx,2026
2026-04-01,electronics,Electronics,443,Electronics and Appliance Stores,Electronics and appliance stores,7429,reported,False,SRC-CENSUS-001,mrtssales92-present.xlsx,2026
2026-05-01,electronics,Electronics,443,Electronics and Appliance Stores,Electronics and appliance stores,7896,reported,False,SRC-CENSUS-001,mrtssales92-present.xlsx,2026
2026-06-01,electronics,Electronics,443,Electronics and Appliance Stores,Electronics and appliance stores,7769,reported,True,SRC-CENSUS-001,mrtssales92-present.xlsx,2026
1992-01-01,garden,"Patio, Lawn & Garden",444,Building Material and Garden Equipment and Supplies Dealers,Building mat. and garden equip. and supplies dealers,8861,reported,False,SRC-CENSUS-001,mrtssales92-present.xlsx,1992
1992-02-01,garden,"Patio, Lawn & Garden",444,Building Material and Garden Equipment and Supplies Dealers,Building mat. and garden equip. and supplies dealers,8918,reported,False,SRC-CENSUS-001,mrtssales92-present.xlsx,1992
1992-03-01,garden,"Patio, Lawn & Garden",444,Building Material and Garden Equipment and Supplies Dealers,Building mat. and garden equip. and supplies dealers,10483,reported,False,SRC-CENSUS-001,mrtssales92-present.xlsx,1992
1992-04-01,garden,"Patio, Lawn & Garden",444,Building Material and Garden Equipment and Supplies Dealers,Building mat. and garden equip. and supplies dealers,11491,reported,False,SRC-CENSUS-001,mrtssales92-present.xlsx,1992
1992-05-01,garden,"Patio, Lawn & Garden",444,Building Material and Garden Equipment and Supplies Dealers,Building mat. and garden equip. and supplies dealers,12176,reported,False,SRC-CENSUS-001,mrtssales92-present.xlsx,1992
1992-06-01,garden,"Patio, Lawn & Garden",444,Building Material and Garden Equipment and Supplies Dealers,Building mat. and garden equip. and supplies dealers,12077,reported,False,SRC-CENSUS-001,mrtssales92-present.xlsx,1992
1992-07-01,garden,"Patio, Lawn & Garden",444,Building Material and Garden Equipment and Supplies Dealers,Building mat. and garden equip. and supplies dealers,11524,reported,False,SRC-CENSUS-001,mrtssales92-present.xlsx,1992
1992-08-01,garden,"Patio, Lawn & Garden",444,Building Material and Garden Equipment and Supplies Dealers,Building mat. and garden equip. and supplies dealers,11094,reported,False,SRC-CENSUS-001,mrtssales92-present.xlsx,1992
1992-09-01,garden,"Patio, Lawn & Garden",444,Building Material and Garden Equipment and Supplies Dealers,Building mat. and garden equip. and supplies dealers,11183,reported,False,SRC-CENSUS-001,mrtssales92-present.xlsx,1992
1992-10-01,garden,"Patio, Lawn & Garden",444,Building Material and Garden Equipment and Supplies Dealers,Building mat. and garden equip. and supplies dealers,11474,reported,False,SRC-CENSUS-001,mrtssales92-present.xlsx,1992
1992-11-01,garden,"Patio, Lawn & Garden",444,Building Material and Garden Equipment and Supplies Dealers,Building mat. and garden equip. and supplies dealers,10043,reported,False,SRC-CENSUS-001,mrtssales92-present.xlsx,1992
1992-12-01,garden,"Patio, Lawn & Garden",444,Building Material and Garden Equipment and Supplies Dealers,Building mat. and garden equip. and supplies dealers,10153,reported,False,SRC-CENSUS-001,mrtssales92-present.xlsx,1992
1993-01-01,garden,"Patio, Lawn & Garden",444,Building Material and Garden Equipment and Supplies Dealers,Building mat. and garden equip. and supplies dealers,8847,reported,False,SRC-CENSUS-001,mrtssales92-present.xlsx,1993
1993-02-01,garden,"Patio, Lawn & Garden",444,Building Material and Garden Equipment and Supplies Dealers,Building mat. and garden equip. and supplies dealers,9106,reported,False,SRC-CENSUS-001,mrtssales92-present.xlsx,1993
1993-03-01,garden,"Patio, Lawn & Garden",444,Building Material and Garden Equipment and Supplies Dealers,Building mat. and garden equip. and supplies dealers,10952,reported,False,SRC-CENSUS-001,mrtssales92-present.xlsx,1993
1993-04-01,garden,"Patio, Lawn & Garden",444,Building Material and Garden Equipment and Supplies Dealers,Building mat. and garden equip. and supplies dealers,12235,reported,False,SRC-CENSUS-001,mrtssales92-present.xlsx,1993
1993-05-01,garden,"Patio, Lawn & Garden",444,Building Material and Garden Equipment and Supplies Dealers,Building mat. and garden equip. and supplies dealers,13145,reported,False,SRC-CENSUS-001,mrtssales92-present.xlsx,1993
1993-06-01,garden,"Patio, Lawn & Garden",444,Building Material and Garden Equipment and Supplies Dealers,Building mat. and garden equip. and supplies dealers,13066,reported,False,SRC-CENSUS-001,mrtssales92-present.xlsx,1993
1993-07-01,garden,"Patio, Lawn & Garden",444,Building Material and Garden Equipment and Supplies Dealers,Building mat. and garden equip. and supplies dealers,12390,reported,False,SRC-CENSUS-001,mrtssales92-present.xlsx,1993
1993-08-01,garden,"Patio, Lawn & Garden",444,Building Material and Garden Equipment and Supplies Dealers,Building mat. and garden equip. and supplies dealers,12339,reported,False,SRC-CENSUS-001,mrtssales92-present.xlsx,1993
1993-09-01,garden,"Patio, Lawn & Garden",444,Building Material and Garden Equipment and Supplies Dealers,Building mat. and garden equip. and supplies dealers,12022,reported,False,SRC-CENSUS-001,mrtssales92-present.xlsx,1993
1993-10-01,garden,"Patio, Lawn & Garden",444,Building Material and Garden Equipment and Supplies Dealers,Building mat. and garden equip. and supplies dealers,12092,reported,False,SRC-CENSUS-001,mrtssales92-present.xlsx,1993
1993-11-01,garden,"Patio, Lawn & Garden",444,Building Material and Garden Equipment and Supplies Dealers,Building mat. and garden equip. and supplies dealers,11749,reported,False,SRC-CENSUS-001,mrtssales92-present.xlsx,1993
1993-12-01,garden,"Patio, Lawn & Garden",444,Building Material and Garden Equipment and Supplies Dealers,Building mat. and garden equip. and supplies dealers,11500,reported,False,SRC-CENSUS-001,mrtssales92-present.xlsx,1993
1994-01-01,garden,"Patio, Lawn & Garden",444,Building Material and Garden Equipment and Supplies Dealers,Building mat. and garden equip. and supplies dealers,9622,reported,False,SRC-CENSUS-001,mrtssales92-present.xlsx,1994
1994-02-01,garden,"Patio, Lawn & Garden",444,Building Material and Garden Equipment and Supplies Dealers,Building mat. and garden equip. and supplies dealers,9759,reported,False,SRC-CENSUS-001,mrtssales92-present.xlsx,1994
1994-03-01,garden,"Patio, Lawn & Garden",444,Building Material and Garden Equipment and Supplies Dealers,Building mat. and garden equip. and supplies dealers,12527,reported,False,SRC-CENSUS-001,mrtssales92-present.xlsx,1994
1994-04-01,garden,"Patio, Lawn & Garden",444,Building Material and Garden Equipment and Supplies Dealers,Building mat. and garden equip. and supplies dealers,13787,reported,False,SRC-CENSUS-001,mrtssales92-present.xlsx,1994
1994-05-01,garden,"Patio, Lawn & Garden",444,Building Material and Garden Equipment and Supplies Dealers,Building mat. and garden equip. and supplies dealers,14868,reported,False,SRC-CENSUS-001,mrtssales92-present.xlsx,1994
1994-06-01,garden,"Patio, Lawn & Garden",444,Building Material and Garden Equipment and Supplies Dealers,Building mat. and garden equip. and supplies dealers,14573,reported,False,SRC-CENSUS-001,mrtssales92-present.xlsx,1994
1994-07-01,garden,"Patio, Lawn & Garden",444,Building Material and Garden Equipment and Supplies Dealers,Building mat. and garden equip. and supplies dealers,13464,reported,False,SRC-CENSUS-001,mrtssales92-present.xlsx,1994
1994-08-01,garden,"Patio, Lawn & Garden",444,Building Material and Garden Equipment and Supplies Dealers,Building mat. and garden equip. and supplies dealers,14183,reported,False,SRC-CENSUS-001,mrtssales92-present.xlsx,1994
1994-09-01,garden,"Patio, Lawn & Garden",444,Building Material and Garden Equipment and Supplies Dealers,Building mat. and garden equip. and supplies dealers,13670,reported,False,SRC-CENSUS-001,mrtssales92-present.xlsx,1994
1994-10-01,garden,"Patio, Lawn & Garden",444,Building Material and Garden Equipment and Supplies Dealers,Building mat. and garden equip. and supplies dealers,13761,reported,False,SRC-CENSUS-001,mrtssales92-present.xlsx,1994
1994-11-01,garden,"Patio, Lawn & Garden",444,Building Material and Garden Equipment and Supplies Dealers,Building mat. and garden equip. and supplies dealers,12866,reported,False,SRC-CENSUS-001,mrtssales92-present.xlsx,1994
1994-12-01,garden,"Patio, Lawn & Garden",444,Building Material and Garden Equipment and Supplies Dealers,Building mat. and garden equip. and supplies dealers,12561,reported,False,SRC-CENSUS-001,mrtssales92-present.xlsx,1994
1995-01-01,garden,"Patio, Lawn & Garden",444,Building Material and Garden Equipment and Supplies Dealers,Building mat. and garden equip. and supplies dealers,10982,reported,False,SRC-CENSUS-001,mrtssales92-present.xlsx,1995
1995-02-01,garden,"Patio, Lawn & Garden",444,Building Material and Garden Equipment and Supplies Dealers,Building mat. and garden equip. and supplies dealers,10863,reported,False,SRC-CENSUS-001,mrtssales92-present.xlsx,1995
1995-03-01,garden,"Patio, Lawn & Garden",444,Building Material and Garden Equipment and Supplies Dealers,Building mat. and garden equip. and supplies dealers,13318,reported,False,SRC-CENSUS-001,mrtssales92-present.xlsx,1995
1995-04-01,garden,"Patio, Lawn & Garden",444,Building Material and Garden Equipment and Supplies Dealers,Building mat. and garden equip. and supplies dealers,13769,reported,False,SRC-CENSUS-001,mrtssales92-present.xlsx,1995
1995-05-01,garden,"Patio, Lawn & Garden",444,Building Material and Garden Equipment and Supplies Dealers,Building mat. and garden equip. and supplies dealers,15544,reported,False,SRC-CENSUS-001,mrtssales92-present.xlsx,1995
1995-06-01,garden,"Patio, Lawn & Garden",444,Building Material and Garden Equipment and Supplies Dealers,Building mat. and garden equip. and supplies dealers,15264,reported,False,SRC-CENSUS-001,mrtssales92-present.xlsx,1995
1995-07-01,garden,"Patio, Lawn & Garden",444,Building Material and Garden Equipment and Supplies Dealers,Building mat. and garden equip. and supplies dealers,14038,reported,False,SRC-CENSUS-001,mrtssales92-present.xlsx,1995
1995-08-01,garden,"Patio, Lawn & Garden",444,Building Material and Garden Equipment and Supplies Dealers,Building mat. and garden equip. and supplies dealers,14644,reported,False,SRC-CENSUS-001,mrtssales92-present.xlsx,1995
1995-09-01,garden,"Patio, Lawn & Garden",444,Building Material and Garden Equipment and Supplies Dealers,Building mat. and garden equip. and supplies dealers,13821,reported,False,SRC-CENSUS-001,mrtssales92-present.xlsx,1995
1995-10-01,garden,"Patio, Lawn & Garden",444,Building Material and Garden Equipment and Supplies Dealers,Building mat. and garden equip. and supplies dealers,14482,reported,False,SRC-CENSUS-001,mrtssales92-present.xlsx,1995
1995-11-01,garden,"Patio, Lawn & Garden",444,Building Material and Garden Equipment and Supplies Dealers,Building mat. and garden equip. and supplies dealers,13471,reported,False,SRC-CENSUS-001,mrtssales92-present.xlsx,1995
1995-12-01,garden,"Patio, Lawn & Garden",444,Building Material and Garden Equipment and Supplies Dealers,Building mat. and garden equip. and supplies dealers,12791,reported,False,SRC-CENSUS-001,mrtssales92-present.xlsx,1995
1996-01-01,garden,"Patio, Lawn & Garden",444,Building Material and Garden Equipment and Supplies Dealers,Building mat. and garden equip. and supplies dealers,11477,reported,False,SRC-CENSUS-001,mrtssales92-present.xlsx,1996
1996-02-01,garden,"Patio, Lawn & Garden",444,Building Material and Garden Equipment and Supplies Dealers,Building mat. and garden equip. and supplies dealers,11714,reported,False,SRC-CENSUS-001,mrtssales92-present.xlsx,1996
1996-03-01,garden,"Patio, Lawn & Garden",444,Building Material and Garden Equipment and Supplies Dealers,Building mat. and garden equip. and supplies dealers,13277,reported,False,SRC-CENSUS-001,mrtssales92-present.xlsx,1996
1996-04-01,garden,"Patio, Lawn & Garden",444,Building Material and Garden Equipment and Supplies Dealers,Building mat. and garden equip. and supplies dealers,15510,reported,False,SRC-CENSUS-001,mrtssales92-present.xlsx,1996
1996-05-01,garden,"Patio, Lawn & Garden",444,Building Material and Garden Equipment and Supplies Dealers,Building mat. and garden equip. and supplies dealers,16785,reported,False,SRC-CENSUS-001,mrtssales92-present.xlsx,1996
1996-06-01,garden,"Patio, Lawn & Garden",444,Building Material and Garden Equipment and Supplies Dealers,Building mat. and garden equip. and supplies dealers,16019,reported,False,SRC-CENSUS-001,mrtssales92-present.xlsx,1996
1996-07-01,garden,"Patio, Lawn & Garden",444,Building Material and Garden Equipment and Supplies Dealers,Building mat. and garden equip. and supplies dealers,16072,reported,False,SRC-CENSUS-001,mrtssales92-present.xlsx,1996
1996-08-01,garden,"Patio, Lawn & Garden",444,Building Material and Garden Equipment and Supplies Dealers,Building mat. and garden equip. and supplies dealers,15649,reported,False,SRC-CENSUS-001,mrtssales92-present.xlsx,1996
1996-09-01,garden,"Patio, Lawn & Garden",444,Building Material and Garden Equipment and Supplies Dealers,Building mat. and garden equip. and supplies dealers,14765,reported,False,SRC-CENSUS-001,mrtssales92-present.xlsx,1996
1996-10-01,garden,"Patio, Lawn & Garden",444,Building Material and Garden Equipment and Supplies Dealers,Building mat. and garden equip. and supplies dealers,16043,reported,False,SRC-CENSUS-001,mrtssales92-present.xlsx,1996
1996-11-01,garden,"Patio, Lawn & Garden",444,Building Material and Garden Equipment and Supplies Dealers,Building mat. and garden equip. and supplies dealers,14298,reported,False,SRC-CENSUS-001,mrtssales92-present.xlsx,1996
1996-12-01,garden,"Patio, Lawn & Garden",444,Building Material and Garden Equipment and Supplies Dealers,Building mat. and garden equip. and supplies dealers,13392,reported,False,SRC-CENSUS-001,mrtssales92-present.xlsx,1996
1997-01-01,garden,"Patio, Lawn & Garden",444,Building Material and Garden Equipment and Supplies Dealers,Building mat. and garden equip. and supplies dealers,12393,reported,False,SRC-CENSUS-001,mrtssales92-present.xlsx,1997
1997-02-01,garden,"Patio, Lawn & Garden",444,Building Material and Garden Equipment and Supplies Dealers,Building mat. and garden equip. and supplies dealers,12426,reported,False,SRC-CENSUS-001,mrtssales92-present.xlsx,1997
1997-03-01,garden,"Patio, Lawn & Garden",444,Building Material and Garden Equipment and Supplies Dealers,Building mat. and garden equip. and supplies dealers,14951,reported,False,SRC-CENSUS-001,mrtssales92-present.xlsx,1997
1997-04-01,garden,"Patio, Lawn & Garden",444,Building Material and Garden Equipment and Supplies Dealers,Building mat. and garden equip. and supplies dealers,17030,reported,False,SRC-CENSUS-001,mrtssales92-present.xlsx,1997
1997-05-01,garden,"Patio, Lawn & Garden",444,Building Material and Garden Equipment and Supplies Dealers,Building mat. and garden equip. and supplies dealers,18226,reported,False,SRC-CENSUS-001,mrtssales92-present.xlsx,1997
1997-06-01,garden,"Patio, Lawn & Garden",444,Building Material and Garden Equipment and Supplies Dealers,Building mat. and garden equip. and supplies dealers,17451,reported,False,SRC-CENSUS-001,mrtssales92-present.xlsx,1997
1997-07-01,garden,"Patio, Lawn & Garden",444,Building Material and Garden Equipment and Supplies Dealers,Building mat. and garden equip. and supplies dealers,17306,reported,False,SRC-CENSUS-001,mrtssales92-present.xlsx,1997
1997-08-01,garden,"Patio, Lawn & Garden",444,Building Material and Garden Equipment and Supplies Dealers,Building mat. and garden equip. and supplies dealers,16132,reported,False,SRC-CENSUS-001,mrtssales92-present.xlsx,1997
1997-09-01,garden,"Patio, Lawn & Garden",444,Building Material and Garden Equipment and Supplies Dealers,Building mat. and garden equip. and supplies dealers,16523,reported,False,SRC-CENSUS-001,mrtssales92-present.xlsx,1997
1997-10-01,garden,"Patio, Lawn & Garden",444,Building Material and Garden Equipment and Supplies Dealers,Building mat. and garden equip. and supplies dealers,17176,reported,False,SRC-CENSUS-001,mrtssales92-present.xlsx,1997
1997-11-01,garden,"Patio, Lawn & Garden",444,Building Material and Garden Equipment and Supplies Dealers,Building mat. and garden equip. and supplies dealers,14691,reported,False,SRC-CENSUS-001,mrtssales92-present.xlsx,1997
1997-12-01,garden,"Patio, Lawn & Garden",444,Building Material and Garden Equipment and Supplies Dealers,Building mat. and garden equip. and supplies dealers,15117,reported,False,SRC-CENSUS-001,mrtssales92-present.xlsx,1997
1998-01-01,garden,"Patio, Lawn & Garden",444,Building Material and Garden Equipment and Supplies Dealers,Building mat. and garden equip. and supplies dealers,13191,reported,False,SRC-CENSUS-001,mrtssales92-present.xlsx,1998
1998-02-01,garden,"Patio, Lawn & Garden",444,Building Material and Garden Equipment and Supplies Dealers,Building mat. and garden equip. and supplies dealers,13187,reported,False,SRC-CENSUS-001,mrtssales92-present.xlsx,1998
1998-03-01,garden,"Patio, Lawn & Garden",444,Building Material and Garden Equipment and Supplies Dealers,Building mat. and garden equip. and supplies dealers,15929,reported,False,SRC-CENSUS-001,mrtssales92-present.xlsx,1998
1998-04-01,garden,"Patio, Lawn & Garden",444,Building Material and Garden Equipment and Supplies Dealers,Building mat. and garden equip. and supplies dealers,18183,reported,False,SRC-CENSUS-001,mrtssales92-present.xlsx,1998
1998-05-01,garden,"Patio, Lawn & Garden",444,Building Material and Garden Equipment and Supplies Dealers,Building mat. and garden equip. and supplies dealers,18976,reported,False,SRC-CENSUS-001,mrtssales92-present.xlsx,1998
1998-06-01,garden,"Patio, Lawn & Garden",444,Building Material and Garden Equipment and Supplies Dealers,Building mat. and garden equip. and supplies dealers,18843,reported,False,SRC-CENSUS-001,mrtssales92-present.xlsx,1998
1998-07-01,garden,"Patio, Lawn & Garden",444,Building Material and Garden Equipment and Supplies Dealers,Building mat. and garden equip. and supplies dealers,18095,reported,False,SRC-CENSUS-001,mrtssales92-present.xlsx,1998
1998-08-01,garden,"Patio, Lawn & Garden",444,Building Material and Garden Equipment and Supplies Dealers,Building mat. and garden equip. and supplies dealers,16891,reported,False,SRC-CENSUS-001,mrtssales92-present.xlsx,1998
1998-09-01,garden,"Patio, Lawn & Garden",444,Building Material and Garden Equipment and Supplies Dealers,Building mat. and garden equip. and supplies dealers,17156,reported,False,SRC-CENSUS-001,mrtssales92-present.xlsx,1998
1998-10-01,garden,"Patio, Lawn & Garden",444,Building Material and Garden Equipment and Supplies Dealers,Building mat. and garden equip. and supplies dealers,17783,reported,False,SRC-CENSUS-001,mrtssales92-present.xlsx,1998
1998-11-01,garden,"Patio, Lawn & Garden",444,Building Material and Garden Equipment and Supplies Dealers,Building mat. and garden equip. and supplies dealers,16031,reported,False,SRC-CENSUS-001,mrtssales92-present.xlsx,1998
1998-12-01,garden,"Patio, Lawn & Garden",444,Building Material and Garden Equipment and Supplies Dealers,Building mat. and garden equip. and supplies dealers,16427,reported,False,SRC-CENSUS-001,mrtssales92-present.xlsx,1998
1999-01-01,garden,"Patio, Lawn & Garden",444,Building Material and Garden Equipment and Supplies Dealers,Building mat. and garden equip. and supplies dealers,13828,reported,False,SRC-CENSUS-001,mrtssales92-present.xlsx,1999
1999-02-01,garden,"Patio, Lawn & Garden",444,Building Material and Garden Equipment and Supplies Dealers,Building mat. and garden equip. and supplies dealers,14387,reported,False,SRC-CENSUS-001,mrtssales92-present.xlsx,1999
1999-03-01,garden,"Patio, Lawn & Garden",444,Building Material and Garden Equipment and Supplies Dealers,Building mat. and garden equip. and supplies dealers,17561,reported,False,SRC-CENSUS-001,mrtssales92-present.xlsx,1999
1999-04-01,garden,"Patio, Lawn & Garden",444,Building Material and Garden Equipment and Supplies Dealers,Building mat. and garden equip. and supplies dealers,19373,reported,False,SRC-CENSUS-001,mrtssales92-present.xlsx,1999
1999-05-01,garden,"Patio, Lawn & Garden",444,Building Material and Garden Equipment and Supplies Dealers,Building mat. and garden equip. and supplies dealers,20376,reported,False,SRC-CENSUS-001,mrtssales92-present.xlsx,1999
1999-06-01,garden,"Patio, Lawn & Garden",444,Building Material and Garden Equipment and Supplies Dealers,Building mat. and garden equip. and supplies dealers,20335,reported,False,SRC-CENSUS-001,mrtssales92-present.xlsx,1999
1999-07-01,garden,"Patio, Lawn & Garden",444,Building Material and Garden Equipment and Supplies Dealers,Building mat. and garden equip. and supplies dealers,19200,reported,False,SRC-CENSUS-001,mrtssales92-present.xlsx,1999
1999-08-01,garden,"Patio, Lawn & Garden",444,Building Material and Garden Equipment and Supplies Dealers,Building mat. and garden equip. and supplies dealers,18843,reported,False,SRC-CENSUS-001,mrtssales92-present.xlsx,1999
1999-09-01,garden,"Patio, Lawn & Garden",444,Building Material and Garden Equipment and Supplies Dealers,Building mat. and garden equip. and supplies dealers,18307,reported,False,SRC-CENSUS-001,mrtssales92-present.xlsx,1999
1999-10-01,garden,"Patio, Lawn & Garden",444,Building Material and Garden Equipment and Supplies Dealers,Building mat. and garden equip. and supplies dealers,18555,reported,False,SRC-CENSUS-001,mrtssales92-present.xlsx,1999
1999-11-01,garden,"Patio, Lawn & Garden",444,Building Material and Garden Equipment and Supplies Dealers,Building mat. and garden equip. and supplies dealers,18041,reported,False,SRC-CENSUS-001,mrtssales92-present.xlsx,1999
1999-12-01,garden,"Patio, Lawn & Garden",444,Building Material and Garden Equipment and Supplies Dealers,Building mat. and garden equip. and supplies dealers,17640,reported,False,SRC-CENSUS-001,mrtssales92-present.xlsx,1999
2000-01-01,garden,"Patio, Lawn & Garden",444,Building Material and Garden Equipment and Supplies Dealers,Building mat. and garden equip. and supplies dealers,15257,reported,False,SRC-CENSUS-001,mrtssales92-present.xlsx,2000
2000-02-01,garden,"Patio, Lawn & Garden",444,Building Material and Garden Equipment and Supplies Dealers,Building mat. and garden equip. and supplies dealers,16041,reported,False,SRC-CENSUS-001,mrtssales92-present.xlsx,2000
2000-03-01,garden,"Patio, Lawn & Garden",444,Building Material and Garden Equipment and Supplies Dealers,Building mat. and garden equip. and supplies dealers,19792,reported,False,SRC-CENSUS-001,mrtssales92-present.xlsx,2000
2000-04-01,garden,"Patio, Lawn & Garden",444,Building Material and Garden Equipment and Supplies Dealers,Building mat. and garden equip. and supplies dealers,19875,reported,False,SRC-CENSUS-001,mrtssales92-present.xlsx,2000
2000-05-01,garden,"Patio, Lawn & Garden",444,Building Material and Garden Equipment and Supplies Dealers,Building mat. and garden equip. and supplies dealers,22806,reported,False,SRC-CENSUS-001,mrtssales92-present.xlsx,2000
2000-06-01,garden,"Patio, Lawn & Garden",444,Building Material and Garden Equipment and Supplies Dealers,Building mat. and garden equip. and supplies dealers,21511,reported,False,SRC-CENSUS-001,mrtssales92-present.xlsx,2000
2000-07-01,garden,"Patio, Lawn & Garden",444,Building Material and Garden Equipment and Supplies Dealers,Building mat. and garden equip. and supplies dealers,19482,reported,False,SRC-CENSUS-001,mrtssales92-present.xlsx,2000
2000-08-01,garden,"Patio, Lawn & Garden",444,Building Material and Garden Equipment and Supplies Dealers,Building mat. and garden equip. and supplies dealers,20013,reported,False,SRC-CENSUS-001,mrtssales92-present.xlsx,2000
2000-09-01,garden,"Patio, Lawn & Garden",444,Building Material and Garden Equipment and Supplies Dealers,Building mat. and garden equip. and supplies dealers,18604,reported,False,SRC-CENSUS-001,mrtssales92-present.xlsx,2000
2000-10-01,garden,"Patio, Lawn & Garden",444,Building Material and Garden Equipment and Supplies Dealers,Building mat. and garden equip. and supplies dealers,19332,reported,False,SRC-CENSUS-001,mrtssales92-present.xlsx,2000
2000-11-01,garden,"Patio, Lawn & Garden",444,Building Material and Garden Equipment and Supplies Dealers,Building mat. and garden equip. and supplies dealers,17674,reported,False,SRC-CENSUS-001,mrtssales92-present.xlsx,2000
2000-12-01,garden,"Patio, Lawn & Garden",444,Building Material and Garden Equipment and Supplies Dealers,Building mat. and garden equip. and supplies dealers,16751,reported,False,SRC-CENSUS-001,mrtssales92-present.xlsx,2000
2001-01-01,garden,"Patio, Lawn & Garden",444,Building Material and Garden Equipment and Supplies Dealers,Building mat. and garden equip. and supplies dealers,15607,reported,False,SRC-CENSUS-001,mrtssales92-present.xlsx,2001
2001-02-01,garden,"Patio, Lawn & Garden",444,Building Material and Garden Equipment and Supplies Dealers,Building mat. and garden equip. and supplies dealers,15515,reported,False,SRC-CENSUS-001,mrtssales92-present.xlsx,2001
2001-03-01,garden,"Patio, Lawn & Garden",444,Building Material and Garden Equipment and Supplies Dealers,Building mat. and garden equip. and supplies dealers,18832,reported,False,SRC-CENSUS-001,mrtssales92-present.xlsx,2001
2001-04-01,garden,"Patio, Lawn & Garden",444,Building Material and Garden Equipment and Supplies Dealers,Building mat. and garden equip. and supplies dealers,22558,reported,False,SRC-CENSUS-001,mrtssales92-present.xlsx,2001
2001-05-01,garden,"Patio, Lawn & Garden",444,Building Material and Garden Equipment and Supplies Dealers,Building mat. and garden equip. and supplies dealers,24911,reported,False,SRC-CENSUS-001,mrtssales92-present.xlsx,2001
2001-06-01,garden,"Patio, Lawn & Garden",444,Building Material and Garden Equipment and Supplies Dealers,Building mat. and garden equip. and supplies dealers,22752,reported,False,SRC-CENSUS-001,mrtssales92-present.xlsx,2001
2001-07-01,garden,"Patio, Lawn & Garden",444,Building Material and Garden Equipment and Supplies Dealers,Building mat. and garden equip. and supplies dealers,21036,reported,False,SRC-CENSUS-001,mrtssales92-present.xlsx,2001
2001-08-01,garden,"Patio, Lawn & Garden",444,Building Material and Garden Equipment and Supplies Dealers,Building mat. and garden equip. and supplies dealers,20920,reported,False,SRC-CENSUS-001,mrtssales92-present.xlsx,2001
2001-09-01,garden,"Patio, Lawn & Garden",444,Building Material and Garden Equipment and Supplies Dealers,Building mat. and garden equip. and supplies dealers,18606,reported,False,SRC-CENSUS-001,mrtssales92-present.xlsx,2001
2001-10-01,garden,"Patio, Lawn & Garden",444,Building Material and Garden Equipment and Supplies Dealers,Building mat. and garden equip. and supplies dealers,20803,reported,False,SRC-CENSUS-001,mrtssales92-present.xlsx,2001
2001-11-01,garden,"Patio, Lawn & Garden",444,Building Material and Garden Equipment and Supplies Dealers,Building mat. and garden equip. and supplies dealers,18886,reported,False,SRC-CENSUS-001,mrtssales92-present.xlsx,2001
2001-12-01,garden,"Patio, Lawn & Garden",444,Building Material and Garden Equipment and Supplies Dealers,Building mat. and garden equip. and supplies dealers,17086,reported,False,SRC-CENSUS-001,mrtssales92-present.xlsx,2001
2002-01-01,garden,"Patio, Lawn & Garden",444,Building Material and Garden Equipment and Supplies Dealers,Building mat. and garden equip. and supplies dealers,16390,reported,False,SRC-CENSUS-001,mrtssales92-present.xlsx,2002
2002-02-01,garden,"Patio, Lawn & Garden",444,Building Material and Garden Equipment and Supplies Dealers,Building mat. and garden equip. and supplies dealers,15875,reported,False,SRC-CENSUS-001,mrtssales92-present.xlsx,2002
2002-03-01,garden,"Patio, Lawn & Garden",444,Building Material and Garden Equipment and Supplies Dealers,Building mat. and garden equip. and supplies dealers,19033,reported,False,SRC-CENSUS-001,mrtssales92-present.xlsx,2002
2002-04-01,garden,"Patio, Lawn & Garden",444,Building Material and Garden Equipment and Supplies Dealers,Building mat. and garden equip. and supplies dealers,24269,reported,False,SRC-CENSUS-001,mrtssales92-present.xlsx,2002
2002-05-01,garden,"Patio, Lawn & Garden",444,Building Material and Garden Equipment and Supplies Dealers,Building mat. and garden equip. and supplies dealers,25444,reported,False,SRC-CENSUS-001,mrtssales92-present.xlsx,2002
2002-06-01,garden,"Patio, Lawn & Garden",444,Building Material and Garden Equipment and Supplies Dealers,Building mat. and garden equip. and supplies dealers,23090,reported,False,SRC-CENSUS-001,mrtssales92-present.xlsx,2002
2002-07-01,garden,"Patio, Lawn & Garden",444,Building Material and Garden Equipment and Supplies Dealers,Building mat. and garden equip. and supplies dealers,22364,reported,False,SRC-CENSUS-001,mrtssales92-present.xlsx,2002
2002-08-01,garden,"Patio, Lawn & Garden",444,Building Material and Garden Equipment and Supplies Dealers,Building mat. and garden equip. and supplies dealers,21369,reported,False,SRC-CENSUS-001,mrtssales92-present.xlsx,2002
2002-09-01,garden,"Patio, Lawn & Garden",444,Building Material and Garden Equipment and Supplies Dealers,Building mat. and garden equip. and supplies dealers,20009,reported,False,SRC-CENSUS-001,mrtssales92-present.xlsx,2002
2002-10-01,garden,"Patio, Lawn & Garden",444,Building Material and Garden Equipment and Supplies Dealers,Building mat. and garden equip. and supplies dealers,21521,reported,False,SRC-CENSUS-001,mrtssales92-present.xlsx,2002
2002-11-01,garden,"Patio, Lawn & Garden",444,Building Material and Garden Equipment and Supplies Dealers,Building mat. and garden equip. and supplies dealers,19369,reported,False,SRC-CENSUS-001,mrtssales92-present.xlsx,2002
2002-12-01,garden,"Patio, Lawn & Garden",444,Building Material and Garden Equipment and Supplies Dealers,Building mat. and garden equip. and supplies dealers,17829,reported,False,SRC-CENSUS-001,mrtssales92-present.xlsx,2002
2003-01-01,garden,"Patio, Lawn & Garden",444,Building Material and Garden Equipment and Supplies Dealers,Building mat. and garden equip. and supplies dealers,17064,reported,False,SRC-CENSUS-001,mrtssales92-present.xlsx,2003
2003-02-01,garden,"Patio, Lawn & Garden",444,Building Material and Garden Equipment and Supplies Dealers,Building mat. and garden equip. and supplies dealers,15455,reported,False,SRC-CENSUS-001,mrtssales92-present.xlsx,2003
2003-03-01,garden,"Patio, Lawn & Garden",444,Building Material and Garden Equipment and Supplies Dealers,Building mat. and garden equip. and supplies dealers,20020,reported,False,SRC-CENSUS-001,mrtssales92-present.xlsx,2003
2003-04-01,garden,"Patio, Lawn & Garden",444,Building Material and Garden Equipment and Supplies Dealers,Building mat. and garden equip. and supplies dealers,24099,reported,False,SRC-CENSUS-001,mrtssales92-present.xlsx,2003
2003-05-01,garden,"Patio, Lawn & Garden",444,Building Material and Garden Equipment and Supplies Dealers,Building mat. and garden equip. and supplies dealers,25632,reported,False,SRC-CENSUS-001,mrtssales92-present.xlsx,2003
2003-06-01,garden,"Patio, Lawn & Garden",444,Building Material and Garden Equipment and Supplies Dealers,Building mat. and garden equip. and supplies dealers,24859,reported,False,SRC-CENSUS-001,mrtssales92-present.xlsx,2003
2003-07-01,garden,"Patio, Lawn & Garden",444,Building Material and Garden Equipment and Supplies Dealers,Building mat. and garden equip. and supplies dealers,24253,reported,False,SRC-CENSUS-001,mrtssales92-present.xlsx,2003
2003-08-01,garden,"Patio, Lawn & Garden",444,Building Material and Garden Equipment and Supplies Dealers,Building mat. and garden equip. and supplies dealers,22482,reported,False,SRC-CENSUS-001,mrtssales92-present.xlsx,2003
2003-09-01,garden,"Patio, Lawn & Garden",444,Building Material and Garden Equipment and Supplies Dealers,Building mat. and garden equip. and supplies dealers,22645,reported,False,SRC-CENSUS-001,mrtssales92-present.xlsx,2003
2003-10-01,garden,"Patio, Lawn & Garden",444,Building Material and Garden Equipment and Supplies Dealers,Building mat. and garden equip. and supplies dealers,23792,reported,False,SRC-CENSUS-001,mrtssales92-present.xlsx,2003
2003-11-01,garden,"Patio, Lawn & Garden",444,Building Material and Garden Equipment and Supplies Dealers,Building mat. and garden equip. and supplies dealers,20642,reported,False,SRC-CENSUS-001,mrtssales92-present.xlsx,2003
2003-12-01,garden,"Patio, Lawn & Garden",444,Building Material and Garden Equipment and Supplies Dealers,Building mat. and garden equip. and supplies dealers,20460,reported,False,SRC-CENSUS-001,mrtssales92-present.xlsx,2003
2004-01-01,garden,"Patio, Lawn & Garden",444,Building Material and Garden Equipment and Supplies Dealers,Building mat. and garden equip. and supplies dealers,17947,reported,False,SRC-CENSUS-001,mrtssales92-present.xlsx,2004
2004-02-01,garden,"Patio, Lawn & Garden",444,Building Material and Garden Equipment and Supplies Dealers,Building mat. and garden equip. and supplies dealers,17728,reported,False,SRC-CENSUS-001,mrtssales92-present.xlsx,2004
2004-03-01,garden,"Patio, Lawn & Garden",444,Building Material and Garden Equipment and Supplies Dealers,Building mat. and garden equip. and supplies dealers,24756,reported,False,SRC-CENSUS-001,mrtssales92-present.xlsx,2004
2004-04-01,garden,"Patio, Lawn & Garden",444,Building Material and Garden Equipment and Supplies Dealers,Building mat. and garden equip. and supplies dealers,28044,reported,False,SRC-CENSUS-001,mrtssales92-present.xlsx,2004
2004-05-01,garden,"Patio, Lawn & Garden",444,Building Material and Garden Equipment and Supplies Dealers,Building mat. and garden equip. and supplies dealers,28207,reported,False,SRC-CENSUS-001,mrtssales92-present.xlsx,2004
2004-06-01,garden,"Patio, Lawn & Garden",444,Building Material and Garden Equipment and Supplies Dealers,Building mat. and garden equip. and supplies dealers,28408,reported,False,SRC-CENSUS-001,mrtssales92-present.xlsx,2004
2004-07-01,garden,"Patio, Lawn & Garden",444,Building Material and Garden Equipment and Supplies Dealers,Building mat. and garden equip. and supplies dealers,25966,reported,False,SRC-CENSUS-001,mrtssales92-present.xlsx,2004
2004-08-01,garden,"Patio, Lawn & Garden",444,Building Material and Garden Equipment and Supplies Dealers,Building mat. and garden equip. and supplies dealers,25388,reported,False,SRC-CENSUS-001,mrtssales92-present.xlsx,2004
2004-09-01,garden,"Patio, Lawn & Garden",444,Building Material and Garden Equipment and Supplies Dealers,Building mat. and garden equip. and supplies dealers,24951,reported,False,SRC-CENSUS-001,mrtssales92-present.xlsx,2004
2004-10-01,garden,"Patio, Lawn & Garden",444,Building Material and Garden Equipment and Supplies Dealers,Building mat. and garden equip. and supplies dealers,24648,reported,False,SRC-CENSUS-001,mrtssales92-present.xlsx,2004
2004-11-01,garden,"Patio, Lawn & Garden",444,Building Material and Garden Equipment and Supplies Dealers,Building mat. and garden equip. and supplies dealers,23864,reported,False,SRC-CENSUS-001,mrtssales92-present.xlsx,2004
2004-12-01,garden,"Patio, Lawn & Garden",444,Building Material and Garden Equipment and Supplies Dealers,Building mat. and garden equip. and supplies dealers,23160,reported,False,SRC-CENSUS-001,mrtssales92-present.xlsx,2004
2005-01-01,garden,"Patio, Lawn & Garden",444,Building Material and Garden Equipment and Supplies Dealers,Building mat. and garden equip. and supplies dealers,19914,reported,False,SRC-CENSUS-001,mrtssales92-present.xlsx,2005
2005-02-01,garden,"Patio, Lawn & Garden",444,Building Material and Garden Equipment and Supplies Dealers,Building mat. and garden equip. and supplies dealers,19823,reported,False,SRC-CENSUS-001,mrtssales92-present.xlsx,2005
2005-03-01,garden,"Patio, Lawn & Garden",444,Building Material and Garden Equipment and Supplies Dealers,Building mat. and garden equip. and supplies dealers,26112,reported,False,SRC-CENSUS-001,mrtssales92-present.xlsx,2005
2005-04-01,garden,"Patio, Lawn & Garden",444,Building Material and Garden Equipment and Supplies Dealers,Building mat. and garden equip. and supplies dealers,29603,reported,False,SRC-CENSUS-001,mrtssales92-present.xlsx,2005
2005-05-01,garden,"Patio, Lawn & Garden",444,Building Material and Garden Equipment and Supplies Dealers,Building mat. and garden equip. and supplies dealers,31411,reported,False,SRC-CENSUS-001,mrtssales92-present.xlsx,2005
2005-06-01,garden,"Patio, Lawn & Garden",444,Building Material and Garden Equipment and Supplies Dealers,Building mat. and garden equip. and supplies dealers,30708,reported,False,SRC-CENSUS-001,mrtssales92-present.xlsx,2005
2005-07-01,garden,"Patio, Lawn & Garden",444,Building Material and Garden Equipment and Supplies Dealers,Building mat. and garden equip. and supplies dealers,27172,reported,False,SRC-CENSUS-001,mrtssales92-present.xlsx,2005
2005-08-01,garden,"Patio, Lawn & Garden",444,Building Material and Garden Equipment and Supplies Dealers,Building mat. and garden equip. and supplies dealers,28129,reported,False,SRC-CENSUS-001,mrtssales92-present.xlsx,2005
2005-09-01,garden,"Patio, Lawn & Garden",444,Building Material and Garden Equipment and Supplies Dealers,Building mat. and garden equip. and supplies dealers,27208,reported,False,SRC-CENSUS-001,mrtssales92-present.xlsx,2005
2005-10-01,garden,"Patio, Lawn & Garden",444,Building Material and Garden Equipment and Supplies Dealers,Building mat. and garden equip. and supplies dealers,27510,reported,False,SRC-CENSUS-001,mrtssales92-present.xlsx,2005
2005-11-01,garden,"Patio, Lawn & Garden",444,Building Material and Garden Equipment and Supplies Dealers,Building mat. and garden equip. and supplies dealers,26533,reported,False,SRC-CENSUS-001,mrtssales92-present.xlsx,2005
2005-12-01,garden,"Patio, Lawn & Garden",444,Building Material and Garden Equipment and Supplies Dealers,Building mat. and garden equip. and supplies dealers,24381,reported,False,SRC-CENSUS-001,mrtssales92-present.xlsx,2005
2006-01-01,garden,"Patio, Lawn & Garden",444,Building Material and Garden Equipment and Supplies Dealers,Building mat. and garden equip. and supplies dealers,23173,reported,False,SRC-CENSUS-001,mrtssales92-present.xlsx,2006
2006-02-01,garden,"Patio, Lawn & Garden",444,Building Material and Garden Equipment and Supplies Dealers,Building mat. and garden equip. and supplies dealers,22668,reported,False,SRC-CENSUS-001,mrtssales92-present.xlsx,2006
2006-03-01,garden,"Patio, Lawn & Garden",444,Building Material and Garden Equipment and Supplies Dealers,Building mat. and garden equip. and supplies dealers,29454,reported,False,SRC-CENSUS-001,mrtssales92-present.xlsx,2006
2006-04-01,garden,"Patio, Lawn & Garden",444,Building Material and Garden Equipment and Supplies Dealers,Building mat. and garden equip. and supplies dealers,30889,reported,False,SRC-CENSUS-001,mrtssales92-present.xlsx,2006
2006-05-01,garden,"Patio, Lawn & Garden",444,Building Material and Garden Equipment and Supplies Dealers,Building mat. and garden equip. and supplies dealers,33900,reported,False,SRC-CENSUS-001,mrtssales92-present.xlsx,2006
2006-06-01,garden,"Patio, Lawn & Garden",444,Building Material and Garden Equipment and Supplies Dealers,Building mat. and garden equip. and supplies dealers,31518,reported,False,SRC-CENSUS-001,mrtssales92-present.xlsx,2006
2006-07-01,garden,"Patio, Lawn & Garden",444,Building Material and Garden Equipment and Supplies Dealers,Building mat. and garden equip. and supplies dealers,28026,reported,False,SRC-CENSUS-001,mrtssales92-present.xlsx,2006
2006-08-01,garden,"Patio, Lawn & Garden",444,Building Material and Garden Equipment and Supplies Dealers,Building mat. and garden equip. and supplies dealers,29102,reported,False,SRC-CENSUS-001,mrtssales92-present.xlsx,2006
2006-09-01,garden,"Patio, Lawn & Garden",444,Building Material and Garden Equipment and Supplies Dealers,Building mat. and garden equip. and supplies dealers,26283,reported,False,SRC-CENSUS-001,mrtssales92-present.xlsx,2006
2006-10-01,garden,"Patio, Lawn & Garden",444,Building Material and Garden Equipment and Supplies Dealers,Building mat. and garden equip. and supplies dealers,27637,reported,False,SRC-CENSUS-001,mrtssales92-present.xlsx,2006
2006-11-01,garden,"Patio, Lawn & Garden",444,Building Material and Garden Equipment and Supplies Dealers,Building mat. and garden equip. and supplies dealers,25777,reported,False,SRC-CENSUS-001,mrtssales92-present.xlsx,2006
2006-12-01,garden,"Patio, Lawn & Garden",444,Building Material and Garden Equipment and Supplies Dealers,Building mat. and garden equip. and supplies dealers,23398,reported,False,SRC-CENSUS-001,mrtssales92-present.xlsx,2006
2007-01-01,garden,"Patio, Lawn & Garden",444,Building Material and Garden Equipment and Supplies Dealers,Building mat. and garden equip. and supplies dealers,21795,reported,False,SRC-CENSUS-001,mrtssales92-present.xlsx,2007
2007-02-01,garden,"Patio, Lawn & Garden",444,Building Material and Garden Equipment and Supplies Dealers,Building mat. and garden equip. and supplies dealers,20663,reported,False,SRC-CENSUS-001,mrtssales92-present.xlsx,2007
2007-03-01,garden,"Patio, Lawn & Garden",444,Building Material and Garden Equipment and Supplies Dealers,Building mat. and garden equip. and supplies dealers,27094,reported,False,SRC-CENSUS-001,mrtssales92-present.xlsx,2007
2007-04-01,garden,"Patio, Lawn & Garden",444,Building Material and Garden Equipment and Supplies Dealers,Building mat. and garden equip. and supplies dealers,28698,reported,False,SRC-CENSUS-001,mrtssales92-present.xlsx,2007
2007-05-01,garden,"Patio, Lawn & Garden",444,Building Material and Garden Equipment and Supplies Dealers,Building mat. and garden equip. and supplies dealers,34001,reported,False,SRC-CENSUS-001,mrtssales92-present.xlsx,2007
2007-06-01,garden,"Patio, Lawn & Garden",444,Building Material and Garden Equipment and Supplies Dealers,Building mat. and garden equip. and supplies dealers,29982,reported,False,SRC-CENSUS-001,mrtssales92-present.xlsx,2007
2007-07-01,garden,"Patio, Lawn & Garden",444,Building Material and Garden Equipment and Supplies Dealers,Building mat. and garden equip. and supplies dealers,28286,reported,False,SRC-CENSUS-001,mrtssales92-present.xlsx,2007
2007-08-01,garden,"Patio, Lawn & Garden",444,Building Material and Garden Equipment and Supplies Dealers,Building mat. and garden equip. and supplies dealers,28011,reported,False,SRC-CENSUS-001,mrtssales92-present.xlsx,2007
2007-09-01,garden,"Patio, Lawn & Garden",444,Building Material and Garden Equipment and Supplies Dealers,Building mat. and garden equip. and supplies dealers,25015,reported,False,SRC-CENSUS-001,mrtssales92-present.xlsx,2007
2007-10-01,garden,"Patio, Lawn & Garden",444,Building Material and Garden Equipment and Supplies Dealers,Building mat. and garden equip. and supplies dealers,27114,reported,False,SRC-CENSUS-001,mrtssales92-present.xlsx,2007
2007-11-01,garden,"Patio, Lawn & Garden",444,Building Material and Garden Equipment and Supplies Dealers,Building mat. and garden equip. and supplies dealers,25609,reported,False,SRC-CENSUS-001,mrtssales92-present.xlsx,2007
2007-12-01,garden,"Patio, Lawn & Garden",444,Building Material and Garden Equipment and Supplies Dealers,Building mat. and garden equip. and supplies dealers,22052,reported,False,SRC-CENSUS-001,mrtssales92-present.xlsx,2007
2008-01-01,garden,"Patio, Lawn & Garden",444,Building Material and Garden Equipment and Supplies Dealers,Building mat. and garden equip. and supplies dealers,20342,reported,False,SRC-CENSUS-001,mrtssales92-present.xlsx,2008
2008-02-01,garden,"Patio, Lawn & Garden",444,Building Material and Garden Equipment and Supplies Dealers,Building mat. and garden equip. and supplies dealers,20124,reported,False,SRC-CENSUS-001,mrtssales92-present.xlsx,2008
2008-03-01,garden,"Patio, Lawn & Garden",444,Building Material and Garden Equipment and Supplies Dealers,Building mat. and garden equip. and supplies dealers,23685,reported,False,SRC-CENSUS-001,mrtssales92-present.xlsx,2008
2008-04-01,garden,"Patio, Lawn & Garden",444,Building Material and Garden Equipment and Supplies Dealers,Building mat. and garden equip. and supplies dealers,28449,reported,False,SRC-CENSUS-001,mrtssales92-present.xlsx,2008
2008-05-01,garden,"Patio, Lawn & Garden",444,Building Material and Garden Equipment and Supplies Dealers,Building mat. and garden equip. and supplies dealers,31648,reported,False,SRC-CENSUS-001,mrtssales92-present.xlsx,2008
2008-06-01,garden,"Patio, Lawn & Garden",444,Building Material and Garden Equipment and Supplies Dealers,Building mat. and garden equip. and supplies dealers,29029,reported,False,SRC-CENSUS-001,mrtssales92-present.xlsx,2008
2008-07-01,garden,"Patio, Lawn & Garden",444,Building Material and Garden Equipment and Supplies Dealers,Building mat. and garden equip. and supplies dealers,28400,reported,False,SRC-CENSUS-001,mrtssales92-present.xlsx,2008
2008-08-01,garden,"Patio, Lawn & Garden",444,Building Material and Garden Equipment and Supplies Dealers,Building mat. and garden equip. and supplies dealers,25231,reported,False,SRC-CENSUS-001,mrtssales92-present.xlsx,2008
2008-09-01,garden,"Patio, Lawn & Garden",444,Building Material and Garden Equipment and Supplies Dealers,Building mat. and garden equip. and supplies dealers,24900,reported,False,SRC-CENSUS-001,mrtssales92-present.xlsx,2008
2008-10-01,garden,"Patio, Lawn & Garden",444,Building Material and Garden Equipment and Supplies Dealers,Building mat. and garden equip. and supplies dealers,25542,reported,False,SRC-CENSUS-001,mrtssales92-present.xlsx,2008
2008-11-01,garden,"Patio, Lawn & Garden",444,Building Material and Garden Equipment and Supplies Dealers,Building mat. and garden equip. and supplies dealers,21545,reported,False,SRC-CENSUS-001,mrtssales92-present.xlsx,2008
2008-12-01,garden,"Patio, Lawn & Garden",444,Building Material and Garden Equipment and Supplies Dealers,Building mat. and garden equip. and supplies dealers,20533,reported,False,SRC-CENSUS-001,mrtssales92-present.xlsx,2008
2009-01-01,garden,"Patio, Lawn & Garden",444,Building Material and Garden Equipment and Supplies Dealers,Building mat. and garden equip. and supplies dealers,17462,reported,False,SRC-CENSUS-001,mrtssales92-present.xlsx,2009
2009-02-01,garden,"Patio, Lawn & Garden",444,Building Material and Garden Equipment and Supplies Dealers,Building mat. and garden equip. and supplies dealers,16926,reported,False,SRC-CENSUS-001,mrtssales92-present.xlsx,2009
2009-03-01,garden,"Patio, Lawn & Garden",444,Building Material and Garden Equipment and Supplies Dealers,Building mat. and garden equip. and supplies dealers,21327,reported,False,SRC-CENSUS-001,mrtssales92-present.xlsx,2009
2009-04-01,garden,"Patio, Lawn & Garden",444,Building Material and Garden Equipment and Supplies Dealers,Building mat. and garden equip. and supplies dealers,24757,reported,False,SRC-CENSUS-001,mrtssales92-present.xlsx,2009
2009-05-01,garden,"Patio, Lawn & Garden",444,Building Material and Garden Equipment and Supplies Dealers,Building mat. and garden equip. and supplies dealers,26722,reported,False,SRC-CENSUS-001,mrtssales92-present.xlsx,2009
2009-06-01,garden,"Patio, Lawn & Garden",444,Building Material and Garden Equipment and Supplies Dealers,Building mat. and garden equip. and supplies dealers,26123,reported,False,SRC-CENSUS-001,mrtssales92-present.xlsx,2009
2009-07-01,garden,"Patio, Lawn & Garden",444,Building Material and Garden Equipment and Supplies Dealers,Building mat. and garden equip. and supplies dealers,23793,reported,False,SRC-CENSUS-001,mrtssales92-present.xlsx,2009
2009-08-01,garden,"Patio, Lawn & Garden",444,Building Material and Garden Equipment and Supplies Dealers,Building mat. and garden equip. and supplies dealers,21334,reported,False,SRC-CENSUS-001,mrtssales92-present.xlsx,2009
2009-09-01,garden,"Patio, Lawn & Garden",444,Building Material and Garden Equipment and Supplies Dealers,Building mat. and garden equip. and supplies dealers,21116,reported,False,SRC-CENSUS-001,mrtssales92-present.xlsx,2009
2009-10-01,garden,"Patio, Lawn & Garden",444,Building Material and Garden Equipment and Supplies Dealers,Building mat. and garden equip. and supplies dealers,21076,reported,False,SRC-CENSUS-001,mrtssales92-present.xlsx,2009
2009-11-01,garden,"Patio, Lawn & Garden",444,Building Material and Garden Equipment and Supplies Dealers,Building mat. and garden equip. and supplies dealers,19740,reported,False,SRC-CENSUS-001,mrtssales92-present.xlsx,2009
2009-12-01,garden,"Patio, Lawn & Garden",444,Building Material and Garden Equipment and Supplies Dealers,Building mat. and garden equip. and supplies dealers,19016,reported,False,SRC-CENSUS-001,mrtssales92-present.xlsx,2009
2010-01-01,garden,"Patio, Lawn & Garden",444,Building Material and Garden Equipment and Supplies Dealers,Building mat. and garden equip. and supplies dealers,15217,reported,False,SRC-CENSUS-001,mrtssales92-present.xlsx,2010
2010-02-01,garden,"Patio, Lawn & Garden",444,Building Material and Garden Equipment and Supplies Dealers,Building mat. and garden equip. and supplies dealers,15335,reported,False,SRC-CENSUS-001,mrtssales92-present.xlsx,2010
2010-03-01,garden,"Patio, Lawn & Garden",444,Building Material and Garden Equipment and Supplies Dealers,Building mat. and garden equip. and supplies dealers,21511,reported,False,SRC-CENSUS-001,mrtssales92-present.xlsx,2010
2010-04-01,garden,"Patio, Lawn & Garden",444,Building Material and Garden Equipment and Supplies Dealers,Building mat. and garden equip. and supplies dealers,26455,reported,False,SRC-CENSUS-001,mrtssales92-present.xlsx,2010
2010-05-01,garden,"Patio, Lawn & Garden",444,Building Material and Garden Equipment and Supplies Dealers,Building mat. and garden equip. and supplies dealers,26014,reported,False,SRC-CENSUS-001,mrtssales92-present.xlsx,2010
2010-06-01,garden,"Patio, Lawn & Garden",444,Building Material and Garden Equipment and Supplies Dealers,Building mat. and garden equip. and supplies dealers,25232,reported,False,SRC-CENSUS-001,mrtssales92-present.xlsx,2010
2010-07-01,garden,"Patio, Lawn & Garden",444,Building Material and Garden Equipment and Supplies Dealers,Building mat. and garden equip. and supplies dealers,22907,reported,False,SRC-CENSUS-001,mrtssales92-present.xlsx,2010
2010-08-01,garden,"Patio, Lawn & Garden",444,Building Material and Garden Equipment and Supplies Dealers,Building mat. and garden equip. and supplies dealers,21514,reported,False,SRC-CENSUS-001,mrtssales92-present.xlsx,2010
2010-09-01,garden,"Patio, Lawn & Garden",444,Building Material and Garden Equipment and Supplies Dealers,Building mat. and garden equip. and supplies dealers,21078,reported,False,SRC-CENSUS-001,mrtssales92-present.xlsx,2010
2010-10-01,garden,"Patio, Lawn & Garden",444,Building Material and Garden Equipment and Supplies Dealers,Building mat. and garden equip. and supplies dealers,21689,reported,False,SRC-CENSUS-001,mrtssales92-present.xlsx,2010
2010-11-01,garden,"Patio, Lawn & Garden",444,Building Material and Garden Equipment and Supplies Dealers,Building mat. and garden equip. and supplies dealers,21274,reported,False,SRC-CENSUS-001,mrtssales92-present.xlsx,2010
2010-12-01,garden,"Patio, Lawn & Garden",444,Building Material and Garden Equipment and Supplies Dealers,Building mat. and garden equip. and supplies dealers,20102,reported,False,SRC-CENSUS-001,mrtssales92-present.xlsx,2010
2011-01-01,garden,"Patio, Lawn & Garden",444,Building Material and Garden Equipment and Supplies Dealers,Building mat. and garden equip. and supplies dealers,15867,reported,False,SRC-CENSUS-001,mrtssales92-present.xlsx,2011
2011-02-01,garden,"Patio, Lawn & Garden",444,Building Material and Garden Equipment and Supplies Dealers,Building mat. and garden equip. and supplies dealers,15865,reported,False,SRC-CENSUS-001,mrtssales92-present.xlsx,2011
2011-03-01,garden,"Patio, Lawn & Garden",444,Building Material and Garden Equipment and Supplies Dealers,Building mat. and garden equip. and supplies dealers,21777,reported,False,SRC-CENSUS-001,mrtssales92-present.xlsx,2011
2011-04-01,garden,"Patio, Lawn & Garden",444,Building Material and Garden Equipment and Supplies Dealers,Building mat. and garden equip. and supplies dealers,24167,reported,False,SRC-CENSUS-001,mrtssales92-present.xlsx,2011
2011-05-01,garden,"Patio, Lawn & Garden",444,Building Material and Garden Equipment and Supplies Dealers,Building mat. and garden equip. and supplies dealers,27471,reported,False,SRC-CENSUS-001,mrtssales92-present.xlsx,2011
2011-06-01,garden,"Patio, Lawn & Garden",444,Building Material and Garden Equipment and Supplies Dealers,Building mat. and garden equip. and supplies dealers,26772,reported,False,SRC-CENSUS-001,mrtssales92-present.xlsx,2011
2011-07-01,garden,"Patio, Lawn & Garden",444,Building Material and Garden Equipment and Supplies Dealers,Building mat. and garden equip. and supplies dealers,23329,reported,False,SRC-CENSUS-001,mrtssales92-present.xlsx,2011
2011-08-01,garden,"Patio, Lawn & Garden",444,Building Material and Garden Equipment and Supplies Dealers,Building mat. and garden equip. and supplies dealers,23526,reported,False,SRC-CENSUS-001,mrtssales92-present.xlsx,2011
2011-09-01,garden,"Patio, Lawn & Garden",444,Building Material and Garden Equipment and Supplies Dealers,Building mat. and garden equip. and supplies dealers,22310,reported,False,SRC-CENSUS-001,mrtssales92-present.xlsx,2011
2011-10-01,garden,"Patio, Lawn & Garden",444,Building Material and Garden Equipment and Supplies Dealers,Building mat. and garden equip. and supplies dealers,22873,reported,False,SRC-CENSUS-001,mrtssales92-present.xlsx,2011
2011-11-01,garden,"Patio, Lawn & Garden",444,Building Material and Garden Equipment and Supplies Dealers,Building mat. and garden equip. and supplies dealers,22186,reported,False,SRC-CENSUS-001,mrtssales92-present.xlsx,2011
2011-12-01,garden,"Patio, Lawn & Garden",444,Building Material and Garden Equipment and Supplies Dealers,Building mat. and garden equip. and supplies dealers,21029,reported,False,SRC-CENSUS-001,mrtssales92-present.xlsx,2011
2012-01-01,garden,"Patio, Lawn & Garden",444,Building Material and Garden Equipment and Supplies Dealers,Building mat. and garden equip. and supplies dealers,17842,reported,False,SRC-CENSUS-001,mrtssales92-present.xlsx,2012
2012-02-01,garden,"Patio, Lawn & Garden",444,Building Material and Garden Equipment and Supplies Dealers,Building mat. and garden equip. and supplies dealers,18360,reported,False,SRC-CENSUS-001,mrtssales92-present.xlsx,2012
2012-03-01,garden,"Patio, Lawn & Garden",444,Building Material and Garden Equipment and Supplies Dealers,Building mat. and garden equip. and supplies dealers,23975,reported,False,SRC-CENSUS-001,mrtssales92-present.xlsx,2012
2012-04-01,garden,"Patio, Lawn & Garden",444,Building Material and Garden Equipment and Supplies Dealers,Building mat. and garden equip. and supplies dealers,25784,reported,False,SRC-CENSUS-001,mrtssales92-present.xlsx,2012
2012-05-01,garden,"Patio, Lawn & Garden",444,Building Material and Garden Equipment and Supplies Dealers,Building mat. and garden equip. and supplies dealers,29147,reported,False,SRC-CENSUS-001,mrtssales92-present.xlsx,2012
2012-06-01,garden,"Patio, Lawn & Garden",444,Building Material and Garden Equipment and Supplies Dealers,Building mat. and garden equip. and supplies dealers,25571,reported,False,SRC-CENSUS-001,mrtssales92-present.xlsx,2012
2012-07-01,garden,"Patio, Lawn & Garden",444,Building Material and Garden Equipment and Supplies Dealers,Building mat. and garden equip. and supplies dealers,23733,reported,False,SRC-CENSUS-001,mrtssales92-present.xlsx,2012
2012-08-01,garden,"Patio, Lawn & Garden",444,Building Material and Garden Equipment and Supplies Dealers,Building mat. and garden equip. and supplies dealers,23968,reported,False,SRC-CENSUS-001,mrtssales92-present.xlsx,2012
2012-09-01,garden,"Patio, Lawn & Garden",444,Building Material and Garden Equipment and Supplies Dealers,Building mat. and garden equip. and supplies dealers,22125,reported,False,SRC-CENSUS-001,mrtssales92-present.xlsx,2012
2012-10-01,garden,"Patio, Lawn & Garden",444,Building Material and Garden Equipment and Supplies Dealers,Building mat. and garden equip. and supplies dealers,24419,reported,False,SRC-CENSUS-001,mrtssales92-present.xlsx,2012
2012-11-01,garden,"Patio, Lawn & Garden",444,Building Material and Garden Equipment and Supplies Dealers,Building mat. and garden equip. and supplies dealers,23274,reported,False,SRC-CENSUS-001,mrtssales92-present.xlsx,2012
2012-12-01,garden,"Patio, Lawn & Garden",444,Building Material and Garden Equipment and Supplies Dealers,Building mat. and garden equip. and supplies dealers,20941,reported,False,SRC-CENSUS-001,mrtssales92-present.xlsx,2012
2013-01-01,garden,"Patio, Lawn & Garden",444,Building Material and Garden Equipment and Supplies Dealers,Building mat. and garden equip. and supplies dealers,19096,reported,False,SRC-CENSUS-001,mrtssales92-present.xlsx,2013
2013-02-01,garden,"Patio, Lawn & Garden",444,Building Material and Garden Equipment and Supplies Dealers,Building mat. and garden equip. and supplies dealers,18468,reported,False,SRC-CENSUS-001,mrtssales92-present.xlsx,2013
2013-03-01,garden,"Patio, Lawn & Garden",444,Building Material and Garden Equipment and Supplies Dealers,Building mat. and garden equip. and supplies dealers,22921,reported,False,SRC-CENSUS-001,mrtssales92-present.xlsx,2013
2013-04-01,garden,"Patio, Lawn & Garden",444,Building Material and Garden Equipment and Supplies Dealers,Building mat. and garden equip. and supplies dealers,28515,reported,False,SRC-CENSUS-001,mrtssales92-present.xlsx,2013
2013-05-01,garden,"Patio, Lawn & Garden",444,Building Material and Garden Equipment and Supplies Dealers,Building mat. and garden equip. and supplies dealers,32366,reported,False,SRC-CENSUS-001,mrtssales92-present.xlsx,2013
2013-06-01,garden,"Patio, Lawn & Garden",444,Building Material and Garden Equipment and Supplies Dealers,Building mat. and garden equip. and supplies dealers,27459,reported,False,SRC-CENSUS-001,mrtssales92-present.xlsx,2013
2013-07-01,garden,"Patio, Lawn & Garden",444,Building Material and Garden Equipment and Supplies Dealers,Building mat. and garden equip. and supplies dealers,27183,reported,False,SRC-CENSUS-001,mrtssales92-present.xlsx,2013
2013-08-01,garden,"Patio, Lawn & Garden",444,Building Material and Garden Equipment and Supplies Dealers,Building mat. and garden equip. and supplies dealers,25827,reported,False,SRC-CENSUS-001,mrtssales92-present.xlsx,2013
2013-09-01,garden,"Patio, Lawn & Garden",444,Building Material and Garden Equipment and Supplies Dealers,Building mat. and garden equip. and supplies dealers,24023,reported,False,SRC-CENSUS-001,mrtssales92-present.xlsx,2013
2013-10-01,garden,"Patio, Lawn & Garden",444,Building Material and Garden Equipment and Supplies Dealers,Building mat. and garden equip. and supplies dealers,25826,reported,False,SRC-CENSUS-001,mrtssales92-present.xlsx,2013
2013-11-01,garden,"Patio, Lawn & Garden",444,Building Material and Garden Equipment and Supplies Dealers,Building mat. and garden equip. and supplies dealers,23591,reported,False,SRC-CENSUS-001,mrtssales92-present.xlsx,2013
2013-12-01,garden,"Patio, Lawn & Garden",444,Building Material and Garden Equipment and Supplies Dealers,Building mat. and garden equip. and supplies dealers,22031,reported,False,SRC-CENSUS-001,mrtssales92-present.xlsx,2013
2014-01-01,garden,"Patio, Lawn & Garden",444,Building Material and Garden Equipment and Supplies Dealers,Building mat. and garden equip. and supplies dealers,19547,reported,False,SRC-CENSUS-001,mrtssales92-present.xlsx,2014
2014-02-01,garden,"Patio, Lawn & Garden",444,Building Material and Garden Equipment and Supplies Dealers,Building mat. and garden equip. and supplies dealers,18662,reported,False,SRC-CENSUS-001,mrtssales92-present.xlsx,2014
2014-03-01,garden,"Patio, Lawn & Garden",444,Building Material and Garden Equipment and Supplies Dealers,Building mat. and garden equip. and supplies dealers,23924,reported,False,SRC-CENSUS-001,mrtssales92-present.xlsx,2014
2014-04-01,garden,"Patio, Lawn & Garden",444,Building Material and Garden Equipment and Supplies Dealers,Building mat. and garden equip. and supplies dealers,29909,reported,False,SRC-CENSUS-001,mrtssales92-present.xlsx,2014
2014-05-01,garden,"Patio, Lawn & Garden",444,Building Material and Garden Equipment and Supplies Dealers,Building mat. and garden equip. and supplies dealers,33169,reported,False,SRC-CENSUS-001,mrtssales92-present.xlsx,2014
2014-06-01,garden,"Patio, Lawn & Garden",444,Building Material and Garden Equipment and Supplies Dealers,Building mat. and garden equip. and supplies dealers,29840,reported,False,SRC-CENSUS-001,mrtssales92-present.xlsx,2014
2014-07-01,garden,"Patio, Lawn & Garden",444,Building Material and Garden Equipment and Supplies Dealers,Building mat. and garden equip. and supplies dealers,28424,reported,False,SRC-CENSUS-001,mrtssales92-present.xlsx,2014
2014-08-01,garden,"Patio, Lawn & Garden",444,Building Material and Garden Equipment and Supplies Dealers,Building mat. and garden equip. and supplies dealers,26241,reported,False,SRC-CENSUS-001,mrtssales92-present.xlsx,2014
2014-09-01,garden,"Patio, Lawn & Garden",444,Building Material and Garden Equipment and Supplies Dealers,Building mat. and garden equip. and supplies dealers,25990,reported,False,SRC-CENSUS-001,mrtssales92-present.xlsx,2014
2014-10-01,garden,"Patio, Lawn & Garden",444,Building Material and Garden Equipment and Supplies Dealers,Building mat. and garden equip. and supplies dealers,27110,reported,False,SRC-CENSUS-001,mrtssales92-present.xlsx,2014
2014-11-01,garden,"Patio, Lawn & Garden",444,Building Material and Garden Equipment and Supplies Dealers,Building mat. and garden equip. and supplies dealers,24633,reported,False,SRC-CENSUS-001,mrtssales92-present.xlsx,2014
2014-12-01,garden,"Patio, Lawn & Garden",444,Building Material and Garden Equipment and Supplies Dealers,Building mat. and garden equip. and supplies dealers,23867,reported,False,SRC-CENSUS-001,mrtssales92-present.xlsx,2014
2015-01-01,garden,"Patio, Lawn & Garden",444,Building Material and Garden Equipment and Supplies Dealers,Building mat. and garden equip. and supplies dealers,20571,reported,False,SRC-CENSUS-001,mrtssales92-present.xlsx,2015
2015-02-01,garden,"Patio, Lawn & Garden",444,Building Material and Garden Equipment and Supplies Dealers,Building mat. and garden equip. and supplies dealers,19341,reported,False,SRC-CENSUS-001,mrtssales92-present.xlsx,2015
2015-03-01,garden,"Patio, Lawn & Garden",444,Building Material and Garden Equipment and Supplies Dealers,Building mat. and garden equip. and supplies dealers,25741,reported,False,SRC-CENSUS-001,mrtssales92-present.xlsx,2015
2015-04-01,garden,"Patio, Lawn & Garden",444,Building Material and Garden Equipment and Supplies Dealers,Building mat. and garden equip. and supplies dealers,30525,reported,False,SRC-CENSUS-001,mrtssales92-present.xlsx,2015
2015-05-01,garden,"Patio, Lawn & Garden",444,Building Material and Garden Equipment and Supplies Dealers,Building mat. and garden equip. and supplies dealers,32231,reported,False,SRC-CENSUS-001,mrtssales92-present.xlsx,2015
2015-06-01,garden,"Patio, Lawn & Garden",444,Building Material and Garden Equipment and Supplies Dealers,Building mat. and garden equip. and supplies dealers,30642,reported,False,SRC-CENSUS-001,mrtssales92-present.xlsx,2015
2015-07-01,garden,"Patio, Lawn & Garden",444,Building Material and Garden Equipment and Supplies Dealers,Building mat. and garden equip. and supplies dealers,29655,reported,False,SRC-CENSUS-001,mrtssales92-present.xlsx,2015
2015-08-01,garden,"Patio, Lawn & Garden",444,Building Material and Garden Equipment and Supplies Dealers,Building mat. and garden equip. and supplies dealers,26938,reported,False,SRC-CENSUS-001,mrtssales92-present.xlsx,2015
2015-09-01,garden,"Patio, Lawn & Garden",444,Building Material and Garden Equipment and Supplies Dealers,Building mat. and garden equip. and supplies dealers,26707,reported,False,SRC-CENSUS-001,mrtssales92-present.xlsx,2015
2015-10-01,garden,"Patio, Lawn & Garden",444,Building Material and Garden Equipment and Supplies Dealers,Building mat. and garden equip. and supplies dealers,27486,reported,False,SRC-CENSUS-001,mrtssales92-present.xlsx,2015
2015-11-01,garden,"Patio, Lawn & Garden",444,Building Material and Garden Equipment and Supplies Dealers,Building mat. and garden equip. and supplies dealers,25913,reported,False,SRC-CENSUS-001,mrtssales92-present.xlsx,2015
2015-12-01,garden,"Patio, Lawn & Garden",444,Building Material and Garden Equipment and Supplies Dealers,Building mat. and garden equip. and supplies dealers,26071,reported,False,SRC-CENSUS-001,mrtssales92-present.xlsx,2015
2016-01-01,garden,"Patio, Lawn & Garden",444,Building Material and Garden Equipment and Supplies Dealers,Building mat. and garden equip. and supplies dealers,21269,reported,False,SRC-CENSUS-001,mrtssales92-present.xlsx,2016
2016-02-01,garden,"Patio, Lawn & Garden",444,Building Material and Garden Equipment and Supplies Dealers,Building mat. and garden equip. and supplies dealers,22391,reported,False,SRC-CENSUS-001,mrtssales92-present.xlsx,2016
2016-03-01,garden,"Patio, Lawn & Garden",444,Building Material and Garden Equipment and Supplies Dealers,Building mat. and garden equip. and supplies dealers,28908,reported,False,SRC-CENSUS-001,mrtssales92-present.xlsx,2016
2016-04-01,garden,"Patio, Lawn & Garden",444,Building Material and Garden Equipment and Supplies Dealers,Building mat. and garden equip. and supplies dealers,31287,reported,False,SRC-CENSUS-001,mrtssales92-present.xlsx,2016
2016-05-01,garden,"Patio, Lawn & Garden",444,Building Material and Garden Equipment and Supplies Dealers,Building mat. and garden equip. and supplies dealers,33425,reported,False,SRC-CENSUS-001,mrtssales92-present.xlsx,2016
2016-06-01,garden,"Patio, Lawn & Garden",444,Building Material and Garden Equipment and Supplies Dealers,Building mat. and garden equip. and supplies dealers,32902,reported,False,SRC-CENSUS-001,mrtssales92-present.xlsx,2016
2016-07-01,garden,"Patio, Lawn & Garden",444,Building Material and Garden Equipment and Supplies Dealers,Building mat. and garden equip. and supplies dealers,28929,reported,False,SRC-CENSUS-001,mrtssales92-present.xlsx,2016
2016-08-01,garden,"Patio, Lawn & Garden",444,Building Material and Garden Equipment and Supplies Dealers,Building mat. and garden equip. and supplies dealers,28673,reported,False,SRC-CENSUS-001,mrtssales92-present.xlsx,2016
2016-09-01,garden,"Patio, Lawn & Garden",444,Building Material and Garden Equipment and Supplies Dealers,Building mat. and garden equip. and supplies dealers,27595,reported,False,SRC-CENSUS-001,mrtssales92-present.xlsx,2016
2016-10-01,garden,"Patio, Lawn & Garden",444,Building Material and Garden Equipment and Supplies Dealers,Building mat. and garden equip. and supplies dealers,27272,reported,False,SRC-CENSUS-001,mrtssales92-present.xlsx,2016
2016-11-01,garden,"Patio, Lawn & Garden",444,Building Material and Garden Equipment and Supplies Dealers,Building mat. and garden equip. and supplies dealers,27249,reported,False,SRC-CENSUS-001,mrtssales92-present.xlsx,2016
2016-12-01,garden,"Patio, Lawn & Garden",444,Building Material and Garden Equipment and Supplies Dealers,Building mat. and garden equip. and supplies dealers,25634,reported,False,SRC-CENSUS-001,mrtssales92-present.xlsx,2016
2017-01-01,garden,"Patio, Lawn & Garden",444,Building Material and Garden Equipment and Supplies Dealers,Building mat. and garden equip. and supplies dealers,22227,reported,False,SRC-CENSUS-001,mrtssales92-present.xlsx,2017
2017-02-01,garden,"Patio, Lawn & Garden",444,Building Material and Garden Equipment and Supplies Dealers,Building mat. and garden equip. and supplies dealers,22330,reported,False,SRC-CENSUS-001,mrtssales92-present.xlsx,2017
2017-03-01,garden,"Patio, Lawn & Garden",444,Building Material and Garden Equipment and Supplies Dealers,Building mat. and garden equip. and supplies dealers,29011,reported,False,SRC-CENSUS-001,mrtssales92-present.xlsx,2017
2017-04-01,garden,"Patio, Lawn & Garden",444,Building Material and Garden Equipment and Supplies Dealers,Building mat. and garden equip. and supplies dealers,31030,reported,False,SRC-CENSUS-001,mrtssales92-present.xlsx,2017
2017-05-01,garden,"Patio, Lawn & Garden",444,Building Material and Garden Equipment and Supplies Dealers,Building mat. and garden equip. and supplies dealers,35374,reported,False,SRC-CENSUS-001,mrtssales92-present.xlsx,2017
2017-06-01,garden,"Patio, Lawn & Garden",444,Building Material and Garden Equipment and Supplies Dealers,Building mat. and garden equip. and supplies dealers,33198,reported,False,SRC-CENSUS-001,mrtssales92-present.xlsx,2017
2017-07-01,garden,"Patio, Lawn & Garden",444,Building Material and Garden Equipment and Supplies Dealers,Building mat. and garden equip. and supplies dealers,29852,reported,False,SRC-CENSUS-001,mrtssales92-present.xlsx,2017
2017-08-01,garden,"Patio, Lawn & Garden",444,Building Material and Garden Equipment and Supplies Dealers,Building mat. and garden equip. and supplies dealers,30094,reported,False,SRC-CENSUS-001,mrtssales92-present.xlsx,2017
2017-09-01,garden,"Patio, Lawn & Garden",444,Building Material and Garden Equipment and Supplies Dealers,Building mat. and garden equip. and supplies dealers,28786,reported,False,SRC-CENSUS-001,mrtssales92-present.xlsx,2017
2017-10-01,garden,"Patio, Lawn & Garden",444,Building Material and Garden Equipment and Supplies Dealers,Building mat. and garden equip. and supplies dealers,29477,reported,False,SRC-CENSUS-001,mrtssales92-present.xlsx,2017
2017-11-01,garden,"Patio, Lawn & Garden",444,Building Material and Garden Equipment and Supplies Dealers,Building mat. and garden equip. and supplies dealers,29002,reported,False,SRC-CENSUS-001,mrtssales92-present.xlsx,2017
2017-12-01,garden,"Patio, Lawn & Garden",444,Building Material and Garden Equipment and Supplies Dealers,Building mat. and garden equip. and supplies dealers,26572,reported,False,SRC-CENSUS-001,mrtssales92-present.xlsx,2017
2018-01-01,garden,"Patio, Lawn & Garden",444,Building Material and Garden Equipment and Supplies Dealers,Building mat. and garden equip. and supplies dealers,23406,reported,False,SRC-CENSUS-001,mrtssales92-present.xlsx,2018
2018-02-01,garden,"Patio, Lawn & Garden",444,Building Material and Garden Equipment and Supplies Dealers,Building mat. and garden equip. and supplies dealers,23391,reported,False,SRC-CENSUS-001,mrtssales92-present.xlsx,2018
2018-03-01,garden,"Patio, Lawn & Garden",444,Building Material and Garden Equipment and Supplies Dealers,Building mat. and garden equip. and supplies dealers,29618,reported,False,SRC-CENSUS-001,mrtssales92-present.xlsx,2018
2018-04-01,garden,"Patio, Lawn & Garden",444,Building Material and Garden Equipment and Supplies Dealers,Building mat. and garden equip. and supplies dealers,31905,reported,False,SRC-CENSUS-001,mrtssales92-present.xlsx,2018
2018-05-01,garden,"Patio, Lawn & Garden",444,Building Material and Garden Equipment and Supplies Dealers,Building mat. and garden equip. and supplies dealers,37806,reported,False,SRC-CENSUS-001,mrtssales92-present.xlsx,2018
2018-06-01,garden,"Patio, Lawn & Garden",444,Building Material and Garden Equipment and Supplies Dealers,Building mat. and garden equip. and supplies dealers,34857,reported,False,SRC-CENSUS-001,mrtssales92-present.xlsx,2018
2018-07-01,garden,"Patio, Lawn & Garden",444,Building Material and Garden Equipment and Supplies Dealers,Building mat. and garden equip. and supplies dealers,33031,reported,False,SRC-CENSUS-001,mrtssales92-present.xlsx,2018
2018-08-01,garden,"Patio, Lawn & Garden",444,Building Material and Garden Equipment and Supplies Dealers,Building mat. and garden equip. and supplies dealers,31962,reported,False,SRC-CENSUS-001,mrtssales92-present.xlsx,2018
2018-09-01,garden,"Patio, Lawn & Garden",444,Building Material and Garden Equipment and Supplies Dealers,Building mat. and garden equip. and supplies dealers,29217,reported,False,SRC-CENSUS-001,mrtssales92-present.xlsx,2018
2018-10-01,garden,"Patio, Lawn & Garden",444,Building Material and Garden Equipment and Supplies Dealers,Building mat. and garden equip. and supplies dealers,32350,reported,False,SRC-CENSUS-001,mrtssales92-present.xlsx,2018
2018-11-01,garden,"Patio, Lawn & Garden",444,Building Material and Garden Equipment and Supplies Dealers,Building mat. and garden equip. and supplies dealers,29776,reported,False,SRC-CENSUS-001,mrtssales92-present.xlsx,2018
2018-12-01,garden,"Patio, Lawn & Garden",444,Building Material and Garden Equipment and Supplies Dealers,Building mat. and garden equip. and supplies dealers,27420,reported,False,SRC-CENSUS-001,mrtssales92-present.xlsx,2018
2019-01-01,garden,"Patio, Lawn & Garden",444,Building Material and Garden Equipment and Supplies Dealers,Building mat. and garden equip. and supplies dealers,26519,reported,False,SRC-CENSUS-001,mrtssales92-present.xlsx,2019
2019-02-01,garden,"Patio, Lawn & Garden",444,Building Material and Garden Equipment and Supplies Dealers,Building mat. and garden equip. and supplies dealers,23923,reported,False,SRC-CENSUS-001,mrtssales92-present.xlsx,2019
2019-03-01,garden,"Patio, Lawn & Garden",444,Building Material and Garden Equipment and Supplies Dealers,Building mat. and garden equip. and supplies dealers,29807,reported,False,SRC-CENSUS-001,mrtssales92-present.xlsx,2019
2019-04-01,garden,"Patio, Lawn & Garden",444,Building Material and Garden Equipment and Supplies Dealers,Building mat. and garden equip. and supplies dealers,33897,reported,False,SRC-CENSUS-001,mrtssales92-present.xlsx,2019
2019-05-01,garden,"Patio, Lawn & Garden",444,Building Material and Garden Equipment and Supplies Dealers,Building mat. and garden equip. and supplies dealers,37095,reported,False,SRC-CENSUS-001,mrtssales92-present.xlsx,2019
2019-06-01,garden,"Patio, Lawn & Garden",444,Building Material and Garden Equipment and Supplies Dealers,Building mat. and garden equip. and supplies dealers,33354,reported,False,SRC-CENSUS-001,mrtssales92-present.xlsx,2019
2019-07-01,garden,"Patio, Lawn & Garden",444,Building Material and Garden Equipment and Supplies Dealers,Building mat. and garden equip. and supplies dealers,33491,reported,False,SRC-CENSUS-001,mrtssales92-present.xlsx,2019
2019-08-01,garden,"Patio, Lawn & Garden",444,Building Material and Garden Equipment and Supplies Dealers,Building mat. and garden equip. and supplies dealers,32150,reported,False,SRC-CENSUS-001,mrtssales92-present.xlsx,2019
2019-09-01,garden,"Patio, Lawn & Garden",444,Building Material and Garden Equipment and Supplies Dealers,Building mat. and garden equip. and supplies dealers,29738,reported,False,SRC-CENSUS-001,mrtssales92-present.xlsx,2019
2019-10-01,garden,"Patio, Lawn & Garden",444,Building Material and Garden Equipment and Supplies Dealers,Building mat. and garden equip. and supplies dealers,32376,reported,False,SRC-CENSUS-001,mrtssales92-present.xlsx,2019
2019-11-01,garden,"Patio, Lawn & Garden",444,Building Material and Garden Equipment and Supplies Dealers,Building mat. and garden equip. and supplies dealers,29479,reported,False,SRC-CENSUS-001,mrtssales92-present.xlsx,2019
2019-12-01,garden,"Patio, Lawn & Garden",444,Building Material and Garden Equipment and Supplies Dealers,Building mat. and garden equip. and supplies dealers,28261,reported,False,SRC-CENSUS-001,mrtssales92-present.xlsx,2019
2020-01-01,garden,"Patio, Lawn & Garden",444,Building Material and Garden Equipment and Supplies Dealers,Building mat. and garden equip. and supplies dealers,26579,reported,False,SRC-CENSUS-001,mrtssales92-present.xlsx,2020
2020-02-01,garden,"Patio, Lawn & Garden",444,Building Material and Garden Equipment and Supplies Dealers,Building mat. and garden equip. and supplies dealers,25832,reported,False,SRC-CENSUS-001,mrtssales92-present.xlsx,2020
2020-03-01,garden,"Patio, Lawn & Garden",444,Building Material and Garden Equipment and Supplies Dealers,Building mat. and garden equip. and supplies dealers,31649,reported,False,SRC-CENSUS-001,mrtssales92-present.xlsx,2020
2020-04-01,garden,"Patio, Lawn & Garden",444,Building Material and Garden Equipment and Supplies Dealers,Building mat. and garden equip. and supplies dealers,35274,reported,False,SRC-CENSUS-001,mrtssales92-present.xlsx,2020
2020-05-01,garden,"Patio, Lawn & Garden",444,Building Material and Garden Equipment and Supplies Dealers,Building mat. and garden equip. and supplies dealers,41683,reported,False,SRC-CENSUS-001,mrtssales92-present.xlsx,2020
2020-06-01,garden,"Patio, Lawn & Garden",444,Building Material and Garden Equipment and Supplies Dealers,Building mat. and garden equip. and supplies dealers,41350,reported,False,SRC-CENSUS-001,mrtssales92-present.xlsx,2020
2020-07-01,garden,"Patio, Lawn & Garden",444,Building Material and Garden Equipment and Supplies Dealers,Building mat. and garden equip. and supplies dealers,38673,reported,False,SRC-CENSUS-001,mrtssales92-present.xlsx,2020
2020-08-01,garden,"Patio, Lawn & Garden",444,Building Material and Garden Equipment and Supplies Dealers,Building mat. and garden equip. and supplies dealers,36047,reported,False,SRC-CENSUS-001,mrtssales92-present.xlsx,2020
2020-09-01,garden,"Patio, Lawn & Garden",444,Building Material and Garden Equipment and Supplies Dealers,Building mat. and garden equip. and supplies dealers,36342,reported,False,SRC-CENSUS-001,mrtssales92-present.xlsx,2020
2020-10-01,garden,"Patio, Lawn & Garden",444,Building Material and Garden Equipment and Supplies Dealers,Building mat. and garden equip. and supplies dealers,36978,reported,False,SRC-CENSUS-001,mrtssales92-present.xlsx,2020
2020-11-01,garden,"Patio, Lawn & Garden",444,Building Material and Garden Equipment and Supplies Dealers,Building mat. and garden equip. and supplies dealers,34130,reported,False,SRC-CENSUS-001,mrtssales92-present.xlsx,2020
2020-12-01,garden,"Patio, Lawn & Garden",444,Building Material and Garden Equipment and Supplies Dealers,Building mat. and garden equip. and supplies dealers,34040,reported,False,SRC-CENSUS-001,mrtssales92-present.xlsx,2020
2021-01-01,garden,"Patio, Lawn & Garden",444,Building Material and Garden Equipment and Supplies Dealers,Building mat. and garden equip. and supplies dealers,30726,reported,False,SRC-CENSUS-001,mrtssales92-present.xlsx,2021
2021-02-01,garden,"Patio, Lawn & Garden",444,Building Material and Garden Equipment and Supplies Dealers,Building mat. and garden equip. and supplies dealers,29193,reported,False,SRC-CENSUS-001,mrtssales92-present.xlsx,2021
2021-03-01,garden,"Patio, Lawn & Garden",444,Building Material and Garden Equipment and Supplies Dealers,Building mat. and garden equip. and supplies dealers,42904,reported,False,SRC-CENSUS-001,mrtssales92-present.xlsx,2021
2021-04-01,garden,"Patio, Lawn & Garden",444,Building Material and Garden Equipment and Supplies Dealers,Building mat. and garden equip. and supplies dealers,46543,reported,False,SRC-CENSUS-001,mrtssales92-present.xlsx,2021
2021-05-01,garden,"Patio, Lawn & Garden",444,Building Material and Garden Equipment and Supplies Dealers,Building mat. and garden equip. and supplies dealers,46416,reported,False,SRC-CENSUS-001,mrtssales92-present.xlsx,2021
2021-06-01,garden,"Patio, Lawn & Garden",444,Building Material and Garden Equipment and Supplies Dealers,Building mat. and garden equip. and supplies dealers,45013,reported,False,SRC-CENSUS-001,mrtssales92-present.xlsx,2021
2021-07-01,garden,"Patio, Lawn & Garden",444,Building Material and Garden Equipment and Supplies Dealers,Building mat. and garden equip. and supplies dealers,41231,reported,False,SRC-CENSUS-001,mrtssales92-present.xlsx,2021
2021-08-01,garden,"Patio, Lawn & Garden",444,Building Material and Garden Equipment and Supplies Dealers,Building mat. and garden equip. and supplies dealers,39673,reported,False,SRC-CENSUS-001,mrtssales92-present.xlsx,2021
2021-09-01,garden,"Patio, Lawn & Garden",444,Building Material and Garden Equipment and Supplies Dealers,Building mat. and garden equip. and supplies dealers,38971,reported,False,SRC-CENSUS-001,mrtssales92-present.xlsx,2021
2021-10-01,garden,"Patio, Lawn & Garden",444,Building Material and Garden Equipment and Supplies Dealers,Building mat. and garden equip. and supplies dealers,39559,reported,False,SRC-CENSUS-001,mrtssales92-present.xlsx,2021
2021-11-01,garden,"Patio, Lawn & Garden",444,Building Material and Garden Equipment and Supplies Dealers,Building mat. and garden equip. and supplies dealers,39647,reported,False,SRC-CENSUS-001,mrtssales92-present.xlsx,2021
2021-12-01,garden,"Patio, Lawn & Garden",444,Building Material and Garden Equipment and Supplies Dealers,Building mat. and garden equip. and supplies dealers,38367,reported,False,SRC-CENSUS-001,mrtssales92-present.xlsx,2021
2022-01-01,garden,"Patio, Lawn & Garden",444,Building Material and Garden Equipment and Supplies Dealers,Building mat. and garden equip. and supplies dealers,33739,reported,False,SRC-CENSUS-001,mrtssales92-present.xlsx,2022
2022-02-01,garden,"Patio, Lawn & Garden",444,Building Material and Garden Equipment and Supplies Dealers,Building mat. and garden equip. and supplies dealers,33462,reported,False,SRC-CENSUS-001,mrtssales92-present.xlsx,2022
2022-03-01,garden,"Patio, Lawn & Garden",444,Building Material and Garden Equipment and Supplies Dealers,Building mat. and garden equip. and supplies dealers,44366,reported,False,SRC-CENSUS-001,mrtssales92-present.xlsx,2022
2022-04-01,garden,"Patio, Lawn & Garden",444,Building Material and Garden Equipment and Supplies Dealers,Building mat. and garden equip. and supplies dealers,46049,reported,False,SRC-CENSUS-001,mrtssales92-present.xlsx,2022
2022-05-01,garden,"Patio, Lawn & Garden",444,Building Material and Garden Equipment and Supplies Dealers,Building mat. and garden equip. and supplies dealers,49997,reported,False,SRC-CENSUS-001,mrtssales92-present.xlsx,2022
2022-06-01,garden,"Patio, Lawn & Garden",444,Building Material and Garden Equipment and Supplies Dealers,Building mat. and garden equip. and supplies dealers,48014,reported,False,SRC-CENSUS-001,mrtssales92-present.xlsx,2022
2022-07-01,garden,"Patio, Lawn & Garden",444,Building Material and Garden Equipment and Supplies Dealers,Building mat. and garden equip. and supplies dealers,43314,reported,False,SRC-CENSUS-001,mrtssales92-present.xlsx,2022
2022-08-01,garden,"Patio, Lawn & Garden",444,Building Material and Garden Equipment and Supplies Dealers,Building mat. and garden equip. and supplies dealers,45032,reported,False,SRC-CENSUS-001,mrtssales92-present.xlsx,2022
2022-09-01,garden,"Patio, Lawn & Garden",444,Building Material and Garden Equipment and Supplies Dealers,Building mat. and garden equip. and supplies dealers,42475,reported,False,SRC-CENSUS-001,mrtssales92-present.xlsx,2022
2022-10-01,garden,"Patio, Lawn & Garden",444,Building Material and Garden Equipment and Supplies Dealers,Building mat. and garden equip. and supplies dealers,42886,reported,False,SRC-CENSUS-001,mrtssales92-present.xlsx,2022
2022-11-01,garden,"Patio, Lawn & Garden",444,Building Material and Garden Equipment and Supplies Dealers,Building mat. and garden equip. and supplies dealers,40393,reported,False,SRC-CENSUS-001,mrtssales92-present.xlsx,2022
2022-12-01,garden,"Patio, Lawn & Garden",444,Building Material and Garden Equipment and Supplies Dealers,Building mat. and garden equip. and supplies dealers,38663,reported,False,SRC-CENSUS-001,mrtssales92-present.xlsx,2022
2023-01-01,garden,"Patio, Lawn & Garden",444,Building Material and Garden Equipment and Supplies Dealers,Building mat. and garden equip. and supplies dealers,34795,reported,False,SRC-CENSUS-001,mrtssales92-present.xlsx,2023
2023-02-01,garden,"Patio, Lawn & Garden",444,Building Material and Garden Equipment and Supplies Dealers,Building mat. and garden equip. and supplies dealers,33711,reported,False,SRC-CENSUS-001,mrtssales92-present.xlsx,2023
2023-03-01,garden,"Patio, Lawn & Garden",444,Building Material and Garden Equipment and Supplies Dealers,Building mat. and garden equip. and supplies dealers,41509,reported,False,SRC-CENSUS-001,mrtssales92-present.xlsx,2023
2023-04-01,garden,"Patio, Lawn & Garden",444,Building Material and Garden Equipment and Supplies Dealers,Building mat. and garden equip. and supplies dealers,42867,reported,False,SRC-CENSUS-001,mrtssales92-present.xlsx,2023
2023-05-01,garden,"Patio, Lawn & Garden",444,Building Material and Garden Equipment and Supplies Dealers,Building mat. and garden equip. and supplies dealers,50120,reported,False,SRC-CENSUS-001,mrtssales92-present.xlsx,2023
2023-06-01,garden,"Patio, Lawn & Garden",444,Building Material and Garden Equipment and Supplies Dealers,Building mat. and garden equip. and supplies dealers,45974,reported,False,SRC-CENSUS-001,mrtssales92-present.xlsx,2023
2023-07-01,garden,"Patio, Lawn & Garden",444,Building Material and Garden Equipment and Supplies Dealers,Building mat. and garden equip. and supplies dealers,41538,reported,False,SRC-CENSUS-001,mrtssales92-present.xlsx,2023
2023-08-01,garden,"Patio, Lawn & Garden",444,Building Material and Garden Equipment and Supplies Dealers,Building mat. and garden equip. and supplies dealers,43636,reported,False,SRC-CENSUS-001,mrtssales92-present.xlsx,2023
2023-09-01,garden,"Patio, Lawn & Garden",444,Building Material and Garden Equipment and Supplies Dealers,Building mat. and garden equip. and supplies dealers,39666,reported,False,SRC-CENSUS-001,mrtssales92-present.xlsx,2023
2023-10-01,garden,"Patio, Lawn & Garden",444,Building Material and Garden Equipment and Supplies Dealers,Building mat. and garden equip. and supplies dealers,41722,reported,False,SRC-CENSUS-001,mrtssales92-present.xlsx,2023
2023-11-01,garden,"Patio, Lawn & Garden",444,Building Material and Garden Equipment and Supplies Dealers,Building mat. and garden equip. and supplies dealers,39514,reported,False,SRC-CENSUS-001,mrtssales92-present.xlsx,2023
2023-12-01,garden,"Patio, Lawn & Garden",444,Building Material and Garden Equipment and Supplies Dealers,Building mat. and garden equip. and supplies dealers,36403,reported,False,SRC-CENSUS-001,mrtssales92-present.xlsx,2023
2024-01-01,garden,"Patio, Lawn & Garden",444,Building Material and Garden Equipment and Supplies Dealers,Building mat. and garden equip. and supplies dealers,32594,reported,False,SRC-CENSUS-001,mrtssales92-present.xlsx,2024
2024-02-01,garden,"Patio, Lawn & Garden",444,Building Material and Garden Equipment and Supplies Dealers,Building mat. and garden equip. and supplies dealers,33608,reported,False,SRC-CENSUS-001,mrtssales92-present.xlsx,2024
2024-03-01,garden,"Patio, Lawn & Garden",444,Building Material and Garden Equipment and Supplies Dealers,Building mat. and garden equip. and supplies dealers,38450,reported,False,SRC-CENSUS-001,mrtssales92-present.xlsx,2024
2024-04-01,garden,"Patio, Lawn & Garden",444,Building Material and Garden Equipment and Supplies Dealers,Building mat. and garden equip. and supplies dealers,44528,reported,False,SRC-CENSUS-001,mrtssales92-present.xlsx,2024
2024-05-01,garden,"Patio, Lawn & Garden",444,Building Material and Garden Equipment and Supplies Dealers,Building mat. and garden equip. and supplies dealers,48136,reported,False,SRC-CENSUS-001,mrtssales92-present.xlsx,2024
2024-06-01,garden,"Patio, Lawn & Garden",444,Building Material and Garden Equipment and Supplies Dealers,Building mat. and garden equip. and supplies dealers,43334,reported,False,SRC-CENSUS-001,mrtssales92-present.xlsx,2024
2024-07-01,garden,"Patio, Lawn & Garden",444,Building Material and Garden Equipment and Supplies Dealers,Building mat. and garden equip. and supplies dealers,43769,reported,False,SRC-CENSUS-001,mrtssales92-present.xlsx,2024
2024-08-01,garden,"Patio, Lawn & Garden",444,Building Material and Garden Equipment and Supplies Dealers,Building mat. and garden equip. and supplies dealers,42578,reported,False,SRC-CENSUS-001,mrtssales92-present.xlsx,2024
2024-09-01,garden,"Patio, Lawn & Garden",444,Building Material and Garden Equipment and Supplies Dealers,Building mat. and garden equip. and supplies dealers,40035,reported,False,SRC-CENSUS-001,mrtssales92-present.xlsx,2024
2024-10-01,garden,"Patio, Lawn & Garden",444,Building Material and Garden Equipment and Supplies Dealers,Building mat. and garden equip. and supplies dealers,44693,reported,False,SRC-CENSUS-001,mrtssales92-present.xlsx,2024
2024-11-01,garden,"Patio, Lawn & Garden",444,Building Material and Garden Equipment and Supplies Dealers,Building mat. and garden equip. and supplies dealers,39856,reported,False,SRC-CENSUS-001,mrtssales92-present.xlsx,2024
2024-12-01,garden,"Patio, Lawn & Garden",444,Building Material and Garden Equipment and Supplies Dealers,Building mat. and garden equip. and supplies dealers,36876,reported,False,SRC-CENSUS-001,mrtssales92-present.xlsx,2024
2025-01-01,garden,"Patio, Lawn & Garden",444,Building Material and Garden Equipment and Supplies Dealers,Building mat. and garden equip. and supplies dealers,32904,reported,False,SRC-CENSUS-001,mrtssales92-present.xlsx,2025
2025-02-01,garden,"Patio, Lawn & Garden",444,Building Material and Garden Equipment and Supplies Dealers,Building mat. and garden equip. and supplies dealers,31549,reported,False,SRC-CENSUS-001,mrtssales92-present.xlsx,2025
2025-03-01,garden,"Patio, Lawn & Garden",444,Building Material and Garden Equipment and Supplies Dealers,Building mat. and garden equip. and supplies dealers,39789,reported,False,SRC-CENSUS-001,mrtssales92-present.xlsx,2025
2025-04-01,garden,"Patio, Lawn & Garden",444,Building Material and Garden Equipment and Supplies Dealers,Building mat. and garden equip. and supplies dealers,45042,reported,False,SRC-CENSUS-001,mrtssales92-present.xlsx,2025
2025-05-01,garden,"Patio, Lawn & Garden",444,Building Material and Garden Equipment and Supplies Dealers,Building mat. and garden equip. and supplies dealers,46780,reported,False,SRC-CENSUS-001,mrtssales92-present.xlsx,2025
2025-06-01,garden,"Patio, Lawn & Garden",444,Building Material and Garden Equipment and Supplies Dealers,Building mat. and garden equip. and supplies dealers,43863,reported,False,SRC-CENSUS-001,mrtssales92-present.xlsx,2025
2025-07-01,garden,"Patio, Lawn & Garden",444,Building Material and Garden Equipment and Supplies Dealers,Building mat. and garden equip. and supplies dealers,43162,reported,False,SRC-CENSUS-001,mrtssales92-present.xlsx,2025
2025-08-01,garden,"Patio, Lawn & Garden",444,Building Material and Garden Equipment and Supplies Dealers,Building mat. and garden equip. and supplies dealers,40324,reported,False,SRC-CENSUS-001,mrtssales92-present.xlsx,2025
2025-09-01,garden,"Patio, Lawn & Garden",444,Building Material and Garden Equipment and Supplies Dealers,Building mat. and garden equip. and supplies dealers,40232,reported,False,SRC-CENSUS-001,mrtssales92-present.xlsx,2025
2025-10-01,garden,"Patio, Lawn & Garden",444,Building Material and Garden Equipment and Supplies Dealers,Building mat. and garden equip. and supplies dealers,42289,reported,False,SRC-CENSUS-001,mrtssales92-present.xlsx,2025
2025-11-01,garden,"Patio, Lawn & Garden",444,Building Material and Garden Equipment and Supplies Dealers,Building mat. and garden equip. and supplies dealers,37873,reported,False,SRC-CENSUS-001,mrtssales92-present.xlsx,2025
2025-12-01,garden,"Patio, Lawn & Garden",444,Building Material and Garden Equipment and Supplies Dealers,Building mat. and garden equip. and supplies dealers,38130,reported,False,SRC-CENSUS-001,mrtssales92-present.xlsx,2025
2026-01-01,garden,"Patio, Lawn & Garden",444,Building Material and Garden Equipment and Supplies Dealers,Building mat. and garden equip. and supplies dealers,33736,reported,False,SRC-CENSUS-001,mrtssales92-present.xlsx,2026
2026-02-01,garden,"Patio, Lawn & Garden",444,Building Material and Garden Equipment and Supplies Dealers,Building mat. and garden equip. and supplies dealers,32663,reported,False,SRC-CENSUS-001,mrtssales92-present.xlsx,2026
2026-03-01,garden,"Patio, Lawn & Garden",444,Building Material and Garden Equipment and Supplies Dealers,Building mat. and garden equip. and supplies dealers,42057,reported,False,SRC-CENSUS-001,mrtssales92-present.xlsx,2026
2026-04-01,garden,"Patio, Lawn & Garden",444,Building Material and Garden Equipment and Supplies Dealers,Building mat. and garden equip. and supplies dealers,46563,reported,False,SRC-CENSUS-001,mrtssales92-present.xlsx,2026
2026-05-01,garden,"Patio, Lawn & Garden",444,Building Material and Garden Equipment and Supplies Dealers,Building mat. and garden equip. and supplies dealers,47565,reported,False,SRC-CENSUS-001,mrtssales92-present.xlsx,2026
2026-06-01,garden,"Patio, Lawn & Garden",444,Building Material and Garden Equipment and Supplies Dealers,Building mat. and garden equip. and supplies dealers,47822,reported,True,SRC-CENSUS-001,mrtssales92-present.xlsx,2026
1992-01-01,health,Health & Personal Care,446,Health and Personal Care Stores,Health and personal care stores,7174,reported,False,SRC-CENSUS-001,mrtssales92-present.xlsx,1992
1992-02-01,health,Health & Personal Care,446,Health and Personal Care Stores,Health and personal care stores,7069,reported,False,SRC-CENSUS-001,mrtssales92-present.xlsx,1992
1992-03-01,health,Health & Personal Care,446,Health and Personal Care Stores,Health and personal care stores,7327,reported,False,SRC-CENSUS-001,mrtssales92-present.xlsx,1992
1992-04-01,health,Health & Personal Care,446,Health and Personal Care Stores,Health and personal care stores,7445,reported,False,SRC-CENSUS-001,mrtssales92-present.xlsx,1992
1992-05-01,health,Health & Personal Care,446,Health and Personal Care Stores,Health and personal care stores,7395,reported,False,SRC-CENSUS-001,mrtssales92-present.xlsx,1992
1992-06-01,health,Health & Personal Care,446,Health and Personal Care Stores,Health and personal care stores,7294,reported,False,SRC-CENSUS-001,mrtssales92-present.xlsx,1992
1992-07-01,health,Health & Personal Care,446,Health and Personal Care Stores,Health and personal care stores,7187,reported,False,SRC-CENSUS-001,mrtssales92-present.xlsx,1992
1992-08-01,health,Health & Personal Care,446,Health and Personal Care Stores,Health and personal care stores,7224,reported,False,SRC-CENSUS-001,mrtssales92-present.xlsx,1992
1992-09-01,health,Health & Personal Care,446,Health and Personal Care Stores,Health and personal care stores,6985,reported,False,SRC-CENSUS-001,mrtssales92-present.xlsx,1992
1992-10-01,health,Health & Personal Care,446,Health and Personal Care Stores,Health and personal care stores,7377,reported,False,SRC-CENSUS-001,mrtssales92-present.xlsx,1992
1992-11-01,health,Health & Personal Care,446,Health and Personal Care Stores,Health and personal care stores,7032,reported,False,SRC-CENSUS-001,mrtssales92-present.xlsx,1992
1992-12-01,health,Health & Personal Care,446,Health and Personal Care Stores,Health and personal care stores,9133,reported,False,SRC-CENSUS-001,mrtssales92-present.xlsx,1992
1993-01-01,health,Health & Personal Care,446,Health and Personal Care Stores,Health and personal care stores,7087,reported,False,SRC-CENSUS-001,mrtssales92-present.xlsx,1993
1993-02-01,health,Health & Personal Care,446,Health and Personal Care Stores,Health and personal care stores,7059,reported,False,SRC-CENSUS-001,mrtssales92-present.xlsx,1993
1993-03-01,health,Health & Personal Care,446,Health and Personal Care Stores,Health and personal care stores,7629,reported,False,SRC-CENSUS-001,mrtssales92-present.xlsx,1993
1993-04-01,health,Health & Personal Care,446,Health and Personal Care Stores,Health and personal care stores,7633,reported,False,SRC-CENSUS-001,mrtssales92-present.xlsx,1993
1993-05-01,health,Health & Personal Care,446,Health and Personal Care Stores,Health and personal care stores,7591,reported,False,SRC-CENSUS-001,mrtssales92-present.xlsx,1993
1993-06-01,health,Health & Personal Care,446,Health and Personal Care Stores,Health and personal care stores,7553,reported,False,SRC-CENSUS-001,mrtssales92-present.xlsx,1993
1993-07-01,health,Health & Personal Care,446,Health and Personal Care Stores,Health and personal care stores,7580,reported,False,SRC-CENSUS-001,mrtssales92-present.xlsx,1993
1993-08-01,health,Health & Personal Care,446,Health and Personal Care Stores,Health and personal care stores,7450,reported,False,SRC-CENSUS-001,mrtssales92-present.xlsx,1993
1993-09-01,health,Health & Personal Care,446,Health and Personal Care Stores,Health and personal care stores,7312,reported,False,SRC-CENSUS-001,mrtssales92-present.xlsx,1993
1993-10-01,health,Health & Personal Care,446,Health and Personal Care Stores,Health and personal care stores,7463,reported,False,SRC-CENSUS-001,mrtssales92-present.xlsx,1993
1993-11-01,health,Health & Personal Care,446,Health and Personal Care Stores,Health and personal care stores,7446,reported,False,SRC-CENSUS-001,mrtssales92-present.xlsx,1993
1993-12-01,health,Health & Personal Care,446,Health and Personal Care Stores,Health and personal care stores,9735,reported,False,SRC-CENSUS-001,mrtssales92-present.xlsx,1993
1994-01-01,health,Health & Personal Care,446,Health and Personal Care Stores,Health and personal care stores,7431,reported,False,SRC-CENSUS-001,mrtssales92-present.xlsx,1994
1994-02-01,health,Health & Personal Care,446,Health and Personal Care Stores,Health and personal care stores,7136,reported,False,SRC-CENSUS-001,mrtssales92-present.xlsx,1994
1994-03-01,health,Health & Personal Care,446,Health and Personal Care Stores,Health and personal care stores,7986,reported,False,SRC-CENSUS-001,mrtssales92-present.xlsx,1994
1994-04-01,health,Health & Personal Care,446,Health and Personal Care Stores,Health and personal care stores,7679,reported,False,SRC-CENSUS-001,mrtssales92-present.xlsx,1994
1994-05-01,health,Health & Personal Care,446,Health and Personal Care Stores,Health and personal care stores,7942,reported,False,SRC-CENSUS-001,mrtssales92-present.xlsx,1994
1994-06-01,health,Health & Personal Care,446,Health and Personal Care Stores,Health and personal care stores,7886,reported,False,SRC-CENSUS-001,mrtssales92-present.xlsx,1994
1994-07-01,health,Health & Personal Care,446,Health and Personal Care Stores,Health and personal care stores,7757,reported,False,SRC-CENSUS-001,mrtssales92-present.xlsx,1994
1994-08-01,health,Health & Personal Care,446,Health and Personal Care Stores,Health and personal care stores,8032,reported,False,SRC-CENSUS-001,mrtssales92-present.xlsx,1994
1994-09-01,health,Health & Personal Care,446,Health and Personal Care Stores,Health and personal care stores,7730,reported,False,SRC-CENSUS-001,mrtssales92-present.xlsx,1994
1994-10-01,health,Health & Personal Care,446,Health and Personal Care Stores,Health and personal care stores,7882,reported,False,SRC-CENSUS-001,mrtssales92-present.xlsx,1994
1994-11-01,health,Health & Personal Care,446,Health and Personal Care Stores,Health and personal care stores,7844,reported,False,SRC-CENSUS-001,mrtssales92-present.xlsx,1994
1994-12-01,health,Health & Personal Care,446,Health and Personal Care Stores,Health and personal care stores,9996,reported,False,SRC-CENSUS-001,mrtssales92-present.xlsx,1994
1995-01-01,health,Health & Personal Care,446,Health and Personal Care Stores,Health and personal care stores,7915,reported,False,SRC-CENSUS-001,mrtssales92-present.xlsx,1995
1995-02-01,health,Health & Personal Care,446,Health and Personal Care Stores,Health and personal care stores,7658,reported,False,SRC-CENSUS-001,mrtssales92-present.xlsx,1995
1995-03-01,health,Health & Personal Care,446,Health and Personal Care Stores,Health and personal care stores,8370,reported,False,SRC-CENSUS-001,mrtssales92-present.xlsx,1995
1995-04-01,health,Health & Personal Care,446,Health and Personal Care Stores,Health and personal care stores,8140,reported,False,SRC-CENSUS-001,mrtssales92-present.xlsx,1995
1995-05-01,health,Health & Personal Care,446,Health and Personal Care Stores,Health and personal care stores,8571,reported,False,SRC-CENSUS-001,mrtssales92-present.xlsx,1995
1995-06-01,health,Health & Personal Care,446,Health and Personal Care Stores,Health and personal care stores,8382,reported,False,SRC-CENSUS-001,mrtssales92-present.xlsx,1995
1995-07-01,health,Health & Personal Care,446,Health and Personal Care Stores,Health and personal care stores,8075,reported,False,SRC-CENSUS-001,mrtssales92-present.xlsx,1995
1995-08-01,health,Health & Personal Care,446,Health and Personal Care Stores,Health and personal care stores,8375,reported,False,SRC-CENSUS-001,mrtssales92-present.xlsx,1995
1995-09-01,health,Health & Personal Care,446,Health and Personal Care Stores,Health and personal care stores,8073,reported,False,SRC-CENSUS-001,mrtssales92-present.xlsx,1995
1995-10-01,health,Health & Personal Care,446,Health and Personal Care Stores,Health and personal care stores,8296,reported,False,SRC-CENSUS-001,mrtssales92-present.xlsx,1995
1995-11-01,health,Health & Personal Care,446,Health and Personal Care Stores,Health and personal care stores,8344,reported,False,SRC-CENSUS-001,mrtssales92-present.xlsx,1995
1995-12-01,health,Health & Personal Care,446,Health and Personal Care Stores,Health and personal care stores,10327,reported,False,SRC-CENSUS-001,mrtssales92-present.xlsx,1995
1996-01-01,health,Health & Personal Care,446,Health and Personal Care Stores,Health and personal care stores,8312,reported,False,SRC-CENSUS-001,mrtssales92-present.xlsx,1996
1996-02-01,health,Health & Personal Care,446,Health and Personal Care Stores,Health and personal care stores,8418,reported,False,SRC-CENSUS-001,mrtssales92-present.xlsx,1996
1996-03-01,health,Health & Personal Care,446,Health and Personal Care Stores,Health and personal care stores,8866,reported,False,SRC-CENSUS-001,mrtssales92-present.xlsx,1996
1996-04-01,health,Health & Personal Care,446,Health and Personal Care Stores,Health and personal care stores,8807,reported,False,SRC-CENSUS-001,mrtssales92-present.xlsx,1996
1996-05-01,health,Health & Personal Care,446,Health and Personal Care Stores,Health and personal care stores,9260,reported,False,SRC-CENSUS-001,mrtssales92-present.xlsx,1996
1996-06-01,health,Health & Personal Care,446,Health and Personal Care Stores,Health and personal care stores,8715,reported,False,SRC-CENSUS-001,mrtssales92-present.xlsx,1996
1996-07-01,health,Health & Personal Care,446,Health and Personal Care Stores,Health and personal care stores,8978,reported,False,SRC-CENSUS-001,mrtssales92-present.xlsx,1996
1996-08-01,health,Health & Personal Care,446,Health and Personal Care Stores,Health and personal care stores,9082,reported,False,SRC-CENSUS-001,mrtssales92-present.xlsx,1996
1996-09-01,health,Health & Personal Care,446,Health and Personal Care Stores,Health and personal care stores,8521,reported,False,SRC-CENSUS-001,mrtssales92-present.xlsx,1996
1996-10-01,health,Health & Personal Care,446,Health and Personal Care Stores,Health and personal care stores,9195,reported,False,SRC-CENSUS-001,mrtssales92-present.xlsx,1996
1996-11-01,health,Health & Personal Care,446,Health and Personal Care Stores,Health and personal care stores,9037,reported,False,SRC-CENSUS-001,mrtssales92-present.xlsx,1996
1996-12-01,health,Health & Personal Care,446,Health and Personal Care Stores,Health and personal care stores,11195,reported,False,SRC-CENSUS-001,mrtssales92-present.xlsx,1996
1997-01-01,health,Health & Personal Care,446,Health and Personal Care Stores,Health and personal care stores,9216,reported,False,SRC-CENSUS-001,mrtssales92-present.xlsx,1997
1997-02-01,health,Health & Personal Care,446,Health and Personal Care Stores,Health and personal care stores,8935,reported,False,SRC-CENSUS-001,mrtssales92-present.xlsx,1997
1997-03-01,health,Health & Personal Care,446,Health and Personal Care Stores,Health and personal care stores,9861,reported,False,SRC-CENSUS-001,mrtssales92-present.xlsx,1997
1997-04-01,health,Health & Personal Care,446,Health and Personal Care Stores,Health and personal care stores,9385,reported,False,SRC-CENSUS-001,mrtssales92-present.xlsx,1997
1997-05-01,health,Health & Personal Care,446,Health and Personal Care Stores,Health and personal care stores,9859,reported,False,SRC-CENSUS-001,mrtssales92-present.xlsx,1997
1997-06-01,health,Health & Personal Care,446,Health and Personal Care Stores,Health and personal care stores,9618,reported,False,SRC-CENSUS-001,mrtssales92-present.xlsx,1997
1997-07-01,health,Health & Personal Care,446,Health and Personal Care Stores,Health and personal care stores,9748,reported,False,SRC-CENSUS-001,mrtssales92-present.xlsx,1997
1997-08-01,health,Health & Personal Care,446,Health and Personal Care Stores,Health and personal care stores,9659,reported,False,SRC-CENSUS-001,mrtssales92-present.xlsx,1997
1997-09-01,health,Health & Personal Care,446,Health and Personal Care Stores,Health and personal care stores,9498,reported,False,SRC-CENSUS-001,mrtssales92-present.xlsx,1997
1997-10-01,health,Health & Personal Care,446,Health and Personal Care Stores,Health and personal care stores,9917,reported,False,SRC-CENSUS-001,mrtssales92-present.xlsx,1997
1997-11-01,health,Health & Personal Care,446,Health and Personal Care Stores,Health and personal care stores,9613,reported,False,SRC-CENSUS-001,mrtssales92-present.xlsx,1997
1997-12-01,health,Health & Personal Care,446,Health and Personal Care Stores,Health and personal care stores,12106,reported,False,SRC-CENSUS-001,mrtssales92-present.xlsx,1997
1998-01-01,health,Health & Personal Care,446,Health and Personal Care Stores,Health and personal care stores,10075,reported,False,SRC-CENSUS-001,mrtssales92-present.xlsx,1998
1998-02-01,health,Health & Personal Care,446,Health and Personal Care Stores,Health and personal care stores,9655,reported,False,SRC-CENSUS-001,mrtssales92-present.xlsx,1998
1998-03-01,health,Health & Personal Care,446,Health and Personal Care Stores,Health and personal care stores,10329,reported,False,SRC-CENSUS-001,mrtssales92-present.xlsx,1998
1998-04-01,health,Health & Personal Care,446,Health and Personal Care Stores,Health and personal care stores,10490,reported,False,SRC-CENSUS-001,mrtssales92-present.xlsx,1998
1998-05-01,health,Health & Personal Care,446,Health and Personal Care Stores,Health and personal care stores,10606,reported,False,SRC-CENSUS-001,mrtssales92-present.xlsx,1998
1998-06-01,health,Health & Personal Care,446,Health and Personal Care Stores,Health and personal care stores,10523,reported,False,SRC-CENSUS-001,mrtssales92-present.xlsx,1998
1998-07-01,health,Health & Personal Care,446,Health and Personal Care Stores,Health and personal care stores,10631,reported,False,SRC-CENSUS-001,mrtssales92-present.xlsx,1998
1998-08-01,health,Health & Personal Care,446,Health and Personal Care Stores,Health and personal care stores,10625,reported,False,SRC-CENSUS-001,mrtssales92-present.xlsx,1998
1998-09-01,health,Health & Personal Care,446,Health and Personal Care Stores,Health and personal care stores,10333,reported,False,SRC-CENSUS-001,mrtssales92-present.xlsx,1998
1998-10-01,health,Health & Personal Care,446,Health and Personal Care Stores,Health and personal care stores,10866,reported,False,SRC-CENSUS-001,mrtssales92-present.xlsx,1998
1998-11-01,health,Health & Personal Care,446,Health and Personal Care Stores,Health and personal care stores,10684,reported,False,SRC-CENSUS-001,mrtssales92-present.xlsx,1998
1998-12-01,health,Health & Personal Care,446,Health and Personal Care Stores,Health and personal care stores,13276,reported,False,SRC-CENSUS-001,mrtssales92-present.xlsx,1998
1999-01-01,health,Health & Personal Care,446,Health and Personal Care Stores,Health and personal care stores,10892,reported,False,SRC-CENSUS-001,mrtssales92-present.xlsx,1999
1999-02-01,health,Health & Personal Care,446,Health and Personal Care Stores,Health and personal care stores,10700,reported,False,SRC-CENSUS-001,mrtssales92-present.xlsx,1999
1999-03-01,health,Health & Personal Care,446,Health and Personal Care Stores,Health and personal care stores,11817,reported,False,SRC-CENSUS-001,mrtssales92-present.xlsx,1999
1999-04-01,health,Health & Personal Care,446,Health and Personal Care Stores,Health and personal care stores,11460,reported,False,SRC-CENSUS-001,mrtssales92-present.xlsx,1999
1999-05-01,health,Health & Personal Care,446,Health and Personal Care Stores,Health and personal care stores,11682,reported,False,SRC-CENSUS-001,mrtssales92-present.xlsx,1999
1999-06-01,health,Health & Personal Care,446,Health and Personal Care Stores,Health and personal care stores,11625,reported,False,SRC-CENSUS-001,mrtssales92-present.xlsx,1999
1999-07-01,health,Health & Personal Care,446,Health and Personal Care Stores,Health and personal care stores,11540,reported,False,SRC-CENSUS-001,mrtssales92-present.xlsx,1999
1999-08-01,health,Health & Personal Care,446,Health and Personal Care Stores,Health and personal care stores,11506,reported,False,SRC-CENSUS-001,mrtssales92-present.xlsx,1999
1999-09-01,health,Health & Personal Care,446,Health and Personal Care Stores,Health and personal care stores,11295,reported,False,SRC-CENSUS-001,mrtssales92-present.xlsx,1999
1999-10-01,health,Health & Personal Care,446,Health and Personal Care Stores,Health and personal care stores,11700,reported,False,SRC-CENSUS-001,mrtssales92-present.xlsx,1999
1999-11-01,health,Health & Personal Care,446,Health and Personal Care Stores,Health and personal care stores,11864,reported,False,SRC-CENSUS-001,mrtssales92-present.xlsx,1999
1999-12-01,health,Health & Personal Care,446,Health and Personal Care Stores,Health and personal care stores,14934,reported,False,SRC-CENSUS-001,mrtssales92-present.xlsx,1999
2000-01-01,health,Health & Personal Care,446,Health and Personal Care Stores,Health and personal care stores,11817,reported,False,SRC-CENSUS-001,mrtssales92-present.xlsx,2000
2000-02-01,health,Health & Personal Care,446,Health and Personal Care Stores,Health and personal care stores,11999,reported,False,SRC-CENSUS-001,mrtssales92-present.xlsx,2000
2000-03-01,health,Health & Personal Care,446,Health and Personal Care Stores,Health and personal care stores,12800,reported,False,SRC-CENSUS-001,mrtssales92-present.xlsx,2000
2000-04-01,health,Health & Personal Care,446,Health and Personal Care Stores,Health and personal care stores,12285,reported,False,SRC-CENSUS-001,mrtssales92-present.xlsx,2000
2000-05-01,health,Health & Personal Care,446,Health and Personal Care Stores,Health and personal care stores,13085,reported,False,SRC-CENSUS-001,mrtssales92-present.xlsx,2000
2000-06-01,health,Health & Personal Care,446,Health and Personal Care Stores,Health and personal care stores,12660,reported,False,SRC-CENSUS-001,mrtssales92-present.xlsx,2000
2000-07-01,health,Health & Personal Care,446,Health and Personal Care Stores,Health and personal care stores,12383,reported,False,SRC-CENSUS-001,mrtssales92-present.xlsx,2000
2000-08-01,health,Health & Personal Care,446,Health and Personal Care Stores,Health and personal care stores,12874,reported,False,SRC-CENSUS-001,mrtssales92-present.xlsx,2000
2000-09-01,health,Health & Personal Care,446,Health and Personal Care Stores,Health and personal care stores,12452,reported,False,SRC-CENSUS-001,mrtssales92-present.xlsx,2000
2000-10-01,health,Health & Personal Care,446,Health and Personal Care Stores,Health and personal care stores,12919,reported,False,SRC-CENSUS-001,mrtssales92-present.xlsx,2000
2000-11-01,health,Health & Personal Care,446,Health and Personal Care Stores,Health and personal care stores,12904,reported,False,SRC-CENSUS-001,mrtssales92-present.xlsx,2000
2000-12-01,health,Health & Personal Care,446,Health and Personal Care Stores,Health and personal care stores,15278,reported,False,SRC-CENSUS-001,mrtssales92-present.xlsx,2000
2001-01-01,health,Health & Personal Care,446,Health and Personal Care Stores,Health and personal care stores,13182,reported,False,SRC-CENSUS-001,mrtssales92-present.xlsx,2001
2001-02-01,health,Health & Personal Care,446,Health and Personal Care Stores,Health and personal care stores,12723,reported,False,SRC-CENSUS-001,mrtssales92-present.xlsx,2001
2001-03-01,health,Health & Personal Care,446,Health and Personal Care Stores,Health and personal care stores,13833,reported,False,SRC-CENSUS-001,mrtssales92-present.xlsx,2001
2001-04-01,health,Health & Personal Care,446,Health and Personal Care Stores,Health and personal care stores,13315,reported,False,SRC-CENSUS-001,mrtssales92-present.xlsx,2001
2001-05-01,health,Health & Personal Care,446,Health and Personal Care Stores,Health and personal care stores,14062,reported,False,SRC-CENSUS-001,mrtssales92-present.xlsx,2001
2001-06-01,health,Health & Personal Care,446,Health and Personal Care Stores,Health and personal care stores,13507,reported,False,SRC-CENSUS-001,mrtssales92-present.xlsx,2001
2001-07-01,health,Health & Personal Care,446,Health and Personal Care Stores,Health and personal care stores,13367,reported,False,SRC-CENSUS-001,mrtssales92-present.xlsx,2001
2001-08-01,health,Health & Personal Care,446,Health and Personal Care Stores,Health and personal care stores,13886,reported,False,SRC-CENSUS-001,mrtssales92-present.xlsx,2001
2001-09-01,health,Health & Personal Care,446,Health and Personal Care Stores,Health and personal care stores,12822,reported,False,SRC-CENSUS-001,mrtssales92-present.xlsx,2001
2001-10-01,health,Health & Personal Care,446,Health and Personal Care Stores,Health and personal care stores,14161,reported,False,SRC-CENSUS-001,mrtssales92-present.xlsx,2001
2001-11-01,health,Health & Personal Care,446,Health and Personal Care Stores,Health and personal care stores,13837,reported,False,SRC-CENSUS-001,mrtssales92-present.xlsx,2001
2001-12-01,health,Health & Personal Care,446,Health and Personal Care Stores,Health and personal care stores,15971,reported,False,SRC-CENSUS-001,mrtssales92-present.xlsx,2001
2002-01-01,health,Health & Personal Care,446,Health and Personal Care Stores,Health and personal care stores,14310,reported,False,SRC-CENSUS-001,mrtssales92-present.xlsx,2002
2002-02-01,health,Health & Personal Care,446,Health and Personal Care Stores,Health and personal care stores,13837,reported,False,SRC-CENSUS-001,mrtssales92-present.xlsx,2002
2002-03-01,health,Health & Personal Care,446,Health and Personal Care Stores,Health and personal care stores,14866,reported,False,SRC-CENSUS-001,mrtssales92-present.xlsx,2002
2002-04-01,health,Health & Personal Care,446,Health and Personal Care Stores,Health and personal care stores,14690,reported,False,SRC-CENSUS-001,mrtssales92-present.xlsx,2002
2002-05-01,health,Health & Personal Care,446,Health and Personal Care Stores,Health and personal care stores,15220,reported,False,SRC-CENSUS-001,mrtssales92-present.xlsx,2002
2002-06-01,health,Health & Personal Care,446,Health and Personal Care Stores,Health and personal care stores,14261,reported,False,SRC-CENSUS-001,mrtssales92-present.xlsx,2002
2002-07-01,health,Health & Personal Care,446,Health and Personal Care Stores,Health and personal care stores,14711,reported,False,SRC-CENSUS-001,mrtssales92-present.xlsx,2002
2002-08-01,health,Health & Personal Care,446,Health and Personal Care Stores,Health and personal care stores,14888,reported,False,SRC-CENSUS-001,mrtssales92-present.xlsx,2002
2002-09-01,health,Health & Personal Care,446,Health and Personal Care Stores,Health and personal care stores,14273,reported,False,SRC-CENSUS-001,mrtssales92-present.xlsx,2002
2002-10-01,health,Health & Personal Care,446,Health and Personal Care Stores,Health and personal care stores,15127,reported,False,SRC-CENSUS-001,mrtssales92-present.xlsx,2002
2002-11-01,health,Health & Personal Care,446,Health and Personal Care Stores,Health and personal care stores,14772,reported,False,SRC-CENSUS-001,mrtssales92-present.xlsx,2002
2002-12-01,health,Health & Personal Care,446,Health and Personal Care Stores,Health and personal care stores,16992,reported,False,SRC-CENSUS-001,mrtssales92-present.xlsx,2002
2003-01-01,health,Health & Personal Care,446,Health and Personal Care Stores,Health and personal care stores,15374,reported,False,SRC-CENSUS-001,mrtssales92-present.xlsx,2003
2003-02-01,health,Health & Personal Care,446,Health and Personal Care Stores,Health and personal care stores,14613,reported,False,SRC-CENSUS-001,mrtssales92-present.xlsx,2003
2003-03-01,health,Health & Personal Care,446,Health and Personal Care Stores,Health and personal care stores,15672,reported,False,SRC-CENSUS-001,mrtssales92-present.xlsx,2003
2003-04-01,health,Health & Personal Care,446,Health and Personal Care Stores,Health and personal care stores,15558,reported,False,SRC-CENSUS-001,mrtssales92-present.xlsx,2003
2003-05-01,health,Health & Personal Care,446,Health and Personal Care Stores,Health and personal care stores,15990,reported,False,SRC-CENSUS-001,mrtssales92-present.xlsx,2003
2003-06-01,health,Health & Personal Care,446,Health and Personal Care Stores,Health and personal care stores,15324,reported,False,SRC-CENSUS-001,mrtssales92-present.xlsx,2003
2003-07-01,health,Health & Personal Care,446,Health and Personal Care Stores,Health and personal care stores,15813,reported,False,SRC-CENSUS-001,mrtssales92-present.xlsx,2003
2003-08-01,health,Health & Personal Care,446,Health and Personal Care Stores,Health and personal care stores,15807,reported,False,SRC-CENSUS-001,mrtssales92-present.xlsx,2003
2003-09-01,health,Health & Personal Care,446,Health and Personal Care Stores,Health and personal care stores,15546,reported,False,SRC-CENSUS-001,mrtssales92-present.xlsx,2003
2003-10-01,health,Health & Personal Care,446,Health and Personal Care Stores,Health and personal care stores,16333,reported,False,SRC-CENSUS-001,mrtssales92-present.xlsx,2003
2003-11-01,health,Health & Personal Care,446,Health and Personal Care Stores,Health and personal care stores,15530,reported,False,SRC-CENSUS-001,mrtssales92-present.xlsx,2003
2003-12-01,health,Health & Personal Care,446,Health and Personal Care Stores,Health and personal care stores,18687,reported,False,SRC-CENSUS-001,mrtssales92-present.xlsx,2003
2004-01-01,health,Health & Personal Care,446,Health and Personal Care Stores,Health and personal care stores,16155,reported,False,SRC-CENSUS-001,mrtssales92-present.xlsx,2004
2004-02-01,health,Health & Personal Care,446,Health and Personal Care Stores,Health and personal care stores,15468,reported,False,SRC-CENSUS-001,mrtssales92-present.xlsx,2004
2004-03-01,health,Health & Personal Care,446,Health and Personal Care Stores,Health and personal care stores,16965,reported,False,SRC-CENSUS-001,mrtssales92-present.xlsx,2004
2004-04-01,health,Health & Personal Care,446,Health and Personal Care Stores,Health and personal care stores,16349,reported,False,SRC-CENSUS-001,mrtssales92-present.xlsx,2004
2004-05-01,health,Health & Personal Care,446,Health and Personal Care Stores,Health and personal care stores,16335,reported,False,SRC-CENSUS-001,mrtssales92-present.xlsx,2004
2004-06-01,health,Health & Personal Care,446,Health and Personal Care Stores,Health and personal care stores,16196,reported,False,SRC-CENSUS-001,mrtssales92-present.xlsx,2004
2004-07-01,health,Health & Personal Care,446,Health and Personal Care Stores,Health and personal care stores,16113,reported,False,SRC-CENSUS-001,mrtssales92-present.xlsx,2004
2004-08-01,health,Health & Personal Care,446,Health and Personal Care Stores,Health and personal care stores,16182,reported,False,SRC-CENSUS-001,mrtssales92-present.xlsx,2004
2004-09-01,health,Health & Personal Care,446,Health and Personal Care Stores,Health and personal care stores,15807,reported,False,SRC-CENSUS-001,mrtssales92-present.xlsx,2004
2004-10-01,health,Health & Personal Care,446,Health and Personal Care Stores,Health and personal care stores,16240,reported,False,SRC-CENSUS-001,mrtssales92-present.xlsx,2004
2004-11-01,health,Health & Personal Care,446,Health and Personal Care Stores,Health and personal care stores,16274,reported,False,SRC-CENSUS-001,mrtssales92-present.xlsx,2004
2004-12-01,health,Health & Personal Care,446,Health and Personal Care Stores,Health and personal care stores,18900,reported,False,SRC-CENSUS-001,mrtssales92-present.xlsx,2004
2005-01-01,health,Health & Personal Care,446,Health and Personal Care Stores,Health and personal care stores,16676,reported,False,SRC-CENSUS-001,mrtssales92-present.xlsx,2005
2005-02-01,health,Health & Personal Care,446,Health and Personal Care Stores,Health and personal care stores,16265,reported,False,SRC-CENSUS-001,mrtssales92-present.xlsx,2005
2005-03-01,health,Health & Personal Care,446,Health and Personal Care Stores,Health and personal care stores,17856,reported,False,SRC-CENSUS-001,mrtssales92-present.xlsx,2005
2005-04-01,health,Health & Personal Care,446,Health and Personal Care Stores,Health and personal care stores,16920,reported,False,SRC-CENSUS-001,mrtssales92-present.xlsx,2005
2005-05-01,health,Health & Personal Care,446,Health and Personal Care Stores,Health and personal care stores,17448,reported,False,SRC-CENSUS-001,mrtssales92-present.xlsx,2005
2005-06-01,health,Health & Personal Care,446,Health and Personal Care Stores,Health and personal care stores,17015,reported,False,SRC-CENSUS-001,mrtssales92-present.xlsx,2005
2005-07-01,health,Health & Personal Care,446,Health and Personal Care Stores,Health and personal care stores,16831,reported,False,SRC-CENSUS-001,mrtssales92-present.xlsx,2005
2005-08-01,health,Health & Personal Care,446,Health and Personal Care Stores,Health and personal care stores,17426,reported,False,SRC-CENSUS-001,mrtssales92-present.xlsx,2005
2005-09-01,health,Health & Personal Care,446,Health and Personal Care Stores,Health and personal care stores,16916,reported,False,SRC-CENSUS-001,mrtssales92-present.xlsx,2005
2005-10-01,health,Health & Personal Care,446,Health and Personal Care Stores,Health and personal care stores,17193,reported,False,SRC-CENSUS-001,mrtssales92-present.xlsx,2005
2005-11-01,health,Health & Personal Care,446,Health and Personal Care Stores,Health and personal care stores,17267,reported,False,SRC-CENSUS-001,mrtssales92-present.xlsx,2005
2005-12-01,health,Health & Personal Care,446,Health and Personal Care Stores,Health and personal care stores,19945,reported,False,SRC-CENSUS-001,mrtssales92-present.xlsx,2005
2006-01-01,health,Health & Personal Care,446,Health and Personal Care Stores,Health and personal care stores,17688,reported,False,SRC-CENSUS-001,mrtssales92-present.xlsx,2006
2006-02-01,health,Health & Personal Care,446,Health and Personal Care Stores,Health and personal care stores,17021,reported,False,SRC-CENSUS-001,mrtssales92-present.xlsx,2006
2006-03-01,health,Health & Personal Care,446,Health and Personal Care Stores,Health and personal care stores,18805,reported,False,SRC-CENSUS-001,mrtssales92-present.xlsx,2006
2006-04-01,health,Health & Personal Care,446,Health and Personal Care Stores,Health and personal care stores,17562,reported,False,SRC-CENSUS-001,mrtssales92-present.xlsx,2006
2006-05-01,health,Health & Personal Care,446,Health and Personal Care Stores,Health and personal care stores,18819,reported,False,SRC-CENSUS-001,mrtssales92-present.xlsx,2006
2006-06-01,health,Health & Personal Care,446,Health and Personal Care Stores,Health and personal care stores,18235,reported,False,SRC-CENSUS-001,mrtssales92-present.xlsx,2006
2006-07-01,health,Health & Personal Care,446,Health and Personal Care Stores,Health and personal care stores,17798,reported,False,SRC-CENSUS-001,mrtssales92-present.xlsx,2006
2006-08-01,health,Health & Personal Care,446,Health and Personal Care Stores,Health and personal care stores,18591,reported,False,SRC-CENSUS-001,mrtssales92-present.xlsx,2006
2006-09-01,health,Health & Personal Care,446,Health and Personal Care Stores,Health and personal care stores,17880,reported,False,SRC-CENSUS-001,mrtssales92-present.xlsx,2006
2006-10-01,health,Health & Personal Care,446,Health and Personal Care Stores,Health and personal care stores,18683,reported,False,SRC-CENSUS-001,mrtssales92-present.xlsx,2006
2006-11-01,health,Health & Personal Care,446,Health and Personal Care Stores,Health and personal care stores,18686,reported,False,SRC-CENSUS-001,mrtssales92-present.xlsx,2006
2006-12-01,health,Health & Personal Care,446,Health and Personal Care Stores,Health and personal care stores,21092,reported,False,SRC-CENSUS-001,mrtssales92-present.xlsx,2006
2007-01-01,health,Health & Personal Care,446,Health and Personal Care Stores,Health and personal care stores,19361,reported,False,SRC-CENSUS-001,mrtssales92-present.xlsx,2007
2007-02-01,health,Health & Personal Care,446,Health and Personal Care Stores,Health and personal care stores,18197,reported,False,SRC-CENSUS-001,mrtssales92-present.xlsx,2007
2007-03-01,health,Health & Personal Care,446,Health and Personal Care Stores,Health and personal care stores,19952,reported,False,SRC-CENSUS-001,mrtssales92-present.xlsx,2007
2007-04-01,health,Health & Personal Care,446,Health and Personal Care Stores,Health and personal care stores,18988,reported,False,SRC-CENSUS-001,mrtssales92-present.xlsx,2007
2007-05-01,health,Health & Personal Care,446,Health and Personal Care Stores,Health and personal care stores,19892,reported,False,SRC-CENSUS-001,mrtssales92-present.xlsx,2007
2007-06-01,health,Health & Personal Care,446,Health and Personal Care Stores,Health and personal care stores,19266,reported,False,SRC-CENSUS-001,mrtssales92-present.xlsx,2007
2007-07-01,health,Health & Personal Care,446,Health and Personal Care Stores,Health and personal care stores,19060,reported,False,SRC-CENSUS-001,mrtssales92-present.xlsx,2007
2007-08-01,health,Health & Personal Care,446,Health and Personal Care Stores,Health and personal care stores,19876,reported,False,SRC-CENSUS-001,mrtssales92-present.xlsx,2007
2007-09-01,health,Health & Personal Care,446,Health and Personal Care Stores,Health and personal care stores,18620,reported,False,SRC-CENSUS-001,mrtssales92-present.xlsx,2007
2007-10-01,health,Health & Personal Care,446,Health and Personal Care Stores,Health and personal care stores,19943,reported,False,SRC-CENSUS-001,mrtssales92-present.xlsx,2007
2007-11-01,health,Health & Personal Care,446,Health and Personal Care Stores,Health and personal care stores,19409,reported,False,SRC-CENSUS-001,mrtssales92-present.xlsx,2007
2007-12-01,health,Health & Personal Care,446,Health and Personal Care Stores,Health and personal care stores,21463,reported,False,SRC-CENSUS-001,mrtssales92-present.xlsx,2007
2008-01-01,health,Health & Personal Care,446,Health and Personal Care Stores,Health and personal care stores,19976,reported,False,SRC-CENSUS-001,mrtssales92-present.xlsx,2008
2008-02-01,health,Health & Personal Care,446,Health and Personal Care Stores,Health and personal care stores,19824,reported,False,SRC-CENSUS-001,mrtssales92-present.xlsx,2008
2008-03-01,health,Health & Personal Care,446,Health and Personal Care Stores,Health and personal care stores,20500,reported,False,SRC-CENSUS-001,mrtssales92-present.xlsx,2008
2008-04-01,health,Health & Personal Care,446,Health and Personal Care Stores,Health and personal care stores,19793,reported,False,SRC-CENSUS-001,mrtssales92-present.xlsx,2008
2008-05-01,health,Health & Personal Care,446,Health and Personal Care Stores,Health and personal care stores,20647,reported,False,SRC-CENSUS-001,mrtssales92-present.xlsx,2008
2008-06-01,health,Health & Personal Care,446,Health and Personal Care Stores,Health and personal care stores,19784,reported,False,SRC-CENSUS-001,mrtssales92-present.xlsx,2008
2008-07-01,health,Health & Personal Care,446,Health and Personal Care Stores,Health and personal care stores,20169,reported,False,SRC-CENSUS-001,mrtssales92-present.xlsx,2008
2008-08-01,health,Health & Personal Care,446,Health and Personal Care Stores,Health and personal care stores,19981,reported,False,SRC-CENSUS-001,mrtssales92-present.xlsx,2008
2008-09-01,health,Health & Personal Care,446,Health and Personal Care Stores,Health and personal care stores,19735,reported,False,SRC-CENSUS-001,mrtssales92-present.xlsx,2008
2008-10-01,health,Health & Personal Care,446,Health and Personal Care Stores,Health and personal care stores,20623,reported,False,SRC-CENSUS-001,mrtssales92-present.xlsx,2008
2008-11-01,health,Health & Personal Care,446,Health and Personal Care Stores,Health and personal care stores,19573,reported,False,SRC-CENSUS-001,mrtssales92-present.xlsx,2008
2008-12-01,health,Health & Personal Care,446,Health and Personal Care Stores,Health and personal care stores,22871,reported,False,SRC-CENSUS-001,mrtssales92-present.xlsx,2008
2009-01-01,health,Health & Personal Care,446,Health and Personal Care Stores,Health and personal care stores,20425,reported,False,SRC-CENSUS-001,mrtssales92-present.xlsx,2009
2009-02-01,health,Health & Personal Care,446,Health and Personal Care Stores,Health and personal care stores,19586,reported,False,SRC-CENSUS-001,mrtssales92-present.xlsx,2009
2009-03-01,health,Health & Personal Care,446,Health and Personal Care Stores,Health and personal care stores,21260,reported,False,SRC-CENSUS-001,mrtssales92-present.xlsx,2009
2009-04-01,health,Health & Personal Care,446,Health and Personal Care Stores,Health and personal care stores,20797,reported,False,SRC-CENSUS-001,mrtssales92-present.xlsx,2009
2009-05-01,health,Health & Personal Care,446,Health and Personal Care Stores,Health and personal care stores,20811,reported,False,SRC-CENSUS-001,mrtssales92-present.xlsx,2009
2009-06-01,health,Health & Personal Care,446,Health and Personal Care Stores,Health and personal care stores,20697,reported,False,SRC-CENSUS-001,mrtssales92-present.xlsx,2009
2009-07-01,health,Health & Personal Care,446,Health and Personal Care Stores,Health and personal care stores,20587,reported,False,SRC-CENSUS-001,mrtssales92-present.xlsx,2009
2009-08-01,health,Health & Personal Care,446,Health and Personal Care Stores,Health and personal care stores,20336,reported,False,SRC-CENSUS-001,mrtssales92-present.xlsx,2009
2009-09-01,health,Health & Personal Care,446,Health and Personal Care Stores,Health and personal care stores,20368,reported,False,SRC-CENSUS-001,mrtssales92-present.xlsx,2009
2009-10-01,health,Health & Personal Care,446,Health and Personal Care Stores,Health and personal care stores,21096,reported,False,SRC-CENSUS-001,mrtssales92-present.xlsx,2009
2009-11-01,health,Health & Personal Care,446,Health and Personal Care Stores,Health and personal care stores,20372,reported,False,SRC-CENSUS-001,mrtssales92-present.xlsx,2009
2009-12-01,health,Health & Personal Care,446,Health and Personal Care Stores,Health and personal care stores,23360,reported,False,SRC-CENSUS-001,mrtssales92-present.xlsx,2009
2010-01-01,health,Health & Personal Care,446,Health and Personal Care Stores,Health and personal care stores,20478,reported,False,SRC-CENSUS-001,mrtssales92-present.xlsx,2010
2010-02-01,health,Health & Personal Care,446,Health and Personal Care Stores,Health and personal care stores,19874,reported,False,SRC-CENSUS-001,mrtssales92-present.xlsx,2010
2010-03-01,health,Health & Personal Care,446,Health and Personal Care Stores,Health and personal care stores,22208,reported,False,SRC-CENSUS-001,mrtssales92-present.xlsx,2010
2010-04-01,health,Health & Personal Care,446,Health and Personal Care Stores,Health and personal care stores,21206,reported,False,SRC-CENSUS-001,mrtssales92-present.xlsx,2010
2010-05-01,health,Health & Personal Care,446,Health and Personal Care Stores,Health and personal care stores,21083,reported,False,SRC-CENSUS-001,mrtssales92-present.xlsx,2010
2010-06-01,health,Health & Personal Care,446,Health and Personal Care Stores,Health and personal care stores,21207,reported,False,SRC-CENSUS-001,mrtssales92-present.xlsx,2010
2010-07-01,health,Health & Personal Care,446,Health and Personal Care Stores,Health and personal care stores,21079,reported,False,SRC-CENSUS-001,mrtssales92-present.xlsx,2010
2010-08-01,health,Health & Personal Care,446,Health and Personal Care Stores,Health and personal care stores,21335,reported,False,SRC-CENSUS-001,mrtssales92-present.xlsx,2010
2010-09-01,health,Health & Personal Care,446,Health and Personal Care Stores,Health and personal care stores,21028,reported,False,SRC-CENSUS-001,mrtssales92-present.xlsx,2010
2010-10-01,health,Health & Personal Care,446,Health and Personal Care Stores,Health and personal care stores,21527,reported,False,SRC-CENSUS-001,mrtssales92-present.xlsx,2010
2010-11-01,health,Health & Personal Care,446,Health and Personal Care Stores,Health and personal care stores,21607,reported,False,SRC-CENSUS-001,mrtssales92-present.xlsx,2010
2010-12-01,health,Health & Personal Care,446,Health and Personal Care Stores,Health and personal care stores,24642,reported,False,SRC-CENSUS-001,mrtssales92-present.xlsx,2010
2011-01-01,health,Health & Personal Care,446,Health and Personal Care Stores,Health and personal care stores,21950,reported,False,SRC-CENSUS-001,mrtssales92-present.xlsx,2011
2011-02-01,health,Health & Personal Care,446,Health and Personal Care Stores,Health and personal care stores,21016,reported,False,SRC-CENSUS-001,mrtssales92-present.xlsx,2011
2011-03-01,health,Health & Personal Care,446,Health and Personal Care Stores,Health and personal care stores,23322,reported,False,SRC-CENSUS-001,mrtssales92-present.xlsx,2011
2011-04-01,health,Health & Personal Care,446,Health and Personal Care Stores,Health and personal care stores,21963,reported,False,SRC-CENSUS-001,mrtssales92-present.xlsx,2011
2011-05-01,health,Health & Personal Care,446,Health and Personal Care Stores,Health and personal care stores,22483,reported,False,SRC-CENSUS-001,mrtssales92-present.xlsx,2011
2011-06-01,health,Health & Personal Care,446,Health and Personal Care Stores,Health and personal care stores,22100,reported,False,SRC-CENSUS-001,mrtssales92-present.xlsx,2011
2011-07-01,health,Health & Personal Care,446,Health and Personal Care Stores,Health and personal care stores,21589,reported,False,SRC-CENSUS-001,mrtssales92-present.xlsx,2011
2011-08-01,health,Health & Personal Care,446,Health and Personal Care Stores,Health and personal care stores,22701,reported,False,SRC-CENSUS-001,mrtssales92-present.xlsx,2011
2011-09-01,health,Health & Personal Care,446,Health and Personal Care Stores,Health and personal care stores,21905,reported,False,SRC-CENSUS-001,mrtssales92-present.xlsx,2011
2011-10-01,health,Health & Personal Care,446,Health and Personal Care Stores,Health and personal care stores,22253,reported,False,SRC-CENSUS-001,mrtssales92-present.xlsx,2011
2011-11-01,health,Health & Personal Care,446,Health and Personal Care Stores,Health and personal care stores,22079,reported,False,SRC-CENSUS-001,mrtssales92-present.xlsx,2011
2011-12-01,health,Health & Personal Care,446,Health and Personal Care Stores,Health and personal care stores,24956,reported,False,SRC-CENSUS-001,mrtssales92-present.xlsx,2011
2012-01-01,health,Health & Personal Care,446,Health and Personal Care Stores,Health and personal care stores,22489,reported,False,SRC-CENSUS-001,mrtssales92-present.xlsx,2012
2012-02-01,health,Health & Personal Care,446,Health and Personal Care Stores,Health and personal care stores,22346,reported,False,SRC-CENSUS-001,mrtssales92-present.xlsx,2012
2012-03-01,health,Health & Personal Care,446,Health and Personal Care Stores,Health and personal care stores,23558,reported,False,SRC-CENSUS-001,mrtssales92-present.xlsx,2012
2012-04-01,health,Health & Personal Care,446,Health and Personal Care Stores,Health and personal care stores,22341,reported,False,SRC-CENSUS-001,mrtssales92-present.xlsx,2012
2012-05-01,health,Health & Personal Care,446,Health and Personal Care Stores,Health and personal care stores,23088,reported,False,SRC-CENSUS-001,mrtssales92-present.xlsx,2012
2012-06-01,health,Health & Personal Care,446,Health and Personal Care Stores,Health and personal care stores,21743,reported,False,SRC-CENSUS-001,mrtssales92-present.xlsx,2012
2012-07-01,health,Health & Personal Care,446,Health and Personal Care Stores,Health and personal care stores,21875,reported,False,SRC-CENSUS-001,mrtssales92-present.xlsx,2012
2012-08-01,health,Health & Personal Care,446,Health and Personal Care Stores,Health and personal care stores,22666,reported,False,SRC-CENSUS-001,mrtssales92-present.xlsx,2012
2012-09-01,health,Health & Personal Care,446,Health and Personal Care Stores,Health and personal care stores,21066,reported,False,SRC-CENSUS-001,mrtssales92-present.xlsx,2012
2012-10-01,health,Health & Personal Care,446,Health and Personal Care Stores,Health and personal care stores,22530,reported,False,SRC-CENSUS-001,mrtssales92-present.xlsx,2012
2012-11-01,health,Health & Personal Care,446,Health and Personal Care Stores,Health and personal care stores,21987,reported,False,SRC-CENSUS-001,mrtssales92-present.xlsx,2012
2012-12-01,health,Health & Personal Care,446,Health and Personal Care Stores,Health and personal care stores,24772,reported,False,SRC-CENSUS-001,mrtssales92-present.xlsx,2012
2013-01-01,health,Health & Personal Care,446,Health and Personal Care Stores,Health and personal care stores,22969,reported,False,SRC-CENSUS-001,mrtssales92-present.xlsx,2013
2013-02-01,health,Health & Personal Care,446,Health and Personal Care Stores,Health and personal care stores,21414,reported,False,SRC-CENSUS-001,mrtssales92-present.xlsx,2013
2013-03-01,health,Health & Personal Care,446,Health and Personal Care Stores,Health and personal care stores,23166,reported,False,SRC-CENSUS-001,mrtssales92-present.xlsx,2013
2013-04-01,health,Health & Personal Care,446,Health and Personal Care Stores,Health and personal care stores,22459,reported,False,SRC-CENSUS-001,mrtssales92-present.xlsx,2013
2013-05-01,health,Health & Personal Care,446,Health and Personal Care Stores,Health and personal care stores,23191,reported,False,SRC-CENSUS-001,mrtssales92-present.xlsx,2013
2013-06-01,health,Health & Personal Care,446,Health and Personal Care Stores,Health and personal care stores,21755,reported,False,SRC-CENSUS-001,mrtssales92-present.xlsx,2013
2013-07-01,health,Health & Personal Care,446,Health and Personal Care Stores,Health and personal care stores,22675,reported,False,SRC-CENSUS-001,mrtssales92-present.xlsx,2013
2013-08-01,health,Health & Personal Care,446,Health and Personal Care Stores,Health and personal care stores,22949,reported,False,SRC-CENSUS-001,mrtssales92-present.xlsx,2013
2013-09-01,health,Health & Personal Care,446,Health and Personal Care Stores,Health and personal care stores,22362,reported,False,SRC-CENSUS-001,mrtssales92-present.xlsx,2013
2013-10-01,health,Health & Personal Care,446,Health and Personal Care Stores,Health and personal care stores,23643,reported,False,SRC-CENSUS-001,mrtssales92-present.xlsx,2013
2013-11-01,health,Health & Personal Care,446,Health and Personal Care Stores,Health and personal care stores,22730,reported,False,SRC-CENSUS-001,mrtssales92-present.xlsx,2013
2013-12-01,health,Health & Personal Care,446,Health and Personal Care Stores,Health and personal care stores,26074,reported,False,SRC-CENSUS-001,mrtssales92-present.xlsx,2013
2014-01-01,health,Health & Personal Care,446,Health and Personal Care Stores,Health and personal care stores,23507,reported,False,SRC-CENSUS-001,mrtssales92-present.xlsx,2014
2014-02-01,health,Health & Personal Care,446,Health and Personal Care Stores,Health and personal care stores,22121,reported,False,SRC-CENSUS-001,mrtssales92-present.xlsx,2014
2014-03-01,health,Health & Personal Care,446,Health and Personal Care Stores,Health and personal care stores,23897,reported,False,SRC-CENSUS-001,mrtssales92-present.xlsx,2014
2014-04-01,health,Health & Personal Care,446,Health and Personal Care Stores,Health and personal care stores,23685,reported,False,SRC-CENSUS-001,mrtssales92-present.xlsx,2014
2014-05-01,health,Health & Personal Care,446,Health and Personal Care Stores,Health and personal care stores,24377,reported,False,SRC-CENSUS-001,mrtssales92-present.xlsx,2014
2014-06-01,health,Health & Personal Care,446,Health and Personal Care Stores,Health and personal care stores,23641,reported,False,SRC-CENSUS-001,mrtssales92-present.xlsx,2014
2014-07-01,health,Health & Personal Care,446,Health and Personal Care Stores,Health and personal care stores,24005,reported,False,SRC-CENSUS-001,mrtssales92-present.xlsx,2014
2014-08-01,health,Health & Personal Care,446,Health and Personal Care Stores,Health and personal care stores,24008,reported,False,SRC-CENSUS-001,mrtssales92-present.xlsx,2014
2014-09-01,health,Health & Personal Care,446,Health and Personal Care Stores,Health and personal care stores,23966,reported,False,SRC-CENSUS-001,mrtssales92-present.xlsx,2014
2014-10-01,health,Health & Personal Care,446,Health and Personal Care Stores,Health and personal care stores,24825,reported,False,SRC-CENSUS-001,mrtssales92-present.xlsx,2014
2014-11-01,health,Health & Personal Care,446,Health and Personal Care Stores,Health and personal care stores,23411,reported,False,SRC-CENSUS-001,mrtssales92-present.xlsx,2014
2014-12-01,health,Health & Personal Care,446,Health and Personal Care Stores,Health and personal care stores,28115,reported,False,SRC-CENSUS-001,mrtssales92-present.xlsx,2014
2015-01-01,health,Health & Personal Care,446,Health and Personal Care Stores,Health and personal care stores,24733,reported,False,SRC-CENSUS-001,mrtssales92-present.xlsx,2015
2015-02-01,health,Health & Personal Care,446,Health and Personal Care Stores,Health and personal care stores,23176,reported,False,SRC-CENSUS-001,mrtssales92-present.xlsx,2015
2015-03-01,health,Health & Personal Care,446,Health and Personal Care Stores,Health and personal care stores,25789,reported,False,SRC-CENSUS-001,mrtssales92-present.xlsx,2015
2015-04-01,health,Health & Personal Care,446,Health and Personal Care Stores,Health and personal care stores,24601,reported,False,SRC-CENSUS-001,mrtssales92-present.xlsx,2015
2015-05-01,health,Health & Personal Care,446,Health and Personal Care Stores,Health and personal care stores,24524,reported,False,SRC-CENSUS-001,mrtssales92-present.xlsx,2015
2015-06-01,health,Health & Personal Care,446,Health and Personal Care Stores,Health and personal care stores,24714,reported,False,SRC-CENSUS-001,mrtssales92-present.xlsx,2015
2015-07-01,health,Health & Personal Care,446,Health and Personal Care Stores,Health and personal care stores,24864,reported,False,SRC-CENSUS-001,mrtssales92-present.xlsx,2015
2015-08-01,health,Health & Personal Care,446,Health and Personal Care Stores,Health and personal care stores,24761,reported,False,SRC-CENSUS-001,mrtssales92-present.xlsx,2015
2015-09-01,health,Health & Personal Care,446,Health and Personal Care Stores,Health and personal care stores,25121,reported,False,SRC-CENSUS-001,mrtssales92-present.xlsx,2015
2015-10-01,health,Health & Personal Care,446,Health and Personal Care Stores,Health and personal care stores,25622,reported,False,SRC-CENSUS-001,mrtssales92-present.xlsx,2015
2015-11-01,health,Health & Personal Care,446,Health and Personal Care Stores,Health and personal care stores,24789,reported,False,SRC-CENSUS-001,mrtssales92-present.xlsx,2015
2015-12-01,health,Health & Personal Care,446,Health and Personal Care Stores,Health and personal care stores,29342,reported,False,SRC-CENSUS-001,mrtssales92-present.xlsx,2015
2016-01-01,health,Health & Personal Care,446,Health and Personal Care Stores,Health and personal care stores,24947,reported,False,SRC-CENSUS-001,mrtssales92-present.xlsx,2016
2016-02-01,health,Health & Personal Care,446,Health and Personal Care Stores,Health and personal care stores,25541,reported,False,SRC-CENSUS-001,mrtssales92-present.xlsx,2016
2016-03-01,health,Health & Personal Care,446,Health and Personal Care Stores,Health and personal care stores,27013,reported,False,SRC-CENSUS-001,mrtssales92-present.xlsx,2016
2016-04-01,health,Health & Personal Care,446,Health and Personal Care Stores,Health and personal care stores,25699,reported,False,SRC-CENSUS-001,mrtssales92-present.xlsx,2016
2016-05-01,health,Health & Personal Care,446,Health and Personal Care Stores,Health and personal care stores,26198,reported,False,SRC-CENSUS-001,mrtssales92-present.xlsx,2016
2016-06-01,health,Health & Personal Care,446,Health and Personal Care Stores,Health and personal care stores,26020,reported,False,SRC-CENSUS-001,mrtssales92-present.xlsx,2016
2016-07-01,health,Health & Personal Care,446,Health and Personal Care Stores,Health and personal care stores,25200,reported,False,SRC-CENSUS-001,mrtssales92-present.xlsx,2016
2016-08-01,health,Health & Personal Care,446,Health and Personal Care Stores,Health and personal care stores,26435,reported,False,SRC-CENSUS-001,mrtssales92-present.xlsx,2016
2016-09-01,health,Health & Personal Care,446,Health and Personal Care Stores,Health and personal care stores,25669,reported,False,SRC-CENSUS-001,mrtssales92-present.xlsx,2016
2016-10-01,health,Health & Personal Care,446,Health and Personal Care Stores,Health and personal care stores,25179,reported,False,SRC-CENSUS-001,mrtssales92-present.xlsx,2016
2016-11-01,health,Health & Personal Care,446,Health and Personal Care Stores,Health and personal care stores,25271,reported,False,SRC-CENSUS-001,mrtssales92-present.xlsx,2016
2016-12-01,health,Health & Personal Care,446,Health and Personal Care Stores,Health and personal care stores,29001,reported,False,SRC-CENSUS-001,mrtssales92-present.xlsx,2016
2017-01-01,health,Health & Personal Care,446,Health and Personal Care Stores,Health and personal care stores,25325,reported,False,SRC-CENSUS-001,mrtssales92-present.xlsx,2017
2017-02-01,health,Health & Personal Care,446,Health and Personal Care Stores,Health and personal care stores,24350,reported,False,SRC-CENSUS-001,mrtssales92-present.xlsx,2017
2017-03-01,health,Health & Personal Care,446,Health and Personal Care Stores,Health and personal care stores,27090,reported,False,SRC-CENSUS-001,mrtssales92-present.xlsx,2017
2017-04-01,health,Health & Personal Care,446,Health and Personal Care Stores,Health and personal care stores,25479,reported,False,SRC-CENSUS-001,mrtssales92-present.xlsx,2017
2017-05-01,health,Health & Personal Care,446,Health and Personal Care Stores,Health and personal care stores,27034,reported,False,SRC-CENSUS-001,mrtssales92-present.xlsx,2017
2017-06-01,health,Health & Personal Care,446,Health and Personal Care Stores,Health and personal care stores,26508,reported,False,SRC-CENSUS-001,mrtssales92-present.xlsx,2017
2017-07-01,health,Health & Personal Care,446,Health and Personal Care Stores,Health and personal care stores,25645,reported,False,SRC-CENSUS-001,mrtssales92-present.xlsx,2017
2017-08-01,health,Health & Personal Care,446,Health and Personal Care Stores,Health and personal care stores,27255,reported,False,SRC-CENSUS-001,mrtssales92-present.xlsx,2017
2017-09-01,health,Health & Personal Care,446,Health and Personal Care Stores,Health and personal care stores,26202,reported,False,SRC-CENSUS-001,mrtssales92-present.xlsx,2017
2017-10-01,health,Health & Personal Care,446,Health and Personal Care Stores,Health and personal care stores,27431,reported,False,SRC-CENSUS-001,mrtssales92-present.xlsx,2017
2017-11-01,health,Health & Personal Care,446,Health and Personal Care Stores,Health and personal care stores,27029,reported,False,SRC-CENSUS-001,mrtssales92-present.xlsx,2017
2017-12-01,health,Health & Personal Care,446,Health and Personal Care Stores,Health and personal care stores,30123,reported,False,SRC-CENSUS-001,mrtssales92-present.xlsx,2017
2018-01-01,health,Health & Personal Care,446,Health and Personal Care Stores,Health and personal care stores,27361,reported,False,SRC-CENSUS-001,mrtssales92-present.xlsx,2018
2018-02-01,health,Health & Personal Care,446,Health and Personal Care Stores,Health and personal care stores,25309,reported,False,SRC-CENSUS-001,mrtssales92-present.xlsx,2018
2018-03-01,health,Health & Personal Care,446,Health and Personal Care Stores,Health and personal care stores,28064,reported,False,SRC-CENSUS-001,mrtssales92-present.xlsx,2018
2018-04-01,health,Health & Personal Care,446,Health and Personal Care Stores,Health and personal care stores,26771,reported,False,SRC-CENSUS-001,mrtssales92-present.xlsx,2018
2018-05-01,health,Health & Personal Care,446,Health and Personal Care Stores,Health and personal care stores,28590,reported,False,SRC-CENSUS-001,mrtssales92-present.xlsx,2018
2018-06-01,health,Health & Personal Care,446,Health and Personal Care Stores,Health and personal care stores,27271,reported,False,SRC-CENSUS-001,mrtssales92-present.xlsx,2018
2018-07-01,health,Health & Personal Care,446,Health and Personal Care Stores,Health and personal care stores,27046,reported,False,SRC-CENSUS-001,mrtssales92-present.xlsx,2018
2018-08-01,health,Health & Personal Care,446,Health and Personal Care Stores,Health and personal care stores,28470,reported,False,SRC-CENSUS-001,mrtssales92-present.xlsx,2018
2018-09-01,health,Health & Personal Care,446,Health and Personal Care Stores,Health and personal care stores,26509,reported,False,SRC-CENSUS-001,mrtssales92-present.xlsx,2018
2018-10-01,health,Health & Personal Care,446,Health and Personal Care Stores,Health and personal care stores,29059,reported,False,SRC-CENSUS-001,mrtssales92-present.xlsx,2018
2018-11-01,health,Health & Personal Care,446,Health and Personal Care Stores,Health and personal care stores,28444,reported,False,SRC-CENSUS-001,mrtssales92-present.xlsx,2018
2018-12-01,health,Health & Personal Care,446,Health and Personal Care Stores,Health and personal care stores,30420,reported,False,SRC-CENSUS-001,mrtssales92-present.xlsx,2018
2019-01-01,health,Health & Personal Care,446,Health and Personal Care Stores,Health and personal care stores,28533,reported,False,SRC-CENSUS-001,mrtssales92-present.xlsx,2019
2019-02-01,health,Health & Personal Care,446,Health and Personal Care Stores,Health and personal care stores,26750,reported,False,SRC-CENSUS-001,mrtssales92-present.xlsx,2019
2019-03-01,health,Health & Personal Care,446,Health and Personal Care Stores,Health and personal care stores,28739,reported,False,SRC-CENSUS-001,mrtssales92-present.xlsx,2019
2019-04-01,health,Health & Personal Care,446,Health and Personal Care Stores,Health and personal care stores,28441,reported,False,SRC-CENSUS-001,mrtssales92-present.xlsx,2019
2019-05-01,health,Health & Personal Care,446,Health and Personal Care Stores,Health and personal care stores,29453,reported,False,SRC-CENSUS-001,mrtssales92-present.xlsx,2019
2019-06-01,health,Health & Personal Care,446,Health and Personal Care Stores,Health and personal care stores,27634,reported,False,SRC-CENSUS-001,mrtssales92-present.xlsx,2019
2019-07-01,health,Health & Personal Care,446,Health and Personal Care Stores,Health and personal care stores,28212,reported,False,SRC-CENSUS-001,mrtssales92-present.xlsx,2019
2019-08-01,health,Health & Personal Care,446,Health and Personal Care Stores,Health and personal care stores,28607,reported,False,SRC-CENSUS-001,mrtssales92-present.xlsx,2019
2019-09-01,health,Health & Personal Care,446,Health and Personal Care Stores,Health and personal care stores,27288,reported,False,SRC-CENSUS-001,mrtssales92-present.xlsx,2019
2019-10-01,health,Health & Personal Care,446,Health and Personal Care Stores,Health and personal care stores,29565,reported,False,SRC-CENSUS-001,mrtssales92-present.xlsx,2019
2019-11-01,health,Health & Personal Care,446,Health and Personal Care Stores,Health and personal care stores,27810,reported,False,SRC-CENSUS-001,mrtssales92-present.xlsx,2019
2019-12-01,health,Health & Personal Care,446,Health and Personal Care Stores,Health and personal care stores,31360,reported,False,SRC-CENSUS-001,mrtssales92-present.xlsx,2019
2020-01-01,health,Health & Personal Care,446,Health and Personal Care Stores,Health and personal care stores,29166,reported,False,SRC-CENSUS-001,mrtssales92-present.xlsx,2020
2020-02-01,health,Health & Personal Care,446,Health and Personal Care Stores,Health and personal care stores,27885,reported,False,SRC-CENSUS-001,mrtssales92-present.xlsx,2020
2020-03-01,health,Health & Personal Care,446,Health and Personal Care Stores,Health and personal care stores,31069,reported,False,SRC-CENSUS-001,mrtssales92-present.xlsx,2020
2020-04-01,health,Health & Personal Care,446,Health and Personal Care Stores,Health and personal care stores,25914,reported,False,SRC-CENSUS-001,mrtssales92-present.xlsx,2020
2020-05-01,health,Health & Personal Care,446,Health and Personal Care Stores,Health and personal care stores,26415,reported,False,SRC-CENSUS-001,mrtssales92-present.xlsx,2020
2020-06-01,health,Health & Personal Care,446,Health and Personal Care Stores,Health and personal care stores,28415,reported,False,SRC-CENSUS-001,mrtssales92-present.xlsx,2020
2020-07-01,health,Health & Personal Care,446,Health and Personal Care Stores,Health and personal care stores,29780,reported,False,SRC-CENSUS-001,mrtssales92-present.xlsx,2020
2020-08-01,health,Health & Personal Care,446,Health and Personal Care Stores,Health and personal care stores,28963,reported,False,SRC-CENSUS-001,mrtssales92-present.xlsx,2020
2020-09-01,health,Health & Personal Care,446,Health and Personal Care Stores,Health and personal care stores,29532,reported,False,SRC-CENSUS-001,mrtssales92-present.xlsx,2020
2020-10-01,health,Health & Personal Care,446,Health and Personal Care Stores,Health and personal care stores,30677,reported,False,SRC-CENSUS-001,mrtssales92-present.xlsx,2020
2020-11-01,health,Health & Personal Care,446,Health and Personal Care Stores,Health and personal care stores,28636,reported,False,SRC-CENSUS-001,mrtssales92-present.xlsx,2020
2020-12-01,health,Health & Personal Care,446,Health and Personal Care Stores,Health and personal care stores,33669,reported,False,SRC-CENSUS-001,mrtssales92-present.xlsx,2020
2021-01-01,health,Health & Personal Care,446,Health and Personal Care Stores,Health and personal care stores,29216,reported,False,SRC-CENSUS-001,mrtssales92-present.xlsx,2021
2021-02-01,health,Health & Personal Care,446,Health and Personal Care Stores,Health and personal care stores,27384,reported,False,SRC-CENSUS-001,mrtssales92-present.xlsx,2021
2021-03-01,health,Health & Personal Care,446,Health and Personal Care Stores,Health and personal care stores,33117,reported,False,SRC-CENSUS-001,mrtssales92-present.xlsx,2021
2021-04-01,health,Health & Personal Care,446,Health and Personal Care Stores,Health and personal care stores,31637,reported,False,SRC-CENSUS-001,mrtssales92-present.xlsx,2021
2021-05-01,health,Health & Personal Care,446,Health and Personal Care Stores,Health and personal care stores,31039,reported,False,SRC-CENSUS-001,mrtssales92-present.xlsx,2021
2021-06-01,health,Health & Personal Care,446,Health and Personal Care Stores,Health and personal care stores,32237,reported,False,SRC-CENSUS-001,mrtssales92-present.xlsx,2021
2021-07-01,health,Health & Personal Care,446,Health and Personal Care Stores,Health and personal care stores,31613,reported,False,SRC-CENSUS-001,mrtssales92-present.xlsx,2021
2021-08-01,health,Health & Personal Care,446,Health and Personal Care Stores,Health and personal care stores,32202,reported,False,SRC-CENSUS-001,mrtssales92-present.xlsx,2021
2021-09-01,health,Health & Personal Care,446,Health and Personal Care Stores,Health and personal care stores,31765,reported,False,SRC-CENSUS-001,mrtssales92-present.xlsx,2021
2021-10-01,health,Health & Personal Care,446,Health and Personal Care Stores,Health and personal care stores,32259,reported,False,SRC-CENSUS-001,mrtssales92-present.xlsx,2021
2021-11-01,health,Health & Personal Care,446,Health and Personal Care Stores,Health and personal care stores,32035,reported,False,SRC-CENSUS-001,mrtssales92-present.xlsx,2021
2021-12-01,health,Health & Personal Care,446,Health and Personal Care Stores,Health and personal care stores,36795,reported,False,SRC-CENSUS-001,mrtssales92-present.xlsx,2021
2022-01-01,health,Health & Personal Care,446,Health and Personal Care Stores,Health and personal care stores,31945,reported,False,SRC-CENSUS-001,mrtssales92-present.xlsx,2022
2022-02-01,health,Health & Personal Care,446,Health and Personal Care Stores,Health and personal care stores,29888,reported,False,SRC-CENSUS-001,mrtssales92-present.xlsx,2022
2022-03-01,health,Health & Personal Care,446,Health and Personal Care Stores,Health and personal care stores,33367,reported,False,SRC-CENSUS-001,mrtssales92-present.xlsx,2022
2022-04-01,health,Health & Personal Care,446,Health and Personal Care Stores,Health and personal care stores,32214,reported,False,SRC-CENSUS-001,mrtssales92-present.xlsx,2022
2022-05-01,health,Health & Personal Care,446,Health and Personal Care Stores,Health and personal care stores,32689,reported,False,SRC-CENSUS-001,mrtssales92-present.xlsx,2022
2022-06-01,health,Health & Personal Care,446,Health and Personal Care Stores,Health and personal care stores,33179,reported,False,SRC-CENSUS-001,mrtssales92-present.xlsx,2022
2022-07-01,health,Health & Personal Care,446,Health and Personal Care Stores,Health and personal care stores,32194,reported,False,SRC-CENSUS-001,mrtssales92-present.xlsx,2022
2022-08-01,health,Health & Personal Care,446,Health and Personal Care Stores,Health and personal care stores,33751,reported,False,SRC-CENSUS-001,mrtssales92-present.xlsx,2022
2022-09-01,health,Health & Personal Care,446,Health and Personal Care Stores,Health and personal care stores,33294,reported,False,SRC-CENSUS-001,mrtssales92-present.xlsx,2022
2022-10-01,health,Health & Personal Care,446,Health and Personal Care Stores,Health and personal care stores,33875,reported,False,SRC-CENSUS-001,mrtssales92-present.xlsx,2022
2022-11-01,health,Health & Personal Care,446,Health and Personal Care Stores,Health and personal care stores,33388,reported,False,SRC-CENSUS-001,mrtssales92-present.xlsx,2022
2022-12-01,health,Health & Personal Care,446,Health and Personal Care Stores,Health and personal care stores,37235,reported,False,SRC-CENSUS-001,mrtssales92-present.xlsx,2022
2023-01-01,health,Health & Personal Care,446,Health and Personal Care Stores,Health and personal care stores,34119,reported,False,SRC-CENSUS-001,mrtssales92-present.xlsx,2023
2023-02-01,health,Health & Personal Care,446,Health and Personal Care Stores,Health and personal care stores,32229,reported,False,SRC-CENSUS-001,mrtssales92-present.xlsx,2023
2023-03-01,health,Health & Personal Care,446,Health and Personal Care Stores,Health and personal care stores,36087,reported,False,SRC-CENSUS-001,mrtssales92-present.xlsx,2023
2023-04-01,health,Health & Personal Care,446,Health and Personal Care Stores,Health and personal care stores,34073,reported,False,SRC-CENSUS-001,mrtssales92-present.xlsx,2023
2023-05-01,health,Health & Personal Care,446,Health and Personal Care Stores,Health and personal care stores,36388,reported,False,SRC-CENSUS-001,mrtssales92-present.xlsx,2023
2023-06-01,health,Health & Personal Care,446,Health and Personal Care Stores,Health and personal care stores,35841,reported,False,SRC-CENSUS-001,mrtssales92-present.xlsx,2023
2023-07-01,health,Health & Personal Care,446,Health and Personal Care Stores,Health and personal care stores,34108,reported,False,SRC-CENSUS-001,mrtssales92-present.xlsx,2023
2023-08-01,health,Health & Personal Care,446,Health and Personal Care Stores,Health and personal care stores,36566,reported,False,SRC-CENSUS-001,mrtssales92-present.xlsx,2023
2023-09-01,health,Health & Personal Care,446,Health and Personal Care Stores,Health and personal care stores,35471,reported,False,SRC-CENSUS-001,mrtssales92-present.xlsx,2023
2023-10-01,health,Health & Personal Care,446,Health and Personal Care Stores,Health and personal care stores,38007,reported,False,SRC-CENSUS-001,mrtssales92-present.xlsx,2023
2023-11-01,health,Health & Personal Care,446,Health and Personal Care Stores,Health and personal care stores,36630,reported,False,SRC-CENSUS-001,mrtssales92-present.xlsx,2023
2023-12-01,health,Health & Personal Care,446,Health and Personal Care Stores,Health and personal care stores,39976,reported,False,SRC-CENSUS-001,mrtssales92-present.xlsx,2023
2024-01-01,health,Health & Personal Care,446,Health and Personal Care Stores,Health and personal care stores,35827,reported,False,SRC-CENSUS-001,mrtssales92-present.xlsx,2024
2024-02-01,health,Health & Personal Care,446,Health and Personal Care Stores,Health and personal care stores,34120,reported,False,SRC-CENSUS-001,mrtssales92-present.xlsx,2024
2024-03-01,health,Health & Personal Care,446,Health and Personal Care Stores,Health and personal care stores,35660,reported,False,SRC-CENSUS-001,mrtssales92-present.xlsx,2024
2024-04-01,health,Health & Personal Care,446,Health and Personal Care Stores,Health and personal care stores,35349,reported,False,SRC-CENSUS-001,mrtssales92-present.xlsx,2024
2024-05-01,health,Health & Personal Care,446,Health and Personal Care Stores,Health and personal care stores,36676,reported,False,SRC-CENSUS-001,mrtssales92-present.xlsx,2024
2024-06-01,health,Health & Personal Care,446,Health and Personal Care Stores,Health and personal care stores,35084,reported,False,SRC-CENSUS-001,mrtssales92-present.xlsx,2024
2024-07-01,health,Health & Personal Care,446,Health and Personal Care Stores,Health and personal care stores,37310,reported,False,SRC-CENSUS-001,mrtssales92-present.xlsx,2024
2024-08-01,health,Health & Personal Care,446,Health and Personal Care Stores,Health and personal care stores,38017,reported,False,SRC-CENSUS-001,mrtssales92-present.xlsx,2024
2024-09-01,health,Health & Personal Care,446,Health and Personal Care Stores,Health and personal care stores,37708,reported,False,SRC-CENSUS-001,mrtssales92-present.xlsx,2024
2024-10-01,health,Health & Personal Care,446,Health and Personal Care Stores,Health and personal care stores,39647,reported,False,SRC-CENSUS-001,mrtssales92-present.xlsx,2024
2024-11-01,health,Health & Personal Care,446,Health and Personal Care Stores,Health and personal care stores,37285,reported,False,SRC-CENSUS-001,mrtssales92-present.xlsx,2024
2024-12-01,health,Health & Personal Care,446,Health and Personal Care Stores,Health and personal care stores,42257,reported,False,SRC-CENSUS-001,mrtssales92-present.xlsx,2024
2025-01-01,health,Health & Personal Care,446,Health and Personal Care Stores,Health and personal care stores,37352,reported,False,SRC-CENSUS-001,mrtssales92-present.xlsx,2025
2025-02-01,health,Health & Personal Care,446,Health and Personal Care Stores,Health and personal care stores,35484,reported,False,SRC-CENSUS-001,mrtssales92-present.xlsx,2025
2025-03-01,health,Health & Personal Care,446,Health and Personal Care Stores,Health and personal care stores,38832,reported,False,SRC-CENSUS-001,mrtssales92-present.xlsx,2025
2025-04-01,health,Health & Personal Care,446,Health and Personal Care Stores,Health and personal care stores,38492,reported,False,SRC-CENSUS-001,mrtssales92-present.xlsx,2025
2025-05-01,health,Health & Personal Care,446,Health and Personal Care Stores,Health and personal care stores,39339,reported,False,SRC-CENSUS-001,mrtssales92-present.xlsx,2025
2025-06-01,health,Health & Personal Care,446,Health and Personal Care Stores,Health and personal care stores,39043,reported,False,SRC-CENSUS-001,mrtssales92-present.xlsx,2025
2025-07-01,health,Health & Personal Care,446,Health and Personal Care Stores,Health and personal care stores,39981,reported,False,SRC-CENSUS-001,mrtssales92-present.xlsx,2025
2025-08-01,health,Health & Personal Care,446,Health and Personal Care Stores,Health and personal care stores,39797,reported,False,SRC-CENSUS-001,mrtssales92-present.xlsx,2025
2025-09-01,health,Health & Personal Care,446,Health and Personal Care Stores,Health and personal care stores,40800,reported,False,SRC-CENSUS-001,mrtssales92-present.xlsx,2025
2025-10-01,health,Health & Personal Care,446,Health and Personal Care Stores,Health and personal care stores,42196,reported,False,SRC-CENSUS-001,mrtssales92-present.xlsx,2025
2025-11-01,health,Health & Personal Care,446,Health and Personal Care Stores,Health and personal care stores,38653,reported,False,SRC-CENSUS-001,mrtssales92-present.xlsx,2025
2025-12-01,health,Health & Personal Care,446,Health and Personal Care Stores,Health and personal care stores,45615,reported,False,SRC-CENSUS-001,mrtssales92-present.xlsx,2025
2026-01-01,health,Health & Personal Care,446,Health and Personal Care Stores,Health and personal care stores,37785,reported,False,SRC-CENSUS-001,mrtssales92-present.xlsx,2026
2026-02-01,health,Health & Personal Care,446,Health and Personal Care Stores,Health and personal care stores,36149,reported,False,SRC-CENSUS-001,mrtssales92-present.xlsx,2026
2026-03-01,health,Health & Personal Care,446,Health and Personal Care Stores,Health and personal care stores,40379,reported,False,SRC-CENSUS-001,mrtssales92-present.xlsx,2026
2026-04-01,health,Health & Personal Care,446,Health and Personal Care Stores,Health and personal care stores,39324,reported,False,SRC-CENSUS-001,mrtssales92-present.xlsx,2026
2026-05-01,health,Health & Personal Care,446,Health and Personal Care Stores,Health and personal care stores,39686,reported,False,SRC-CENSUS-001,mrtssales92-present.xlsx,2026
2026-06-01,health,Health & Personal Care,446,Health and Personal Care Stores,Health and personal care stores,40184,reported,True,SRC-CENSUS-001,mrtssales92-present.xlsx,2026
1992-01-01,home_kitchen,Home & Kitchen,442,Furniture and Home Furnishings Stores,Furniture and home furnishings stores,3699,reported,False,SRC-CENSUS-001,mrtssales92-present.xlsx,1992
1992-02-01,home_kitchen,Home & Kitchen,442,Furniture and Home Furnishings Stores,Furniture and home furnishings stores,3759,reported,False,SRC-CENSUS-001,mrtssales92-present.xlsx,1992
1992-03-01,home_kitchen,Home & Kitchen,442,Furniture and Home Furnishings Stores,Furniture and home furnishings stores,3997,reported,False,SRC-CENSUS-001,mrtssales92-present.xlsx,1992
1992-04-01,home_kitchen,Home & Kitchen,442,Furniture and Home Furnishings Stores,Furniture and home furnishings stores,3981,reported,False,SRC-CENSUS-001,mrtssales92-present.xlsx,1992
1992-05-01,home_kitchen,Home & Kitchen,442,Furniture and Home Furnishings Stores,Furniture and home furnishings stores,4109,reported,False,SRC-CENSUS-001,mrtssales92-present.xlsx,1992
1992-06-01,home_kitchen,Home & Kitchen,442,Furniture and Home Furnishings Stores,Furniture and home furnishings stores,4188,reported,False,SRC-CENSUS-001,mrtssales92-present.xlsx,1992
1992-07-01,home_kitchen,Home & Kitchen,442,Furniture and Home Furnishings Stores,Furniture and home furnishings stores,4237,reported,False,SRC-CENSUS-001,mrtssales92-present.xlsx,1992
1992-08-01,home_kitchen,Home & Kitchen,442,Furniture and Home Furnishings Stores,Furniture and home furnishings stores,4273,reported,False,SRC-CENSUS-001,mrtssales92-present.xlsx,1992
1992-09-01,home_kitchen,Home & Kitchen,442,Furniture and Home Furnishings Stores,Furniture and home furnishings stores,4161,reported,False,SRC-CENSUS-001,mrtssales92-present.xlsx,1992
1992-10-01,home_kitchen,Home & Kitchen,442,Furniture and Home Furnishings Stores,Furniture and home furnishings stores,4324,reported,False,SRC-CENSUS-001,mrtssales92-present.xlsx,1992
1992-11-01,home_kitchen,Home & Kitchen,442,Furniture and Home Furnishings Stores,Furniture and home furnishings stores,4508,reported,False,SRC-CENSUS-001,mrtssales92-present.xlsx,1992
1992-12-01,home_kitchen,Home & Kitchen,442,Furniture and Home Furnishings Stores,Furniture and home furnishings stores,5086,reported,False,SRC-CENSUS-001,mrtssales92-present.xlsx,1992
1993-01-01,home_kitchen,Home & Kitchen,442,Furniture and Home Furnishings Stores,Furniture and home furnishings stores,3954,reported,False,SRC-CENSUS-001,mrtssales92-present.xlsx,1993
1993-02-01,home_kitchen,Home & Kitchen,442,Furniture and Home Furnishings Stores,Furniture and home furnishings stores,3766,reported,False,SRC-CENSUS-001,mrtssales92-present.xlsx,1993
1993-03-01,home_kitchen,Home & Kitchen,442,Furniture and Home Furnishings Stores,Furniture and home furnishings stores,4209,reported,False,SRC-CENSUS-001,mrtssales92-present.xlsx,1993
1993-04-01,home_kitchen,Home & Kitchen,442,Furniture and Home Furnishings Stores,Furniture and home furnishings stores,4212,reported,False,SRC-CENSUS-001,mrtssales92-present.xlsx,1993
1993-05-01,home_kitchen,Home & Kitchen,442,Furniture and Home Furnishings Stores,Furniture and home furnishings stores,4370,reported,False,SRC-CENSUS-001,mrtssales92-present.xlsx,1993
1993-06-01,home_kitchen,Home & Kitchen,442,Furniture and Home Furnishings Stores,Furniture and home furnishings stores,4402,reported,False,SRC-CENSUS-001,mrtssales92-present.xlsx,1993
1993-07-01,home_kitchen,Home & Kitchen,442,Furniture and Home Furnishings Stores,Furniture and home furnishings stores,4513,reported,False,SRC-CENSUS-001,mrtssales92-present.xlsx,1993
1993-08-01,home_kitchen,Home & Kitchen,442,Furniture and Home Furnishings Stores,Furniture and home furnishings stores,4561,reported,False,SRC-CENSUS-001,mrtssales92-present.xlsx,1993
1993-09-01,home_kitchen,Home & Kitchen,442,Furniture and Home Furnishings Stores,Furniture and home furnishings stores,4455,reported,False,SRC-CENSUS-001,mrtssales92-present.xlsx,1993
1993-10-01,home_kitchen,Home & Kitchen,442,Furniture and Home Furnishings Stores,Furniture and home furnishings stores,4602,reported,False,SRC-CENSUS-001,mrtssales92-present.xlsx,1993
1993-11-01,home_kitchen,Home & Kitchen,442,Furniture and Home Furnishings Stores,Furniture and home furnishings stores,4976,reported,False,SRC-CENSUS-001,mrtssales92-present.xlsx,1993
1993-12-01,home_kitchen,Home & Kitchen,442,Furniture and Home Furnishings Stores,Furniture and home furnishings stores,5432,reported,False,SRC-CENSUS-001,mrtssales92-present.xlsx,1993
1994-01-01,home_kitchen,Home & Kitchen,442,Furniture and Home Furnishings Stores,Furniture and home furnishings stores,3881,reported,False,SRC-CENSUS-001,mrtssales92-present.xlsx,1994
1994-02-01,home_kitchen,Home & Kitchen,442,Furniture and Home Furnishings Stores,Furniture and home furnishings stores,4000,reported,False,SRC-CENSUS-001,mrtssales92-present.xlsx,1994
1994-03-01,home_kitchen,Home & Kitchen,442,Furniture and Home Furnishings Stores,Furniture and home furnishings stores,4658,reported,False,SRC-CENSUS-001,mrtssales92-present.xlsx,1994
1994-04-01,home_kitchen,Home & Kitchen,442,Furniture and Home Furnishings Stores,Furniture and home furnishings stores,4538,reported,False,SRC-CENSUS-001,mrtssales92-present.xlsx,1994
1994-05-01,home_kitchen,Home & Kitchen,442,Furniture and Home Furnishings Stores,Furniture and home furnishings stores,4698,reported,False,SRC-CENSUS-001,mrtssales92-present.xlsx,1994
1994-06-01,home_kitchen,Home & Kitchen,442,Furniture and Home Furnishings Stores,Furniture and home furnishings stores,4784,reported,False,SRC-CENSUS-001,mrtssales92-present.xlsx,1994
1994-07-01,home_kitchen,Home & Kitchen,442,Furniture and Home Furnishings Stores,Furniture and home furnishings stores,4809,reported,False,SRC-CENSUS-001,mrtssales92-present.xlsx,1994
1994-08-01,home_kitchen,Home & Kitchen,442,Furniture and Home Furnishings Stores,Furniture and home furnishings stores,5172,reported,False,SRC-CENSUS-001,mrtssales92-present.xlsx,1994
1994-09-01,home_kitchen,Home & Kitchen,442,Furniture and Home Furnishings Stores,Furniture and home furnishings stores,5027,reported,False,SRC-CENSUS-001,mrtssales92-present.xlsx,1994
1994-10-01,home_kitchen,Home & Kitchen,442,Furniture and Home Furnishings Stores,Furniture and home furnishings stores,5143,reported,False,SRC-CENSUS-001,mrtssales92-present.xlsx,1994
1994-11-01,home_kitchen,Home & Kitchen,442,Furniture and Home Furnishings Stores,Furniture and home furnishings stores,5542,reported,False,SRC-CENSUS-001,mrtssales92-present.xlsx,1994
1994-12-01,home_kitchen,Home & Kitchen,442,Furniture and Home Furnishings Stores,Furniture and home furnishings stores,6096,reported,False,SRC-CENSUS-001,mrtssales92-present.xlsx,1994
1995-01-01,home_kitchen,Home & Kitchen,442,Furniture and Home Furnishings Stores,Furniture and home furnishings stores,4501,reported,False,SRC-CENSUS-001,mrtssales92-present.xlsx,1995
1995-02-01,home_kitchen,Home & Kitchen,442,Furniture and Home Furnishings Stores,Furniture and home furnishings stores,4270,reported,False,SRC-CENSUS-001,mrtssales92-present.xlsx,1995
1995-03-01,home_kitchen,Home & Kitchen,442,Furniture and Home Furnishings Stores,Furniture and home furnishings stores,4922,reported,False,SRC-CENSUS-001,mrtssales92-present.xlsx,1995
1995-04-01,home_kitchen,Home & Kitchen,442,Furniture and Home Furnishings Stores,Furniture and home furnishings stores,4664,reported,False,SRC-CENSUS-001,mrtssales92-present.xlsx,1995
1995-05-01,home_kitchen,Home & Kitchen,442,Furniture and Home Furnishings Stores,Furniture and home furnishings stores,5032,reported,False,SRC-CENSUS-001,mrtssales92-present.xlsx,1995
1995-06-01,home_kitchen,Home & Kitchen,442,Furniture and Home Furnishings Stores,Furniture and home furnishings stores,5033,reported,False,SRC-CENSUS-001,mrtssales92-present.xlsx,1995
1995-07-01,home_kitchen,Home & Kitchen,442,Furniture and Home Furnishings Stores,Furniture and home furnishings stores,5028,reported,False,SRC-CENSUS-001,mrtssales92-present.xlsx,1995
1995-08-01,home_kitchen,Home & Kitchen,442,Furniture and Home Furnishings Stores,Furniture and home furnishings stores,5334,reported,False,SRC-CENSUS-001,mrtssales92-present.xlsx,1995
1995-09-01,home_kitchen,Home & Kitchen,442,Furniture and Home Furnishings Stores,Furniture and home furnishings stores,5249,reported,False,SRC-CENSUS-001,mrtssales92-present.xlsx,1995
1995-10-01,home_kitchen,Home & Kitchen,442,Furniture and Home Furnishings Stores,Furniture and home furnishings stores,5332,reported,False,SRC-CENSUS-001,mrtssales92-present.xlsx,1995
1995-11-01,home_kitchen,Home & Kitchen,442,Furniture and Home Furnishings Stores,Furniture and home furnishings stores,5893,reported,False,SRC-CENSUS-001,mrtssales92-present.xlsx,1995
1995-12-01,home_kitchen,Home & Kitchen,442,Furniture and Home Furnishings Stores,Furniture and home furnishings stores,6210,reported,False,SRC-CENSUS-001,mrtssales92-present.xlsx,1995
1996-01-01,home_kitchen,Home & Kitchen,442,Furniture and Home Furnishings Stores,Furniture and home furnishings stores,4639,reported,False,SRC-CENSUS-001,mrtssales92-present.xlsx,1996
1996-02-01,home_kitchen,Home & Kitchen,442,Furniture and Home Furnishings Stores,Furniture and home furnishings stores,4684,reported,False,SRC-CENSUS-001,mrtssales92-present.xlsx,1996
1996-03-01,home_kitchen,Home & Kitchen,442,Furniture and Home Furnishings Stores,Furniture and home furnishings stores,5242,reported,False,SRC-CENSUS-001,mrtssales92-present.xlsx,1996
1996-04-01,home_kitchen,Home & Kitchen,442,Furniture and Home Furnishings Stores,Furniture and home furnishings stores,5139,reported,False,SRC-CENSUS-001,mrtssales92-present.xlsx,1996
1996-05-01,home_kitchen,Home & Kitchen,442,Furniture and Home Furnishings Stores,Furniture and home furnishings stores,5424,reported,False,SRC-CENSUS-001,mrtssales92-present.xlsx,1996
1996-06-01,home_kitchen,Home & Kitchen,442,Furniture and Home Furnishings Stores,Furniture and home furnishings stores,5305,reported,False,SRC-CENSUS-001,mrtssales92-present.xlsx,1996
1996-07-01,home_kitchen,Home & Kitchen,442,Furniture and Home Furnishings Stores,Furniture and home furnishings stores,5493,reported,False,SRC-CENSUS-001,mrtssales92-present.xlsx,1996
1996-08-01,home_kitchen,Home & Kitchen,442,Furniture and Home Furnishings Stores,Furniture and home furnishings stores,5704,reported,False,SRC-CENSUS-001,mrtssales92-present.xlsx,1996
1996-09-01,home_kitchen,Home & Kitchen,442,Furniture and Home Furnishings Stores,Furniture and home furnishings stores,5409,reported,False,SRC-CENSUS-001,mrtssales92-present.xlsx,1996
1996-10-01,home_kitchen,Home & Kitchen,442,Furniture and Home Furnishings Stores,Furniture and home furnishings stores,5775,reported,False,SRC-CENSUS-001,mrtssales92-present.xlsx,1996
1996-11-01,home_kitchen,Home & Kitchen,442,Furniture and Home Furnishings Stores,Furniture and home furnishings stores,6221,reported,False,SRC-CENSUS-001,mrtssales92-present.xlsx,1996
1996-12-01,home_kitchen,Home & Kitchen,442,Furniture and Home Furnishings Stores,Furniture and home furnishings stores,6523,reported,False,SRC-CENSUS-001,mrtssales92-present.xlsx,1996
1997-01-01,home_kitchen,Home & Kitchen,442,Furniture and Home Furnishings Stores,Furniture and home furnishings stores,5148,reported,False,SRC-CENSUS-001,mrtssales92-present.xlsx,1997
1997-02-01,home_kitchen,Home & Kitchen,442,Furniture and Home Furnishings Stores,Furniture and home furnishings stores,4960,reported,False,SRC-CENSUS-001,mrtssales92-present.xlsx,1997
1997-03-01,home_kitchen,Home & Kitchen,442,Furniture and Home Furnishings Stores,Furniture and home furnishings stores,5536,reported,False,SRC-CENSUS-001,mrtssales92-present.xlsx,1997
1997-04-01,home_kitchen,Home & Kitchen,442,Furniture and Home Furnishings Stores,Furniture and home furnishings stores,5493,reported,False,SRC-CENSUS-001,mrtssales92-present.xlsx,1997
1997-05-01,home_kitchen,Home & Kitchen,442,Furniture and Home Furnishings Stores,Furniture and home furnishings stores,5825,reported,False,SRC-CENSUS-001,mrtssales92-present.xlsx,1997
1997-06-01,home_kitchen,Home & Kitchen,442,Furniture and Home Furnishings Stores,Furniture and home furnishings stores,5625,reported,False,SRC-CENSUS-001,mrtssales92-present.xlsx,1997
1997-07-01,home_kitchen,Home & Kitchen,442,Furniture and Home Furnishings Stores,Furniture and home furnishings stores,5838,reported,False,SRC-CENSUS-001,mrtssales92-present.xlsx,1997
1997-08-01,home_kitchen,Home & Kitchen,442,Furniture and Home Furnishings Stores,Furniture and home furnishings stores,6071,reported,False,SRC-CENSUS-001,mrtssales92-present.xlsx,1997
1997-09-01,home_kitchen,Home & Kitchen,442,Furniture and Home Furnishings Stores,Furniture and home furnishings stores,5903,reported,False,SRC-CENSUS-001,mrtssales92-present.xlsx,1997
1997-10-01,home_kitchen,Home & Kitchen,442,Furniture and Home Furnishings Stores,Furniture and home furnishings stores,6169,reported,False,SRC-CENSUS-001,mrtssales92-present.xlsx,1997
1997-11-01,home_kitchen,Home & Kitchen,442,Furniture and Home Furnishings Stores,Furniture and home furnishings stores,6573,reported,False,SRC-CENSUS-001,mrtssales92-present.xlsx,1997
1997-12-01,home_kitchen,Home & Kitchen,442,Furniture and Home Furnishings Stores,Furniture and home furnishings stores,7320,reported,False,SRC-CENSUS-001,mrtssales92-present.xlsx,1997
1998-01-01,home_kitchen,Home & Kitchen,442,Furniture and Home Furnishings Stores,Furniture and home furnishings stores,5646,reported,False,SRC-CENSUS-001,mrtssales92-present.xlsx,1998
1998-02-01,home_kitchen,Home & Kitchen,442,Furniture and Home Furnishings Stores,Furniture and home furnishings stores,5411,reported,False,SRC-CENSUS-001,mrtssales92-present.xlsx,1998
1998-03-01,home_kitchen,Home & Kitchen,442,Furniture and Home Furnishings Stores,Furniture and home furnishings stores,5971,reported,False,SRC-CENSUS-001,mrtssales92-present.xlsx,1998
1998-04-01,home_kitchen,Home & Kitchen,442,Furniture and Home Furnishings Stores,Furniture and home furnishings stores,5851,reported,False,SRC-CENSUS-001,mrtssales92-present.xlsx,1998
1998-05-01,home_kitchen,Home & Kitchen,442,Furniture and Home Furnishings Stores,Furniture and home furnishings stores,6034,reported,False,SRC-CENSUS-001,mrtssales92-present.xlsx,1998
1998-06-01,home_kitchen,Home & Kitchen,442,Furniture and Home Furnishings Stores,Furniture and home furnishings stores,6115,reported,False,SRC-CENSUS-001,mrtssales92-present.xlsx,1998
1998-07-01,home_kitchen,Home & Kitchen,442,Furniture and Home Furnishings Stores,Furniture and home furnishings stores,6265,reported,False,SRC-CENSUS-001,mrtssales92-present.xlsx,1998
1998-08-01,home_kitchen,Home & Kitchen,442,Furniture and Home Furnishings Stores,Furniture and home furnishings stores,6301,reported,False,SRC-CENSUS-001,mrtssales92-present.xlsx,1998
1998-09-01,home_kitchen,Home & Kitchen,442,Furniture and Home Furnishings Stores,Furniture and home furnishings stores,6135,reported,False,SRC-CENSUS-001,mrtssales92-present.xlsx,1998
1998-10-01,home_kitchen,Home & Kitchen,442,Furniture and Home Furnishings Stores,Furniture and home furnishings stores,6487,reported,False,SRC-CENSUS-001,mrtssales92-present.xlsx,1998
1998-11-01,home_kitchen,Home & Kitchen,442,Furniture and Home Furnishings Stores,Furniture and home furnishings stores,6968,reported,False,SRC-CENSUS-001,mrtssales92-present.xlsx,1998
1998-12-01,home_kitchen,Home & Kitchen,442,Furniture and Home Furnishings Stores,Furniture and home furnishings stores,7850,reported,False,SRC-CENSUS-001,mrtssales92-present.xlsx,1998
1999-01-01,home_kitchen,Home & Kitchen,442,Furniture and Home Furnishings Stores,Furniture and home furnishings stores,5752,reported,False,SRC-CENSUS-001,mrtssales92-present.xlsx,1999
1999-02-01,home_kitchen,Home & Kitchen,442,Furniture and Home Furnishings Stores,Furniture and home furnishings stores,5823,reported,False,SRC-CENSUS-001,mrtssales92-present.xlsx,1999
1999-03-01,home_kitchen,Home & Kitchen,442,Furniture and Home Furnishings Stores,Furniture and home furnishings stores,6593,reported,False,SRC-CENSUS-001,mrtssales92-present.xlsx,1999
1999-04-01,home_kitchen,Home & Kitchen,442,Furniture and Home Furnishings Stores,Furniture and home furnishings stores,6289,reported,False,SRC-CENSUS-001,mrtssales92-present.xlsx,1999
1999-05-01,home_kitchen,Home & Kitchen,442,Furniture and Home Furnishings Stores,Furniture and home furnishings stores,6493,reported,False,SRC-CENSUS-001,mrtssales92-present.xlsx,1999
1999-06-01,home_kitchen,Home & Kitchen,442,Furniture and Home Furnishings Stores,Furniture and home furnishings stores,6656,reported,False,SRC-CENSUS-001,mrtssales92-present.xlsx,1999
1999-07-01,home_kitchen,Home & Kitchen,442,Furniture and Home Furnishings Stores,Furniture and home furnishings stores,6764,reported,False,SRC-CENSUS-001,mrtssales92-present.xlsx,1999
1999-08-01,home_kitchen,Home & Kitchen,442,Furniture and Home Furnishings Stores,Furniture and home furnishings stores,7037,reported,False,SRC-CENSUS-001,mrtssales92-present.xlsx,1999
1999-09-01,home_kitchen,Home & Kitchen,442,Furniture and Home Furnishings Stores,Furniture and home furnishings stores,6938,reported,False,SRC-CENSUS-001,mrtssales92-present.xlsx,1999
1999-10-01,home_kitchen,Home & Kitchen,442,Furniture and Home Furnishings Stores,Furniture and home furnishings stores,7132,reported,False,SRC-CENSUS-001,mrtssales92-present.xlsx,1999
1999-11-01,home_kitchen,Home & Kitchen,442,Furniture and Home Furnishings Stores,Furniture and home furnishings stores,7788,reported,False,SRC-CENSUS-001,mrtssales92-present.xlsx,1999
1999-12-01,home_kitchen,Home & Kitchen,442,Furniture and Home Furnishings Stores,Furniture and home furnishings stores,8643,reported,False,SRC-CENSUS-001,mrtssales92-present.xlsx,1999
2000-01-01,home_kitchen,Home & Kitchen,442,Furniture and Home Furnishings Stores,Furniture and home furnishings stores,6461,reported,False,SRC-CENSUS-001,mrtssales92-present.xlsx,2000
2000-02-01,home_kitchen,Home & Kitchen,442,Furniture and Home Furnishings Stores,Furniture and home furnishings stores,6805,reported,False,SRC-CENSUS-001,mrtssales92-present.xlsx,2000
2000-03-01,home_kitchen,Home & Kitchen,442,Furniture and Home Furnishings Stores,Furniture and home furnishings stores,7420,reported,False,SRC-CENSUS-001,mrtssales92-present.xlsx,2000
2000-04-01,home_kitchen,Home & Kitchen,442,Furniture and Home Furnishings Stores,Furniture and home furnishings stores,6944,reported,False,SRC-CENSUS-001,mrtssales92-present.xlsx,2000
2000-05-01,home_kitchen,Home & Kitchen,442,Furniture and Home Furnishings Stores,Furniture and home furnishings stores,7432,reported,False,SRC-CENSUS-001,mrtssales92-present.xlsx,2000
2000-06-01,home_kitchen,Home & Kitchen,442,Furniture and Home Furnishings Stores,Furniture and home furnishings stores,7287,reported,False,SRC-CENSUS-001,mrtssales92-present.xlsx,2000
2000-07-01,home_kitchen,Home & Kitchen,442,Furniture and Home Furnishings Stores,Furniture and home furnishings stores,7310,reported,False,SRC-CENSUS-001,mrtssales92-present.xlsx,2000
2000-08-01,home_kitchen,Home & Kitchen,442,Furniture and Home Furnishings Stores,Furniture and home furnishings stores,7761,reported,False,SRC-CENSUS-001,mrtssales92-present.xlsx,2000
2000-09-01,home_kitchen,Home & Kitchen,442,Furniture and Home Furnishings Stores,Furniture and home furnishings stores,7337,reported,False,SRC-CENSUS-001,mrtssales92-present.xlsx,2000
2000-10-01,home_kitchen,Home & Kitchen,442,Furniture and Home Furnishings Stores,Furniture and home furnishings stores,7461,reported,False,SRC-CENSUS-001,mrtssales92-present.xlsx,2000
2000-11-01,home_kitchen,Home & Kitchen,442,Furniture and Home Furnishings Stores,Furniture and home furnishings stores,8125,reported,False,SRC-CENSUS-001,mrtssales92-present.xlsx,2000
2000-12-01,home_kitchen,Home & Kitchen,442,Furniture and Home Furnishings Stores,Furniture and home furnishings stores,8411,reported,False,SRC-CENSUS-001,mrtssales92-present.xlsx,2000
2001-01-01,home_kitchen,Home & Kitchen,442,Furniture and Home Furnishings Stores,Furniture and home furnishings stores,6866,reported,False,SRC-CENSUS-001,mrtssales92-present.xlsx,2001
2001-02-01,home_kitchen,Home & Kitchen,442,Furniture and Home Furnishings Stores,Furniture and home furnishings stores,6619,reported,False,SRC-CENSUS-001,mrtssales92-present.xlsx,2001
2001-03-01,home_kitchen,Home & Kitchen,442,Furniture and Home Furnishings Stores,Furniture and home furnishings stores,7372,reported,False,SRC-CENSUS-001,mrtssales92-present.xlsx,2001
2001-04-01,home_kitchen,Home & Kitchen,442,Furniture and Home Furnishings Stores,Furniture and home furnishings stores,6753,reported,False,SRC-CENSUS-001,mrtssales92-present.xlsx,2001
2001-05-01,home_kitchen,Home & Kitchen,442,Furniture and Home Furnishings Stores,Furniture and home furnishings stores,7351,reported,False,SRC-CENSUS-001,mrtssales92-present.xlsx,2001
2001-06-01,home_kitchen,Home & Kitchen,442,Furniture and Home Furnishings Stores,Furniture and home furnishings stores,7291,reported,False,SRC-CENSUS-001,mrtssales92-present.xlsx,2001
2001-07-01,home_kitchen,Home & Kitchen,442,Furniture and Home Furnishings Stores,Furniture and home furnishings stores,7259,reported,False,SRC-CENSUS-001,mrtssales92-present.xlsx,2001
2001-08-01,home_kitchen,Home & Kitchen,442,Furniture and Home Furnishings Stores,Furniture and home furnishings stores,7757,reported,False,SRC-CENSUS-001,mrtssales92-present.xlsx,2001
2001-09-01,home_kitchen,Home & Kitchen,442,Furniture and Home Furnishings Stores,Furniture and home furnishings stores,6888,reported,False,SRC-CENSUS-001,mrtssales92-present.xlsx,2001
2001-10-01,home_kitchen,Home & Kitchen,442,Furniture and Home Furnishings Stores,Furniture and home furnishings stores,7399,reported,False,SRC-CENSUS-001,mrtssales92-present.xlsx,2001
2001-11-01,home_kitchen,Home & Kitchen,442,Furniture and Home Furnishings Stores,Furniture and home furnishings stores,8320,reported,False,SRC-CENSUS-001,mrtssales92-present.xlsx,2001
2001-12-01,home_kitchen,Home & Kitchen,442,Furniture and Home Furnishings Stores,Furniture and home furnishings stores,9178,reported,False,SRC-CENSUS-001,mrtssales92-present.xlsx,2001
2002-01-01,home_kitchen,Home & Kitchen,442,Furniture and Home Furnishings Stores,Furniture and home furnishings stores,6956,reported,False,SRC-CENSUS-001,mrtssales92-present.xlsx,2002
2002-02-01,home_kitchen,Home & Kitchen,442,Furniture and Home Furnishings Stores,Furniture and home furnishings stores,6900,reported,False,SRC-CENSUS-001,mrtssales92-present.xlsx,2002
2002-03-01,home_kitchen,Home & Kitchen,442,Furniture and Home Furnishings Stores,Furniture and home furnishings stores,7566,reported,False,SRC-CENSUS-001,mrtssales92-present.xlsx,2002
2002-04-01,home_kitchen,Home & Kitchen,442,Furniture and Home Furnishings Stores,Furniture and home furnishings stores,7167,reported,False,SRC-CENSUS-001,mrtssales92-present.xlsx,2002
2002-05-01,home_kitchen,Home & Kitchen,442,Furniture and Home Furnishings Stores,Furniture and home furnishings stores,7770,reported,False,SRC-CENSUS-001,mrtssales92-present.xlsx,2002
2002-06-01,home_kitchen,Home & Kitchen,442,Furniture and Home Furnishings Stores,Furniture and home furnishings stores,7293,reported,False,SRC-CENSUS-001,mrtssales92-present.xlsx,2002
2002-07-01,home_kitchen,Home & Kitchen,442,Furniture and Home Furnishings Stores,Furniture and home furnishings stores,7455,reported,False,SRC-CENSUS-001,mrtssales92-present.xlsx,2002
2002-08-01,home_kitchen,Home & Kitchen,442,Furniture and Home Furnishings Stores,Furniture and home furnishings stores,7974,reported,False,SRC-CENSUS-001,mrtssales92-present.xlsx,2002
2002-09-01,home_kitchen,Home & Kitchen,442,Furniture and Home Furnishings Stores,Furniture and home furnishings stores,7247,reported,False,SRC-CENSUS-001,mrtssales92-present.xlsx,2002
2002-10-01,home_kitchen,Home & Kitchen,442,Furniture and Home Furnishings Stores,Furniture and home furnishings stores,7637,reported,False,SRC-CENSUS-001,mrtssales92-present.xlsx,2002
2002-11-01,home_kitchen,Home & Kitchen,442,Furniture and Home Furnishings Stores,Furniture and home furnishings stores,8589,reported,False,SRC-CENSUS-001,mrtssales92-present.xlsx,2002
2002-12-01,home_kitchen,Home & Kitchen,442,Furniture and Home Furnishings Stores,Furniture and home furnishings stores,9261,reported,False,SRC-CENSUS-001,mrtssales92-present.xlsx,2002
2003-01-01,home_kitchen,Home & Kitchen,442,Furniture and Home Furnishings Stores,Furniture and home furnishings stores,6984,reported,False,SRC-CENSUS-001,mrtssales92-present.xlsx,2003
2003-02-01,home_kitchen,Home & Kitchen,442,Furniture and Home Furnishings Stores,Furniture and home furnishings stores,6523,reported,False,SRC-CENSUS-001,mrtssales92-present.xlsx,2003
2003-03-01,home_kitchen,Home & Kitchen,442,Furniture and Home Furnishings Stores,Furniture and home furnishings stores,7400,reported,False,SRC-CENSUS-001,mrtssales92-present.xlsx,2003
2003-04-01,home_kitchen,Home & Kitchen,442,Furniture and Home Furnishings Stores,Furniture and home furnishings stores,7158,reported,False,SRC-CENSUS-001,mrtssales92-present.xlsx,2003
2003-05-01,home_kitchen,Home & Kitchen,442,Furniture and Home Furnishings Stores,Furniture and home furnishings stores,7843,reported,False,SRC-CENSUS-001,mrtssales92-present.xlsx,2003
2003-06-01,home_kitchen,Home & Kitchen,442,Furniture and Home Furnishings Stores,Furniture and home furnishings stores,7526,reported,False,SRC-CENSUS-001,mrtssales92-present.xlsx,2003
2003-07-01,home_kitchen,Home & Kitchen,442,Furniture and Home Furnishings Stores,Furniture and home furnishings stores,7838,reported,False,SRC-CENSUS-001,mrtssales92-present.xlsx,2003
2003-08-01,home_kitchen,Home & Kitchen,442,Furniture and Home Furnishings Stores,Furniture and home furnishings stores,8143,reported,False,SRC-CENSUS-001,mrtssales92-present.xlsx,2003
2003-09-01,home_kitchen,Home & Kitchen,442,Furniture and Home Furnishings Stores,Furniture and home furnishings stores,7786,reported,False,SRC-CENSUS-001,mrtssales92-present.xlsx,2003
2003-10-01,home_kitchen,Home & Kitchen,442,Furniture and Home Furnishings Stores,Furniture and home furnishings stores,8111,reported,False,SRC-CENSUS-001,mrtssales92-present.xlsx,2003
2003-11-01,home_kitchen,Home & Kitchen,442,Furniture and Home Furnishings Stores,Furniture and home furnishings stores,8761,reported,False,SRC-CENSUS-001,mrtssales92-present.xlsx,2003
2003-12-01,home_kitchen,Home & Kitchen,442,Furniture and Home Furnishings Stores,Furniture and home furnishings stores,9882,reported,False,SRC-CENSUS-001,mrtssales92-present.xlsx,2003
2004-01-01,home_kitchen,Home & Kitchen,442,Furniture and Home Furnishings Stores,Furniture and home furnishings stores,7437,reported,False,SRC-CENSUS-001,mrtssales92-present.xlsx,2004
2004-02-01,home_kitchen,Home & Kitchen,442,Furniture and Home Furnishings Stores,Furniture and home furnishings stores,7400,reported,False,SRC-CENSUS-001,mrtssales92-present.xlsx,2004
2004-03-01,home_kitchen,Home & Kitchen,442,Furniture and Home Furnishings Stores,Furniture and home furnishings stores,8259,reported,False,SRC-CENSUS-001,mrtssales92-present.xlsx,2004
2004-04-01,home_kitchen,Home & Kitchen,442,Furniture and Home Furnishings Stores,Furniture and home furnishings stores,7765,reported,False,SRC-CENSUS-001,mrtssales92-present.xlsx,2004
2004-05-01,home_kitchen,Home & Kitchen,442,Furniture and Home Furnishings Stores,Furniture and home furnishings stores,7886,reported,False,SRC-CENSUS-001,mrtssales92-present.xlsx,2004
2004-06-01,home_kitchen,Home & Kitchen,442,Furniture and Home Furnishings Stores,Furniture and home furnishings stores,8209,reported,False,SRC-CENSUS-001,mrtssales92-present.xlsx,2004
2004-07-01,home_kitchen,Home & Kitchen,442,Furniture and Home Furnishings Stores,Furniture and home furnishings stores,8649,reported,False,SRC-CENSUS-001,mrtssales92-present.xlsx,2004
2004-08-01,home_kitchen,Home & Kitchen,442,Furniture and Home Furnishings Stores,Furniture and home furnishings stores,8639,reported,False,SRC-CENSUS-001,mrtssales92-present.xlsx,2004
2004-09-01,home_kitchen,Home & Kitchen,442,Furniture and Home Furnishings Stores,Furniture and home furnishings stores,8211,reported,False,SRC-CENSUS-001,mrtssales92-present.xlsx,2004
2004-10-01,home_kitchen,Home & Kitchen,442,Furniture and Home Furnishings Stores,Furniture and home furnishings stores,8479,reported,False,SRC-CENSUS-001,mrtssales92-present.xlsx,2004
2004-11-01,home_kitchen,Home & Kitchen,442,Furniture and Home Furnishings Stores,Furniture and home furnishings stores,9336,reported,False,SRC-CENSUS-001,mrtssales92-present.xlsx,2004
2004-12-01,home_kitchen,Home & Kitchen,442,Furniture and Home Furnishings Stores,Furniture and home furnishings stores,10625,reported,False,SRC-CENSUS-001,mrtssales92-present.xlsx,2004
2005-01-01,home_kitchen,Home & Kitchen,442,Furniture and Home Furnishings Stores,Furniture and home furnishings stores,7696,reported,False,SRC-CENSUS-001,mrtssales92-present.xlsx,2005
2005-02-01,home_kitchen,Home & Kitchen,442,Furniture and Home Furnishings Stores,Furniture and home furnishings stores,7762,reported,False,SRC-CENSUS-001,mrtssales92-present.xlsx,2005
2005-03-01,home_kitchen,Home & Kitchen,442,Furniture and Home Furnishings Stores,Furniture and home furnishings stores,8550,reported,False,SRC-CENSUS-001,mrtssales92-present.xlsx,2005
2005-04-01,home_kitchen,Home & Kitchen,442,Furniture and Home Furnishings Stores,Furniture and home furnishings stores,8190,reported,False,SRC-CENSUS-001,mrtssales92-present.xlsx,2005
2005-05-01,home_kitchen,Home & Kitchen,442,Furniture and Home Furnishings Stores,Furniture and home furnishings stores,8415,reported,False,SRC-CENSUS-001,mrtssales92-present.xlsx,2005
2005-06-01,home_kitchen,Home & Kitchen,442,Furniture and Home Furnishings Stores,Furniture and home furnishings stores,8723,reported,False,SRC-CENSUS-001,mrtssales92-present.xlsx,2005
2005-07-01,home_kitchen,Home & Kitchen,442,Furniture and Home Furnishings Stores,Furniture and home furnishings stores,8718,reported,False,SRC-CENSUS-001,mrtssales92-present.xlsx,2005
2005-08-01,home_kitchen,Home & Kitchen,442,Furniture and Home Furnishings Stores,Furniture and home furnishings stores,9350,reported,False,SRC-CENSUS-001,mrtssales92-present.xlsx,2005
2005-09-01,home_kitchen,Home & Kitchen,442,Furniture and Home Furnishings Stores,Furniture and home furnishings stores,8974,reported,False,SRC-CENSUS-001,mrtssales92-present.xlsx,2005
2005-10-01,home_kitchen,Home & Kitchen,442,Furniture and Home Furnishings Stores,Furniture and home furnishings stores,8870,reported,False,SRC-CENSUS-001,mrtssales92-present.xlsx,2005
2005-11-01,home_kitchen,Home & Kitchen,442,Furniture and Home Furnishings Stores,Furniture and home furnishings stores,9965,reported,False,SRC-CENSUS-001,mrtssales92-present.xlsx,2005
2005-12-01,home_kitchen,Home & Kitchen,442,Furniture and Home Furnishings Stores,Furniture and home furnishings stores,11008,reported,False,SRC-CENSUS-001,mrtssales92-present.xlsx,2005
2006-01-01,home_kitchen,Home & Kitchen,442,Furniture and Home Furnishings Stores,Furniture and home furnishings stores,8381,reported,False,SRC-CENSUS-001,mrtssales92-present.xlsx,2006
2006-02-01,home_kitchen,Home & Kitchen,442,Furniture and Home Furnishings Stores,Furniture and home furnishings stores,8248,reported,False,SRC-CENSUS-001,mrtssales92-present.xlsx,2006
2006-03-01,home_kitchen,Home & Kitchen,442,Furniture and Home Furnishings Stores,Furniture and home furnishings stores,9178,reported,False,SRC-CENSUS-001,mrtssales92-present.xlsx,2006
2006-04-01,home_kitchen,Home & Kitchen,442,Furniture and Home Furnishings Stores,Furniture and home furnishings stores,8346,reported,False,SRC-CENSUS-001,mrtssales92-present.xlsx,2006
2006-05-01,home_kitchen,Home & Kitchen,442,Furniture and Home Furnishings Stores,Furniture and home furnishings stores,8980,reported,False,SRC-CENSUS-001,mrtssales92-present.xlsx,2006
2006-06-01,home_kitchen,Home & Kitchen,442,Furniture and Home Furnishings Stores,Furniture and home furnishings stores,9212,reported,False,SRC-CENSUS-001,mrtssales92-present.xlsx,2006
2006-07-01,home_kitchen,Home & Kitchen,442,Furniture and Home Furnishings Stores,Furniture and home furnishings stores,9018,reported,False,SRC-CENSUS-001,mrtssales92-present.xlsx,2006
2006-08-01,home_kitchen,Home & Kitchen,442,Furniture and Home Furnishings Stores,Furniture and home furnishings stores,9695,reported,False,SRC-CENSUS-001,mrtssales92-present.xlsx,2006
2006-09-01,home_kitchen,Home & Kitchen,442,Furniture and Home Furnishings Stores,Furniture and home furnishings stores,9278,reported,False,SRC-CENSUS-001,mrtssales92-present.xlsx,2006
2006-10-01,home_kitchen,Home & Kitchen,442,Furniture and Home Furnishings Stores,Furniture and home furnishings stores,8953,reported,False,SRC-CENSUS-001,mrtssales92-present.xlsx,2006
2006-11-01,home_kitchen,Home & Kitchen,442,Furniture and Home Furnishings Stores,Furniture and home furnishings stores,9941,reported,False,SRC-CENSUS-001,mrtssales92-present.xlsx,2006
2006-12-01,home_kitchen,Home & Kitchen,442,Furniture and Home Furnishings Stores,Furniture and home furnishings stores,10782,reported,False,SRC-CENSUS-001,mrtssales92-present.xlsx,2006
2007-01-01,home_kitchen,Home & Kitchen,442,Furniture and Home Furnishings Stores,Furniture and home furnishings stores,8588,reported,False,SRC-CENSUS-001,mrtssales92-present.xlsx,2007
2007-02-01,home_kitchen,Home & Kitchen,442,Furniture and Home Furnishings Stores,Furniture and home furnishings stores,8220,reported,False,SRC-CENSUS-001,mrtssales92-present.xlsx,2007
2007-03-01,home_kitchen,Home & Kitchen,442,Furniture and Home Furnishings Stores,Furniture and home furnishings stores,9183,reported,False,SRC-CENSUS-001,mrtssales92-present.xlsx,2007
2007-04-01,home_kitchen,Home & Kitchen,442,Furniture and Home Furnishings Stores,Furniture and home furnishings stores,8336,reported,False,SRC-CENSUS-001,mrtssales92-present.xlsx,2007
2007-05-01,home_kitchen,Home & Kitchen,442,Furniture and Home Furnishings Stores,Furniture and home furnishings stores,9030,reported,False,SRC-CENSUS-001,mrtssales92-present.xlsx,2007
2007-06-01,home_kitchen,Home & Kitchen,442,Furniture and Home Furnishings Stores,Furniture and home furnishings stores,8932,reported,False,SRC-CENSUS-001,mrtssales92-present.xlsx,2007
2007-07-01,home_kitchen,Home & Kitchen,442,Furniture and Home Furnishings Stores,Furniture and home furnishings stores,8952,reported,False,SRC-CENSUS-001,mrtssales92-present.xlsx,2007
2007-08-01,home_kitchen,Home & Kitchen,442,Furniture and Home Furnishings Stores,Furniture and home furnishings stores,9601,reported,False,SRC-CENSUS-001,mrtssales92-present.xlsx,2007
2007-09-01,home_kitchen,Home & Kitchen,442,Furniture and Home Furnishings Stores,Furniture and home furnishings stores,8643,reported,False,SRC-CENSUS-001,mrtssales92-present.xlsx,2007
2007-10-01,home_kitchen,Home & Kitchen,442,Furniture and Home Furnishings Stores,Furniture and home furnishings stores,8812,reported,False,SRC-CENSUS-001,mrtssales92-present.xlsx,2007
2007-11-01,home_kitchen,Home & Kitchen,442,Furniture and Home Furnishings Stores,Furniture and home furnishings stores,9731,reported,False,SRC-CENSUS-001,mrtssales92-present.xlsx,2007
2007-12-01,home_kitchen,Home & Kitchen,442,Furniture and Home Furnishings Stores,Furniture and home furnishings stores,10192,reported,False,SRC-CENSUS-001,mrtssales92-present.xlsx,2007
2008-01-01,home_kitchen,Home & Kitchen,442,Furniture and Home Furnishings Stores,Furniture and home furnishings stores,7939,reported,False,SRC-CENSUS-001,mrtssales92-present.xlsx,2008
2008-02-01,home_kitchen,Home & Kitchen,442,Furniture and Home Furnishings Stores,Furniture and home furnishings stores,7887,reported,False,SRC-CENSUS-001,mrtssales92-present.xlsx,2008
2008-03-01,home_kitchen,Home & Kitchen,442,Furniture and Home Furnishings Stores,Furniture and home furnishings stores,8158,reported,False,SRC-CENSUS-001,mrtssales92-present.xlsx,2008
2008-04-01,home_kitchen,Home & Kitchen,442,Furniture and Home Furnishings Stores,Furniture and home furnishings stores,7815,reported,False,SRC-CENSUS-001,mrtssales92-present.xlsx,2008
2008-05-01,home_kitchen,Home & Kitchen,442,Furniture and Home Furnishings Stores,Furniture and home furnishings stores,8381,reported,False,SRC-CENSUS-001,mrtssales92-present.xlsx,2008
2008-06-01,home_kitchen,Home & Kitchen,442,Furniture and Home Furnishings Stores,Furniture and home furnishings stores,7904,reported,False,SRC-CENSUS-001,mrtssales92-present.xlsx,2008
2008-07-01,home_kitchen,Home & Kitchen,442,Furniture and Home Furnishings Stores,Furniture and home furnishings stores,8269,reported,False,SRC-CENSUS-001,mrtssales92-present.xlsx,2008
2008-08-01,home_kitchen,Home & Kitchen,442,Furniture and Home Furnishings Stores,Furniture and home furnishings stores,8238,reported,False,SRC-CENSUS-001,mrtssales92-present.xlsx,2008
2008-09-01,home_kitchen,Home & Kitchen,442,Furniture and Home Furnishings Stores,Furniture and home furnishings stores,7474,reported,False,SRC-CENSUS-001,mrtssales92-present.xlsx,2008
2008-10-01,home_kitchen,Home & Kitchen,442,Furniture and Home Furnishings Stores,Furniture and home furnishings stores,7506,reported,False,SRC-CENSUS-001,mrtssales92-present.xlsx,2008
2008-11-01,home_kitchen,Home & Kitchen,442,Furniture and Home Furnishings Stores,Furniture and home furnishings stores,7907,reported,False,SRC-CENSUS-001,mrtssales92-present.xlsx,2008
2008-12-01,home_kitchen,Home & Kitchen,442,Furniture and Home Furnishings Stores,Furniture and home furnishings stores,8630,reported,False,SRC-CENSUS-001,mrtssales92-present.xlsx,2008
2009-01-01,home_kitchen,Home & Kitchen,442,Furniture and Home Furnishings Stores,Furniture and home furnishings stores,6611,reported,False,SRC-CENSUS-001,mrtssales92-present.xlsx,2009
2009-02-01,home_kitchen,Home & Kitchen,442,Furniture and Home Furnishings Stores,Furniture and home furnishings stores,6416,reported,False,SRC-CENSUS-001,mrtssales92-present.xlsx,2009
2009-03-01,home_kitchen,Home & Kitchen,442,Furniture and Home Furnishings Stores,Furniture and home furnishings stores,6713,reported,False,SRC-CENSUS-001,mrtssales92-present.xlsx,2009
2009-04-01,home_kitchen,Home & Kitchen,442,Furniture and Home Furnishings Stores,Furniture and home furnishings stores,6420,reported,False,SRC-CENSUS-001,mrtssales92-present.xlsx,2009
2009-05-01,home_kitchen,Home & Kitchen,442,Furniture and Home Furnishings Stores,Furniture and home furnishings stores,6777,reported,False,SRC-CENSUS-001,mrtssales92-present.xlsx,2009
2009-06-01,home_kitchen,Home & Kitchen,442,Furniture and Home Furnishings Stores,Furniture and home furnishings stores,6722,reported,False,SRC-CENSUS-001,mrtssales92-present.xlsx,2009
2009-07-01,home_kitchen,Home & Kitchen,442,Furniture and Home Furnishings Stores,Furniture and home furnishings stores,6985,reported,False,SRC-CENSUS-001,mrtssales92-present.xlsx,2009
2009-08-01,home_kitchen,Home & Kitchen,442,Furniture and Home Furnishings Stores,Furniture and home furnishings stores,6954,reported,False,SRC-CENSUS-001,mrtssales92-present.xlsx,2009
2009-09-01,home_kitchen,Home & Kitchen,442,Furniture and Home Furnishings Stores,Furniture and home furnishings stores,6764,reported,False,SRC-CENSUS-001,mrtssales92-present.xlsx,2009
2009-10-01,home_kitchen,Home & Kitchen,442,Furniture and Home Furnishings Stores,Furniture and home furnishings stores,6650,reported,False,SRC-CENSUS-001,mrtssales92-present.xlsx,2009
2009-11-01,home_kitchen,Home & Kitchen,442,Furniture and Home Furnishings Stores,Furniture and home furnishings stores,7161,reported,False,SRC-CENSUS-001,mrtssales92-present.xlsx,2009
2009-12-01,home_kitchen,Home & Kitchen,442,Furniture and Home Furnishings Stores,Furniture and home furnishings stores,8156,reported,False,SRC-CENSUS-001,mrtssales92-present.xlsx,2009
2010-01-01,home_kitchen,Home & Kitchen,442,Furniture and Home Furnishings Stores,Furniture and home furnishings stores,6145,reported,False,SRC-CENSUS-001,mrtssales92-present.xlsx,2010
2010-02-01,home_kitchen,Home & Kitchen,442,Furniture and Home Furnishings Stores,Furniture and home furnishings stores,6285,reported,False,SRC-CENSUS-001,mrtssales92-present.xlsx,2010
2010-03-01,home_kitchen,Home & Kitchen,442,Furniture and Home Furnishings Stores,Furniture and home furnishings stores,7062,reported,False,SRC-CENSUS-001,mrtssales92-present.xlsx,2010
2010-04-01,home_kitchen,Home & Kitchen,442,Furniture and Home Furnishings Stores,Furniture and home furnishings stores,6535,reported,False,SRC-CENSUS-001,mrtssales92-present.xlsx,2010
2010-05-01,home_kitchen,Home & Kitchen,442,Furniture and Home Furnishings Stores,Furniture and home furnishings stores,6739,reported,False,SRC-CENSUS-001,mrtssales92-present.xlsx,2010
2010-06-01,home_kitchen,Home & Kitchen,442,Furniture and Home Furnishings Stores,Furniture and home furnishings stores,6703,reported,False,SRC-CENSUS-001,mrtssales92-present.xlsx,2010
2010-07-01,home_kitchen,Home & Kitchen,442,Furniture and Home Furnishings Stores,Furniture and home furnishings stores,7036,reported,False,SRC-CENSUS-001,mrtssales92-present.xlsx,2010
2010-08-01,home_kitchen,Home & Kitchen,442,Furniture and Home Furnishings Stores,Furniture and home furnishings stores,7124,reported,False,SRC-CENSUS-001,mrtssales92-present.xlsx,2010
2010-09-01,home_kitchen,Home & Kitchen,442,Furniture and Home Furnishings Stores,Furniture and home furnishings stores,6898,reported,False,SRC-CENSUS-001,mrtssales92-present.xlsx,2010
2010-10-01,home_kitchen,Home & Kitchen,442,Furniture and Home Furnishings Stores,Furniture and home furnishings stores,6600,reported,False,SRC-CENSUS-001,mrtssales92-present.xlsx,2010
2010-11-01,home_kitchen,Home & Kitchen,442,Furniture and Home Furnishings Stores,Furniture and home furnishings stores,7418,reported,False,SRC-CENSUS-001,mrtssales92-present.xlsx,2010
2010-12-01,home_kitchen,Home & Kitchen,442,Furniture and Home Furnishings Stores,Furniture and home furnishings stores,8249,reported,False,SRC-CENSUS-001,mrtssales92-present.xlsx,2010
2011-01-01,home_kitchen,Home & Kitchen,442,Furniture and Home Furnishings Stores,Furniture and home furnishings stores,6073,reported,False,SRC-CENSUS-001,mrtssales92-present.xlsx,2011
2011-02-01,home_kitchen,Home & Kitchen,442,Furniture and Home Furnishings Stores,Furniture and home furnishings stores,6311,reported,False,SRC-CENSUS-001,mrtssales92-present.xlsx,2011
2011-03-01,home_kitchen,Home & Kitchen,442,Furniture and Home Furnishings Stores,Furniture and home furnishings stores,7319,reported,False,SRC-CENSUS-001,mrtssales92-present.xlsx,2011
2011-04-01,home_kitchen,Home & Kitchen,442,Furniture and Home Furnishings Stores,Furniture and home furnishings stores,6705,reported,False,SRC-CENSUS-001,mrtssales92-present.xlsx,2011
2011-05-01,home_kitchen,Home & Kitchen,442,Furniture and Home Furnishings Stores,Furniture and home furnishings stores,6886,reported,False,SRC-CENSUS-001,mrtssales92-present.xlsx,2011
2011-06-01,home_kitchen,Home & Kitchen,442,Furniture and Home Furnishings Stores,Furniture and home furnishings stores,6839,reported,False,SRC-CENSUS-001,mrtssales92-present.xlsx,2011
2011-07-01,home_kitchen,Home & Kitchen,442,Furniture and Home Furnishings Stores,Furniture and home furnishings stores,7043,reported,False,SRC-CENSUS-001,mrtssales92-present.xlsx,2011
2011-08-01,home_kitchen,Home & Kitchen,442,Furniture and Home Furnishings Stores,Furniture and home furnishings stores,7470,reported,False,SRC-CENSUS-001,mrtssales92-present.xlsx,2011
2011-09-01,home_kitchen,Home & Kitchen,442,Furniture and Home Furnishings Stores,Furniture and home furnishings stores,7242,reported,False,SRC-CENSUS-001,mrtssales92-present.xlsx,2011
2011-10-01,home_kitchen,Home & Kitchen,442,Furniture and Home Furnishings Stores,Furniture and home furnishings stores,6771,reported,False,SRC-CENSUS-001,mrtssales92-present.xlsx,2011
2011-11-01,home_kitchen,Home & Kitchen,442,Furniture and Home Furnishings Stores,Furniture and home furnishings stores,7715,reported,False,SRC-CENSUS-001,mrtssales92-present.xlsx,2011
2011-12-01,home_kitchen,Home & Kitchen,442,Furniture and Home Furnishings Stores,Furniture and home furnishings stores,8787,reported,False,SRC-CENSUS-001,mrtssales92-present.xlsx,2011
2012-01-01,home_kitchen,Home & Kitchen,442,Furniture and Home Furnishings Stores,Furniture and home furnishings stores,6677,reported,False,SRC-CENSUS-001,mrtssales92-present.xlsx,2012
2012-02-01,home_kitchen,Home & Kitchen,442,Furniture and Home Furnishings Stores,Furniture and home furnishings stores,6976,reported,False,SRC-CENSUS-001,mrtssales92-present.xlsx,2012
2012-03-01,home_kitchen,Home & Kitchen,442,Furniture and Home Furnishings Stores,Furniture and home furnishings stores,7568,reported,False,SRC-CENSUS-001,mrtssales92-present.xlsx,2012
2012-04-01,home_kitchen,Home & Kitchen,442,Furniture and Home Furnishings Stores,Furniture and home furnishings stores,6679,reported,False,SRC-CENSUS-001,mrtssales92-present.xlsx,2012
2012-05-01,home_kitchen,Home & Kitchen,442,Furniture and Home Furnishings Stores,Furniture and home furnishings stores,7468,reported,False,SRC-CENSUS-001,mrtssales92-present.xlsx,2012
2012-06-01,home_kitchen,Home & Kitchen,442,Furniture and Home Furnishings Stores,Furniture and home furnishings stores,7175,reported,False,SRC-CENSUS-001,mrtssales92-present.xlsx,2012
2012-07-01,home_kitchen,Home & Kitchen,442,Furniture and Home Furnishings Stores,Furniture and home furnishings stores,7341,reported,False,SRC-CENSUS-001,mrtssales92-present.xlsx,2012
2012-08-01,home_kitchen,Home & Kitchen,442,Furniture and Home Furnishings Stores,Furniture and home furnishings stores,7840,reported,False,SRC-CENSUS-001,mrtssales92-present.xlsx,2012
2012-09-01,home_kitchen,Home & Kitchen,442,Furniture and Home Furnishings Stores,Furniture and home furnishings stores,7239,reported,False,SRC-CENSUS-001,mrtssales92-present.xlsx,2012
2012-10-01,home_kitchen,Home & Kitchen,442,Furniture and Home Furnishings Stores,Furniture and home furnishings stores,7064,reported,False,SRC-CENSUS-001,mrtssales92-present.xlsx,2012
2012-11-01,home_kitchen,Home & Kitchen,442,Furniture and Home Furnishings Stores,Furniture and home furnishings stores,8044,reported,False,SRC-CENSUS-001,mrtssales92-present.xlsx,2012
2012-12-01,home_kitchen,Home & Kitchen,442,Furniture and Home Furnishings Stores,Furniture and home furnishings stores,8987,reported,False,SRC-CENSUS-001,mrtssales92-present.xlsx,2012
2013-01-01,home_kitchen,Home & Kitchen,442,Furniture and Home Furnishings Stores,Furniture and home furnishings stores,7117,reported,False,SRC-CENSUS-001,mrtssales92-present.xlsx,2013
2013-02-01,home_kitchen,Home & Kitchen,442,Furniture and Home Furnishings Stores,Furniture and home furnishings stores,6920,reported,False,SRC-CENSUS-001,mrtssales92-present.xlsx,2013
2013-03-01,home_kitchen,Home & Kitchen,442,Furniture and Home Furnishings Stores,Furniture and home furnishings stores,7695,reported,False,SRC-CENSUS-001,mrtssales92-present.xlsx,2013
2013-04-01,home_kitchen,Home & Kitchen,442,Furniture and Home Furnishings Stores,Furniture and home furnishings stores,7146,reported,False,SRC-CENSUS-001,mrtssales92-present.xlsx,2013
2013-05-01,home_kitchen,Home & Kitchen,442,Furniture and Home Furnishings Stores,Furniture and home furnishings stores,7658,reported,False,SRC-CENSUS-001,mrtssales92-present.xlsx,2013
2013-06-01,home_kitchen,Home & Kitchen,442,Furniture and Home Furnishings Stores,Furniture and home furnishings stores,7390,reported,False,SRC-CENSUS-001,mrtssales92-present.xlsx,2013
2013-07-01,home_kitchen,Home & Kitchen,442,Furniture and Home Furnishings Stores,Furniture and home furnishings stores,7805,reported,False,SRC-CENSUS-001,mrtssales92-present.xlsx,2013
2013-08-01,home_kitchen,Home & Kitchen,442,Furniture and Home Furnishings Stores,Furniture and home furnishings stores,8285,reported,False,SRC-CENSUS-001,mrtssales92-present.xlsx,2013
2013-09-01,home_kitchen,Home & Kitchen,442,Furniture and Home Furnishings Stores,Furniture and home furnishings stores,7686,reported,False,SRC-CENSUS-001,mrtssales92-present.xlsx,2013
2013-10-01,home_kitchen,Home & Kitchen,442,Furniture and Home Furnishings Stores,Furniture and home furnishings stores,7897,reported,False,SRC-CENSUS-001,mrtssales92-present.xlsx,2013
2013-11-01,home_kitchen,Home & Kitchen,442,Furniture and Home Furnishings Stores,Furniture and home furnishings stores,8668,reported,False,SRC-CENSUS-001,mrtssales92-present.xlsx,2013
2013-12-01,home_kitchen,Home & Kitchen,442,Furniture and Home Furnishings Stores,Furniture and home furnishings stores,9013,reported,False,SRC-CENSUS-001,mrtssales92-present.xlsx,2013
2014-01-01,home_kitchen,Home & Kitchen,442,Furniture and Home Furnishings Stores,Furniture and home furnishings stores,7071,reported,False,SRC-CENSUS-001,mrtssales92-present.xlsx,2014
2014-02-01,home_kitchen,Home & Kitchen,442,Furniture and Home Furnishings Stores,Furniture and home furnishings stores,7100,reported,False,SRC-CENSUS-001,mrtssales92-present.xlsx,2014
2014-03-01,home_kitchen,Home & Kitchen,442,Furniture and Home Furnishings Stores,Furniture and home furnishings stores,7966,reported,False,SRC-CENSUS-001,mrtssales92-present.xlsx,2014
2014-04-01,home_kitchen,Home & Kitchen,442,Furniture and Home Furnishings Stores,Furniture and home furnishings stores,7654,reported,False,SRC-CENSUS-001,mrtssales92-present.xlsx,2014
2014-05-01,home_kitchen,Home & Kitchen,442,Furniture and Home Furnishings Stores,Furniture and home furnishings stores,8244,reported,False,SRC-CENSUS-001,mrtssales92-present.xlsx,2014
2014-06-01,home_kitchen,Home & Kitchen,442,Furniture and Home Furnishings Stores,Furniture and home furnishings stores,7749,reported,False,SRC-CENSUS-001,mrtssales92-present.xlsx,2014
2014-07-01,home_kitchen,Home & Kitchen,442,Furniture and Home Furnishings Stores,Furniture and home furnishings stores,8261,reported,False,SRC-CENSUS-001,mrtssales92-present.xlsx,2014
2014-08-01,home_kitchen,Home & Kitchen,442,Furniture and Home Furnishings Stores,Furniture and home furnishings stores,8591,reported,False,SRC-CENSUS-001,mrtssales92-present.xlsx,2014
2014-09-01,home_kitchen,Home & Kitchen,442,Furniture and Home Furnishings Stores,Furniture and home furnishings stores,8235,reported,False,SRC-CENSUS-001,mrtssales92-present.xlsx,2014
2014-10-01,home_kitchen,Home & Kitchen,442,Furniture and Home Furnishings Stores,Furniture and home furnishings stores,8301,reported,False,SRC-CENSUS-001,mrtssales92-present.xlsx,2014
2014-11-01,home_kitchen,Home & Kitchen,442,Furniture and Home Furnishings Stores,Furniture and home furnishings stores,8799,reported,False,SRC-CENSUS-001,mrtssales92-present.xlsx,2014
2014-12-01,home_kitchen,Home & Kitchen,442,Furniture and Home Furnishings Stores,Furniture and home furnishings stores,10053,reported,False,SRC-CENSUS-001,mrtssales92-present.xlsx,2014
2015-01-01,home_kitchen,Home & Kitchen,442,Furniture and Home Furnishings Stores,Furniture and home furnishings stores,7840,reported,False,SRC-CENSUS-001,mrtssales92-present.xlsx,2015
2015-02-01,home_kitchen,Home & Kitchen,442,Furniture and Home Furnishings Stores,Furniture and home furnishings stores,7407,reported,False,SRC-CENSUS-001,mrtssales92-present.xlsx,2015
2015-03-01,home_kitchen,Home & Kitchen,442,Furniture and Home Furnishings Stores,Furniture and home furnishings stores,8495,reported,False,SRC-CENSUS-001,mrtssales92-present.xlsx,2015
2015-04-01,home_kitchen,Home & Kitchen,442,Furniture and Home Furnishings Stores,Furniture and home furnishings stores,8150,reported,False,SRC-CENSUS-001,mrtssales92-present.xlsx,2015
2015-05-01,home_kitchen,Home & Kitchen,442,Furniture and Home Furnishings Stores,Furniture and home furnishings stores,8785,reported,False,SRC-CENSUS-001,mrtssales92-present.xlsx,2015
2015-06-01,home_kitchen,Home & Kitchen,442,Furniture and Home Furnishings Stores,Furniture and home furnishings stores,8479,reported,False,SRC-CENSUS-001,mrtssales92-present.xlsx,2015
2015-07-01,home_kitchen,Home & Kitchen,442,Furniture and Home Furnishings Stores,Furniture and home furnishings stores,9012,reported,False,SRC-CENSUS-001,mrtssales92-present.xlsx,2015
2015-08-01,home_kitchen,Home & Kitchen,442,Furniture and Home Furnishings Stores,Furniture and home furnishings stores,9056,reported,False,SRC-CENSUS-001,mrtssales92-present.xlsx,2015
2015-09-01,home_kitchen,Home & Kitchen,442,Furniture and Home Furnishings Stores,Furniture and home furnishings stores,8886,reported,False,SRC-CENSUS-001,mrtssales92-present.xlsx,2015
2015-10-01,home_kitchen,Home & Kitchen,442,Furniture and Home Furnishings Stores,Furniture and home furnishings stores,9026,reported,False,SRC-CENSUS-001,mrtssales92-present.xlsx,2015
2015-11-01,home_kitchen,Home & Kitchen,442,Furniture and Home Furnishings Stores,Furniture and home furnishings stores,9398,reported,False,SRC-CENSUS-001,mrtssales92-present.xlsx,2015
2015-12-01,home_kitchen,Home & Kitchen,442,Furniture and Home Furnishings Stores,Furniture and home furnishings stores,10810,reported,False,SRC-CENSUS-001,mrtssales92-present.xlsx,2015
2016-01-01,home_kitchen,Home & Kitchen,442,Furniture and Home Furnishings Stores,Furniture and home furnishings stores,8117,reported,False,SRC-CENSUS-001,mrtssales92-present.xlsx,2016
2016-02-01,home_kitchen,Home & Kitchen,442,Furniture and Home Furnishings Stores,Furniture and home furnishings stores,8323,reported,False,SRC-CENSUS-001,mrtssales92-present.xlsx,2016
2016-03-01,home_kitchen,Home & Kitchen,442,Furniture and Home Furnishings Stores,Furniture and home furnishings stores,9198,reported,False,SRC-CENSUS-001,mrtssales92-present.xlsx,2016
2016-04-01,home_kitchen,Home & Kitchen,442,Furniture and Home Furnishings Stores,Furniture and home furnishings stores,8545,reported,False,SRC-CENSUS-001,mrtssales92-present.xlsx,2016
2016-05-01,home_kitchen,Home & Kitchen,442,Furniture and Home Furnishings Stores,Furniture and home furnishings stores,8943,reported,False,SRC-CENSUS-001,mrtssales92-present.xlsx,2016
2016-06-01,home_kitchen,Home & Kitchen,442,Furniture and Home Furnishings Stores,Furniture and home furnishings stores,9056,reported,False,SRC-CENSUS-001,mrtssales92-present.xlsx,2016
2016-07-01,home_kitchen,Home & Kitchen,442,Furniture and Home Furnishings Stores,Furniture and home furnishings stores,9114,reported,False,SRC-CENSUS-001,mrtssales92-present.xlsx,2016
2016-08-01,home_kitchen,Home & Kitchen,442,Furniture and Home Furnishings Stores,Furniture and home furnishings stores,9503,reported,False,SRC-CENSUS-001,mrtssales92-present.xlsx,2016
2016-09-01,home_kitchen,Home & Kitchen,442,Furniture and Home Furnishings Stores,Furniture and home furnishings stores,9461,reported,False,SRC-CENSUS-001,mrtssales92-present.xlsx,2016
2016-10-01,home_kitchen,Home & Kitchen,442,Furniture and Home Furnishings Stores,Furniture and home furnishings stores,8978,reported,False,SRC-CENSUS-001,mrtssales92-present.xlsx,2016
2016-11-01,home_kitchen,Home & Kitchen,442,Furniture and Home Furnishings Stores,Furniture and home furnishings stores,9866,reported,False,SRC-CENSUS-001,mrtssales92-present.xlsx,2016
2016-12-01,home_kitchen,Home & Kitchen,442,Furniture and Home Furnishings Stores,Furniture and home furnishings stores,10756,reported,False,SRC-CENSUS-001,mrtssales92-present.xlsx,2016
2017-01-01,home_kitchen,Home & Kitchen,442,Furniture and Home Furnishings Stores,Furniture and home furnishings stores,8232,reported,False,SRC-CENSUS-001,mrtssales92-present.xlsx,2017
2017-02-01,home_kitchen,Home & Kitchen,442,Furniture and Home Furnishings Stores,Furniture and home furnishings stores,8200,reported,False,SRC-CENSUS-001,mrtssales92-present.xlsx,2017
2017-03-01,home_kitchen,Home & Kitchen,442,Furniture and Home Furnishings Stores,Furniture and home furnishings stores,9605,reported,False,SRC-CENSUS-001,mrtssales92-present.xlsx,2017
2017-04-01,home_kitchen,Home & Kitchen,442,Furniture and Home Furnishings Stores,Furniture and home furnishings stores,8541,reported,False,SRC-CENSUS-001,mrtssales92-present.xlsx,2017
2017-05-01,home_kitchen,Home & Kitchen,442,Furniture and Home Furnishings Stores,Furniture and home furnishings stores,9369,reported,False,SRC-CENSUS-001,mrtssales92-present.xlsx,2017
2017-06-01,home_kitchen,Home & Kitchen,442,Furniture and Home Furnishings Stores,Furniture and home furnishings stores,9317,reported,False,SRC-CENSUS-001,mrtssales92-present.xlsx,2017
2017-07-01,home_kitchen,Home & Kitchen,442,Furniture and Home Furnishings Stores,Furniture and home furnishings stores,9195,reported,False,SRC-CENSUS-001,mrtssales92-present.xlsx,2017
2017-08-01,home_kitchen,Home & Kitchen,442,Furniture and Home Furnishings Stores,Furniture and home furnishings stores,9813,reported,False,SRC-CENSUS-001,mrtssales92-present.xlsx,2017
2017-09-01,home_kitchen,Home & Kitchen,442,Furniture and Home Furnishings Stores,Furniture and home furnishings stores,9467,reported,False,SRC-CENSUS-001,mrtssales92-present.xlsx,2017
2017-10-01,home_kitchen,Home & Kitchen,442,Furniture and Home Furnishings Stores,Furniture and home furnishings stores,9436,reported,False,SRC-CENSUS-001,mrtssales92-present.xlsx,2017
2017-11-01,home_kitchen,Home & Kitchen,442,Furniture and Home Furnishings Stores,Furniture and home furnishings stores,10468,reported,False,SRC-CENSUS-001,mrtssales92-present.xlsx,2017
2017-12-01,home_kitchen,Home & Kitchen,442,Furniture and Home Furnishings Stores,Furniture and home furnishings stores,11181,reported,False,SRC-CENSUS-001,mrtssales92-present.xlsx,2017
2018-01-01,home_kitchen,Home & Kitchen,442,Furniture and Home Furnishings Stores,Furniture and home furnishings stores,8679,reported,False,SRC-CENSUS-001,mrtssales92-present.xlsx,2018
2018-02-01,home_kitchen,Home & Kitchen,442,Furniture and Home Furnishings Stores,Furniture and home furnishings stores,8508,reported,False,SRC-CENSUS-001,mrtssales92-present.xlsx,2018
2018-03-01,home_kitchen,Home & Kitchen,442,Furniture and Home Furnishings Stores,Furniture and home furnishings stores,9963,reported,False,SRC-CENSUS-001,mrtssales92-present.xlsx,2018
2018-04-01,home_kitchen,Home & Kitchen,442,Furniture and Home Furnishings Stores,Furniture and home furnishings stores,9152,reported,False,SRC-CENSUS-001,mrtssales92-present.xlsx,2018
2018-05-01,home_kitchen,Home & Kitchen,442,Furniture and Home Furnishings Stores,Furniture and home furnishings stores,9883,reported,False,SRC-CENSUS-001,mrtssales92-present.xlsx,2018
2018-06-01,home_kitchen,Home & Kitchen,442,Furniture and Home Furnishings Stores,Furniture and home furnishings stores,9692,reported,False,SRC-CENSUS-001,mrtssales92-present.xlsx,2018
2018-07-01,home_kitchen,Home & Kitchen,442,Furniture and Home Furnishings Stores,Furniture and home furnishings stores,9703,reported,False,SRC-CENSUS-001,mrtssales92-present.xlsx,2018
2018-08-01,home_kitchen,Home & Kitchen,442,Furniture and Home Furnishings Stores,Furniture and home furnishings stores,10169,reported,False,SRC-CENSUS-001,mrtssales92-present.xlsx,2018
2018-09-01,home_kitchen,Home & Kitchen,442,Furniture and Home Furnishings Stores,Furniture and home furnishings stores,9560,reported,False,SRC-CENSUS-001,mrtssales92-present.xlsx,2018
2018-10-01,home_kitchen,Home & Kitchen,442,Furniture and Home Furnishings Stores,Furniture and home furnishings stores,9746,reported,False,SRC-CENSUS-001,mrtssales92-present.xlsx,2018
2018-11-01,home_kitchen,Home & Kitchen,442,Furniture and Home Furnishings Stores,Furniture and home furnishings stores,10563,reported,False,SRC-CENSUS-001,mrtssales92-present.xlsx,2018
2018-12-01,home_kitchen,Home & Kitchen,442,Furniture and Home Furnishings Stores,Furniture and home furnishings stores,10912,reported,False,SRC-CENSUS-001,mrtssales92-present.xlsx,2018
2019-01-01,home_kitchen,Home & Kitchen,442,Furniture and Home Furnishings Stores,Furniture and home furnishings stores,8641,reported,False,SRC-CENSUS-001,mrtssales92-present.xlsx,2019
2019-02-01,home_kitchen,Home & Kitchen,442,Furniture and Home Furnishings Stores,Furniture and home furnishings stores,8463,reported,False,SRC-CENSUS-001,mrtssales92-present.xlsx,2019
2019-03-01,home_kitchen,Home & Kitchen,442,Furniture and Home Furnishings Stores,Furniture and home furnishings stores,9825,reported,False,SRC-CENSUS-001,mrtssales92-present.xlsx,2019
2019-04-01,home_kitchen,Home & Kitchen,442,Furniture and Home Furnishings Stores,Furniture and home furnishings stores,9394,reported,False,SRC-CENSUS-001,mrtssales92-present.xlsx,2019
2019-05-01,home_kitchen,Home & Kitchen,442,Furniture and Home Furnishings Stores,Furniture and home furnishings stores,10105,reported,False,SRC-CENSUS-001,mrtssales92-present.xlsx,2019
2019-06-01,home_kitchen,Home & Kitchen,442,Furniture and Home Furnishings Stores,Furniture and home furnishings stores,9565,reported,False,SRC-CENSUS-001,mrtssales92-present.xlsx,2019
2019-07-01,home_kitchen,Home & Kitchen,442,Furniture and Home Furnishings Stores,Furniture and home furnishings stores,9986,reported,False,SRC-CENSUS-001,mrtssales92-present.xlsx,2019
2019-08-01,home_kitchen,Home & Kitchen,442,Furniture and Home Furnishings Stores,Furniture and home furnishings stores,10402,reported,False,SRC-CENSUS-001,mrtssales92-present.xlsx,2019
2019-09-01,home_kitchen,Home & Kitchen,442,Furniture and Home Furnishings Stores,Furniture and home furnishings stores,9914,reported,False,SRC-CENSUS-001,mrtssales92-present.xlsx,2019
2019-10-01,home_kitchen,Home & Kitchen,442,Furniture and Home Furnishings Stores,Furniture and home furnishings stores,10027,reported,False,SRC-CENSUS-001,mrtssales92-present.xlsx,2019
2019-11-01,home_kitchen,Home & Kitchen,442,Furniture and Home Furnishings Stores,Furniture and home furnishings stores,10789,reported,False,SRC-CENSUS-001,mrtssales92-present.xlsx,2019
2019-12-01,home_kitchen,Home & Kitchen,442,Furniture and Home Furnishings Stores,Furniture and home furnishings stores,10926,reported,False,SRC-CENSUS-001,mrtssales92-present.xlsx,2019
2020-01-01,home_kitchen,Home & Kitchen,442,Furniture and Home Furnishings Stores,Furniture and home furnishings stores,9225,reported,False,SRC-CENSUS-001,mrtssales92-present.xlsx,2020
2020-02-01,home_kitchen,Home & Kitchen,442,Furniture and Home Furnishings Stores,Furniture and home furnishings stores,9193,reported,False,SRC-CENSUS-001,mrtssales92-present.xlsx,2020
2020-03-01,home_kitchen,Home & Kitchen,442,Furniture and Home Furnishings Stores,Furniture and home furnishings stores,7897,reported,False,SRC-CENSUS-001,mrtssales92-present.xlsx,2020
2020-04-01,home_kitchen,Home & Kitchen,442,Furniture and Home Furnishings Stores,Furniture and home furnishings stores,3780,reported,False,SRC-CENSUS-001,mrtssales92-present.xlsx,2020
2020-05-01,home_kitchen,Home & Kitchen,442,Furniture and Home Furnishings Stores,Furniture and home furnishings stores,7072,reported,False,SRC-CENSUS-001,mrtssales92-present.xlsx,2020
2020-06-01,home_kitchen,Home & Kitchen,442,Furniture and Home Furnishings Stores,Furniture and home furnishings stores,9581,reported,False,SRC-CENSUS-001,mrtssales92-present.xlsx,2020
2020-07-01,home_kitchen,Home & Kitchen,442,Furniture and Home Furnishings Stores,Furniture and home furnishings stores,10172,reported,False,SRC-CENSUS-001,mrtssales92-present.xlsx,2020
2020-08-01,home_kitchen,Home & Kitchen,442,Furniture and Home Furnishings Stores,Furniture and home furnishings stores,10692,reported,False,SRC-CENSUS-001,mrtssales92-present.xlsx,2020
2020-09-01,home_kitchen,Home & Kitchen,442,Furniture and Home Furnishings Stores,Furniture and home furnishings stores,10671,reported,False,SRC-CENSUS-001,mrtssales92-present.xlsx,2020
2020-10-01,home_kitchen,Home & Kitchen,442,Furniture and Home Furnishings Stores,Furniture and home furnishings stores,10645,reported,False,SRC-CENSUS-001,mrtssales92-present.xlsx,2020
2020-11-01,home_kitchen,Home & Kitchen,442,Furniture and Home Furnishings Stores,Furniture and home furnishings stores,10697,reported,False,SRC-CENSUS-001,mrtssales92-present.xlsx,2020
2020-12-01,home_kitchen,Home & Kitchen,442,Furniture and Home Furnishings Stores,Furniture and home furnishings stores,11493,reported,False,SRC-CENSUS-001,mrtssales92-present.xlsx,2020
2021-01-01,home_kitchen,Home & Kitchen,442,Furniture and Home Furnishings Stores,Furniture and home furnishings stores,10215,reported,False,SRC-CENSUS-001,mrtssales92-present.xlsx,2021
2021-02-01,home_kitchen,Home & Kitchen,442,Furniture and Home Furnishings Stores,Furniture and home furnishings stores,9690,reported,False,SRC-CENSUS-001,mrtssales92-present.xlsx,2021
2021-03-01,home_kitchen,Home & Kitchen,442,Furniture and Home Furnishings Stores,Furniture and home furnishings stores,12133,reported,False,SRC-CENSUS-001,mrtssales92-present.xlsx,2021
2021-04-01,home_kitchen,Home & Kitchen,442,Furniture and Home Furnishings Stores,Furniture and home furnishings stores,11591,reported,False,SRC-CENSUS-001,mrtssales92-present.xlsx,2021
2021-05-01,home_kitchen,Home & Kitchen,442,Furniture and Home Furnishings Stores,Furniture and home furnishings stores,11580,reported,False,SRC-CENSUS-001,mrtssales92-present.xlsx,2021
2021-06-01,home_kitchen,Home & Kitchen,442,Furniture and Home Furnishings Stores,Furniture and home furnishings stores,11350,reported,False,SRC-CENSUS-001,mrtssales92-present.xlsx,2021
2021-07-01,home_kitchen,Home & Kitchen,442,Furniture and Home Furnishings Stores,Furniture and home furnishings stores,11660,reported,False,SRC-CENSUS-001,mrtssales92-present.xlsx,2021
2021-08-01,home_kitchen,Home & Kitchen,442,Furniture and Home Furnishings Stores,Furniture and home furnishings stores,11728,reported,False,SRC-CENSUS-001,mrtssales92-present.xlsx,2021
2021-09-01,home_kitchen,Home & Kitchen,442,Furniture and Home Furnishings Stores,Furniture and home furnishings stores,11616,reported,False,SRC-CENSUS-001,mrtssales92-present.xlsx,2021
2021-10-01,home_kitchen,Home & Kitchen,442,Furniture and Home Furnishings Stores,Furniture and home furnishings stores,11704,reported,False,SRC-CENSUS-001,mrtssales92-present.xlsx,2021
2021-11-01,home_kitchen,Home & Kitchen,442,Furniture and Home Furnishings Stores,Furniture and home furnishings stores,12443,reported,False,SRC-CENSUS-001,mrtssales92-present.xlsx,2021
2021-12-01,home_kitchen,Home & Kitchen,442,Furniture and Home Furnishings Stores,Furniture and home furnishings stores,12340,reported,False,SRC-CENSUS-001,mrtssales92-present.xlsx,2021
2022-01-01,home_kitchen,Home & Kitchen,442,Furniture and Home Furnishings Stores,Furniture and home furnishings stores,10107,reported,False,SRC-CENSUS-001,mrtssales92-present.xlsx,2022
2022-02-01,home_kitchen,Home & Kitchen,442,Furniture and Home Furnishings Stores,Furniture and home furnishings stores,10422,reported,False,SRC-CENSUS-001,mrtssales92-present.xlsx,2022
2022-03-01,home_kitchen,Home & Kitchen,442,Furniture and Home Furnishings Stores,Furniture and home furnishings stores,12363,reported,False,SRC-CENSUS-001,mrtssales92-present.xlsx,2022
2022-04-01,home_kitchen,Home & Kitchen,442,Furniture and Home Furnishings Stores,Furniture and home furnishings stores,11967,reported,False,SRC-CENSUS-001,mrtssales92-present.xlsx,2022
2022-05-01,home_kitchen,Home & Kitchen,442,Furniture and Home Furnishings Stores,Furniture and home furnishings stores,11977,reported,False,SRC-CENSUS-001,mrtssales92-present.xlsx,2022
2022-06-01,home_kitchen,Home & Kitchen,442,Furniture and Home Furnishings Stores,Furniture and home furnishings stores,11654,reported,False,SRC-CENSUS-001,mrtssales92-present.xlsx,2022
2022-07-01,home_kitchen,Home & Kitchen,442,Furniture and Home Furnishings Stores,Furniture and home furnishings stores,11503,reported,False,SRC-CENSUS-001,mrtssales92-present.xlsx,2022
2022-08-01,home_kitchen,Home & Kitchen,442,Furniture and Home Furnishings Stores,Furniture and home furnishings stores,12294,reported,False,SRC-CENSUS-001,mrtssales92-present.xlsx,2022
2022-09-01,home_kitchen,Home & Kitchen,442,Furniture and Home Furnishings Stores,Furniture and home furnishings stores,11852,reported,False,SRC-CENSUS-001,mrtssales92-present.xlsx,2022
2022-10-01,home_kitchen,Home & Kitchen,442,Furniture and Home Furnishings Stores,Furniture and home furnishings stores,11770,reported,False,SRC-CENSUS-001,mrtssales92-present.xlsx,2022
2022-11-01,home_kitchen,Home & Kitchen,442,Furniture and Home Furnishings Stores,Furniture and home furnishings stores,12368,reported,False,SRC-CENSUS-001,mrtssales92-present.xlsx,2022
2022-12-01,home_kitchen,Home & Kitchen,442,Furniture and Home Furnishings Stores,Furniture and home furnishings stores,12227,reported,False,SRC-CENSUS-001,mrtssales92-present.xlsx,2022
2023-01-01,home_kitchen,Home & Kitchen,442,Furniture and Home Furnishings Stores,Furniture and home furnishings stores,11121,reported,False,SRC-CENSUS-001,mrtssales92-present.xlsx,2023
2023-02-01,home_kitchen,Home & Kitchen,442,Furniture and Home Furnishings Stores,Furniture and home furnishings stores,10678,reported,False,SRC-CENSUS-001,mrtssales92-present.xlsx,2023
2023-03-01,home_kitchen,Home & Kitchen,442,Furniture and Home Furnishings Stores,Furniture and home furnishings stores,12098,reported,False,SRC-CENSUS-001,mrtssales92-present.xlsx,2023
2023-04-01,home_kitchen,Home & Kitchen,442,Furniture and Home Furnishings Stores,Furniture and home furnishings stores,10868,reported,False,SRC-CENSUS-001,mrtssales92-present.xlsx,2023
2023-05-01,home_kitchen,Home & Kitchen,442,Furniture and Home Furnishings Stores,Furniture and home furnishings stores,11541,reported,False,SRC-CENSUS-001,mrtssales92-present.xlsx,2023
2023-06-01,home_kitchen,Home & Kitchen,442,Furniture and Home Furnishings Stores,Furniture and home furnishings stores,11338,reported,False,SRC-CENSUS-001,mrtssales92-present.xlsx,2023
2023-07-01,home_kitchen,Home & Kitchen,442,Furniture and Home Furnishings Stores,Furniture and home furnishings stores,10970,reported,False,SRC-CENSUS-001,mrtssales92-present.xlsx,2023
2023-08-01,home_kitchen,Home & Kitchen,442,Furniture and Home Furnishings Stores,Furniture and home furnishings stores,11726,reported,False,SRC-CENSUS-001,mrtssales92-present.xlsx,2023
2023-09-01,home_kitchen,Home & Kitchen,442,Furniture and Home Furnishings Stores,Furniture and home furnishings stores,11092,reported,False,SRC-CENSUS-001,mrtssales92-present.xlsx,2023
2023-10-01,home_kitchen,Home & Kitchen,442,Furniture and Home Furnishings Stores,Furniture and home furnishings stores,10707,reported,False,SRC-CENSUS-001,mrtssales92-present.xlsx,2023
2023-11-01,home_kitchen,Home & Kitchen,442,Furniture and Home Furnishings Stores,Furniture and home furnishings stores,11958,reported,False,SRC-CENSUS-001,mrtssales92-present.xlsx,2023
2023-12-01,home_kitchen,Home & Kitchen,442,Furniture and Home Furnishings Stores,Furniture and home furnishings stores,11490,reported,False,SRC-CENSUS-001,mrtssales92-present.xlsx,2023
2024-01-01,home_kitchen,Home & Kitchen,442,Furniture and Home Furnishings Stores,Furniture and home furnishings stores,9745,reported,False,SRC-CENSUS-001,mrtssales92-present.xlsx,2024
2024-02-01,home_kitchen,Home & Kitchen,442,Furniture and Home Furnishings Stores,Furniture and home furnishings stores,10140,reported,False,SRC-CENSUS-001,mrtssales92-present.xlsx,2024
2024-03-01,home_kitchen,Home & Kitchen,442,Furniture and Home Furnishings Stores,Furniture and home furnishings stores,10801,reported,False,SRC-CENSUS-001,mrtssales92-present.xlsx,2024
2024-04-01,home_kitchen,Home & Kitchen,442,Furniture and Home Furnishings Stores,Furniture and home furnishings stores,10388,reported,False,SRC-CENSUS-001,mrtssales92-present.xlsx,2024
2024-05-01,home_kitchen,Home & Kitchen,442,Furniture and Home Furnishings Stores,Furniture and home furnishings stores,11186,reported,False,SRC-CENSUS-001,mrtssales92-present.xlsx,2024
2024-06-01,home_kitchen,Home & Kitchen,442,Furniture and Home Furnishings Stores,Furniture and home furnishings stores,10597,reported,False,SRC-CENSUS-001,mrtssales92-present.xlsx,2024
2024-07-01,home_kitchen,Home & Kitchen,442,Furniture and Home Furnishings Stores,Furniture and home furnishings stores,11145,reported,False,SRC-CENSUS-001,mrtssales92-present.xlsx,2024
2024-08-01,home_kitchen,Home & Kitchen,442,Furniture and Home Furnishings Stores,Furniture and home furnishings stores,11679,reported,False,SRC-CENSUS-001,mrtssales92-present.xlsx,2024
2024-09-01,home_kitchen,Home & Kitchen,442,Furniture and Home Furnishings Stores,Furniture and home furnishings stores,11038,reported,False,SRC-CENSUS-001,mrtssales92-present.xlsx,2024
2024-10-01,home_kitchen,Home & Kitchen,442,Furniture and Home Furnishings Stores,Furniture and home furnishings stores,11194,reported,False,SRC-CENSUS-001,mrtssales92-present.xlsx,2024
2024-11-01,home_kitchen,Home & Kitchen,442,Furniture and Home Furnishings Stores,Furniture and home furnishings stores,12345,reported,False,SRC-CENSUS-001,mrtssales92-present.xlsx,2024
2024-12-01,home_kitchen,Home & Kitchen,442,Furniture and Home Furnishings Stores,Furniture and home furnishings stores,12455,reported,False,SRC-CENSUS-001,mrtssales92-present.xlsx,2024
2025-01-01,home_kitchen,Home & Kitchen,442,Furniture and Home Furnishings Stores,Furniture and home furnishings stores,10414,reported,False,SRC-CENSUS-001,mrtssales92-present.xlsx,2025
2025-02-01,home_kitchen,Home & Kitchen,442,Furniture and Home Furnishings Stores,Furniture and home furnishings stores,10444,reported,False,SRC-CENSUS-001,mrtssales92-present.xlsx,2025
2025-03-01,home_kitchen,Home & Kitchen,442,Furniture and Home Furnishings Stores,Furniture and home furnishings stores,11549,reported,False,SRC-CENSUS-001,mrtssales92-present.xlsx,2025
2025-04-01,home_kitchen,Home & Kitchen,442,Furniture and Home Furnishings Stores,Furniture and home furnishings stores,11219,reported,False,SRC-CENSUS-001,mrtssales92-present.xlsx,2025
2025-05-01,home_kitchen,Home & Kitchen,442,Furniture and Home Furnishings Stores,Furniture and home furnishings stores,11766,reported,False,SRC-CENSUS-001,mrtssales92-present.xlsx,2025
2025-06-01,home_kitchen,Home & Kitchen,442,Furniture and Home Furnishings Stores,Furniture and home furnishings stores,11053,reported,False,SRC-CENSUS-001,mrtssales92-present.xlsx,2025
2025-07-01,home_kitchen,Home & Kitchen,442,Furniture and Home Furnishings Stores,Furniture and home furnishings stores,11808,reported,False,SRC-CENSUS-001,mrtssales92-present.xlsx,2025
2025-08-01,home_kitchen,Home & Kitchen,442,Furniture and Home Furnishings Stores,Furniture and home furnishings stores,11585,reported,False,SRC-CENSUS-001,mrtssales92-present.xlsx,2025
2025-09-01,home_kitchen,Home & Kitchen,442,Furniture and Home Furnishings Stores,Furniture and home furnishings stores,10888,reported,False,SRC-CENSUS-001,mrtssales92-present.xlsx,2025
2025-10-01,home_kitchen,Home & Kitchen,442,Furniture and Home Furnishings Stores,Furniture and home furnishings stores,11230,reported,False,SRC-CENSUS-001,mrtssales92-present.xlsx,2025
2025-11-01,home_kitchen,Home & Kitchen,442,Furniture and Home Furnishings Stores,Furniture and home furnishings stores,11855,reported,False,SRC-CENSUS-001,mrtssales92-present.xlsx,2025
2025-12-01,home_kitchen,Home & Kitchen,442,Furniture and Home Furnishings Stores,Furniture and home furnishings stores,11764,reported,False,SRC-CENSUS-001,mrtssales92-present.xlsx,2025
2026-01-01,home_kitchen,Home & Kitchen,442,Furniture and Home Furnishings Stores,Furniture and home furnishings stores,10007,reported,False,SRC-CENSUS-001,mrtssales92-present.xlsx,2026
2026-02-01,home_kitchen,Home & Kitchen,442,Furniture and Home Furnishings Stores,Furniture and home furnishings stores,9976,reported,False,SRC-CENSUS-001,mrtssales92-present.xlsx,2026
2026-03-01,home_kitchen,Home & Kitchen,442,Furniture and Home Furnishings Stores,Furniture and home furnishings stores,11486,reported,False,SRC-CENSUS-001,mrtssales92-present.xlsx,2026
2026-04-01,home_kitchen,Home & Kitchen,442,Furniture and Home Furnishings Stores,Furniture and home furnishings stores,10840,reported,False,SRC-CENSUS-001,mrtssales92-present.xlsx,2026
2026-05-01,home_kitchen,Home & Kitchen,442,Furniture and Home Furnishings Stores,Furniture and home furnishings stores,11508,reported,False,SRC-CENSUS-001,mrtssales92-present.xlsx,2026
2026-06-01,home_kitchen,Home & Kitchen,442,Furniture and Home Furnishings Stores,Furniture and home furnishings stores,11270,reported,True,SRC-CENSUS-001,mrtssales92-present.xlsx,2026
1992-01-01,toys,Toys & Games,451,"Sporting Goods, Hobby, Book, and Music Stores","Sporting goods, hobby, musical instrument, and book stores",2982,reported,False,SRC-CENSUS-001,mrtssales92-present.xlsx,1992
1992-02-01,toys,Toys & Games,451,"Sporting Goods, Hobby, Book, and Music Stores","Sporting goods, hobby, musical instrument, and book stores",2534,reported,False,SRC-CENSUS-001,mrtssales92-present.xlsx,1992
1992-03-01,toys,Toys & Games,451,"Sporting Goods, Hobby, Book, and Music Stores","Sporting goods, hobby, musical instrument, and book stores",2687,reported,False,SRC-CENSUS-001,mrtssales92-present.xlsx,1992
1992-04-01,toys,Toys & Games,451,"Sporting Goods, Hobby, Book, and Music Stores","Sporting goods, hobby, musical instrument, and book stores",2750,reported,False,SRC-CENSUS-001,mrtssales92-present.xlsx,1992
1992-05-01,toys,Toys & Games,451,"Sporting Goods, Hobby, Book, and Music Stores","Sporting goods, hobby, musical instrument, and book stores",2799,reported,False,SRC-CENSUS-001,mrtssales92-present.xlsx,1992
1992-06-01,toys,Toys & Games,451,"Sporting Goods, Hobby, Book, and Music Stores","Sporting goods, hobby, musical instrument, and book stores",2837,reported,False,SRC-CENSUS-001,mrtssales92-present.xlsx,1992
1992-07-01,toys,Toys & Games,451,"Sporting Goods, Hobby, Book, and Music Stores","Sporting goods, hobby, musical instrument, and book stores",2812,reported,False,SRC-CENSUS-001,mrtssales92-present.xlsx,1992
1992-08-01,toys,Toys & Games,451,"Sporting Goods, Hobby, Book, and Music Stores","Sporting goods, hobby, musical instrument, and book stores",3369,reported,False,SRC-CENSUS-001,mrtssales92-present.xlsx,1992
1992-09-01,toys,Toys & Games,451,"Sporting Goods, Hobby, Book, and Music Stores","Sporting goods, hobby, musical instrument, and book stores",3305,reported,False,SRC-CENSUS-001,mrtssales92-present.xlsx,1992
1992-10-01,toys,Toys & Games,451,"Sporting Goods, Hobby, Book, and Music Stores","Sporting goods, hobby, musical instrument, and book stores",3174,reported,False,SRC-CENSUS-001,mrtssales92-present.xlsx,1992
1992-11-01,toys,Toys & Games,451,"Sporting Goods, Hobby, Book, and Music Stores","Sporting goods, hobby, musical instrument, and book stores",3740,reported,False,SRC-CENSUS-001,mrtssales92-present.xlsx,1992
1992-12-01,toys,Toys & Games,451,"Sporting Goods, Hobby, Book, and Music Stores","Sporting goods, hobby, musical instrument, and book stores",7154,reported,False,SRC-CENSUS-001,mrtssales92-present.xlsx,1992
1993-01-01,toys,Toys & Games,451,"Sporting Goods, Hobby, Book, and Music Stores","Sporting goods, hobby, musical instrument, and book stores",3357,reported,False,SRC-CENSUS-001,mrtssales92-present.xlsx,1993
1993-02-01,toys,Toys & Games,451,"Sporting Goods, Hobby, Book, and Music Stores","Sporting goods, hobby, musical instrument, and book stores",2560,reported,False,SRC-CENSUS-001,mrtssales92-present.xlsx,1993
1993-03-01,toys,Toys & Games,451,"Sporting Goods, Hobby, Book, and Music Stores","Sporting goods, hobby, musical instrument, and book stores",2906,reported,False,SRC-CENSUS-001,mrtssales92-present.xlsx,1993
1993-04-01,toys,Toys & Games,451,"Sporting Goods, Hobby, Book, and Music Stores","Sporting goods, hobby, musical instrument, and book stores",2970,reported,False,SRC-CENSUS-001,mrtssales92-present.xlsx,1993
1993-05-01,toys,Toys & Games,451,"Sporting Goods, Hobby, Book, and Music Stores","Sporting goods, hobby, musical instrument, and book stores",2942,reported,False,SRC-CENSUS-001,mrtssales92-present.xlsx,1993
1993-06-01,toys,Toys & Games,451,"Sporting Goods, Hobby, Book, and Music Stores","Sporting goods, hobby, musical instrument, and book stores",2986,reported,False,SRC-CENSUS-001,mrtssales92-present.xlsx,1993
1993-07-01,toys,Toys & Games,451,"Sporting Goods, Hobby, Book, and Music Stores","Sporting goods, hobby, musical instrument, and book stores",2956,reported,False,SRC-CENSUS-001,mrtssales92-present.xlsx,1993
1993-08-01,toys,Toys & Games,451,"Sporting Goods, Hobby, Book, and Music Stores","Sporting goods, hobby, musical instrument, and book stores",3597,reported,False,SRC-CENSUS-001,mrtssales92-present.xlsx,1993
1993-09-01,toys,Toys & Games,451,"Sporting Goods, Hobby, Book, and Music Stores","Sporting goods, hobby, musical instrument, and book stores",3468,reported,False,SRC-CENSUS-001,mrtssales92-present.xlsx,1993
1993-10-01,toys,Toys & Games,451,"Sporting Goods, Hobby, Book, and Music Stores","Sporting goods, hobby, musical instrument, and book stores",3296,reported,False,SRC-CENSUS-001,mrtssales92-present.xlsx,1993
1993-11-01,toys,Toys & Games,451,"Sporting Goods, Hobby, Book, and Music Stores","Sporting goods, hobby, musical instrument, and book stores",4110,reported,False,SRC-CENSUS-001,mrtssales92-present.xlsx,1993
1993-12-01,toys,Toys & Games,451,"Sporting Goods, Hobby, Book, and Music Stores","Sporting goods, hobby, musical instrument, and book stores",7515,reported,False,SRC-CENSUS-001,mrtssales92-present.xlsx,1993
1994-01-01,toys,Toys & Games,451,"Sporting Goods, Hobby, Book, and Music Stores","Sporting goods, hobby, musical instrument, and book stores",3533,reported,False,SRC-CENSUS-001,mrtssales92-present.xlsx,1994
1994-02-01,toys,Toys & Games,451,"Sporting Goods, Hobby, Book, and Music Stores","Sporting goods, hobby, musical instrument, and book stores",2855,reported,False,SRC-CENSUS-001,mrtssales92-present.xlsx,1994
1994-03-01,toys,Toys & Games,451,"Sporting Goods, Hobby, Book, and Music Stores","Sporting goods, hobby, musical instrument, and book stores",3259,reported,False,SRC-CENSUS-001,mrtssales92-present.xlsx,1994
1994-04-01,toys,Toys & Games,451,"Sporting Goods, Hobby, Book, and Music Stores","Sporting goods, hobby, musical instrument, and book stores",3162,reported,False,SRC-CENSUS-001,mrtssales92-present.xlsx,1994
1994-05-01,toys,Toys & Games,451,"Sporting Goods, Hobby, Book, and Music Stores","Sporting goods, hobby, musical instrument, and book stores",3221,reported,False,SRC-CENSUS-001,mrtssales92-present.xlsx,1994
1994-06-01,toys,Toys & Games,451,"Sporting Goods, Hobby, Book, and Music Stores","Sporting goods, hobby, musical instrument, and book stores",3299,reported,False,SRC-CENSUS-001,mrtssales92-present.xlsx,1994
1994-07-01,toys,Toys & Games,451,"Sporting Goods, Hobby, Book, and Music Stores","Sporting goods, hobby, musical instrument, and book stores",3240,reported,False,SRC-CENSUS-001,mrtssales92-present.xlsx,1994
1994-08-01,toys,Toys & Games,451,"Sporting Goods, Hobby, Book, and Music Stores","Sporting goods, hobby, musical instrument, and book stores",4188,reported,False,SRC-CENSUS-001,mrtssales92-present.xlsx,1994
1994-09-01,toys,Toys & Games,451,"Sporting Goods, Hobby, Book, and Music Stores","Sporting goods, hobby, musical instrument, and book stores",3994,reported,False,SRC-CENSUS-001,mrtssales92-present.xlsx,1994
1994-10-01,toys,Toys & Games,451,"Sporting Goods, Hobby, Book, and Music Stores","Sporting goods, hobby, musical instrument, and book stores",3717,reported,False,SRC-CENSUS-001,mrtssales92-present.xlsx,1994
1994-11-01,toys,Toys & Games,451,"Sporting Goods, Hobby, Book, and Music Stores","Sporting goods, hobby, musical instrument, and book stores",4571,reported,False,SRC-CENSUS-001,mrtssales92-present.xlsx,1994
1994-12-01,toys,Toys & Games,451,"Sporting Goods, Hobby, Book, and Music Stores","Sporting goods, hobby, musical instrument, and book stores",8078,reported,False,SRC-CENSUS-001,mrtssales92-present.xlsx,1994
1995-01-01,toys,Toys & Games,451,"Sporting Goods, Hobby, Book, and Music Stores","Sporting goods, hobby, musical instrument, and book stores",4074,reported,False,SRC-CENSUS-001,mrtssales92-present.xlsx,1995
1995-02-01,toys,Toys & Games,451,"Sporting Goods, Hobby, Book, and Music Stores","Sporting goods, hobby, musical instrument, and book stores",3019,reported,False,SRC-CENSUS-001,mrtssales92-present.xlsx,1995
1995-03-01,toys,Toys & Games,451,"Sporting Goods, Hobby, Book, and Music Stores","Sporting goods, hobby, musical instrument, and book stores",3390,reported,False,SRC-CENSUS-001,mrtssales92-present.xlsx,1995
1995-04-01,toys,Toys & Games,451,"Sporting Goods, Hobby, Book, and Music Stores","Sporting goods, hobby, musical instrument, and book stores",3358,reported,False,SRC-CENSUS-001,mrtssales92-present.xlsx,1995
1995-05-01,toys,Toys & Games,451,"Sporting Goods, Hobby, Book, and Music Stores","Sporting goods, hobby, musical instrument, and book stores",3504,reported,False,SRC-CENSUS-001,mrtssales92-present.xlsx,1995
1995-06-01,toys,Toys & Games,451,"Sporting Goods, Hobby, Book, and Music Stores","Sporting goods, hobby, musical instrument, and book stores",3587,reported,False,SRC-CENSUS-001,mrtssales92-present.xlsx,1995
1995-07-01,toys,Toys & Games,451,"Sporting Goods, Hobby, Book, and Music Stores","Sporting goods, hobby, musical instrument, and book stores",3440,reported,False,SRC-CENSUS-001,mrtssales92-present.xlsx,1995
1995-08-01,toys,Toys & Games,451,"Sporting Goods, Hobby, Book, and Music Stores","Sporting goods, hobby, musical instrument, and book stores",4385,reported,False,SRC-CENSUS-001,mrtssales92-present.xlsx,1995
1995-09-01,toys,Toys & Games,451,"Sporting Goods, Hobby, Book, and Music Stores","Sporting goods, hobby, musical instrument, and book stores",4163,reported,False,SRC-CENSUS-001,mrtssales92-present.xlsx,1995
1995-10-01,toys,Toys & Games,451,"Sporting Goods, Hobby, Book, and Music Stores","Sporting goods, hobby, musical instrument, and book stores",3737,reported,False,SRC-CENSUS-001,mrtssales92-present.xlsx,1995
1995-11-01,toys,Toys & Games,451,"Sporting Goods, Hobby, Book, and Music Stores","Sporting goods, hobby, musical instrument, and book stores",4950,reported,False,SRC-CENSUS-001,mrtssales92-present.xlsx,1995
1995-12-01,toys,Toys & Games,451,"Sporting Goods, Hobby, Book, and Music Stores","Sporting goods, hobby, musical instrument, and book stores",8469,reported,False,SRC-CENSUS-001,mrtssales92-present.xlsx,1995
1996-01-01,toys,Toys & Games,451,"Sporting Goods, Hobby, Book, and Music Stores","Sporting goods, hobby, musical instrument, and book stores",4358,reported,False,SRC-CENSUS-001,mrtssales92-present.xlsx,1996
1996-02-01,toys,Toys & Games,451,"Sporting Goods, Hobby, Book, and Music Stores","Sporting goods, hobby, musical instrument, and book stores",3372,reported,False,SRC-CENSUS-001,mrtssales92-present.xlsx,1996
1996-03-01,toys,Toys & Games,451,"Sporting Goods, Hobby, Book, and Music Stores","Sporting goods, hobby, musical instrument, and book stores",3711,reported,False,SRC-CENSUS-001,mrtssales92-present.xlsx,1996
1996-04-01,toys,Toys & Games,451,"Sporting Goods, Hobby, Book, and Music Stores","Sporting goods, hobby, musical instrument, and book stores",3577,reported,False,SRC-CENSUS-001,mrtssales92-present.xlsx,1996
1996-05-01,toys,Toys & Games,451,"Sporting Goods, Hobby, Book, and Music Stores","Sporting goods, hobby, musical instrument, and book stores",3570,reported,False,SRC-CENSUS-001,mrtssales92-present.xlsx,1996
1996-06-01,toys,Toys & Games,451,"Sporting Goods, Hobby, Book, and Music Stores","Sporting goods, hobby, musical instrument, and book stores",3647,reported,False,SRC-CENSUS-001,mrtssales92-present.xlsx,1996
1996-07-01,toys,Toys & Games,451,"Sporting Goods, Hobby, Book, and Music Stores","Sporting goods, hobby, musical instrument, and book stores",3565,reported,False,SRC-CENSUS-001,mrtssales92-present.xlsx,1996
1996-08-01,toys,Toys & Games,451,"Sporting Goods, Hobby, Book, and Music Stores","Sporting goods, hobby, musical instrument, and book stores",4694,reported,False,SRC-CENSUS-001,mrtssales92-present.xlsx,1996
1996-09-01,toys,Toys & Games,451,"Sporting Goods, Hobby, Book, and Music Stores","Sporting goods, hobby, musical instrument, and book stores",4107,reported,False,SRC-CENSUS-001,mrtssales92-present.xlsx,1996
1996-10-01,toys,Toys & Games,451,"Sporting Goods, Hobby, Book, and Music Stores","Sporting goods, hobby, musical instrument, and book stores",4137,reported,False,SRC-CENSUS-001,mrtssales92-present.xlsx,1996
1996-11-01,toys,Toys & Games,451,"Sporting Goods, Hobby, Book, and Music Stores","Sporting goods, hobby, musical instrument, and book stores",5235,reported,False,SRC-CENSUS-001,mrtssales92-present.xlsx,1996
1996-12-01,toys,Toys & Games,451,"Sporting Goods, Hobby, Book, and Music Stores","Sporting goods, hobby, musical instrument, and book stores",9063,reported,False,SRC-CENSUS-001,mrtssales92-present.xlsx,1996
1997-01-01,toys,Toys & Games,451,"Sporting Goods, Hobby, Book, and Music Stores","Sporting goods, hobby, musical instrument, and book stores",4064,reported,False,SRC-CENSUS-001,mrtssales92-present.xlsx,1997
1997-02-01,toys,Toys & Games,451,"Sporting Goods, Hobby, Book, and Music Stores","Sporting goods, hobby, musical instrument, and book stores",3380,reported,False,SRC-CENSUS-001,mrtssales92-present.xlsx,1997
1997-03-01,toys,Toys & Games,451,"Sporting Goods, Hobby, Book, and Music Stores","Sporting goods, hobby, musical instrument, and book stores",3918,reported,False,SRC-CENSUS-001,mrtssales92-present.xlsx,1997
1997-04-01,toys,Toys & Games,451,"Sporting Goods, Hobby, Book, and Music Stores","Sporting goods, hobby, musical instrument, and book stores",3868,reported,False,SRC-CENSUS-001,mrtssales92-present.xlsx,1997
1997-05-01,toys,Toys & Games,451,"Sporting Goods, Hobby, Book, and Music Stores","Sporting goods, hobby, musical instrument, and book stores",4098,reported,False,SRC-CENSUS-001,mrtssales92-present.xlsx,1997
1997-06-01,toys,Toys & Games,451,"Sporting Goods, Hobby, Book, and Music Stores","Sporting goods, hobby, musical instrument, and book stores",4181,reported,False,SRC-CENSUS-001,mrtssales92-present.xlsx,1997
1997-07-01,toys,Toys & Games,451,"Sporting Goods, Hobby, Book, and Music Stores","Sporting goods, hobby, musical instrument, and book stores",4050,reported,False,SRC-CENSUS-001,mrtssales92-present.xlsx,1997
1997-08-01,toys,Toys & Games,451,"Sporting Goods, Hobby, Book, and Music Stores","Sporting goods, hobby, musical instrument, and book stores",4686,reported,False,SRC-CENSUS-001,mrtssales92-present.xlsx,1997
1997-09-01,toys,Toys & Games,451,"Sporting Goods, Hobby, Book, and Music Stores","Sporting goods, hobby, musical instrument, and book stores",4254,reported,False,SRC-CENSUS-001,mrtssales92-present.xlsx,1997
1997-10-01,toys,Toys & Games,451,"Sporting Goods, Hobby, Book, and Music Stores","Sporting goods, hobby, musical instrument, and book stores",4166,reported,False,SRC-CENSUS-001,mrtssales92-present.xlsx,1997
1997-11-01,toys,Toys & Games,451,"Sporting Goods, Hobby, Book, and Music Stores","Sporting goods, hobby, musical instrument, and book stores",5190,reported,False,SRC-CENSUS-001,mrtssales92-present.xlsx,1997
1997-12-01,toys,Toys & Games,451,"Sporting Goods, Hobby, Book, and Music Stores","Sporting goods, hobby, musical instrument, and book stores",8789,reported,False,SRC-CENSUS-001,mrtssales92-present.xlsx,1997
1998-01-01,toys,Toys & Games,451,"Sporting Goods, Hobby, Book, and Music Stores","Sporting goods, hobby, musical instrument, and book stores",4167,reported,False,SRC-CENSUS-001,mrtssales92-present.xlsx,1998
1998-02-01,toys,Toys & Games,451,"Sporting Goods, Hobby, Book, and Music Stores","Sporting goods, hobby, musical instrument, and book stores",3669,reported,False,SRC-CENSUS-001,mrtssales92-present.xlsx,1998
1998-03-01,toys,Toys & Games,451,"Sporting Goods, Hobby, Book, and Music Stores","Sporting goods, hobby, musical instrument, and book stores",4126,reported,False,SRC-CENSUS-001,mrtssales92-present.xlsx,1998
1998-04-01,toys,Toys & Games,451,"Sporting Goods, Hobby, Book, and Music Stores","Sporting goods, hobby, musical instrument, and book stores",4170,reported,False,SRC-CENSUS-001,mrtssales92-present.xlsx,1998
1998-05-01,toys,Toys & Games,451,"Sporting Goods, Hobby, Book, and Music Stores","Sporting goods, hobby, musical instrument, and book stores",4333,reported,False,SRC-CENSUS-001,mrtssales92-present.xlsx,1998
1998-06-01,toys,Toys & Games,451,"Sporting Goods, Hobby, Book, and Music Stores","Sporting goods, hobby, musical instrument, and book stores",4507,reported,False,SRC-CENSUS-001,mrtssales92-present.xlsx,1998
1998-07-01,toys,Toys & Games,451,"Sporting Goods, Hobby, Book, and Music Stores","Sporting goods, hobby, musical instrument, and book stores",4332,reported,False,SRC-CENSUS-001,mrtssales92-present.xlsx,1998
1998-08-01,toys,Toys & Games,451,"Sporting Goods, Hobby, Book, and Music Stores","Sporting goods, hobby, musical instrument, and book stores",4908,reported,False,SRC-CENSUS-001,mrtssales92-present.xlsx,1998
1998-09-01,toys,Toys & Games,451,"Sporting Goods, Hobby, Book, and Music Stores","Sporting goods, hobby, musical instrument, and book stores",4516,reported,False,SRC-CENSUS-001,mrtssales92-present.xlsx,1998
1998-10-01,toys,Toys & Games,451,"Sporting Goods, Hobby, Book, and Music Stores","Sporting goods, hobby, musical instrument, and book stores",4369,reported,False,SRC-CENSUS-001,mrtssales92-present.xlsx,1998
1998-11-01,toys,Toys & Games,451,"Sporting Goods, Hobby, Book, and Music Stores","Sporting goods, hobby, musical instrument, and book stores",5184,reported,False,SRC-CENSUS-001,mrtssales92-present.xlsx,1998
1998-12-01,toys,Toys & Games,451,"Sporting Goods, Hobby, Book, and Music Stores","Sporting goods, hobby, musical instrument, and book stores",9036,reported,False,SRC-CENSUS-001,mrtssales92-present.xlsx,1998
1999-01-01,toys,Toys & Games,451,"Sporting Goods, Hobby, Book, and Music Stores","Sporting goods, hobby, musical instrument, and book stores",4402,reported,False,SRC-CENSUS-001,mrtssales92-present.xlsx,1999
1999-02-01,toys,Toys & Games,451,"Sporting Goods, Hobby, Book, and Music Stores","Sporting goods, hobby, musical instrument, and book stores",3908,reported,False,SRC-CENSUS-001,mrtssales92-present.xlsx,1999
1999-03-01,toys,Toys & Games,451,"Sporting Goods, Hobby, Book, and Music Stores","Sporting goods, hobby, musical instrument, and book stores",4503,reported,False,SRC-CENSUS-001,mrtssales92-present.xlsx,1999
1999-04-01,toys,Toys & Games,451,"Sporting Goods, Hobby, Book, and Music Stores","Sporting goods, hobby, musical instrument, and book stores",4372,reported,False,SRC-CENSUS-001,mrtssales92-present.xlsx,1999
1999-05-01,toys,Toys & Games,451,"Sporting Goods, Hobby, Book, and Music Stores","Sporting goods, hobby, musical instrument, and book stores",4516,reported,False,SRC-CENSUS-001,mrtssales92-present.xlsx,1999
1999-06-01,toys,Toys & Games,451,"Sporting Goods, Hobby, Book, and Music Stores","Sporting goods, hobby, musical instrument, and book stores",4809,reported,False,SRC-CENSUS-001,mrtssales92-present.xlsx,1999
1999-07-01,toys,Toys & Games,451,"Sporting Goods, Hobby, Book, and Music Stores","Sporting goods, hobby, musical instrument, and book stores",4636,reported,False,SRC-CENSUS-001,mrtssales92-present.xlsx,1999
1999-08-01,toys,Toys & Games,451,"Sporting Goods, Hobby, Book, and Music Stores","Sporting goods, hobby, musical instrument, and book stores",5127,reported,False,SRC-CENSUS-001,mrtssales92-present.xlsx,1999
1999-09-01,toys,Toys & Games,451,"Sporting Goods, Hobby, Book, and Music Stores","Sporting goods, hobby, musical instrument, and book stores",4798,reported,False,SRC-CENSUS-001,mrtssales92-present.xlsx,1999
1999-10-01,toys,Toys & Games,451,"Sporting Goods, Hobby, Book, and Music Stores","Sporting goods, hobby, musical instrument, and book stores",4613,reported,False,SRC-CENSUS-001,mrtssales92-present.xlsx,1999
1999-11-01,toys,Toys & Games,451,"Sporting Goods, Hobby, Book, and Music Stores","Sporting goods, hobby, musical instrument, and book stores",5643,reported,False,SRC-CENSUS-001,mrtssales92-present.xlsx,1999
1999-12-01,toys,Toys & Games,451,"Sporting Goods, Hobby, Book, and Music Stores","Sporting goods, hobby, musical instrument, and book stores",9512,reported,False,SRC-CENSUS-001,mrtssales92-present.xlsx,1999
2000-01-01,toys,Toys & Games,451,"Sporting Goods, Hobby, Book, and Music Stores","Sporting goods, hobby, musical instrument, and book stores",4491,reported,False,SRC-CENSUS-001,mrtssales92-present.xlsx,2000
2000-02-01,toys,Toys & Games,451,"Sporting Goods, Hobby, Book, and Music Stores","Sporting goods, hobby, musical instrument, and book stores",4321,reported,False,SRC-CENSUS-001,mrtssales92-present.xlsx,2000
2000-03-01,toys,Toys & Games,451,"Sporting Goods, Hobby, Book, and Music Stores","Sporting goods, hobby, musical instrument, and book stores",4874,reported,False,SRC-CENSUS-001,mrtssales92-present.xlsx,2000
2000-04-01,toys,Toys & Games,451,"Sporting Goods, Hobby, Book, and Music Stores","Sporting goods, hobby, musical instrument, and book stores",4697,reported,False,SRC-CENSUS-001,mrtssales92-present.xlsx,2000
2000-05-01,toys,Toys & Games,451,"Sporting Goods, Hobby, Book, and Music Stores","Sporting goods, hobby, musical instrument, and book stores",4979,reported,False,SRC-CENSUS-001,mrtssales92-present.xlsx,2000
2000-06-01,toys,Toys & Games,451,"Sporting Goods, Hobby, Book, and Music Stores","Sporting goods, hobby, musical instrument, and book stores",5087,reported,False,SRC-CENSUS-001,mrtssales92-present.xlsx,2000
2000-07-01,toys,Toys & Games,451,"Sporting Goods, Hobby, Book, and Music Stores","Sporting goods, hobby, musical instrument, and book stores",4933,reported,False,SRC-CENSUS-001,mrtssales92-present.xlsx,2000
2000-08-01,toys,Toys & Games,451,"Sporting Goods, Hobby, Book, and Music Stores","Sporting goods, hobby, musical instrument, and book stores",5618,reported,False,SRC-CENSUS-001,mrtssales92-present.xlsx,2000
2000-09-01,toys,Toys & Games,451,"Sporting Goods, Hobby, Book, and Music Stores","Sporting goods, hobby, musical instrument, and book stores",5276,reported,False,SRC-CENSUS-001,mrtssales92-present.xlsx,2000
2000-10-01,toys,Toys & Games,451,"Sporting Goods, Hobby, Book, and Music Stores","Sporting goods, hobby, musical instrument, and book stores",4695,reported,False,SRC-CENSUS-001,mrtssales92-present.xlsx,2000
2000-11-01,toys,Toys & Games,451,"Sporting Goods, Hobby, Book, and Music Stores","Sporting goods, hobby, musical instrument, and book stores",5821,reported,False,SRC-CENSUS-001,mrtssales92-present.xlsx,2000
2000-12-01,toys,Toys & Games,451,"Sporting Goods, Hobby, Book, and Music Stores","Sporting goods, hobby, musical instrument, and book stores",9588,reported,False,SRC-CENSUS-001,mrtssales92-present.xlsx,2000
2001-01-01,toys,Toys & Games,451,"Sporting Goods, Hobby, Book, and Music Stores","Sporting goods, hobby, musical instrument, and book stores",4763,reported,False,SRC-CENSUS-001,mrtssales92-present.xlsx,2001
2001-02-01,toys,Toys & Games,451,"Sporting Goods, Hobby, Book, and Music Stores","Sporting goods, hobby, musical instrument, and book stores",4297,reported,False,SRC-CENSUS-001,mrtssales92-present.xlsx,2001
2001-03-01,toys,Toys & Games,451,"Sporting Goods, Hobby, Book, and Music Stores","Sporting goods, hobby, musical instrument, and book stores",4981,reported,False,SRC-CENSUS-001,mrtssales92-present.xlsx,2001
2001-04-01,toys,Toys & Games,451,"Sporting Goods, Hobby, Book, and Music Stores","Sporting goods, hobby, musical instrument, and book stores",4624,reported,False,SRC-CENSUS-001,mrtssales92-present.xlsx,2001
2001-05-01,toys,Toys & Games,451,"Sporting Goods, Hobby, Book, and Music Stores","Sporting goods, hobby, musical instrument, and book stores",4891,reported,False,SRC-CENSUS-001,mrtssales92-present.xlsx,2001
2001-06-01,toys,Toys & Games,451,"Sporting Goods, Hobby, Book, and Music Stores","Sporting goods, hobby, musical instrument, and book stores",5071,reported,False,SRC-CENSUS-001,mrtssales92-present.xlsx,2001
2001-07-01,toys,Toys & Games,451,"Sporting Goods, Hobby, Book, and Music Stores","Sporting goods, hobby, musical instrument, and book stores",4825,reported,False,SRC-CENSUS-001,mrtssales92-present.xlsx,2001
2001-08-01,toys,Toys & Games,451,"Sporting Goods, Hobby, Book, and Music Stores","Sporting goods, hobby, musical instrument, and book stores",5878,reported,False,SRC-CENSUS-001,mrtssales92-present.xlsx,2001
2001-09-01,toys,Toys & Games,451,"Sporting Goods, Hobby, Book, and Music Stores","Sporting goods, hobby, musical instrument, and book stores",5090,reported,False,SRC-CENSUS-001,mrtssales92-present.xlsx,2001
2001-10-01,toys,Toys & Games,451,"Sporting Goods, Hobby, Book, and Music Stores","Sporting goods, hobby, musical instrument, and book stores",4898,reported,False,SRC-CENSUS-001,mrtssales92-present.xlsx,2001
2001-11-01,toys,Toys & Games,451,"Sporting Goods, Hobby, Book, and Music Stores","Sporting goods, hobby, musical instrument, and book stores",6362,reported,False,SRC-CENSUS-001,mrtssales92-present.xlsx,2001
2001-12-01,toys,Toys & Games,451,"Sporting Goods, Hobby, Book, and Music Stores","Sporting goods, hobby, musical instrument, and book stores",9710,reported,False,SRC-CENSUS-001,mrtssales92-present.xlsx,2001
2002-01-01,toys,Toys & Games,451,"Sporting Goods, Hobby, Book, and Music Stores","Sporting goods, hobby, musical instrument, and book stores",5179,reported,False,SRC-CENSUS-001,mrtssales92-present.xlsx,2002
2002-02-01,toys,Toys & Games,451,"Sporting Goods, Hobby, Book, and Music Stores","Sporting goods, hobby, musical instrument, and book stores",4282,reported,False,SRC-CENSUS-001,mrtssales92-present.xlsx,2002
2002-03-01,toys,Toys & Games,451,"Sporting Goods, Hobby, Book, and Music Stores","Sporting goods, hobby, musical instrument, and book stores",4984,reported,False,SRC-CENSUS-001,mrtssales92-present.xlsx,2002
2002-04-01,toys,Toys & Games,451,"Sporting Goods, Hobby, Book, and Music Stores","Sporting goods, hobby, musical instrument, and book stores",4713,reported,False,SRC-CENSUS-001,mrtssales92-present.xlsx,2002
2002-05-01,toys,Toys & Games,451,"Sporting Goods, Hobby, Book, and Music Stores","Sporting goods, hobby, musical instrument, and book stores",4954,reported,False,SRC-CENSUS-001,mrtssales92-present.xlsx,2002
2002-06-01,toys,Toys & Games,451,"Sporting Goods, Hobby, Book, and Music Stores","Sporting goods, hobby, musical instrument, and book stores",4937,reported,False,SRC-CENSUS-001,mrtssales92-present.xlsx,2002
2002-07-01,toys,Toys & Games,451,"Sporting Goods, Hobby, Book, and Music Stores","Sporting goods, hobby, musical instrument, and book stores",4879,reported,False,SRC-CENSUS-001,mrtssales92-present.xlsx,2002
2002-08-01,toys,Toys & Games,451,"Sporting Goods, Hobby, Book, and Music Stores","Sporting goods, hobby, musical instrument, and book stores",5913,reported,False,SRC-CENSUS-001,mrtssales92-present.xlsx,2002
2002-09-01,toys,Toys & Games,451,"Sporting Goods, Hobby, Book, and Music Stores","Sporting goods, hobby, musical instrument, and book stores",5172,reported,False,SRC-CENSUS-001,mrtssales92-present.xlsx,2002
2002-10-01,toys,Toys & Games,451,"Sporting Goods, Hobby, Book, and Music Stores","Sporting goods, hobby, musical instrument, and book stores",4932,reported,False,SRC-CENSUS-001,mrtssales92-present.xlsx,2002
2002-11-01,toys,Toys & Games,451,"Sporting Goods, Hobby, Book, and Music Stores","Sporting goods, hobby, musical instrument, and book stores",6374,reported,False,SRC-CENSUS-001,mrtssales92-present.xlsx,2002
2002-12-01,toys,Toys & Games,451,"Sporting Goods, Hobby, Book, and Music Stores","Sporting goods, hobby, musical instrument, and book stores",9668,reported,False,SRC-CENSUS-001,mrtssales92-present.xlsx,2002
2003-01-01,toys,Toys & Games,451,"Sporting Goods, Hobby, Book, and Music Stores","Sporting goods, hobby, musical instrument, and book stores",5286,reported,False,SRC-CENSUS-001,mrtssales92-present.xlsx,2003
2003-02-01,toys,Toys & Games,451,"Sporting Goods, Hobby, Book, and Music Stores","Sporting goods, hobby, musical instrument, and book stores",4189,reported,False,SRC-CENSUS-001,mrtssales92-present.xlsx,2003
2003-03-01,toys,Toys & Games,451,"Sporting Goods, Hobby, Book, and Music Stores","Sporting goods, hobby, musical instrument, and book stores",4751,reported,False,SRC-CENSUS-001,mrtssales92-present.xlsx,2003
2003-04-01,toys,Toys & Games,451,"Sporting Goods, Hobby, Book, and Music Stores","Sporting goods, hobby, musical instrument, and book stores",4770,reported,False,SRC-CENSUS-001,mrtssales92-present.xlsx,2003
2003-05-01,toys,Toys & Games,451,"Sporting Goods, Hobby, Book, and Music Stores","Sporting goods, hobby, musical instrument, and book stores",4965,reported,False,SRC-CENSUS-001,mrtssales92-present.xlsx,2003
2003-06-01,toys,Toys & Games,451,"Sporting Goods, Hobby, Book, and Music Stores","Sporting goods, hobby, musical instrument, and book stores",5075,reported,False,SRC-CENSUS-001,mrtssales92-present.xlsx,2003
2003-07-01,toys,Toys & Games,451,"Sporting Goods, Hobby, Book, and Music Stores","Sporting goods, hobby, musical instrument, and book stores",5034,reported,False,SRC-CENSUS-001,mrtssales92-present.xlsx,2003
2003-08-01,toys,Toys & Games,451,"Sporting Goods, Hobby, Book, and Music Stores","Sporting goods, hobby, musical instrument, and book stores",6416,reported,False,SRC-CENSUS-001,mrtssales92-present.xlsx,2003
2003-09-01,toys,Toys & Games,451,"Sporting Goods, Hobby, Book, and Music Stores","Sporting goods, hobby, musical instrument, and book stores",5404,reported,False,SRC-CENSUS-001,mrtssales92-present.xlsx,2003
2003-10-01,toys,Toys & Games,451,"Sporting Goods, Hobby, Book, and Music Stores","Sporting goods, hobby, musical instrument, and book stores",4992,reported,False,SRC-CENSUS-001,mrtssales92-present.xlsx,2003
2003-11-01,toys,Toys & Games,451,"Sporting Goods, Hobby, Book, and Music Stores","Sporting goods, hobby, musical instrument, and book stores",6160,reported,False,SRC-CENSUS-001,mrtssales92-present.xlsx,2003
2003-12-01,toys,Toys & Games,451,"Sporting Goods, Hobby, Book, and Music Stores","Sporting goods, hobby, musical instrument, and book stores",10050,reported,False,SRC-CENSUS-001,mrtssales92-present.xlsx,2003
2004-01-01,toys,Toys & Games,451,"Sporting Goods, Hobby, Book, and Music Stores","Sporting goods, hobby, musical instrument, and book stores",5630,reported,False,SRC-CENSUS-001,mrtssales92-present.xlsx,2004
2004-02-01,toys,Toys & Games,451,"Sporting Goods, Hobby, Book, and Music Stores","Sporting goods, hobby, musical instrument, and book stores",4657,reported,False,SRC-CENSUS-001,mrtssales92-present.xlsx,2004
2004-03-01,toys,Toys & Games,451,"Sporting Goods, Hobby, Book, and Music Stores","Sporting goods, hobby, musical instrument, and book stores",5174,reported,False,SRC-CENSUS-001,mrtssales92-present.xlsx,2004
2004-04-01,toys,Toys & Games,451,"Sporting Goods, Hobby, Book, and Music Stores","Sporting goods, hobby, musical instrument, and book stores",4941,reported,False,SRC-CENSUS-001,mrtssales92-present.xlsx,2004
2004-05-01,toys,Toys & Games,451,"Sporting Goods, Hobby, Book, and Music Stores","Sporting goods, hobby, musical instrument, and book stores",5026,reported,False,SRC-CENSUS-001,mrtssales92-present.xlsx,2004
2004-06-01,toys,Toys & Games,451,"Sporting Goods, Hobby, Book, and Music Stores","Sporting goods, hobby, musical instrument, and book stores",5330,reported,False,SRC-CENSUS-001,mrtssales92-present.xlsx,2004
2004-07-01,toys,Toys & Games,451,"Sporting Goods, Hobby, Book, and Music Stores","Sporting goods, hobby, musical instrument, and book stores",5411,reported,False,SRC-CENSUS-001,mrtssales92-present.xlsx,2004
2004-08-01,toys,Toys & Games,451,"Sporting Goods, Hobby, Book, and Music Stores","Sporting goods, hobby, musical instrument, and book stores",6419,reported,False,SRC-CENSUS-001,mrtssales92-present.xlsx,2004
2004-09-01,toys,Toys & Games,451,"Sporting Goods, Hobby, Book, and Music Stores","Sporting goods, hobby, musical instrument, and book stores",5538,reported,False,SRC-CENSUS-001,mrtssales92-present.xlsx,2004
2004-10-01,toys,Toys & Games,451,"Sporting Goods, Hobby, Book, and Music Stores","Sporting goods, hobby, musical instrument, and book stores",5193,reported,False,SRC-CENSUS-001,mrtssales92-present.xlsx,2004
2004-11-01,toys,Toys & Games,451,"Sporting Goods, Hobby, Book, and Music Stores","Sporting goods, hobby, musical instrument, and book stores",6316,reported,False,SRC-CENSUS-001,mrtssales92-present.xlsx,2004
2004-12-01,toys,Toys & Games,451,"Sporting Goods, Hobby, Book, and Music Stores","Sporting goods, hobby, musical instrument, and book stores",10204,reported,False,SRC-CENSUS-001,mrtssales92-present.xlsx,2004
2005-01-01,toys,Toys & Games,451,"Sporting Goods, Hobby, Book, and Music Stores","Sporting goods, hobby, musical instrument, and book stores",5588,reported,False,SRC-CENSUS-001,mrtssales92-present.xlsx,2005
2005-02-01,toys,Toys & Games,451,"Sporting Goods, Hobby, Book, and Music Stores","Sporting goods, hobby, musical instrument, and book stores",4675,reported,False,SRC-CENSUS-001,mrtssales92-present.xlsx,2005
2005-03-01,toys,Toys & Games,451,"Sporting Goods, Hobby, Book, and Music Stores","Sporting goods, hobby, musical instrument, and book stores",5337,reported,False,SRC-CENSUS-001,mrtssales92-present.xlsx,2005
2005-04-01,toys,Toys & Games,451,"Sporting Goods, Hobby, Book, and Music Stores","Sporting goods, hobby, musical instrument, and book stores",5262,reported,False,SRC-CENSUS-001,mrtssales92-present.xlsx,2005
2005-05-01,toys,Toys & Games,451,"Sporting Goods, Hobby, Book, and Music Stores","Sporting goods, hobby, musical instrument, and book stores",5281,reported,False,SRC-CENSUS-001,mrtssales92-present.xlsx,2005
2005-06-01,toys,Toys & Games,451,"Sporting Goods, Hobby, Book, and Music Stores","Sporting goods, hobby, musical instrument, and book stores",5427,reported,False,SRC-CENSUS-001,mrtssales92-present.xlsx,2005
2005-07-01,toys,Toys & Games,451,"Sporting Goods, Hobby, Book, and Music Stores","Sporting goods, hobby, musical instrument, and book stores",5528,reported,False,SRC-CENSUS-001,mrtssales92-present.xlsx,2005
2005-08-01,toys,Toys & Games,451,"Sporting Goods, Hobby, Book, and Music Stores","Sporting goods, hobby, musical instrument, and book stores",6703,reported,False,SRC-CENSUS-001,mrtssales92-present.xlsx,2005
2005-09-01,toys,Toys & Games,451,"Sporting Goods, Hobby, Book, and Music Stores","Sporting goods, hobby, musical instrument, and book stores",5614,reported,False,SRC-CENSUS-001,mrtssales92-present.xlsx,2005
2005-10-01,toys,Toys & Games,451,"Sporting Goods, Hobby, Book, and Music Stores","Sporting goods, hobby, musical instrument, and book stores",5319,reported,False,SRC-CENSUS-001,mrtssales92-present.xlsx,2005
2005-11-01,toys,Toys & Games,451,"Sporting Goods, Hobby, Book, and Music Stores","Sporting goods, hobby, musical instrument, and book stores",6469,reported,False,SRC-CENSUS-001,mrtssales92-present.xlsx,2005
2005-12-01,toys,Toys & Games,451,"Sporting Goods, Hobby, Book, and Music Stores","Sporting goods, hobby, musical instrument, and book stores",10690,reported,False,SRC-CENSUS-001,mrtssales92-present.xlsx,2005
2006-01-01,toys,Toys & Games,451,"Sporting Goods, Hobby, Book, and Music Stores","Sporting goods, hobby, musical instrument, and book stores",6089,reported,False,SRC-CENSUS-001,mrtssales92-present.xlsx,2006
2006-02-01,toys,Toys & Games,451,"Sporting Goods, Hobby, Book, and Music Stores","Sporting goods, hobby, musical instrument, and book stores",4941,reported,False,SRC-CENSUS-001,mrtssales92-present.xlsx,2006
2006-03-01,toys,Toys & Games,451,"Sporting Goods, Hobby, Book, and Music Stores","Sporting goods, hobby, musical instrument, and book stores",5739,reported,False,SRC-CENSUS-001,mrtssales92-present.xlsx,2006
2006-04-01,toys,Toys & Games,451,"Sporting Goods, Hobby, Book, and Music Stores","Sporting goods, hobby, musical instrument, and book stores",5434,reported,False,SRC-CENSUS-001,mrtssales92-present.xlsx,2006
2006-05-01,toys,Toys & Games,451,"Sporting Goods, Hobby, Book, and Music Stores","Sporting goods, hobby, musical instrument, and book stores",5652,reported,False,SRC-CENSUS-001,mrtssales92-present.xlsx,2006
2006-06-01,toys,Toys & Games,451,"Sporting Goods, Hobby, Book, and Music Stores","Sporting goods, hobby, musical instrument, and book stores",5857,reported,False,SRC-CENSUS-001,mrtssales92-present.xlsx,2006
2006-07-01,toys,Toys & Games,451,"Sporting Goods, Hobby, Book, and Music Stores","Sporting goods, hobby, musical instrument, and book stores",5649,reported,False,SRC-CENSUS-001,mrtssales92-present.xlsx,2006
2006-08-01,toys,Toys & Games,451,"Sporting Goods, Hobby, Book, and Music Stores","Sporting goods, hobby, musical instrument, and book stores",6937,reported,False,SRC-CENSUS-001,mrtssales92-present.xlsx,2006
2006-09-01,toys,Toys & Games,451,"Sporting Goods, Hobby, Book, and Music Stores","Sporting goods, hobby, musical instrument, and book stores",6181,reported,False,SRC-CENSUS-001,mrtssales92-present.xlsx,2006
2006-10-01,toys,Toys & Games,451,"Sporting Goods, Hobby, Book, and Music Stores","Sporting goods, hobby, musical instrument, and book stores",5445,reported,False,SRC-CENSUS-001,mrtssales92-present.xlsx,2006
2006-11-01,toys,Toys & Games,451,"Sporting Goods, Hobby, Book, and Music Stores","Sporting goods, hobby, musical instrument, and book stores",6537,reported,False,SRC-CENSUS-001,mrtssales92-present.xlsx,2006
2006-12-01,toys,Toys & Games,451,"Sporting Goods, Hobby, Book, and Music Stores","Sporting goods, hobby, musical instrument, and book stores",10720,reported,False,SRC-CENSUS-001,mrtssales92-present.xlsx,2006
2007-01-01,toys,Toys & Games,451,"Sporting Goods, Hobby, Book, and Music Stores","Sporting goods, hobby, musical instrument, and book stores",5990,reported,False,SRC-CENSUS-001,mrtssales92-present.xlsx,2007
2007-02-01,toys,Toys & Games,451,"Sporting Goods, Hobby, Book, and Music Stores","Sporting goods, hobby, musical instrument, and book stores",4835,reported,False,SRC-CENSUS-001,mrtssales92-present.xlsx,2007
2007-03-01,toys,Toys & Games,451,"Sporting Goods, Hobby, Book, and Music Stores","Sporting goods, hobby, musical instrument, and book stores",5927,reported,False,SRC-CENSUS-001,mrtssales92-present.xlsx,2007
2007-04-01,toys,Toys & Games,451,"Sporting Goods, Hobby, Book, and Music Stores","Sporting goods, hobby, musical instrument, and book stores",5395,reported,False,SRC-CENSUS-001,mrtssales92-present.xlsx,2007
2007-05-01,toys,Toys & Games,451,"Sporting Goods, Hobby, Book, and Music Stores","Sporting goods, hobby, musical instrument, and book stores",5945,reported,False,SRC-CENSUS-001,mrtssales92-present.xlsx,2007
2007-06-01,toys,Toys & Games,451,"Sporting Goods, Hobby, Book, and Music Stores","Sporting goods, hobby, musical instrument, and book stores",6265,reported,False,SRC-CENSUS-001,mrtssales92-present.xlsx,2007
2007-07-01,toys,Toys & Games,451,"Sporting Goods, Hobby, Book, and Music Stores","Sporting goods, hobby, musical instrument, and book stores",6067,reported,False,SRC-CENSUS-001,mrtssales92-present.xlsx,2007
2007-08-01,toys,Toys & Games,451,"Sporting Goods, Hobby, Book, and Music Stores","Sporting goods, hobby, musical instrument, and book stores",7456,reported,False,SRC-CENSUS-001,mrtssales92-present.xlsx,2007
2007-09-01,toys,Toys & Games,451,"Sporting Goods, Hobby, Book, and Music Stores","Sporting goods, hobby, musical instrument, and book stores",6097,reported,False,SRC-CENSUS-001,mrtssales92-present.xlsx,2007
2007-10-01,toys,Toys & Games,451,"Sporting Goods, Hobby, Book, and Music Stores","Sporting goods, hobby, musical instrument, and book stores",5733,reported,False,SRC-CENSUS-001,mrtssales92-present.xlsx,2007
2007-11-01,toys,Toys & Games,451,"Sporting Goods, Hobby, Book, and Music Stores","Sporting goods, hobby, musical instrument, and book stores",7077,reported,False,SRC-CENSUS-001,mrtssales92-present.xlsx,2007
2007-12-01,toys,Toys & Games,451,"Sporting Goods, Hobby, Book, and Music Stores","Sporting goods, hobby, musical instrument, and book stores",10754,reported,False,SRC-CENSUS-001,mrtssales92-present.xlsx,2007
2008-01-01,toys,Toys & Games,451,"Sporting Goods, Hobby, Book, and Music Stores","Sporting goods, hobby, musical instrument, and book stores",6292,reported,False,SRC-CENSUS-001,mrtssales92-present.xlsx,2008
2008-02-01,toys,Toys & Games,451,"Sporting Goods, Hobby, Book, and Music Stores","Sporting goods, hobby, musical instrument, and book stores",5279,reported,False,SRC-CENSUS-001,mrtssales92-present.xlsx,2008
2008-03-01,toys,Toys & Games,451,"Sporting Goods, Hobby, Book, and Music Stores","Sporting goods, hobby, musical instrument, and book stores",5860,reported,False,SRC-CENSUS-001,mrtssales92-present.xlsx,2008
2008-04-01,toys,Toys & Games,451,"Sporting Goods, Hobby, Book, and Music Stores","Sporting goods, hobby, musical instrument, and book stores",5667,reported,False,SRC-CENSUS-001,mrtssales92-present.xlsx,2008
2008-05-01,toys,Toys & Games,451,"Sporting Goods, Hobby, Book, and Music Stores","Sporting goods, hobby, musical instrument, and book stores",6182,reported,False,SRC-CENSUS-001,mrtssales92-present.xlsx,2008
2008-06-01,toys,Toys & Games,451,"Sporting Goods, Hobby, Book, and Music Stores","Sporting goods, hobby, musical instrument, and book stores",6097,reported,False,SRC-CENSUS-001,mrtssales92-present.xlsx,2008
2008-07-01,toys,Toys & Games,451,"Sporting Goods, Hobby, Book, and Music Stores","Sporting goods, hobby, musical instrument, and book stores",6114,reported,False,SRC-CENSUS-001,mrtssales92-present.xlsx,2008
2008-08-01,toys,Toys & Games,451,"Sporting Goods, Hobby, Book, and Music Stores","Sporting goods, hobby, musical instrument, and book stores",7666,reported,False,SRC-CENSUS-001,mrtssales92-present.xlsx,2008
2008-09-01,toys,Toys & Games,451,"Sporting Goods, Hobby, Book, and Music Stores","Sporting goods, hobby, musical instrument, and book stores",5937,reported,False,SRC-CENSUS-001,mrtssales92-present.xlsx,2008
2008-10-01,toys,Toys & Games,451,"Sporting Goods, Hobby, Book, and Music Stores","Sporting goods, hobby, musical instrument, and book stores",5389,reported,False,SRC-CENSUS-001,mrtssales92-present.xlsx,2008
2008-11-01,toys,Toys & Games,451,"Sporting Goods, Hobby, Book, and Music Stores","Sporting goods, hobby, musical instrument, and book stores",6465,reported,False,SRC-CENSUS-001,mrtssales92-present.xlsx,2008
2008-12-01,toys,Toys & Games,451,"Sporting Goods, Hobby, Book, and Music Stores","Sporting goods, hobby, musical instrument, and book stores",10361,reported,False,SRC-CENSUS-001,mrtssales92-present.xlsx,2008
2009-01-01,toys,Toys & Games,451,"Sporting Goods, Hobby, Book, and Music Stores","Sporting goods, hobby, musical instrument, and book stores",6179,reported,False,SRC-CENSUS-001,mrtssales92-present.xlsx,2009
2009-02-01,toys,Toys & Games,451,"Sporting Goods, Hobby, Book, and Music Stores","Sporting goods, hobby, musical instrument, and book stores",4869,reported,False,SRC-CENSUS-001,mrtssales92-present.xlsx,2009
2009-03-01,toys,Toys & Games,451,"Sporting Goods, Hobby, Book, and Music Stores","Sporting goods, hobby, musical instrument, and book stores",5483,reported,False,SRC-CENSUS-001,mrtssales92-present.xlsx,2009
2009-04-01,toys,Toys & Games,451,"Sporting Goods, Hobby, Book, and Music Stores","Sporting goods, hobby, musical instrument, and book stores",5458,reported,False,SRC-CENSUS-001,mrtssales92-present.xlsx,2009
2009-05-01,toys,Toys & Games,451,"Sporting Goods, Hobby, Book, and Music Stores","Sporting goods, hobby, musical instrument, and book stores",5724,reported,False,SRC-CENSUS-001,mrtssales92-present.xlsx,2009
2009-06-01,toys,Toys & Games,451,"Sporting Goods, Hobby, Book, and Music Stores","Sporting goods, hobby, musical instrument, and book stores",5872,reported,False,SRC-CENSUS-001,mrtssales92-present.xlsx,2009
2009-07-01,toys,Toys & Games,451,"Sporting Goods, Hobby, Book, and Music Stores","Sporting goods, hobby, musical instrument, and book stores",5790,reported,False,SRC-CENSUS-001,mrtssales92-present.xlsx,2009
2009-08-01,toys,Toys & Games,451,"Sporting Goods, Hobby, Book, and Music Stores","Sporting goods, hobby, musical instrument, and book stores",7214,reported,False,SRC-CENSUS-001,mrtssales92-present.xlsx,2009
2009-09-01,toys,Toys & Games,451,"Sporting Goods, Hobby, Book, and Music Stores","Sporting goods, hobby, musical instrument, and book stores",5955,reported,False,SRC-CENSUS-001,mrtssales92-present.xlsx,2009
2009-10-01,toys,Toys & Games,451,"Sporting Goods, Hobby, Book, and Music Stores","Sporting goods, hobby, musical instrument, and book stores",5358,reported,False,SRC-CENSUS-001,mrtssales92-present.xlsx,2009
2009-11-01,toys,Toys & Games,451,"Sporting Goods, Hobby, Book, and Music Stores","Sporting goods, hobby, musical instrument, and book stores",6208,reported,False,SRC-CENSUS-001,mrtssales92-present.xlsx,2009
2009-12-01,toys,Toys & Games,451,"Sporting Goods, Hobby, Book, and Music Stores","Sporting goods, hobby, musical instrument, and book stores",10380,reported,False,SRC-CENSUS-001,mrtssales92-present.xlsx,2009
2010-01-01,toys,Toys & Games,451,"Sporting Goods, Hobby, Book, and Music Stores","Sporting goods, hobby, musical instrument, and book stores",6021,reported,False,SRC-CENSUS-001,mrtssales92-present.xlsx,2010
2010-02-01,toys,Toys & Games,451,"Sporting Goods, Hobby, Book, and Music Stores","Sporting goods, hobby, musical instrument, and book stores",4791,reported,False,SRC-CENSUS-001,mrtssales92-present.xlsx,2010
2010-03-01,toys,Toys & Games,451,"Sporting Goods, Hobby, Book, and Music Stores","Sporting goods, hobby, musical instrument, and book stores",5780,reported,False,SRC-CENSUS-001,mrtssales92-present.xlsx,2010
2010-04-01,toys,Toys & Games,451,"Sporting Goods, Hobby, Book, and Music Stores","Sporting goods, hobby, musical instrument, and book stores",5429,reported,False,SRC-CENSUS-001,mrtssales92-present.xlsx,2010
2010-05-01,toys,Toys & Games,451,"Sporting Goods, Hobby, Book, and Music Stores","Sporting goods, hobby, musical instrument, and book stores",5645,reported,False,SRC-CENSUS-001,mrtssales92-present.xlsx,2010
2010-06-01,toys,Toys & Games,451,"Sporting Goods, Hobby, Book, and Music Stores","Sporting goods, hobby, musical instrument, and book stores",5986,reported,False,SRC-CENSUS-001,mrtssales92-present.xlsx,2010
2010-07-01,toys,Toys & Games,451,"Sporting Goods, Hobby, Book, and Music Stores","Sporting goods, hobby, musical instrument, and book stores",5850,reported,False,SRC-CENSUS-001,mrtssales92-present.xlsx,2010
2010-08-01,toys,Toys & Games,451,"Sporting Goods, Hobby, Book, and Music Stores","Sporting goods, hobby, musical instrument, and book stores",7105,reported,False,SRC-CENSUS-001,mrtssales92-present.xlsx,2010
2010-09-01,toys,Toys & Games,451,"Sporting Goods, Hobby, Book, and Music Stores","Sporting goods, hobby, musical instrument, and book stores",5871,reported,False,SRC-CENSUS-001,mrtssales92-present.xlsx,2010
2010-10-01,toys,Toys & Games,451,"Sporting Goods, Hobby, Book, and Music Stores","Sporting goods, hobby, musical instrument, and book stores",5407,reported,False,SRC-CENSUS-001,mrtssales92-present.xlsx,2010
2010-11-01,toys,Toys & Games,451,"Sporting Goods, Hobby, Book, and Music Stores","Sporting goods, hobby, musical instrument, and book stores",6691,reported,False,SRC-CENSUS-001,mrtssales92-present.xlsx,2010
2010-12-01,toys,Toys & Games,451,"Sporting Goods, Hobby, Book, and Music Stores","Sporting goods, hobby, musical instrument, and book stores",10515,reported,False,SRC-CENSUS-001,mrtssales92-present.xlsx,2010
2011-01-01,toys,Toys & Games,451,"Sporting Goods, Hobby, Book, and Music Stores","Sporting goods, hobby, musical instrument, and book stores",5845,reported,False,SRC-CENSUS-001,mrtssales92-present.xlsx,2011
2011-02-01,toys,Toys & Games,451,"Sporting Goods, Hobby, Book, and Music Stores","Sporting goods, hobby, musical instrument, and book stores",4982,reported,False,SRC-CENSUS-001,mrtssales92-present.xlsx,2011
2011-03-01,toys,Toys & Games,451,"Sporting Goods, Hobby, Book, and Music Stores","Sporting goods, hobby, musical instrument, and book stores",5905,reported,False,SRC-CENSUS-001,mrtssales92-present.xlsx,2011
2011-04-01,toys,Toys & Games,451,"Sporting Goods, Hobby, Book, and Music Stores","Sporting goods, hobby, musical instrument, and book stores",5752,reported,False,SRC-CENSUS-001,mrtssales92-present.xlsx,2011
2011-05-01,toys,Toys & Games,451,"Sporting Goods, Hobby, Book, and Music Stores","Sporting goods, hobby, musical instrument, and book stores",5698,reported,False,SRC-CENSUS-001,mrtssales92-present.xlsx,2011
2011-06-01,toys,Toys & Games,451,"Sporting Goods, Hobby, Book, and Music Stores","Sporting goods, hobby, musical instrument, and book stores",5979,reported,False,SRC-CENSUS-001,mrtssales92-present.xlsx,2011
2011-07-01,toys,Toys & Games,451,"Sporting Goods, Hobby, Book, and Music Stores","Sporting goods, hobby, musical instrument, and book stores",5743,reported,False,SRC-CENSUS-001,mrtssales92-present.xlsx,2011
2011-08-01,toys,Toys & Games,451,"Sporting Goods, Hobby, Book, and Music Stores","Sporting goods, hobby, musical instrument, and book stores",7317,reported,False,SRC-CENSUS-001,mrtssales92-present.xlsx,2011
2011-09-01,toys,Toys & Games,451,"Sporting Goods, Hobby, Book, and Music Stores","Sporting goods, hobby, musical instrument, and book stores",6096,reported,False,SRC-CENSUS-001,mrtssales92-present.xlsx,2011
2011-10-01,toys,Toys & Games,451,"Sporting Goods, Hobby, Book, and Music Stores","Sporting goods, hobby, musical instrument, and book stores",5336,reported,False,SRC-CENSUS-001,mrtssales92-present.xlsx,2011
2011-11-01,toys,Toys & Games,451,"Sporting Goods, Hobby, Book, and Music Stores","Sporting goods, hobby, musical instrument, and book stores",6591,reported,False,SRC-CENSUS-001,mrtssales92-present.xlsx,2011
2011-12-01,toys,Toys & Games,451,"Sporting Goods, Hobby, Book, and Music Stores","Sporting goods, hobby, musical instrument, and book stores",10088,reported,False,SRC-CENSUS-001,mrtssales92-present.xlsx,2011
2012-01-01,toys,Toys & Games,451,"Sporting Goods, Hobby, Book, and Music Stores","Sporting goods, hobby, musical instrument, and book stores",5807,reported,False,SRC-CENSUS-001,mrtssales92-present.xlsx,2012
2012-02-01,toys,Toys & Games,451,"Sporting Goods, Hobby, Book, and Music Stores","Sporting goods, hobby, musical instrument, and book stores",5286,reported,False,SRC-CENSUS-001,mrtssales92-present.xlsx,2012
2012-03-01,toys,Toys & Games,451,"Sporting Goods, Hobby, Book, and Music Stores","Sporting goods, hobby, musical instrument, and book stores",6254,reported,False,SRC-CENSUS-001,mrtssales92-present.xlsx,2012
2012-04-01,toys,Toys & Games,451,"Sporting Goods, Hobby, Book, and Music Stores","Sporting goods, hobby, musical instrument, and book stores",5715,reported,False,SRC-CENSUS-001,mrtssales92-present.xlsx,2012
2012-05-01,toys,Toys & Games,451,"Sporting Goods, Hobby, Book, and Music Stores","Sporting goods, hobby, musical instrument, and book stores",6065,reported,False,SRC-CENSUS-001,mrtssales92-present.xlsx,2012
2012-06-01,toys,Toys & Games,451,"Sporting Goods, Hobby, Book, and Music Stores","Sporting goods, hobby, musical instrument, and book stores",6310,reported,False,SRC-CENSUS-001,mrtssales92-present.xlsx,2012
2012-07-01,toys,Toys & Games,451,"Sporting Goods, Hobby, Book, and Music Stores","Sporting goods, hobby, musical instrument, and book stores",5935,reported,False,SRC-CENSUS-001,mrtssales92-present.xlsx,2012
2012-08-01,toys,Toys & Games,451,"Sporting Goods, Hobby, Book, and Music Stores","Sporting goods, hobby, musical instrument, and book stores",7354,reported,False,SRC-CENSUS-001,mrtssales92-present.xlsx,2012
2012-09-01,toys,Toys & Games,451,"Sporting Goods, Hobby, Book, and Music Stores","Sporting goods, hobby, musical instrument, and book stores",6013,reported,False,SRC-CENSUS-001,mrtssales92-present.xlsx,2012
2012-10-01,toys,Toys & Games,451,"Sporting Goods, Hobby, Book, and Music Stores","Sporting goods, hobby, musical instrument, and book stores",5578,reported,False,SRC-CENSUS-001,mrtssales92-present.xlsx,2012
2012-11-01,toys,Toys & Games,451,"Sporting Goods, Hobby, Book, and Music Stores","Sporting goods, hobby, musical instrument, and book stores",6787,reported,False,SRC-CENSUS-001,mrtssales92-present.xlsx,2012
2012-12-01,toys,Toys & Games,451,"Sporting Goods, Hobby, Book, and Music Stores","Sporting goods, hobby, musical instrument, and book stores",10545,reported,False,SRC-CENSUS-001,mrtssales92-present.xlsx,2012
2013-01-01,toys,Toys & Games,451,"Sporting Goods, Hobby, Book, and Music Stores","Sporting goods, hobby, musical instrument, and book stores",6257,reported,False,SRC-CENSUS-001,mrtssales92-present.xlsx,2013
2013-02-01,toys,Toys & Games,451,"Sporting Goods, Hobby, Book, and Music Stores","Sporting goods, hobby, musical instrument, and book stores",5352,reported,False,SRC-CENSUS-001,mrtssales92-present.xlsx,2013
2013-03-01,toys,Toys & Games,451,"Sporting Goods, Hobby, Book, and Music Stores","Sporting goods, hobby, musical instrument, and book stores",6345,reported,False,SRC-CENSUS-001,mrtssales92-present.xlsx,2013
2013-04-01,toys,Toys & Games,451,"Sporting Goods, Hobby, Book, and Music Stores","Sporting goods, hobby, musical instrument, and book stores",5701,reported,False,SRC-CENSUS-001,mrtssales92-present.xlsx,2013
2013-05-01,toys,Toys & Games,451,"Sporting Goods, Hobby, Book, and Music Stores","Sporting goods, hobby, musical instrument, and book stores",6105,reported,False,SRC-CENSUS-001,mrtssales92-present.xlsx,2013
2013-06-01,toys,Toys & Games,451,"Sporting Goods, Hobby, Book, and Music Stores","Sporting goods, hobby, musical instrument, and book stores",6222,reported,False,SRC-CENSUS-001,mrtssales92-present.xlsx,2013
2013-07-01,toys,Toys & Games,451,"Sporting Goods, Hobby, Book, and Music Stores","Sporting goods, hobby, musical instrument, and book stores",6162,reported,False,SRC-CENSUS-001,mrtssales92-present.xlsx,2013
2013-08-01,toys,Toys & Games,451,"Sporting Goods, Hobby, Book, and Music Stores","Sporting goods, hobby, musical instrument, and book stores",7383,reported,False,SRC-CENSUS-001,mrtssales92-present.xlsx,2013
2013-09-01,toys,Toys & Games,451,"Sporting Goods, Hobby, Book, and Music Stores","Sporting goods, hobby, musical instrument, and book stores",6054,reported,False,SRC-CENSUS-001,mrtssales92-present.xlsx,2013
2013-10-01,toys,Toys & Games,451,"Sporting Goods, Hobby, Book, and Music Stores","Sporting goods, hobby, musical instrument, and book stores",5782,reported,False,SRC-CENSUS-001,mrtssales92-present.xlsx,2013
2013-11-01,toys,Toys & Games,451,"Sporting Goods, Hobby, Book, and Music Stores","Sporting goods, hobby, musical instrument, and book stores",7196,reported,False,SRC-CENSUS-001,mrtssales92-present.xlsx,2013
2013-12-01,toys,Toys & Games,451,"Sporting Goods, Hobby, Book, and Music Stores","Sporting goods, hobby, musical instrument, and book stores",10677,reported,False,SRC-CENSUS-001,mrtssales92-present.xlsx,2013
2014-01-01,toys,Toys & Games,451,"Sporting Goods, Hobby, Book, and Music Stores","Sporting goods, hobby, musical instrument, and book stores",5707,reported,False,SRC-CENSUS-001,mrtssales92-present.xlsx,2014
2014-02-01,toys,Toys & Games,451,"Sporting Goods, Hobby, Book, and Music Stores","Sporting goods, hobby, musical instrument, and book stores",5122,reported,False,SRC-CENSUS-001,mrtssales92-present.xlsx,2014
2014-03-01,toys,Toys & Games,451,"Sporting Goods, Hobby, Book, and Music Stores","Sporting goods, hobby, musical instrument, and book stores",5979,reported,False,SRC-CENSUS-001,mrtssales92-present.xlsx,2014
2014-04-01,toys,Toys & Games,451,"Sporting Goods, Hobby, Book, and Music Stores","Sporting goods, hobby, musical instrument, and book stores",5910,reported,False,SRC-CENSUS-001,mrtssales92-present.xlsx,2014
2014-05-01,toys,Toys & Games,451,"Sporting Goods, Hobby, Book, and Music Stores","Sporting goods, hobby, musical instrument, and book stores",6144,reported,False,SRC-CENSUS-001,mrtssales92-present.xlsx,2014
2014-06-01,toys,Toys & Games,451,"Sporting Goods, Hobby, Book, and Music Stores","Sporting goods, hobby, musical instrument, and book stores",6185,reported,False,SRC-CENSUS-001,mrtssales92-present.xlsx,2014
2014-07-01,toys,Toys & Games,451,"Sporting Goods, Hobby, Book, and Music Stores","Sporting goods, hobby, musical instrument, and book stores",6225,reported,False,SRC-CENSUS-001,mrtssales92-present.xlsx,2014
2014-08-01,toys,Toys & Games,451,"Sporting Goods, Hobby, Book, and Music Stores","Sporting goods, hobby, musical instrument, and book stores",7775,reported,False,SRC-CENSUS-001,mrtssales92-present.xlsx,2014
2014-09-01,toys,Toys & Games,451,"Sporting Goods, Hobby, Book, and Music Stores","Sporting goods, hobby, musical instrument, and book stores",6389,reported,False,SRC-CENSUS-001,mrtssales92-present.xlsx,2014
2014-10-01,toys,Toys & Games,451,"Sporting Goods, Hobby, Book, and Music Stores","Sporting goods, hobby, musical instrument, and book stores",6129,reported,False,SRC-CENSUS-001,mrtssales92-present.xlsx,2014
2014-11-01,toys,Toys & Games,451,"Sporting Goods, Hobby, Book, and Music Stores","Sporting goods, hobby, musical instrument, and book stores",7346,reported,False,SRC-CENSUS-001,mrtssales92-present.xlsx,2014
2014-12-01,toys,Toys & Games,451,"Sporting Goods, Hobby, Book, and Music Stores","Sporting goods, hobby, musical instrument, and book stores",11261,reported,False,SRC-CENSUS-001,mrtssales92-present.xlsx,2014
2015-01-01,toys,Toys & Games,451,"Sporting Goods, Hobby, Book, and Music Stores","Sporting goods, hobby, musical instrument, and book stores",5997,reported,False,SRC-CENSUS-001,mrtssales92-present.xlsx,2015
2015-02-01,toys,Toys & Games,451,"Sporting Goods, Hobby, Book, and Music Stores","Sporting goods, hobby, musical instrument, and book stores",5203,reported,False,SRC-CENSUS-001,mrtssales92-present.xlsx,2015
2015-03-01,toys,Toys & Games,451,"Sporting Goods, Hobby, Book, and Music Stores","Sporting goods, hobby, musical instrument, and book stores",6264,reported,False,SRC-CENSUS-001,mrtssales92-present.xlsx,2015
2015-04-01,toys,Toys & Games,451,"Sporting Goods, Hobby, Book, and Music Stores","Sporting goods, hobby, musical instrument, and book stores",5987,reported,False,SRC-CENSUS-001,mrtssales92-present.xlsx,2015
2015-05-01,toys,Toys & Games,451,"Sporting Goods, Hobby, Book, and Music Stores","Sporting goods, hobby, musical instrument, and book stores",6371,reported,False,SRC-CENSUS-001,mrtssales92-present.xlsx,2015
2015-06-01,toys,Toys & Games,451,"Sporting Goods, Hobby, Book, and Music Stores","Sporting goods, hobby, musical instrument, and book stores",6460,reported,False,SRC-CENSUS-001,mrtssales92-present.xlsx,2015
2015-07-01,toys,Toys & Games,451,"Sporting Goods, Hobby, Book, and Music Stores","Sporting goods, hobby, musical instrument, and book stores",6518,reported,False,SRC-CENSUS-001,mrtssales92-present.xlsx,2015
2015-08-01,toys,Toys & Games,451,"Sporting Goods, Hobby, Book, and Music Stores","Sporting goods, hobby, musical instrument, and book stores",7598,reported,False,SRC-CENSUS-001,mrtssales92-present.xlsx,2015
2015-09-01,toys,Toys & Games,451,"Sporting Goods, Hobby, Book, and Music Stores","Sporting goods, hobby, musical instrument, and book stores",6580,reported,False,SRC-CENSUS-001,mrtssales92-present.xlsx,2015
2015-10-01,toys,Toys & Games,451,"Sporting Goods, Hobby, Book, and Music Stores","Sporting goods, hobby, musical instrument, and book stores",6164,reported,False,SRC-CENSUS-001,mrtssales92-present.xlsx,2015
2015-11-01,toys,Toys & Games,451,"Sporting Goods, Hobby, Book, and Music Stores","Sporting goods, hobby, musical instrument, and book stores",7293,reported,False,SRC-CENSUS-001,mrtssales92-present.xlsx,2015
2015-12-01,toys,Toys & Games,451,"Sporting Goods, Hobby, Book, and Music Stores","Sporting goods, hobby, musical instrument, and book stores",11627,reported,False,SRC-CENSUS-001,mrtssales92-present.xlsx,2015
2016-01-01,toys,Toys & Games,451,"Sporting Goods, Hobby, Book, and Music Stores","Sporting goods, hobby, musical instrument, and book stores",6159,reported,False,SRC-CENSUS-001,mrtssales92-present.xlsx,2016
2016-02-01,toys,Toys & Games,451,"Sporting Goods, Hobby, Book, and Music Stores","Sporting goods, hobby, musical instrument, and book stores",5605,reported,False,SRC-CENSUS-001,mrtssales92-present.xlsx,2016
2016-03-01,toys,Toys & Games,451,"Sporting Goods, Hobby, Book, and Music Stores","Sporting goods, hobby, musical instrument, and book stores",6643,reported,False,SRC-CENSUS-001,mrtssales92-present.xlsx,2016
2016-04-01,toys,Toys & Games,451,"Sporting Goods, Hobby, Book, and Music Stores","Sporting goods, hobby, musical instrument, and book stores",6233,reported,False,SRC-CENSUS-001,mrtssales92-present.xlsx,2016
2016-05-01,toys,Toys & Games,451,"Sporting Goods, Hobby, Book, and Music Stores","Sporting goods, hobby, musical instrument, and book stores",6423,reported,False,SRC-CENSUS-001,mrtssales92-present.xlsx,2016
2016-06-01,toys,Toys & Games,451,"Sporting Goods, Hobby, Book, and Music Stores","Sporting goods, hobby, musical instrument, and book stores",6929,reported,False,SRC-CENSUS-001,mrtssales92-present.xlsx,2016
2016-07-01,toys,Toys & Games,451,"Sporting Goods, Hobby, Book, and Music Stores","Sporting goods, hobby, musical instrument, and book stores",6641,reported,False,SRC-CENSUS-001,mrtssales92-present.xlsx,2016
2016-08-01,toys,Toys & Games,451,"Sporting Goods, Hobby, Book, and Music Stores","Sporting goods, hobby, musical instrument, and book stores",7482,reported,False,SRC-CENSUS-001,mrtssales92-present.xlsx,2016
2016-09-01,toys,Toys & Games,451,"Sporting Goods, Hobby, Book, and Music Stores","Sporting goods, hobby, musical instrument, and book stores",6459,reported,False,SRC-CENSUS-001,mrtssales92-present.xlsx,2016
2016-10-01,toys,Toys & Games,451,"Sporting Goods, Hobby, Book, and Music Stores","Sporting goods, hobby, musical instrument, and book stores",6037,reported,False,SRC-CENSUS-001,mrtssales92-present.xlsx,2016
2016-11-01,toys,Toys & Games,451,"Sporting Goods, Hobby, Book, and Music Stores","Sporting goods, hobby, musical instrument, and book stores",7299,reported,False,SRC-CENSUS-001,mrtssales92-present.xlsx,2016
2016-12-01,toys,Toys & Games,451,"Sporting Goods, Hobby, Book, and Music Stores","Sporting goods, hobby, musical instrument, and book stores",11020,reported,False,SRC-CENSUS-001,mrtssales92-present.xlsx,2016
2017-01-01,toys,Toys & Games,451,"Sporting Goods, Hobby, Book, and Music Stores","Sporting goods, hobby, musical instrument, and book stores",5971,reported,False,SRC-CENSUS-001,mrtssales92-present.xlsx,2017
2017-02-01,toys,Toys & Games,451,"Sporting Goods, Hobby, Book, and Music Stores","Sporting goods, hobby, musical instrument, and book stores",5337,reported,False,SRC-CENSUS-001,mrtssales92-present.xlsx,2017
2017-03-01,toys,Toys & Games,451,"Sporting Goods, Hobby, Book, and Music Stores","Sporting goods, hobby, musical instrument, and book stores",6370,reported,False,SRC-CENSUS-001,mrtssales92-present.xlsx,2017
2017-04-01,toys,Toys & Games,451,"Sporting Goods, Hobby, Book, and Music Stores","Sporting goods, hobby, musical instrument, and book stores",6100,reported,False,SRC-CENSUS-001,mrtssales92-present.xlsx,2017
2017-05-01,toys,Toys & Games,451,"Sporting Goods, Hobby, Book, and Music Stores","Sporting goods, hobby, musical instrument, and book stores",6303,reported,False,SRC-CENSUS-001,mrtssales92-present.xlsx,2017
2017-06-01,toys,Toys & Games,451,"Sporting Goods, Hobby, Book, and Music Stores","Sporting goods, hobby, musical instrument, and book stores",6462,reported,False,SRC-CENSUS-001,mrtssales92-present.xlsx,2017
2017-07-01,toys,Toys & Games,451,"Sporting Goods, Hobby, Book, and Music Stores","Sporting goods, hobby, musical instrument, and book stores",6247,reported,False,SRC-CENSUS-001,mrtssales92-present.xlsx,2017
2017-08-01,toys,Toys & Games,451,"Sporting Goods, Hobby, Book, and Music Stores","Sporting goods, hobby, musical instrument, and book stores",7347,reported,False,SRC-CENSUS-001,mrtssales92-present.xlsx,2017
2017-09-01,toys,Toys & Games,451,"Sporting Goods, Hobby, Book, and Music Stores","Sporting goods, hobby, musical instrument, and book stores",6444,reported,False,SRC-CENSUS-001,mrtssales92-present.xlsx,2017
2017-10-01,toys,Toys & Games,451,"Sporting Goods, Hobby, Book, and Music Stores","Sporting goods, hobby, musical instrument, and book stores",6070,reported,False,SRC-CENSUS-001,mrtssales92-present.xlsx,2017
2017-11-01,toys,Toys & Games,451,"Sporting Goods, Hobby, Book, and Music Stores","Sporting goods, hobby, musical instrument, and book stores",7451,reported,False,SRC-CENSUS-001,mrtssales92-present.xlsx,2017
2017-12-01,toys,Toys & Games,451,"Sporting Goods, Hobby, Book, and Music Stores","Sporting goods, hobby, musical instrument, and book stores",10428,reported,False,SRC-CENSUS-001,mrtssales92-present.xlsx,2017
2018-01-01,toys,Toys & Games,451,"Sporting Goods, Hobby, Book, and Music Stores","Sporting goods, hobby, musical instrument, and book stores",5659,reported,False,SRC-CENSUS-001,mrtssales92-present.xlsx,2018
2018-02-01,toys,Toys & Games,451,"Sporting Goods, Hobby, Book, and Music Stores","Sporting goods, hobby, musical instrument, and book stores",5367,reported,False,SRC-CENSUS-001,mrtssales92-present.xlsx,2018
2018-03-01,toys,Toys & Games,451,"Sporting Goods, Hobby, Book, and Music Stores","Sporting goods, hobby, musical instrument, and book stores",6667,reported,False,SRC-CENSUS-001,mrtssales92-present.xlsx,2018
2018-04-01,toys,Toys & Games,451,"Sporting Goods, Hobby, Book, and Music Stores","Sporting goods, hobby, musical instrument, and book stores",6014,reported,False,SRC-CENSUS-001,mrtssales92-present.xlsx,2018
2018-05-01,toys,Toys & Games,451,"Sporting Goods, Hobby, Book, and Music Stores","Sporting goods, hobby, musical instrument, and book stores",6429,reported,False,SRC-CENSUS-001,mrtssales92-present.xlsx,2018
2018-06-01,toys,Toys & Games,451,"Sporting Goods, Hobby, Book, and Music Stores","Sporting goods, hobby, musical instrument, and book stores",6467,reported,False,SRC-CENSUS-001,mrtssales92-present.xlsx,2018
2018-07-01,toys,Toys & Games,451,"Sporting Goods, Hobby, Book, and Music Stores","Sporting goods, hobby, musical instrument, and book stores",5997,reported,False,SRC-CENSUS-001,mrtssales92-present.xlsx,2018
2018-08-01,toys,Toys & Games,451,"Sporting Goods, Hobby, Book, and Music Stores","Sporting goods, hobby, musical instrument, and book stores",6930,reported,False,SRC-CENSUS-001,mrtssales92-present.xlsx,2018
2018-09-01,toys,Toys & Games,451,"Sporting Goods, Hobby, Book, and Music Stores","Sporting goods, hobby, musical instrument, and book stores",5734,reported,False,SRC-CENSUS-001,mrtssales92-present.xlsx,2018
2018-10-01,toys,Toys & Games,451,"Sporting Goods, Hobby, Book, and Music Stores","Sporting goods, hobby, musical instrument, and book stores",5671,reported,False,SRC-CENSUS-001,mrtssales92-present.xlsx,2018
2018-11-01,toys,Toys & Games,451,"Sporting Goods, Hobby, Book, and Music Stores","Sporting goods, hobby, musical instrument, and book stores",6857,reported,False,SRC-CENSUS-001,mrtssales92-present.xlsx,2018
2018-12-01,toys,Toys & Games,451,"Sporting Goods, Hobby, Book, and Music Stores","Sporting goods, hobby, musical instrument, and book stores",8798,reported,False,SRC-CENSUS-001,mrtssales92-present.xlsx,2018
2019-01-01,toys,Toys & Games,451,"Sporting Goods, Hobby, Book, and Music Stores","Sporting goods, hobby, musical instrument, and book stores",5321,reported,False,SRC-CENSUS-001,mrtssales92-present.xlsx,2019
2019-02-01,toys,Toys & Games,451,"Sporting Goods, Hobby, Book, and Music Stores","Sporting goods, hobby, musical instrument, and book stores",4940,reported,False,SRC-CENSUS-001,mrtssales92-present.xlsx,2019
2019-03-01,toys,Toys & Games,451,"Sporting Goods, Hobby, Book, and Music Stores","Sporting goods, hobby, musical instrument, and book stores",5983,reported,False,SRC-CENSUS-001,mrtssales92-present.xlsx,2019
2019-04-01,toys,Toys & Games,451,"Sporting Goods, Hobby, Book, and Music Stores","Sporting goods, hobby, musical instrument, and book stores",5887,reported,False,SRC-CENSUS-001,mrtssales92-present.xlsx,2019
2019-05-01,toys,Toys & Games,451,"Sporting Goods, Hobby, Book, and Music Stores","Sporting goods, hobby, musical instrument, and book stores",6145,reported,False,SRC-CENSUS-001,mrtssales92-present.xlsx,2019
2019-06-01,toys,Toys & Games,451,"Sporting Goods, Hobby, Book, and Music Stores","Sporting goods, hobby, musical instrument, and book stores",6291,reported,False,SRC-CENSUS-001,mrtssales92-present.xlsx,2019
2019-07-01,toys,Toys & Games,451,"Sporting Goods, Hobby, Book, and Music Stores","Sporting goods, hobby, musical instrument, and book stores",6262,reported,False,SRC-CENSUS-001,mrtssales92-present.xlsx,2019
2019-08-01,toys,Toys & Games,451,"Sporting Goods, Hobby, Book, and Music Stores","Sporting goods, hobby, musical instrument, and book stores",7180,reported,False,SRC-CENSUS-001,mrtssales92-present.xlsx,2019
2019-09-01,toys,Toys & Games,451,"Sporting Goods, Hobby, Book, and Music Stores","Sporting goods, hobby, musical instrument, and book stores",5950,reported,False,SRC-CENSUS-001,mrtssales92-present.xlsx,2019
2019-10-01,toys,Toys & Games,451,"Sporting Goods, Hobby, Book, and Music Stores","Sporting goods, hobby, musical instrument, and book stores",6041,reported,False,SRC-CENSUS-001,mrtssales92-present.xlsx,2019
2019-11-01,toys,Toys & Games,451,"Sporting Goods, Hobby, Book, and Music Stores","Sporting goods, hobby, musical instrument, and book stores",6935,reported,False,SRC-CENSUS-001,mrtssales92-present.xlsx,2019
2019-12-01,toys,Toys & Games,451,"Sporting Goods, Hobby, Book, and Music Stores","Sporting goods, hobby, musical instrument, and book stores",9093,reported,False,SRC-CENSUS-001,mrtssales92-present.xlsx,2019
2020-01-01,toys,Toys & Games,451,"Sporting Goods, Hobby, Book, and Music Stores","Sporting goods, hobby, musical instrument, and book stores",5514,reported,False,SRC-CENSUS-001,mrtssales92-present.xlsx,2020
2020-02-01,toys,Toys & Games,451,"Sporting Goods, Hobby, Book, and Music Stores","Sporting goods, hobby, musical instrument, and book stores",5274,reported,False,SRC-CENSUS-001,mrtssales92-present.xlsx,2020
2020-03-01,toys,Toys & Games,451,"Sporting Goods, Hobby, Book, and Music Stores","Sporting goods, hobby, musical instrument, and book stores",4955,reported,False,SRC-CENSUS-001,mrtssales92-present.xlsx,2020
2020-04-01,toys,Toys & Games,451,"Sporting Goods, Hobby, Book, and Music Stores","Sporting goods, hobby, musical instrument, and book stores",3264,reported,False,SRC-CENSUS-001,mrtssales92-present.xlsx,2020
2020-05-01,toys,Toys & Games,451,"Sporting Goods, Hobby, Book, and Music Stores","Sporting goods, hobby, musical instrument, and book stores",5931,reported,False,SRC-CENSUS-001,mrtssales92-present.xlsx,2020
2020-06-01,toys,Toys & Games,451,"Sporting Goods, Hobby, Book, and Music Stores","Sporting goods, hobby, musical instrument, and book stores",7822,reported,False,SRC-CENSUS-001,mrtssales92-present.xlsx,2020
2020-07-01,toys,Toys & Games,451,"Sporting Goods, Hobby, Book, and Music Stores","Sporting goods, hobby, musical instrument, and book stores",7479,reported,False,SRC-CENSUS-001,mrtssales92-present.xlsx,2020
2020-08-01,toys,Toys & Games,451,"Sporting Goods, Hobby, Book, and Music Stores","Sporting goods, hobby, musical instrument, and book stores",7582,reported,False,SRC-CENSUS-001,mrtssales92-present.xlsx,2020
2020-09-01,toys,Toys & Games,451,"Sporting Goods, Hobby, Book, and Music Stores","Sporting goods, hobby, musical instrument, and book stores",7193,reported,False,SRC-CENSUS-001,mrtssales92-present.xlsx,2020
2020-10-01,toys,Toys & Games,451,"Sporting Goods, Hobby, Book, and Music Stores","Sporting goods, hobby, musical instrument, and book stores",7033,reported,False,SRC-CENSUS-001,mrtssales92-present.xlsx,2020
2020-11-01,toys,Toys & Games,451,"Sporting Goods, Hobby, Book, and Music Stores","Sporting goods, hobby, musical instrument, and book stores",7785,reported,False,SRC-CENSUS-001,mrtssales92-present.xlsx,2020
2020-12-01,toys,Toys & Games,451,"Sporting Goods, Hobby, Book, and Music Stores","Sporting goods, hobby, musical instrument, and book stores",10468,reported,False,SRC-CENSUS-001,mrtssales92-present.xlsx,2020
2021-01-01,toys,Toys & Games,451,"Sporting Goods, Hobby, Book, and Music Stores","Sporting goods, hobby, musical instrument, and book stores",6858,reported,False,SRC-CENSUS-001,mrtssales92-present.xlsx,2021
2021-02-01,toys,Toys & Games,451,"Sporting Goods, Hobby, Book, and Music Stores","Sporting goods, hobby, musical instrument, and book stores",5765,reported,False,SRC-CENSUS-001,mrtssales92-present.xlsx,2021
2021-03-01,toys,Toys & Games,451,"Sporting Goods, Hobby, Book, and Music Stores","Sporting goods, hobby, musical instrument, and book stores",8560,reported,False,SRC-CENSUS-001,mrtssales92-present.xlsx,2021
2021-04-01,toys,Toys & Games,451,"Sporting Goods, Hobby, Book, and Music Stores","Sporting goods, hobby, musical instrument, and book stores",8035,reported,False,SRC-CENSUS-001,mrtssales92-present.xlsx,2021
2021-05-01,toys,Toys & Games,451,"Sporting Goods, Hobby, Book, and Music Stores","Sporting goods, hobby, musical instrument, and book stores",7963,reported,False,SRC-CENSUS-001,mrtssales92-present.xlsx,2021
2021-06-01,toys,Toys & Games,451,"Sporting Goods, Hobby, Book, and Music Stores","Sporting goods, hobby, musical instrument, and book stores",8460,reported,False,SRC-CENSUS-001,mrtssales92-present.xlsx,2021
2021-07-01,toys,Toys & Games,451,"Sporting Goods, Hobby, Book, and Music Stores","Sporting goods, hobby, musical instrument, and book stores",8095,reported,False,SRC-CENSUS-001,mrtssales92-present.xlsx,2021
2021-08-01,toys,Toys & Games,451,"Sporting Goods, Hobby, Book, and Music Stores","Sporting goods, hobby, musical instrument, and book stores",8729,reported,False,SRC-CENSUS-001,mrtssales92-present.xlsx,2021
2021-09-01,toys,Toys & Games,451,"Sporting Goods, Hobby, Book, and Music Stores","Sporting goods, hobby, musical instrument, and book stores",7685,reported,False,SRC-CENSUS-001,mrtssales92-present.xlsx,2021
2021-10-01,toys,Toys & Games,451,"Sporting Goods, Hobby, Book, and Music Stores","Sporting goods, hobby, musical instrument, and book stores",7665,reported,False,SRC-CENSUS-001,mrtssales92-present.xlsx,2021
2021-11-01,toys,Toys & Games,451,"Sporting Goods, Hobby, Book, and Music Stores","Sporting goods, hobby, musical instrument, and book stores",9100,reported,False,SRC-CENSUS-001,mrtssales92-present.xlsx,2021
2021-12-01,toys,Toys & Games,451,"Sporting Goods, Hobby, Book, and Music Stores","Sporting goods, hobby, musical instrument, and book stores",11610,reported,False,SRC-CENSUS-001,mrtssales92-present.xlsx,2021
2022-01-01,toys,Toys & Games,451,"Sporting Goods, Hobby, Book, and Music Stores","Sporting goods, hobby, musical instrument, and book stores",6573,reported,False,SRC-CENSUS-001,mrtssales92-present.xlsx,2022
2022-02-01,toys,Toys & Games,451,"Sporting Goods, Hobby, Book, and Music Stores","Sporting goods, hobby, musical instrument, and book stores",6455,reported,False,SRC-CENSUS-001,mrtssales92-present.xlsx,2022
2022-03-01,toys,Toys & Games,451,"Sporting Goods, Hobby, Book, and Music Stores","Sporting goods, hobby, musical instrument, and book stores",7943,reported,False,SRC-CENSUS-001,mrtssales92-present.xlsx,2022
2022-04-01,toys,Toys & Games,451,"Sporting Goods, Hobby, Book, and Music Stores","Sporting goods, hobby, musical instrument, and book stores",7796,reported,False,SRC-CENSUS-001,mrtssales92-present.xlsx,2022
2022-05-01,toys,Toys & Games,451,"Sporting Goods, Hobby, Book, and Music Stores","Sporting goods, hobby, musical instrument, and book stores",7829,reported,False,SRC-CENSUS-001,mrtssales92-present.xlsx,2022
2022-06-01,toys,Toys & Games,451,"Sporting Goods, Hobby, Book, and Music Stores","Sporting goods, hobby, musical instrument, and book stores",8246,reported,False,SRC-CENSUS-001,mrtssales92-present.xlsx,2022
2022-07-01,toys,Toys & Games,451,"Sporting Goods, Hobby, Book, and Music Stores","Sporting goods, hobby, musical instrument, and book stores",8141,reported,False,SRC-CENSUS-001,mrtssales92-present.xlsx,2022
2022-08-01,toys,Toys & Games,451,"Sporting Goods, Hobby, Book, and Music Stores","Sporting goods, hobby, musical instrument, and book stores",9022,reported,False,SRC-CENSUS-001,mrtssales92-present.xlsx,2022
2022-09-01,toys,Toys & Games,451,"Sporting Goods, Hobby, Book, and Music Stores","Sporting goods, hobby, musical instrument, and book stores",7936,reported,False,SRC-CENSUS-001,mrtssales92-present.xlsx,2022
2022-10-01,toys,Toys & Games,451,"Sporting Goods, Hobby, Book, and Music Stores","Sporting goods, hobby, musical instrument, and book stores",7800,reported,False,SRC-CENSUS-001,mrtssales92-present.xlsx,2022
2022-11-01,toys,Toys & Games,451,"Sporting Goods, Hobby, Book, and Music Stores","Sporting goods, hobby, musical instrument, and book stores",9175,reported,False,SRC-CENSUS-001,mrtssales92-present.xlsx,2022
2022-12-01,toys,Toys & Games,451,"Sporting Goods, Hobby, Book, and Music Stores","Sporting goods, hobby, musical instrument, and book stores",12025,reported,False,SRC-CENSUS-001,mrtssales92-present.xlsx,2022
2023-01-01,toys,Toys & Games,451,"Sporting Goods, Hobby, Book, and Music Stores","Sporting goods, hobby, musical instrument, and book stores",6933,reported,False,SRC-CENSUS-001,mrtssales92-present.xlsx,2023
2023-02-01,toys,Toys & Games,451,"Sporting Goods, Hobby, Book, and Music Stores","Sporting goods, hobby, musical instrument, and book stores",6493,reported,False,SRC-CENSUS-001,mrtssales92-present.xlsx,2023
2023-03-01,toys,Toys & Games,451,"Sporting Goods, Hobby, Book, and Music Stores","Sporting goods, hobby, musical instrument, and book stores",7889,reported,False,SRC-CENSUS-001,mrtssales92-present.xlsx,2023
2023-04-01,toys,Toys & Games,451,"Sporting Goods, Hobby, Book, and Music Stores","Sporting goods, hobby, musical instrument, and book stores",7622,reported,False,SRC-CENSUS-001,mrtssales92-present.xlsx,2023
2023-05-01,toys,Toys & Games,451,"Sporting Goods, Hobby, Book, and Music Stores","Sporting goods, hobby, musical instrument, and book stores",7980,reported,False,SRC-CENSUS-001,mrtssales92-present.xlsx,2023
2023-06-01,toys,Toys & Games,451,"Sporting Goods, Hobby, Book, and Music Stores","Sporting goods, hobby, musical instrument, and book stores",8274,reported,False,SRC-CENSUS-001,mrtssales92-present.xlsx,2023
2023-07-01,toys,Toys & Games,451,"Sporting Goods, Hobby, Book, and Music Stores","Sporting goods, hobby, musical instrument, and book stores",8159,reported,False,SRC-CENSUS-001,mrtssales92-present.xlsx,2023
2023-08-01,toys,Toys & Games,451,"Sporting Goods, Hobby, Book, and Music Stores","Sporting goods, hobby, musical instrument, and book stores",8853,reported,False,SRC-CENSUS-001,mrtssales92-present.xlsx,2023
2023-09-01,toys,Toys & Games,451,"Sporting Goods, Hobby, Book, and Music Stores","Sporting goods, hobby, musical instrument, and book stores",7892,reported,False,SRC-CENSUS-001,mrtssales92-present.xlsx,2023
2023-10-01,toys,Toys & Games,451,"Sporting Goods, Hobby, Book, and Music Stores","Sporting goods, hobby, musical instrument, and book stores",7620,reported,False,SRC-CENSUS-001,mrtssales92-present.xlsx,2023
2023-11-01,toys,Toys & Games,451,"Sporting Goods, Hobby, Book, and Music Stores","Sporting goods, hobby, musical instrument, and book stores",9047,reported,False,SRC-CENSUS-001,mrtssales92-present.xlsx,2023
2023-12-01,toys,Toys & Games,451,"Sporting Goods, Hobby, Book, and Music Stores","Sporting goods, hobby, musical instrument, and book stores",11466,reported,False,SRC-CENSUS-001,mrtssales92-present.xlsx,2023
2024-01-01,toys,Toys & Games,451,"Sporting Goods, Hobby, Book, and Music Stores","Sporting goods, hobby, musical instrument, and book stores",6812,reported,False,SRC-CENSUS-001,mrtssales92-present.xlsx,2024
2024-02-01,toys,Toys & Games,451,"Sporting Goods, Hobby, Book, and Music Stores","Sporting goods, hobby, musical instrument, and book stores",6627,reported,False,SRC-CENSUS-001,mrtssales92-present.xlsx,2024
2024-03-01,toys,Toys & Games,451,"Sporting Goods, Hobby, Book, and Music Stores","Sporting goods, hobby, musical instrument, and book stores",7691,reported,False,SRC-CENSUS-001,mrtssales92-present.xlsx,2024
2024-04-01,toys,Toys & Games,451,"Sporting Goods, Hobby, Book, and Music Stores","Sporting goods, hobby, musical instrument, and book stores",7056,reported,False,SRC-CENSUS-001,mrtssales92-present.xlsx,2024
2024-05-01,toys,Toys & Games,451,"Sporting Goods, Hobby, Book, and Music Stores","Sporting goods, hobby, musical instrument, and book stores",7718,reported,False,SRC-CENSUS-001,mrtssales92-present.xlsx,2024
2024-06-01,toys,Toys & Games,451,"Sporting Goods, Hobby, Book, and Music Stores","Sporting goods, hobby, musical instrument, and book stores",7846,reported,False,SRC-CENSUS-001,mrtssales92-present.xlsx,2024
2024-07-01,toys,Toys & Games,451,"Sporting Goods, Hobby, Book, and Music Stores","Sporting goods, hobby, musical instrument, and book stores",7695,reported,False,SRC-CENSUS-001,mrtssales92-present.xlsx,2024
2024-08-01,toys,Toys & Games,451,"Sporting Goods, Hobby, Book, and Music Stores","Sporting goods, hobby, musical instrument, and book stores",8550,reported,False,SRC-CENSUS-001,mrtssales92-present.xlsx,2024
2024-09-01,toys,Toys & Games,451,"Sporting Goods, Hobby, Book, and Music Stores","Sporting goods, hobby, musical instrument, and book stores",7455,reported,False,SRC-CENSUS-001,mrtssales92-present.xlsx,2024
2024-10-01,toys,Toys & Games,451,"Sporting Goods, Hobby, Book, and Music Stores","Sporting goods, hobby, musical instrument, and book stores",7552,reported,False,SRC-CENSUS-001,mrtssales92-present.xlsx,2024
2024-11-01,toys,Toys & Games,451,"Sporting Goods, Hobby, Book, and Music Stores","Sporting goods, hobby, musical instrument, and book stores",8959,reported,False,SRC-CENSUS-001,mrtssales92-present.xlsx,2024
2024-12-01,toys,Toys & Games,451,"Sporting Goods, Hobby, Book, and Music Stores","Sporting goods, hobby, musical instrument, and book stores",11543,reported,False,SRC-CENSUS-001,mrtssales92-present.xlsx,2024
2025-01-01,toys,Toys & Games,451,"Sporting Goods, Hobby, Book, and Music Stores","Sporting goods, hobby, musical instrument, and book stores",6683,reported,False,SRC-CENSUS-001,mrtssales92-present.xlsx,2025
2025-02-01,toys,Toys & Games,451,"Sporting Goods, Hobby, Book, and Music Stores","Sporting goods, hobby, musical instrument, and book stores",6205,reported,False,SRC-CENSUS-001,mrtssales92-present.xlsx,2025
2025-03-01,toys,Toys & Games,451,"Sporting Goods, Hobby, Book, and Music Stores","Sporting goods, hobby, musical instrument, and book stores",7721,reported,False,SRC-CENSUS-001,mrtssales92-present.xlsx,2025
2025-04-01,toys,Toys & Games,451,"Sporting Goods, Hobby, Book, and Music Stores","Sporting goods, hobby, musical instrument, and book stores",7154,reported,False,SRC-CENSUS-001,mrtssales92-present.xlsx,2025
2025-05-01,toys,Toys & Games,451,"Sporting Goods, Hobby, Book, and Music Stores","Sporting goods, hobby, musical instrument, and book stores",7869,reported,False,SRC-CENSUS-001,mrtssales92-present.xlsx,2025
2025-06-01,toys,Toys & Games,451,"Sporting Goods, Hobby, Book, and Music Stores","Sporting goods, hobby, musical instrument, and book stores",7749,reported,False,SRC-CENSUS-001,mrtssales92-present.xlsx,2025
2025-07-01,toys,Toys & Games,451,"Sporting Goods, Hobby, Book, and Music Stores","Sporting goods, hobby, musical instrument, and book stores",8024,reported,False,SRC-CENSUS-001,mrtssales92-present.xlsx,2025
2025-08-01,toys,Toys & Games,451,"Sporting Goods, Hobby, Book, and Music Stores","Sporting goods, hobby, musical instrument, and book stores",8927,reported,False,SRC-CENSUS-001,mrtssales92-present.xlsx,2025
2025-09-01,toys,Toys & Games,451,"Sporting Goods, Hobby, Book, and Music Stores","Sporting goods, hobby, musical instrument, and book stores",7681,reported,False,SRC-CENSUS-001,mrtssales92-present.xlsx,2025
2025-10-01,toys,Toys & Games,451,"Sporting Goods, Hobby, Book, and Music Stores","Sporting goods, hobby, musical instrument, and book stores",7960,reported,False,SRC-CENSUS-001,mrtssales92-present.xlsx,2025
2025-11-01,toys,Toys & Games,451,"Sporting Goods, Hobby, Book, and Music Stores","Sporting goods, hobby, musical instrument, and book stores",9342,reported,False,SRC-CENSUS-001,mrtssales92-present.xlsx,2025
2025-12-01,toys,Toys & Games,451,"Sporting Goods, Hobby, Book, and Music Stores","Sporting goods, hobby, musical instrument, and book stores",12293,reported,False,SRC-CENSUS-001,mrtssales92-present.xlsx,2025
2026-01-01,toys,Toys & Games,451,"Sporting Goods, Hobby, Book, and Music Stores","Sporting goods, hobby, musical instrument, and book stores",7160,reported,False,SRC-CENSUS-001,mrtssales92-present.xlsx,2026
2026-02-01,toys,Toys & Games,451,"Sporting Goods, Hobby, Book, and Music Stores","Sporting goods, hobby, musical instrument, and book stores",6838,reported,False,SRC-CENSUS-001,mrtssales92-present.xlsx,2026
2026-03-01,toys,Toys & Games,451,"Sporting Goods, Hobby, Book, and Music Stores","Sporting goods, hobby, musical instrument, and book stores",8269,reported,False,SRC-CENSUS-001,mrtssales92-present.xlsx,2026
2026-04-01,toys,Toys & Games,451,"Sporting Goods, Hobby, Book, and Music Stores","Sporting goods, hobby, musical instrument, and book stores",7952,reported,False,SRC-CENSUS-001,mrtssales92-present.xlsx,2026
2026-05-01,toys,Toys & Games,451,"Sporting Goods, Hobby, Book, and Music Stores","Sporting goods, hobby, musical instrument, and book stores",8764,reported,False,SRC-CENSUS-001,mrtssales92-present.xlsx,2026
2026-06-01,toys,Toys & Games,451,"Sporting Goods, Hobby, Book, and Music Stores","Sporting goods, hobby, musical instrument, and book stores",8877,reported,True,SRC-CENSUS-001,mrtssales92-present.xlsx,2026
